[
    {
        "jobnum": 0, 
        "model": {
            "L2_reg": 0.30792686009670756, 
            "conv_width": 11, 
            "fp_depth": 3, 
            "fp_length": 667, 
            "h1_size": 77, 
            "net_type": "morgan_plus_linear"
        }, 
        "num_records": 20, 
        "task": {
            "name": "malaria", 
            "test_slices": [
                [
                    0, 
                    2000
                ]
            ], 
            "train_slices": [
                [
                    4000, 
                    6000
                ], 
                [
                    6000, 
                    8000
                ], 
                [
                    8000, 
                    10000
                ]
            ]
        }, 
        "train": {
            "batch_size": 100, 
            "init_scale": 0.02350954323756658, 
            "num_iters": 10000, 
            "seed": 1, 
            "step_size": 0.005862128392003446
        }, 
        "varied_params": {
            "conv_width": 11.354821990083572, 
            "fp_depth": 2.6346495489906907, 
            "fp_length": 667.0612659711894, 
            "h1_size": 77.44067519636624, 
            "log_L2_reg": -1.177892991426849, 
            "log_init_scale": -3.75034884505077, 
            "log_step_size": -5.139242534510322
        }
    }, 
    {
        "host_name": "clumsy", 
        "minutes_duration": 1.1151864846547446, 
        "timestamp": "2021-08-31 01:46:20.922085", 
        "training_curve": [
            [
                0, 
                1.533417488369675, 
                1.5946215197405458
            ], 
            [
                526, 
                1.0094080669506758, 
                1.2792291607697783
            ], 
            [
                1052, 
                1.002339984631763, 
                1.277293550320695
            ], 
            [
                1578, 
                1.0042172912878344, 
                1.2713990399105775
            ], 
            [
                2105, 
                1.0495939530578222, 
                1.3191874710793965
            ], 
            [
                2631, 
                1.0120469744192686, 
                1.2902140799580533
            ], 
            [
                3157, 
                1.0162722139618465, 
                1.2942450347060597
            ], 
            [
                3683, 
                1.015595543539072, 
                1.2853790872656932
            ], 
            [
                4210, 
                1.0067602658517474, 
                1.2768017688215323
            ], 
            [
                4736, 
                1.020374975909161, 
                1.2943387816009382
            ], 
            [
                5262, 
                1.0215523098476822, 
                1.3016174872821635
            ], 
            [
                5788, 
                1.0104111865100942, 
                1.2857604980171906
            ], 
            [
                6315, 
                1.0047353733845585, 
                1.2733626908328861
            ], 
            [
                6841, 
                1.0053204232312378, 
                1.278061459152929
            ], 
            [
                7367, 
                1.0056213252121562, 
                1.2865321052327003
            ], 
            [
                7893, 
                1.0013600012301118, 
                1.2798266492479706
            ], 
            [
                8420, 
                1.0035735597487356, 
                1.2721518123321722
            ], 
            [
                8946, 
                1.0496105060214453, 
                1.3202911314488401
            ], 
            [
                9472, 
                1.0045183802698299, 
                1.283075801312111
            ], 
            [
                9999, 
                1.0076123134987753, 
                1.2872097866637373
            ]
        ]
    }
]