[
    {
        "jobnum": 10, 
        "model": {
            "L2_reg": 6.1354823978170945, 
            "conv_width": 16, 
            "fp_depth": 3, 
            "fp_length": 56, 
            "h1_size": 99, 
            "net_type": "morgan_plus_linear"
        }, 
        "num_records": 20, 
        "task": {
            "name": "malaria", 
            "test_slices": [
                [
                    0, 
                    2000
                ]
            ], 
            "train_slices": [
                [
                    4000, 
                    6000
                ], 
                [
                    6000, 
                    8000
                ], 
                [
                    8000, 
                    10000
                ]
            ]
        }, 
        "train": {
            "batch_size": 100, 
            "init_scale": 0.04366415128338205, 
            "num_iters": 10000, 
            "seed": 1, 
            "step_size": 0.0021866268069066185
        }, 
        "varied_params": {
            "conv_width": 16.088953690974527, 
            "fp_depth": 2.8145365592351377, 
            "fp_length": 55.50129459235524, 
            "h1_size": 98.82297325066979, 
            "log_L2_reg": 1.814088705522697, 
            "log_init_scale": -3.1312278503056383, 
            "log_step_size": -6.125395193409194
        }
    }, 
    {
        "host_name": "clumsy", 
        "minutes_duration": 0.3427858153978984, 
        "timestamp": "2021-08-31 01:56:04.135697", 
        "training_curve": [
            [
                0, 
                1.4705218908516986, 
                1.537231015098951
            ], 
            [
                526, 
                1.397198423442918, 
                1.4825414467138707
            ], 
            [
                1052, 
                1.3868487908524225, 
                1.4767765258968748
            ], 
            [
                1578, 
                1.382840973940538, 
                1.4715143784588385
            ], 
            [
                2105, 
                1.3827119137983472, 
                1.4715702259847607
            ], 
            [
                2631, 
                1.3847162786679568, 
                1.4721043102605549
            ], 
            [
                3157, 
                1.4064503107883448, 
                1.496816368602088
            ], 
            [
                3683, 
                1.3888264968373745, 
                1.476645318766112
            ], 
            [
                4210, 
                1.3818018554445861, 
                1.470704117915489
            ], 
            [
                4736, 
                1.3815888236785638, 
                1.4698172008905752
            ], 
            [
                5262, 
                1.3816421366099347, 
                1.4700012274061802
            ], 
            [
                5788, 
                1.3828747148378533, 
                1.472321363193323
            ], 
            [
                6315, 
                1.3822274115897504, 
                1.4716307854858157
            ], 
            [
                6841, 
                1.382036919708827, 
                1.469932748514983
            ], 
            [
                7367, 
                1.3960615163356327, 
                1.4823057393937993
            ], 
            [
                7893, 
                1.3890312015263968, 
                1.4791191270924475
            ], 
            [
                8420, 
                1.3884729193464702, 
                1.4763113502319378
            ], 
            [
                8946, 
                1.3839827156843154, 
                1.4731024762997762
            ], 
            [
                9472, 
                1.3835728682102915, 
                1.471145484920688
            ], 
            [
                9999, 
                1.402316376321402, 
                1.4923404039840886
            ]
        ]
    }
]