[
    {
        "jobnum": 10, 
        "model": {
            "L2_reg": 6.1354823978170945, 
            "conv_width": 16, 
            "fp_depth": 3, 
            "fp_length": 20, 
            "h1_size": 99, 
            "net_type": "conv_plus_net"
        }, 
        "num_records": 20, 
        "task": {
            "name": "cep", 
            "test_slices": [
                [
                    0, 
                    4000
                ]
            ], 
            "train_slices": [
                [
                    8000, 
                    12000
                ], 
                [
                    12000, 
                    16000
                ], 
                [
                    16000, 
                    20000
                ]
            ]
        }, 
        "train": {
            "batch_size": 100, 
            "init_scale": 0.04366415128338205, 
            "num_iters": 10000, 
            "seed": 1, 
            "step_size": 0.0021866268069066185
        }, 
        "varied_params": {
            "conv_width": 16.088953690974527, 
            "fp_depth": 2.8145365592351377, 
            "fp_length": 20.389032732483916, 
            "h1_size": 98.82297325066979, 
            "log_L2_reg": 1.814088705522697, 
            "log_init_scale": -3.1312278503056383, 
            "log_step_size": -6.125395193409194
        }
    }, 
    {
        "host_name": "schlaubi", 
        "minutes_duration": 44.97787789901098, 
        "timestamp": "2021-09-04 14:56:45.736864", 
        "training_curve": [
            [
                0, 
                6.482376102072412, 
                6.487437651246051
            ], 
            [
                526, 
                2.8963941341394164, 
                2.838161594911292
            ], 
            [
                1052, 
                2.7219055471631735, 
                2.67293627139389
            ], 
            [
                1578, 
                2.3980837437117035, 
                2.321473918478799
            ], 
            [
                2105, 
                2.2484254685982874, 
                2.192282387254255
            ], 
            [
                2631, 
                2.1513180602179993, 
                2.119436524116336
            ], 
            [
                3157, 
                2.0233278801155428, 
                2.022121326333537
            ], 
            [
                3683, 
                2.0404005329803123, 
                2.081132120415269
            ], 
            [
                4210, 
                1.8632449611879975, 
                1.838825831055915
            ], 
            [
                4736, 
                1.7076974865320886, 
                1.7507966968609048
            ], 
            [
                5262, 
                1.768551034785413, 
                1.776860675533605
            ], 
            [
                5788, 
                1.6047752858492168, 
                1.6404083575212969
            ], 
            [
                6315, 
                1.5402413714203191, 
                1.6255850409624977
            ], 
            [
                6841, 
                1.5395910350863238, 
                1.615133017653274
            ], 
            [
                7367, 
                1.472635947904648, 
                1.5774804669097824
            ], 
            [
                7893, 
                1.3978173783493208, 
                1.5344519215543226
            ], 
            [
                8420, 
                1.4267513156202998, 
                1.5588863237183395
            ], 
            [
                8946, 
                1.415003467380159, 
                1.577023657793134
            ], 
            [
                9472, 
                1.3075464504679575, 
                1.495833560737413
            ], 
            [
                9999, 
                1.2464796837066987, 
                1.4629043680693
            ]
        ]
    }
]