[
    {
        "jobnum": 10, 
        "model": {
            "L2_reg": 6.1354823978170945, 
            "conv_width": 16, 
            "fp_depth": 3, 
            "fp_length": 20, 
            "h1_size": 99, 
            "net_type": "conv_plus_linear"
        }, 
        "num_records": 20, 
        "task": {
            "name": "malaria", 
            "test_slices": [
                [
                    0, 
                    2000
                ]
            ], 
            "train_slices": [
                [
                    4000, 
                    6000
                ], 
                [
                    6000, 
                    8000
                ], 
                [
                    8000, 
                    10000
                ]
            ]
        }, 
        "train": {
            "batch_size": 100, 
            "init_scale": 0.04366415128338205, 
            "num_iters": 10000, 
            "seed": 1, 
            "step_size": 0.0021866268069066185
        }, 
        "varied_params": {
            "conv_width": 16.088953690974527, 
            "fp_depth": 2.8145365592351377, 
            "fp_length": 20.389032732483916, 
            "h1_size": 98.82297325066979, 
            "log_L2_reg": 1.814088705522697, 
            "log_init_scale": -3.1312278503056383, 
            "log_step_size": -6.125395193409194
        }
    }, 
    {
        "host_name": "hefty", 
        "minutes_duration": 26.99235288699468, 
        "timestamp": "2021-08-31 04:07:14.460908", 
        "training_curve": [
            [
                0, 
                1.7286636318849795, 
                1.7951168793826433
            ], 
            [
                526, 
                1.1458568672062988, 
                1.2376504141461262
            ], 
            [
                1052, 
                1.0995772496934058, 
                1.1989549944211009
            ], 
            [
                1578, 
                1.0487383365220941, 
                1.1886977664807772
            ], 
            [
                2105, 
                1.1061543142063532, 
                1.2821027221875032
            ], 
            [
                2631, 
                1.0210099324691464, 
                1.220250651833224
            ], 
            [
                3157, 
                1.00785060976386, 
                1.2068232862359087
            ], 
            [
                3683, 
                0.9595421909171183, 
                1.17439709269263
            ], 
            [
                4210, 
                0.9864555106012728, 
                1.2335905447932756
            ], 
            [
                4736, 
                0.96039316281199, 
                1.2280306662397409
            ], 
            [
                5262, 
                0.9592924698930513, 
                1.2195688114391823
            ], 
            [
                5788, 
                0.9417625100901263, 
                1.2062653637542788
            ], 
            [
                6315, 
                0.895379059021755, 
                1.2146491284468974
            ], 
            [
                6841, 
                0.894338991810485, 
                1.2393595454406954
            ], 
            [
                7367, 
                0.8840052381846807, 
                1.238705112234055
            ], 
            [
                7893, 
                0.8914931473949234, 
                1.2206253456869631
            ], 
            [
                8420, 
                0.8548332002863566, 
                1.223579070232837
            ], 
            [
                8946, 
                0.8669730467956455, 
                1.2499898088789936
            ], 
            [
                9472, 
                0.823682358531061, 
                1.222190183684654
            ], 
            [
                9999, 
                0.8377480684791557, 
                1.2382065386261134
            ]
        ]
    }
]