[
    {
        "jobnum": 11, 
        "model": {
            "L2_reg": 0.006408191094856293, 
            "conv_width": 11, 
            "fp_depth": 2, 
            "fp_length": 81, 
            "h1_size": 56, 
            "net_type": "morgan_plus_linear"
        }, 
        "num_records": 20, 
        "task": {
            "name": "delaney", 
            "test_slices": [
                [
                    0, 
                    224
                ]
            ], 
            "train_slices": [
                [
                    449, 
                    674
                ], 
                [
                    674, 
                    899
                ], 
                [
                    899, 
                    1124
                ]
            ]
        }, 
        "train": {
            "batch_size": 100, 
            "init_scale": 0.008481325966056948, 
            "num_iters": 10000, 
            "seed": 1, 
            "step_size": 0.001096711403860304
        }, 
        "varied_params": {
            "conv_width": 11.213944917720049, 
            "fp_depth": 1.953949538181928, 
            "fp_length": 80.66067631957463, 
            "h1_size": 56.00982806065844, 
            "log_L2_reg": -5.050178248366048, 
            "log_init_scale": -4.769888477480079, 
            "log_step_size": -6.81543920991142
        }
    }, 
    {
        "host_name": "schlumpfine", 
        "minutes_duration": 0.3350892861684163, 
        "timestamp": "2021-07-09 15:27:27.169912", 
        "training_curve": [
            [
                0, 
                4.472621669216529, 
                4.873006609753224
            ], 
            [
                526, 
                2.2532141164356174, 
                2.7000729360109212
            ], 
            [
                1052, 
                2.109050888667135, 
                2.549365989134483
            ], 
            [
                1578, 
                2.0820889471243533, 
                2.520267827749556
            ], 
            [
                2105, 
                2.0744942457461923, 
                2.5075349296372336
            ], 
            [
                2631, 
                2.0716859135913963, 
                2.498365094033672
            ], 
            [
                3157, 
                2.0705133115902576, 
                2.4922984949308806
            ], 
            [
                3683, 
                2.0699625522227736, 
                2.4878032926153963
            ], 
            [
                4210, 
                2.0696859330538038, 
                2.4846859664599177
            ], 
            [
                4736, 
                2.069558263710278, 
                2.483085629790197
            ], 
            [
                5262, 
                2.0694654743771794, 
                2.481418499447948
            ], 
            [
                5788, 
                2.0693741923953612, 
                2.4798103952972075
            ], 
            [
                6315, 
                2.069392680146336, 
                2.479022985802117
            ], 
            [
                6841, 
                2.0693784388540415, 
                2.478236414444455
            ], 
            [
                7367, 
                2.069378900999141, 
                2.47812525304247
            ], 
            [
                7893, 
                2.0693918924844033, 
                2.4784805788849
            ], 
            [
                8420, 
                2.0693223924293664, 
                2.477676753898177
            ], 
            [
                8946, 
                2.0693440572769064, 
                2.4776249337854455
            ], 
            [
                9472, 
                2.0693607334342583, 
                2.4774463526623225
            ], 
            [
                9999, 
                2.069367079365625, 
                2.4774011358069292
            ]
        ]
    }
]