[
    {
        "jobnum": 11, 
        "model": {
            "L2_reg": 0.006408191094856293, 
            "conv_width": 11, 
            "fp_depth": 2, 
            "fp_length": 81, 
            "h1_size": 56, 
            "net_type": "mean"
        }, 
        "num_records": 20, 
        "task": {
            "name": "cep", 
            "test_slices": [
                [
                    0, 
                    4000
                ]
            ], 
            "train_slices": [
                [
                    8000, 
                    12000
                ], 
                [
                    12000, 
                    16000
                ], 
                [
                    16000, 
                    20000
                ]
            ]
        }, 
        "train": {
            "batch_size": 100, 
            "init_scale": 0.008481325966056948, 
            "num_iters": 10000, 
            "seed": 1, 
            "step_size": 0.001096711403860304
        }, 
        "varied_params": {
            "conv_width": 11.213944917720049, 
            "fp_depth": 1.953949538181928, 
            "fp_length": 80.66067631957463, 
            "h1_size": 56.00982806065844, 
            "log_L2_reg": -5.050178248366048, 
            "log_init_scale": -4.769888477480079, 
            "log_step_size": -6.81543920991142
        }
    }, 
    {
        "host_name": "handy", 
        "minutes_duration": 0.045107301076253256, 
        "timestamp": "2021-09-05 04:48:03.567933", 
        "training_curve": [
            [
                0, 
                6.430815668305924, 
                6.441765262780763
            ], 
            [
                526, 
                6.429630858099506, 
                6.437065326426316
            ], 
            [
                1052, 
                6.429745207512775, 
                6.438744113444708
            ], 
            [
                1578, 
                6.4296009384515616, 
                6.4373445995433425
            ], 
            [
                2105, 
                6.4296243854793795, 
                6.437107899930516
            ], 
            [
                2631, 
                6.429720568681642, 
                6.438629076897158
            ], 
            [
                3157, 
                6.429661938710354, 
                6.436907142977177
            ], 
            [
                3683, 
                6.429600670199878, 
                6.437745290915449
            ], 
            [
                4210, 
                6.429596916260151, 
                6.4374364501104795
            ], 
            [
                4736, 
                6.429605676514771, 
                6.437276240220438
            ], 
            [
                5262, 
                6.429733300832015, 
                6.438689533300278
            ], 
            [
                5788, 
                6.429671446825952, 
                6.436868234472326
            ], 
            [
                6315, 
                6.429649546090049, 
                6.436963391983379
            ], 
            [
                6841, 
                6.429613239265541, 
                6.437923295414178
            ], 
            [
                7367, 
                6.429629545475477, 
                6.4370735731301
            ], 
            [
                7893, 
                6.429759623405718, 
                6.438807985985362
            ], 
            [
                8420, 
                6.429610007760377, 
                6.4372276669468285
            ], 
            [
                8946, 
                6.429623979965649, 
                6.437110741286056
            ], 
            [
                9472, 
                6.4297087839723925, 
                6.438570904928296
            ], 
            [
                9999, 
                6.429664894251428, 
                6.436894698134513
            ]
        ]
    }
]