[
    {
        "jobnum": 12, 
        "model": {
            "L2_reg": 0.16299828947213768, 
            "conv_width": 14, 
            "fp_depth": 1, 
            "fp_length": 953, 
            "h1_size": 78, 
            "net_type": "mean"
        }, 
        "num_records": 20, 
        "task": {
            "name": "delaney", 
            "test_slices": [
                [
                    0, 
                    224
                ]
            ], 
            "train_slices": [
                [
                    449, 
                    674
                ], 
                [
                    674, 
                    899
                ], 
                [
                    899, 
                    1124
                ]
            ]
        }, 
        "train": {
            "batch_size": 100, 
            "init_scale": 0.0378442657541654, 
            "num_iters": 10000, 
            "seed": 1, 
            "step_size": 0.0009697793018287504
        }, 
        "varied_params": {
            "conv_width": 13.639197433342689, 
            "fp_depth": 1.281821532275325, 
            "fp_length": 952.7305671568238, 
            "h1_size": 78.33007271032875, 
            "log_L2_reg": -1.8140155722664026, 
            "log_init_scale": -3.2742758098052946, 
            "log_step_size": -6.938442036242218
        }
    }, 
    {
        "host_name": "handy", 
        "minutes_duration": 0.07802170117696126, 
        "timestamp": "2021-07-09 20:38:20.591826", 
        "training_curve": [
            [
                0, 
                4.470333477727821, 
                4.8594690166099195
            ], 
            [
                526, 
                4.4535702710286875, 
                4.834570077490448
            ], 
            [
                1052, 
                4.453568531676362, 
                4.83456111852153
            ], 
            [
                1578, 
                4.453568303398668, 
                4.834559935481648
            ], 
            [
                2105, 
                4.453566570637796, 
                4.834550899150516
            ], 
            [
                2631, 
                4.453563008473134, 
                4.8345319952892
            ], 
            [
                3157, 
                4.453563975332813, 
                4.834537171360095
            ], 
            [
                3683, 
                4.453568703115005, 
                4.834562005877536
            ], 
            [
                4210, 
                4.453568312801471, 
                4.83455998424496
            ], 
            [
                4736, 
                4.453569624871905, 
                4.834566760566237
            ], 
            [
                5262, 
                4.453566572410362, 
                4.834550908446128
            ], 
            [
                5788, 
                4.453563005949675, 
                4.8345319817346075
            ], 
            [
                6315, 
                4.453568704171929, 
                4.834562011345146
            ], 
            [
                6841, 
                4.453568553433993, 
                4.834561231190718
            ], 
            [
                7367, 
                4.453568313351877, 
                4.8345599870993
            ], 
            [
                7893, 
                4.453569625345051, 
                4.834566762999877
            ], 
            [
                8420, 
                4.453563005853116, 
                4.8345319812159415
            ], 
            [
                8946, 
                4.4535639743915185, 
                4.834537166337583
            ], 
            [
                9472, 
                4.453568704248194, 
                4.83456201173967
            ], 
            [
                9999, 
                4.453568313374179, 
                4.834559987214954
            ]
        ]
    }
]