[
    {
        "jobnum": 13, 
        "model": {
            "L2_reg": 0.7638511282981276, 
            "conv_width": 8, 
            "fp_depth": 2, 
            "fp_length": 607, 
            "h1_size": 83, 
            "net_type": "morgan_plus_net"
        }, 
        "num_records": 20, 
        "task": {
            "name": "delaney", 
            "test_slices": [
                [
                    0, 
                    224
                ]
            ], 
            "train_slices": [
                [
                    449, 
                    674
                ], 
                [
                    674, 
                    899
                ], 
                [
                    899, 
                    1124
                ]
            ]
        }, 
        "train": {
            "batch_size": 100, 
            "init_scale": 0.12487648068455114, 
            "num_iters": 10000, 
            "seed": 1, 
            "step_size": 0.0005683298702230949
        }, 
        "varied_params": {
            "conv_width": 7.747870430106753, 
            "fp_depth": 1.8682182788416033, 
            "fp_length": 607.2050382885639, 
            "h1_size": 83.37051899818408, 
            "log_L2_reg": -0.26938236705147567, 
            "log_init_scale": -2.080430184749974, 
            "log_step_size": -7.472808550382432
        }
    }, 
    {
        "host_name": "hefty", 
        "minutes_duration": 32.46521714925766, 
        "timestamp": "2021-07-09 20:41:04.864231", 
        "training_curve": [
            [
                0, 
                4.595641229327347, 
                4.9402753255764145
            ], 
            [
                526, 
                0.13299199404197484, 
                1.74291670811121
            ], 
            [
                1052, 
                0.09246129248280692, 
                1.823376051276203
            ], 
            [
                1578, 
                0.09510119448453037, 
                1.8757364230708045
            ], 
            [
                2105, 
                0.10306397511127022, 
                1.9323783815790543
            ], 
            [
                2631, 
                0.11357582835382882, 
                1.977615359349228
            ], 
            [
                3157, 
                0.12475940892069791, 
                2.0137752354059555
            ], 
            [
                3683, 
                0.1272489350127688, 
                2.0226312037514824
            ], 
            [
                4210, 
                0.13223689482778697, 
                1.9972367727507627
            ], 
            [
                4736, 
                0.1340024086920775, 
                1.9990901774587033
            ], 
            [
                5262, 
                0.1373371368656757, 
                1.9898640325753139
            ], 
            [
                5788, 
                0.13675210023783402, 
                2.002337758908745
            ], 
            [
                6315, 
                0.13793730965104312, 
                1.984188175809283
            ], 
            [
                6841, 
                0.13878012114272573, 
                1.9681858127488288
            ], 
            [
                7367, 
                0.13845043066031723, 
                1.988974537831001
            ], 
            [
                7893, 
                0.1388693236983006, 
                1.96130938289969
            ], 
            [
                8420, 
                0.1435449250762092, 
                1.9510402744573512
            ], 
            [
                8946, 
                0.14189505049911977, 
                1.9615347830462626
            ], 
            [
                9472, 
                0.14192320116950768, 
                1.9424188616086089
            ], 
            [
                9999, 
                0.14500202390935474, 
                1.9364440513317012
            ]
        ]
    }
]