[
    {
        "jobnum": 13, 
        "model": {
            "L2_reg": 0.7638511282981276, 
            "conv_width": 8, 
            "fp_depth": 2, 
            "fp_length": 82, 
            "h1_size": 83, 
            "net_type": "conv_plus_net"
        }, 
        "num_records": 20, 
        "task": {
            "name": "delaney", 
            "test_slices": [
                [
                    0, 
                    224
                ]
            ], 
            "train_slices": [
                [
                    449, 
                    674
                ], 
                [
                    674, 
                    899
                ], 
                [
                    899, 
                    1124
                ]
            ]
        }, 
        "train": {
            "batch_size": 100, 
            "init_scale": 0.12487648068455114, 
            "num_iters": 10000, 
            "seed": 1, 
            "step_size": 0.0005683298702230949
        }, 
        "varied_params": {
            "conv_width": 7.747870430106753, 
            "fp_depth": 1.8682182788416033, 
            "fp_length": 81.68944869872931, 
            "h1_size": 83.37051899818408, 
            "log_L2_reg": -0.26938236705147567, 
            "log_init_scale": -2.080430184749974, 
            "log_step_size": -7.472808550382432
        }
    }, 
    {
        "host_name": "hefty", 
        "minutes_duration": 300.41057705084484, 
        "timestamp": "2021-07-09 20:08:07.152997", 
        "training_curve": [
            [
                0, 
                3.985555226380969, 
                4.327574243467517
            ], 
            [
                526, 
                0.637780805661203, 
                0.7055893021237803
            ], 
            [
                1052, 
                0.345330666745161, 
                0.4778738819750302
            ], 
            [
                1578, 
                0.26906493105275814, 
                0.43844266576791296
            ], 
            [
                2105, 
                0.2358016925011675, 
                0.4225950160161724
            ], 
            [
                2631, 
                0.21488269135748178, 
                0.41867050643184905
            ], 
            [
                3157, 
                0.19883455100272523, 
                0.42011206091806047
            ], 
            [
                3683, 
                0.18395416067076237, 
                0.4236500683878756
            ], 
            [
                4210, 
                0.17029512615960682, 
                0.4264861768895797
            ], 
            [
                4736, 
                0.16024324577929308, 
                0.43681257017129793
            ], 
            [
                5262, 
                0.15270409548400707, 
                0.44118131253294457
            ], 
            [
                5788, 
                0.146834556377815, 
                0.444256735504107
            ], 
            [
                6315, 
                0.14227141884598524, 
                0.45011058861937997
            ], 
            [
                6841, 
                0.13652692922040277, 
                0.45436855697739664
            ], 
            [
                7367, 
                0.13100762681384426, 
                0.4774359153919452
            ], 
            [
                7893, 
                0.12731069519882351, 
                0.49676540645710787
            ], 
            [
                8420, 
                0.13170943826984605, 
                0.4914753450942172
            ], 
            [
                8946, 
                0.1252652821671579, 
                0.5081401330443504
            ], 
            [
                9472, 
                0.12150295114396621, 
                0.5092397727748078
            ], 
            [
                9999, 
                0.12529378143659992, 
                0.5393309661879659
            ]
        ]
    }
]