[
    {
        "jobnum": 13, 
        "model": {
            "L2_reg": 0.7638511282981276, 
            "conv_width": 8, 
            "fp_depth": 2, 
            "fp_length": 607, 
            "h1_size": 83, 
            "net_type": "morgan_plus_linear"
        }, 
        "num_records": 20, 
        "task": {
            "name": "delaney", 
            "test_slices": [
                [
                    0, 
                    224
                ]
            ], 
            "train_slices": [
                [
                    449, 
                    674
                ], 
                [
                    674, 
                    899
                ], 
                [
                    899, 
                    1124
                ]
            ]
        }, 
        "train": {
            "batch_size": 100, 
            "init_scale": 0.12487648068455114, 
            "num_iters": 10000, 
            "seed": 1, 
            "step_size": 0.0005683298702230949
        }, 
        "varied_params": {
            "conv_width": 7.747870430106753, 
            "fp_depth": 1.8682182788416033, 
            "fp_length": 607.2050382885639, 
            "h1_size": 83.37051899818408, 
            "log_L2_reg": -0.26938236705147567, 
            "log_init_scale": -2.080430184749974, 
            "log_step_size": -7.472808550382432
        }
    }, 
    {
        "host_name": "schlumpfine", 
        "minutes_duration": 2.0682105660438537, 
        "timestamp": "2021-07-09 15:33:21.373947", 
        "training_curve": [
            [
                0, 
                5.5422884430632315, 
                6.529225394288417
            ], 
            [
                526, 
                1.5983461404314916, 
                2.97707342749981
            ], 
            [
                1052, 
                0.9819796520530762, 
                2.502833804470594
            ], 
            [
                1578, 
                0.7417320426470587, 
                2.3287049513760527
            ], 
            [
                2105, 
                0.6171842688794321, 
                2.266642474232005
            ], 
            [
                2631, 
                0.5437046739961872, 
                2.260480029472577
            ], 
            [
                3157, 
                0.49635177715187606, 
                2.2825855146479355
            ], 
            [
                3683, 
                0.46408146342136913, 
                2.317450659151178
            ], 
            [
                4210, 
                0.44127331819618076, 
                2.3559035766413254
            ], 
            [
                4736, 
                0.4248562730972347, 
                2.3927347147788507
            ], 
            [
                5262, 
                0.41281208382780465, 
                2.4252110018250357
            ], 
            [
                5788, 
                0.4038469520007077, 
                2.4526741801589123
            ], 
            [
                6315, 
                0.39712307113068734, 
                2.4752382291037347
            ], 
            [
                6841, 
                0.3919915476865318, 
                2.4940855733079608
            ], 
            [
                7367, 
                0.3880358447437452, 
                2.509664553338866
            ], 
            [
                7893, 
                0.3849462454083788, 
                2.522744174919219
            ], 
            [
                8420, 
                0.38247385029638636, 
                2.533038299270151
            ], 
            [
                8946, 
                0.38053074593535824, 
                2.541487156666489
            ], 
            [
                9472, 
                0.37896061008413234, 
                2.5486591235986418
            ], 
            [
                9999, 
                0.37766801091385954, 
                2.5550908172247153
            ]
        ]
    }
]