[
    {
        "jobnum": 13, 
        "model": {
            "L2_reg": 0.7638511282981276, 
            "conv_width": 8, 
            "fp_depth": 2, 
            "fp_length": 607, 
            "h1_size": 83, 
            "net_type": "mean"
        }, 
        "num_records": 20, 
        "task": {
            "name": "delaney", 
            "test_slices": [
                [
                    0, 
                    224
                ]
            ], 
            "train_slices": [
                [
                    449, 
                    674
                ], 
                [
                    674, 
                    899
                ], 
                [
                    899, 
                    1124
                ]
            ]
        }, 
        "train": {
            "batch_size": 100, 
            "init_scale": 0.12487648068455114, 
            "num_iters": 10000, 
            "seed": 1, 
            "step_size": 0.0005683298702230949
        }, 
        "varied_params": {
            "conv_width": 7.747870430106753, 
            "fp_depth": 1.8682182788416033, 
            "fp_length": 607.2050382885639, 
            "h1_size": 83.37051899818408, 
            "log_L2_reg": -0.26938236705147567, 
            "log_init_scale": -2.080430184749974, 
            "log_step_size": -7.472808550382432
        }
    }, 
    {
        "host_name": "schlaubi", 
        "minutes_duration": 0.07670284907023112, 
        "timestamp": "2021-07-09 20:38:21.967064", 
        "training_curve": [
            [
                0, 
                4.636744313523778, 
                5.04583806515577
            ], 
            [
                526, 
                4.458097645073152, 
                4.843088616171182
            ], 
            [
                1052, 
                4.453632326810612, 
                4.834845898466722
            ], 
            [
                1578, 
                4.453569358975017, 
                4.834565391790798
            ], 
            [
                2105, 
                4.453566781176146, 
                4.8345520024966016
            ], 
            [
                2631, 
                4.453564721953239, 
                4.834541145039006
            ], 
            [
                3157, 
                4.4535652393223915, 
                4.834543886880069
            ], 
            [
                3683, 
                4.453567956051012, 
                4.834558132085982
            ], 
            [
                4210, 
                4.453567735808948, 
                4.834556986546423
            ], 
            [
                4736, 
                4.453568499096573, 
                4.8345609497822535
            ], 
            [
                5262, 
                4.453566726250398, 
                4.834551714798617
            ], 
            [
                5788, 
                4.4535646244349145, 
                4.834540627164385
            ], 
            [
                6315, 
                4.453567970516861, 
                4.834558207270634
            ], 
            [
                6841, 
                4.453567882497776, 
                4.834557749694099
            ], 
            [
                7367, 
                4.453567742655164, 
                4.834557022179707
            ], 
            [
                7893, 
                4.453568507048562, 
                4.834560990970893
            ], 
            [
                8420, 
                4.4535646204850226, 
                4.834540606181164
            ], 
            [
                8946, 
                4.4535651944794985, 
                4.834543649607079
            ], 
            [
                9472, 
                4.453567971585146, 
                4.834558212822652
            ], 
            [
                9999, 
                4.453567742936341, 
                4.8345570236431525
            ]
        ]
    }
]