[
    {
        "jobnum": 13, 
        "model": {
            "L2_reg": 0.7638511282981276, 
            "conv_width": 8, 
            "fp_depth": 2, 
            "fp_length": 607, 
            "h1_size": 83, 
            "net_type": "morgan_plus_net"
        }, 
        "num_records": 20, 
        "task": {
            "name": "malaria", 
            "test_slices": [
                [
                    0, 
                    2000
                ]
            ], 
            "train_slices": [
                [
                    4000, 
                    6000
                ], 
                [
                    6000, 
                    8000
                ], 
                [
                    8000, 
                    10000
                ]
            ]
        }, 
        "train": {
            "batch_size": 100, 
            "init_scale": 0.12487648068455114, 
            "num_iters": 10000, 
            "seed": 1, 
            "step_size": 0.0005683298702230949
        }, 
        "varied_params": {
            "conv_width": 7.747870430106753, 
            "fp_depth": 1.8682182788416033, 
            "fp_length": 607.2050382885639, 
            "h1_size": 83.37051899818408, 
            "log_L2_reg": -0.26938236705147567, 
            "log_init_scale": -2.080430184749974, 
            "log_step_size": -7.472808550382432
        }
    }, 
    {
        "host_name": "schlaubi", 
        "minutes_duration": 3.5816879828770953, 
        "timestamp": "2021-08-31 09:33:24.217114", 
        "training_curve": [
            [
                0, 
                1.5810061661379298, 
                1.6537864852867865
            ], 
            [
                526, 
                0.7231606835073084, 
                1.1926214425858201
            ], 
            [
                1052, 
                0.4243603309297924, 
                1.2243178929835499
            ], 
            [
                1578, 
                0.23091888315857068, 
                1.261429380769026
            ], 
            [
                2105, 
                0.12778634484007165, 
                1.3054036434079377
            ], 
            [
                2631, 
                0.07484847079239668, 
                1.3486012843544426
            ], 
            [
                3157, 
                0.05039269803156054, 
                1.392718405427091
            ], 
            [
                3683, 
                0.03709658413384883, 
                1.4206754896180114
            ], 
            [
                4210, 
                0.03185193394232958, 
                1.4364317120460433
            ], 
            [
                4736, 
                0.028076150223184188, 
                1.454825647532356
            ], 
            [
                5262, 
                0.03114463633940123, 
                1.475417729024129
            ], 
            [
                5788, 
                0.11392978500562109, 
                1.5187937995537373
            ], 
            [
                6315, 
                0.07018590897795929, 
                1.5176676208966868
            ], 
            [
                6841, 
                0.06858031098567342, 
                1.5000322814998734
            ], 
            [
                7367, 
                0.07357198268127477, 
                1.4871259065361964
            ], 
            [
                7893, 
                0.0766187154293566, 
                1.5149992276889879
            ], 
            [
                8420, 
                0.08519171815267483, 
                1.5119466674418018
            ], 
            [
                8946, 
                0.11589990066994198, 
                1.5227946169444273
            ], 
            [
                9472, 
                0.08196022605090147, 
                1.486300603991088
            ], 
            [
                9999, 
                0.07310684110570481, 
                1.4995807305238436
            ]
        ]
    }
]