[
    {
        "jobnum": 14, 
        "model": {
            "L2_reg": 0.5613179907412793, 
            "conv_width": 16, 
            "fp_depth": 2, 
            "fp_length": 986, 
            "h1_size": 91, 
            "net_type": "mean"
        }, 
        "num_records": 20, 
        "task": {
            "name": "malaria", 
            "test_slices": [
                [
                    0, 
                    2000
                ]
            ], 
            "train_slices": [
                [
                    4000, 
                    6000
                ], 
                [
                    6000, 
                    8000
                ], 
                [
                    8000, 
                    10000
                ]
            ]
        }, 
        "train": {
            "batch_size": 100, 
            "init_scale": 0.05003599792599834, 
            "num_iters": 10000, 
            "seed": 1, 
            "step_size": 0.0003418227961038568
        }, 
        "varied_params": {
            "conv_width": 16.027910331838925, 
            "fp_depth": 1.8100239195764947, 
            "fp_length": 985.8860534783778, 
            "h1_size": 91.44700146086817, 
            "log_L2_reg": -0.5774677056301591, 
            "log_init_scale": -2.995012574079832, 
            "log_step_size": -7.981218095229812
        }
    }, 
    {
        "host_name": "schlaubi", 
        "minutes_duration": 0.04817444880803426, 
        "timestamp": "2021-08-31 10:05:41.684321", 
        "training_curve": [
            [
                0, 
                1.4472976012766128, 
                1.5191262151912577
            ], 
            [
                526, 
                1.4382232974641993, 
                1.5102990654565533
            ], 
            [
                1052, 
                1.4378226361290567, 
                1.5099492155345675
            ], 
            [
                1578, 
                1.4378008304336651, 
                1.5099395861120861
            ], 
            [
                2105, 
                1.4377998889331447, 
                1.5099412681536997
            ], 
            [
                2631, 
                1.437800566193154, 
                1.5099451889185576
            ], 
            [
                3157, 
                1.4377999059810962, 
                1.509942514030908
            ], 
            [
                3683, 
                1.437800279846103, 
                1.509940119783376
            ], 
            [
                4210, 
                1.4377999025144184, 
                1.509941164977215
            ], 
            [
                4736, 
                1.437800185561782, 
                1.5099439406141206
            ], 
            [
                5262, 
                1.4378003619655673, 
                1.5099445606330046
            ], 
            [
                5788, 
                1.4378003328380198, 
                1.509940045157789
            ], 
            [
                6315, 
                1.4377998721962302, 
                1.5099414454751183
            ], 
            [
                6841, 
                1.4377998611109937, 
                1.5099418667037585
            ], 
            [
                7367, 
                1.4378005085063537, 
                1.509945018501855
            ], 
            [
                7893, 
                1.437800182450376, 
                1.5099402800758372
            ], 
            [
                8420, 
                1.4378000693737578, 
                1.5099405218085127
            ], 
            [
                8946, 
                1.4377998604978708, 
                1.5099417567399072
            ], 
            [
                9472, 
                1.4378005278076094, 
                1.5099450760597746
            ], 
            [
                9999, 
                1.4378001897040027, 
                1.5099439563965524
            ]
        ]
    }
]