[
    {
        "jobnum": 15, 
        "model": {
            "L2_reg": 0.24123474988499183, 
            "conv_width": 19, 
            "fp_depth": 2, 
            "fp_length": 467, 
            "h1_size": 79, 
            "net_type": "morgan_plus_net"
        }, 
        "num_records": 20, 
        "task": {
            "name": "delaney", 
            "test_slices": [
                [
                    0, 
                    224
                ]
            ], 
            "train_slices": [
                [
                    449, 
                    674
                ], 
                [
                    674, 
                    899
                ], 
                [
                    899, 
                    1124
                ]
            ]
        }, 
        "train": {
            "batch_size": 100, 
            "init_scale": 0.004581931293729009, 
            "num_iters": 10000, 
            "seed": 1, 
            "step_size": 0.003582006090948924
        }, 
        "varied_params": {
            "conv_width": 19.291235172754774, 
            "fp_depth": 1.669244897921855, 
            "fp_length": 466.70238164656837, 
            "h1_size": 78.80786672089184, 
            "log_L2_reg": -1.421984753673013, 
            "log_init_scale": -5.385634689884512, 
            "log_step_size": -5.631832274912644
        }
    }, 
    {
        "host_name": "handy", 
        "minutes_duration": 4.062809749444326, 
        "timestamp": "2021-07-09 20:13:40.534463", 
        "training_curve": [
            [
                0, 
                4.453770003612043, 
                4.834402314027293
            ], 
            [
                526, 
                0.13511581725967892, 
                2.245813362923444
            ], 
            [
                1052, 
                0.18480332774873032, 
                2.1880566488746735
            ], 
            [
                1578, 
                0.20600811456057425, 
                2.2275021429052866
            ], 
            [
                2105, 
                0.1929116121166952, 
                2.2264098381169286
            ], 
            [
                2631, 
                0.1869562039519196, 
                2.1844664046811872
            ], 
            [
                3157, 
                0.18632734141818535, 
                2.1853148848437383
            ], 
            [
                3683, 
                0.1851630620965506, 
                2.156998912945635
            ], 
            [
                4210, 
                0.17532072437883645, 
                2.136037807673044
            ], 
            [
                4736, 
                0.1845281387582418, 
                2.1890365539673966
            ], 
            [
                5262, 
                0.1790821538613658, 
                2.130280098894716
            ], 
            [
                5788, 
                0.17297209645630324, 
                2.124359776129468
            ], 
            [
                6315, 
                0.1816526696098388, 
                2.117675823544358
            ], 
            [
                6841, 
                0.18382652913910041, 
                2.1136846803903357
            ], 
            [
                7367, 
                0.18437883207055494, 
                2.1187656791944085
            ], 
            [
                7893, 
                0.17717324320823385, 
                2.138179030152157
            ], 
            [
                8420, 
                0.177218514618301, 
                2.098421182798695
            ], 
            [
                8946, 
                0.17646411393026395, 
                2.110882936784369
            ], 
            [
                9472, 
                0.17933065149115204, 
                2.102542284325131
            ], 
            [
                9999, 
                0.18886060972836605, 
                2.1284968945941154
            ]
        ]
    }
]