[
    {
        "jobnum": 15, 
        "model": {
            "L2_reg": 0.24123474988499183, 
            "conv_width": 19, 
            "fp_depth": 2, 
            "fp_length": 66, 
            "h1_size": 79, 
            "net_type": "conv_plus_linear"
        }, 
        "num_records": 20, 
        "task": {
            "name": "delaney", 
            "test_slices": [
                [
                    0, 
                    224
                ]
            ], 
            "train_slices": [
                [
                    449, 
                    674
                ], 
                [
                    674, 
                    899
                ], 
                [
                    899, 
                    1124
                ]
            ]
        }, 
        "train": {
            "batch_size": 100, 
            "init_scale": 0.004581931293729009, 
            "num_iters": 10000, 
            "seed": 1, 
            "step_size": 0.003582006090948924
        }, 
        "varied_params": {
            "conv_width": 19.291235172754774, 
            "fp_depth": 1.669244897921855, 
            "fp_length": 66.07804240517427, 
            "h1_size": 78.80786672089184, 
            "log_L2_reg": -1.421984753673013, 
            "log_init_scale": -5.385634689884512, 
            "log_step_size": -5.631832274912644
        }
    }, 
    {
        "host_name": "papaschlumpf", 
        "minutes_duration": 240.09230513572692, 
        "timestamp": "2021-07-09 21:14:41.971163", 
        "training_curve": [
            [
                0, 
                4.492479281342632, 
                4.876830292205436
            ], 
            [
                526, 
                0.3802441323405916, 
                0.6371342284322233
            ], 
            [
                1052, 
                0.26724393115629863, 
                0.6908508896471256
            ], 
            [
                1578, 
                0.2077744002495418, 
                0.7540788404362384
            ], 
            [
                2105, 
                0.1957300572864649, 
                0.8056485093187825
            ], 
            [
                2631, 
                0.16119473924870162, 
                0.8430513315247562
            ], 
            [
                3157, 
                0.1442911409505705, 
                0.8387958981991629
            ], 
            [
                3683, 
                0.15743241995812107, 
                0.8521327800247713
            ], 
            [
                4210, 
                0.13257937190905741, 
                0.8948177325924214
            ], 
            [
                4736, 
                0.13594280124225974, 
                0.8463528617262039
            ], 
            [
                5262, 
                0.14486853712727504, 
                0.8696479728057851
            ], 
            [
                5788, 
                0.1364636264074725, 
                0.839345587044663
            ], 
            [
                6315, 
                0.14972510821057042, 
                0.8987204843524716
            ], 
            [
                6841, 
                0.12201101998565848, 
                0.8195337954781917
            ], 
            [
                7367, 
                0.1192629655016819, 
                0.8463713084052981
            ], 
            [
                7893, 
                0.1504455287249064, 
                0.8739918659070541
            ], 
            [
                8420, 
                0.12230562377972608, 
                0.8653654523251577
            ], 
            [
                8946, 
                0.11521730161988465, 
                0.7965112593047763
            ], 
            [
                9472, 
                0.10910876542382714, 
                0.8375967309162409
            ], 
            [
                9999, 
                0.10349211618510144, 
                0.8320444831757818
            ]
        ]
    }
]