[
    {
        "jobnum": 15, 
        "model": {
            "L2_reg": 0.24123474988499183, 
            "conv_width": 19, 
            "fp_depth": 2, 
            "fp_length": 467, 
            "h1_size": 79, 
            "net_type": "morgan_plus_linear"
        }, 
        "num_records": 20, 
        "task": {
            "name": "delaney", 
            "test_slices": [
                [
                    0, 
                    224
                ]
            ], 
            "train_slices": [
                [
                    449, 
                    674
                ], 
                [
                    674, 
                    899
                ], 
                [
                    899, 
                    1124
                ]
            ]
        }, 
        "train": {
            "batch_size": 100, 
            "init_scale": 0.004581931293729009, 
            "num_iters": 10000, 
            "seed": 1, 
            "step_size": 0.003582006090948924
        }, 
        "varied_params": {
            "conv_width": 19.291235172754774, 
            "fp_depth": 1.669244897921855, 
            "fp_length": 466.70238164656837, 
            "h1_size": 78.80786672089184, 
            "log_L2_reg": -1.421984753673013, 
            "log_init_scale": -5.385634689884512, 
            "log_step_size": -5.631832274912644
        }
    }, 
    {
        "host_name": "schlumpfine", 
        "minutes_duration": 1.6021653175354005, 
        "timestamp": "2021-07-09 15:38:04.974316", 
        "training_curve": [
            [
                0, 
                4.502224167206788, 
                4.8932121204416985
            ], 
            [
                526, 
                0.6117060981316125, 
                2.2239760260769157
            ], 
            [
                1052, 
                0.4959327857516165, 
                2.539969350863292
            ], 
            [
                1578, 
                0.46179374988842914, 
                2.7239400423623588
            ], 
            [
                2105, 
                0.4474167748370507, 
                2.839714425404796
            ], 
            [
                2631, 
                0.4404212171404347, 
                2.914236993007826
            ], 
            [
                3157, 
                0.43689776222692317, 
                2.960984757624043
            ], 
            [
                3683, 
                0.4349457015029862, 
                2.988611434424436
            ], 
            [
                4210, 
                0.43383053110830266, 
                3.005498259635543
            ], 
            [
                4736, 
                0.43305510797948393, 
                3.0178710146763144
            ], 
            [
                5262, 
                0.4325508618365652, 
                3.026180808246154
            ], 
            [
                5788, 
                0.43218763066690774, 
                3.032795058465595
            ], 
            [
                6315, 
                0.4322317843270489, 
                3.0338895236330714
            ], 
            [
                6841, 
                0.4321533596120779, 
                3.0335884965285564
            ], 
            [
                7367, 
                0.432122873365713, 
                3.03506037275049
            ], 
            [
                7893, 
                0.43200026662940755, 
                3.0365130950439094
            ], 
            [
                8420, 
                0.43178810691933944, 
                3.03998573375621
            ], 
            [
                8946, 
                0.43189900896668515, 
                3.04051023959655
            ], 
            [
                9472, 
                0.43196707401891066, 
                3.038662653606579
            ], 
            [
                9999, 
                0.4320182751215838, 
                3.0369390597226293
            ]
        ]
    }
]