[
    {
        "jobnum": 15, 
        "model": {
            "L2_reg": 0.24123474988499183, 
            "conv_width": 19, 
            "fp_depth": 2, 
            "fp_length": 66, 
            "h1_size": 79, 
            "net_type": "conv_plus_linear"
        }, 
        "num_records": 20, 
        "task": {
            "name": "malaria", 
            "test_slices": [
                [
                    0, 
                    2000
                ]
            ], 
            "train_slices": [
                [
                    4000, 
                    6000
                ], 
                [
                    6000, 
                    8000
                ], 
                [
                    8000, 
                    10000
                ]
            ]
        }, 
        "train": {
            "batch_size": 100, 
            "init_scale": 0.004581931293729009, 
            "num_iters": 10000, 
            "seed": 1, 
            "step_size": 0.003582006090948924
        }, 
        "varied_params": {
            "conv_width": 19.291235172754774, 
            "fp_depth": 1.669244897921855, 
            "fp_length": 66.07804240517427, 
            "h1_size": 78.80786672089184, 
            "log_L2_reg": -1.421984753673013, 
            "log_init_scale": -5.385634689884512, 
            "log_step_size": -5.631832274912644
        }
    }, 
    {
        "host_name": "handy", 
        "minutes_duration": 42.23539909919103, 
        "timestamp": "2021-08-31 04:54:30.465889", 
        "training_curve": [
            [
                0, 
                1.4402881892215722, 
                1.5125575797957094
            ], 
            [
                526, 
                1.1727248057980737, 
                1.2628604089571012
            ], 
            [
                1052, 
                1.1344515836601023, 
                1.228189203990221
            ], 
            [
                1578, 
                1.0790604494524063, 
                1.204511223859217
            ], 
            [
                2105, 
                1.0978741579208056, 
                1.2340229562699783
            ], 
            [
                2631, 
                1.0511933741761852, 
                1.196571961152719
            ], 
            [
                3157, 
                1.0934982202600962, 
                1.2539388934897315
            ], 
            [
                3683, 
                0.9895498167572387, 
                1.184450704039323
            ], 
            [
                4210, 
                1.0070159998750217, 
                1.2288089997442935
            ], 
            [
                4736, 
                0.9618922372616139, 
                1.2065092133218738
            ], 
            [
                5262, 
                1.0129849347438522, 
                1.2660107255900739
            ], 
            [
                5788, 
                0.9515903133497293, 
                1.2214859053700242
            ], 
            [
                6315, 
                0.9391142886484564, 
                1.2444755666140421
            ], 
            [
                6841, 
                0.8874268145513966, 
                1.220754352765371
            ], 
            [
                7367, 
                0.9576081563867935, 
                1.2823007781734403
            ], 
            [
                7893, 
                0.8712342449292106, 
                1.205243942956451
            ], 
            [
                8420, 
                0.8920789763781025, 
                1.2606303368288372
            ], 
            [
                8946, 
                0.8803503232698519, 
                1.2609161307319519
            ], 
            [
                9472, 
                0.9199566177307692, 
                1.3131926086871102
            ], 
            [
                9999, 
                0.8751611390786549, 
                1.253999457800856
            ]
        ]
    }
]