[
    {
        "jobnum": 16, 
        "model": {
            "L2_reg": 1.665928386655229, 
            "conv_width": 18, 
            "fp_depth": 2, 
            "fp_length": 81, 
            "h1_size": 85, 
            "net_type": "conv_plus_linear"
        }, 
        "num_records": 20, 
        "task": {
            "name": "cep", 
            "test_slices": [
                [
                    0, 
                    4000
                ]
            ], 
            "train_slices": [
                [
                    8000, 
                    12000
                ], 
                [
                    12000, 
                    16000
                ], 
                [
                    16000, 
                    20000
                ]
            ]
        }, 
        "train": {
            "batch_size": 100, 
            "init_scale": 0.003978137844587124, 
            "num_iters": 10000, 
            "seed": 1, 
            "step_size": 0.0011024148396445355
        }, 
        "varied_params": {
            "conv_width": 18.216547956667423, 
            "fp_depth": 2.189517222540954, 
            "fp_length": 81.10256173521617, 
            "h1_size": 84.97396376587523, 
            "log_L2_reg": 0.5103825576198178, 
            "log_init_scale": -5.526941447419411, 
            "log_step_size": -6.810252196579466
        }
    }, 
    {
        "host_name": "handy", 
        "minutes_duration": 52.42744208574295, 
        "timestamp": "2021-09-04 23:56:43.220324", 
        "training_curve": [
            [
                0, 
                6.461593516852254, 
                6.458449582822339
            ], 
            [
                526, 
                3.6578304776722494, 
                3.5983526982312806
            ], 
            [
                1052, 
                3.26770765449927, 
                3.178308284739688
            ], 
            [
                1578, 
                3.243063033684347, 
                3.162041008144045
            ], 
            [
                2105, 
                3.255651685228599, 
                3.1612498342230437
            ], 
            [
                2631, 
                3.198789259529549, 
                3.137478239074577
            ], 
            [
                3157, 
                3.1727365557093097, 
                3.1216936800465374
            ], 
            [
                3683, 
                3.20368954803629, 
                3.1638696202152485
            ], 
            [
                4210, 
                3.180512290592607, 
                3.114903327412395
            ], 
            [
                4736, 
                3.1557578263885286, 
                3.109684335840003
            ], 
            [
                5262, 
                3.155212419058266, 
                3.1173508843728985
            ], 
            [
                5788, 
                3.137948858259022, 
                3.0968113177894616
            ], 
            [
                6315, 
                3.16364975490471, 
                3.135711954544939
            ], 
            [
                6841, 
                3.127472574180898, 
                3.0983219554968615
            ], 
            [
                7367, 
                3.1690001829244765, 
                3.159830596535307
            ], 
            [
                7893, 
                3.1376586038434615, 
                3.0901737870905652
            ], 
            [
                8420, 
                3.1214484061573895, 
                3.0731453072423327
            ], 
            [
                8946, 
                3.119475307278767, 
                3.0792737685740565
            ], 
            [
                9472, 
                3.1135554580493525, 
                3.077622509600833
            ], 
            [
                9999, 
                3.126452134664795, 
                3.084667884593522
            ]
        ]
    }
]