[
    {
        "jobnum": 17, 
        "model": {
            "L2_reg": 0.13677679100455933, 
            "conv_width": 15, 
            "fp_depth": 4, 
            "fp_length": 443, 
            "h1_size": 85, 
            "net_type": "mean"
        }, 
        "num_records": 20, 
        "task": {
            "name": "delaney", 
            "test_slices": [
                [
                    0, 
                    224
                ]
            ], 
            "train_slices": [
                [
                    449, 
                    674
                ], 
                [
                    674, 
                    899
                ], 
                [
                    899, 
                    1124
                ]
            ]
        }, 
        "train": {
            "batch_size": 100, 
            "init_scale": 0.011967353760268416, 
            "num_iters": 10000, 
            "seed": 1, 
            "step_size": 0.006102950838691979
        }, 
        "varied_params": {
            "conv_width": 14.65985298844456, 
            "fp_depth": 3.8682509041696718, 
            "fp_length": 443.2458889466451, 
            "h1_size": 84.6265795038883, 
            "log_L2_reg": -1.989404944586382, 
            "log_init_scale": -4.425572856511698, 
            "log_step_size": -5.098982880721438
        }
    }, 
    {
        "host_name": "handy", 
        "minutes_duration": 0.06553646723429361, 
        "timestamp": "2021-07-09 20:38:50.095083", 
        "training_curve": [
            [
                0, 
                4.455187345335164, 
                4.838388795152683
            ], 
            [
                526, 
                4.453578394691435, 
                4.834610721797526
            ], 
            [
                1052, 
                4.453577505499885, 
                4.834606363153305
            ], 
            [
                1578, 
                4.453575924987153, 
                4.834598563250536
            ], 
            [
                2105, 
                4.453564578523011, 
                4.8345403832296014
            ], 
            [
                2631, 
                4.453544234836485, 
                4.834423247498612
            ], 
            [
                3157, 
                4.453549421681681, 
                4.834455100572514
            ], 
            [
                3683, 
                4.453578437704235, 
                4.834610932107465
            ], 
            [
                4210, 
                4.4535759310585235, 
                4.834598593343882
            ], 
            [
                4736, 
                4.453584792399159, 
                4.834641490566018
            ], 
            [
                5262, 
                4.453564580083882, 
                4.834540391523918
            ], 
            [
                5788, 
                4.453544235417096, 
                4.83442325115854
            ], 
            [
                6315, 
                4.45357843842796, 
                4.834610935645679
            ], 
            [
                6841, 
                4.453577520269152, 
                4.834606435721312
            ], 
            [
                7367, 
                4.453575931415017, 
                4.83459859511084
            ], 
            [
                7893, 
                4.45358479261753, 
                4.834641491599336
            ], 
            [
                8420, 
                4.453544235439641, 
                4.834423251300647
            ], 
            [
                8946, 
                4.453549422089927, 
                4.834455103017218
            ], 
            [
                9472, 
                4.453578438480145, 
                4.834610935900805
            ], 
            [
                9999, 
                4.453575931429448, 
                4.834598595182371
            ]
        ]
    }
]