[
    {
        "jobnum": 17, 
        "model": {
            "L2_reg": 0.13677679100455933, 
            "conv_width": 15, 
            "fp_depth": 4, 
            "fp_length": 443, 
            "h1_size": 85, 
            "net_type": "morgan_plus_net"
        }, 
        "num_records": 20, 
        "task": {
            "name": "cep", 
            "test_slices": [
                [
                    0, 
                    4000
                ]
            ], 
            "train_slices": [
                [
                    8000, 
                    12000
                ], 
                [
                    12000, 
                    16000
                ], 
                [
                    16000, 
                    20000
                ]
            ]
        }, 
        "train": {
            "batch_size": 100, 
            "init_scale": 0.011967353760268416, 
            "num_iters": 10000, 
            "seed": 1, 
            "step_size": 0.006102950838691979
        }, 
        "varied_params": {
            "conv_width": 14.65985298844456, 
            "fp_depth": 3.8682509041696718, 
            "fp_length": 443.2458889466451, 
            "h1_size": 84.6265795038883, 
            "log_L2_reg": -1.989404944586382, 
            "log_init_scale": -4.425572856511698, 
            "log_step_size": -5.098982880721438
        }
    }, 
    {
        "host_name": "schlaubi", 
        "minutes_duration": 2.760501134395599, 
        "timestamp": "2021-09-05 04:25:03.312326", 
        "training_curve": [
            [
                0, 
                6.435241887980958, 
                6.438654620547059
            ], 
            [
                526, 
                1.5323435410808952, 
                2.6493292297929276
            ], 
            [
                1052, 
                0.9126930498522406, 
                3.210095596666144
            ], 
            [
                1578, 
                0.9937711746549688, 
                3.617246074337026
            ], 
            [
                2105, 
                0.8851104349567951, 
                3.3622880398496338
            ], 
            [
                2631, 
                1.1087676156806252, 
                3.840665408216084
            ], 
            [
                3157, 
                1.09703435088262, 
                3.611138009209614
            ], 
            [
                3683, 
                0.9559971816274604, 
                3.6066032019688716
            ], 
            [
                4210, 
                0.867344551853832, 
                3.485475151231839
            ], 
            [
                4736, 
                0.7782921165875056, 
                3.2951578717054053
            ], 
            [
                5262, 
                0.5969530987077718, 
                3.285742971768003
            ], 
            [
                5788, 
                0.6599397691565952, 
                3.3702957668998623
            ], 
            [
                6315, 
                0.7618311717646317, 
                3.3170069260968518
            ], 
            [
                6841, 
                0.7301001231185831, 
                3.3789771901086407
            ], 
            [
                7367, 
                1.0717444674736691, 
                3.816079762292657
            ], 
            [
                7893, 
                0.8732972089601784, 
                3.4020688665045298
            ], 
            [
                8420, 
                0.8118730462101222, 
                3.3745729880810544
            ], 
            [
                8946, 
                0.9760993067943067, 
                3.733219666065129
            ], 
            [
                9472, 
                0.7493465284743273, 
                3.50021313532781
            ], 
            [
                9999, 
                0.8944999011926602, 
                3.4160281831349186
            ]
        ]
    }
]