[
    {
        "jobnum": 19, 
        "model": {
            "L2_reg": 0.2799853748054875, 
            "conv_width": 15, 
            "fp_depth": 3, 
            "fp_length": 673, 
            "h1_size": 65, 
            "net_type": "morgan_plus_net"
        }, 
        "num_records": 20, 
        "task": {
            "name": "cep", 
            "test_slices": [
                [
                    0, 
                    4000
                ]
            ], 
            "train_slices": [
                [
                    8000, 
                    12000
                ], 
                [
                    12000, 
                    16000
                ], 
                [
                    16000, 
                    20000
                ]
            ]
        }, 
        "train": {
            "batch_size": 100, 
            "init_scale": 0.024096859896253434, 
            "num_iters": 10000, 
            "seed": 1, 
            "step_size": 0.003279250603624976
        }, 
        "varied_params": {
            "conv_width": 14.798012297857005, 
            "fp_depth": 2.7229757465487365, 
            "fp_length": 673.3200961617024, 
            "h1_size": 64.91411629780154, 
            "log_L2_reg": -1.2730179100146142, 
            "log_init_scale": -3.725673741735896, 
            "log_step_size": -5.720140357194941
        }
    }, 
    {
        "host_name": "clumsy", 
        "minutes_duration": 5.086711800098419, 
        "timestamp": "2021-09-05 04:30:22.663342", 
        "training_curve": [
            [
                0, 
                6.433759690823219, 
                6.448291389168752
            ], 
            [
                526, 
                1.3791820209049324, 
                2.1365501031704524
            ], 
            [
                1052, 
                0.8038541315693489, 
                2.3815266212265085
            ], 
            [
                1578, 
                0.6964561982430102, 
                2.6235883937163496
            ], 
            [
                2105, 
                0.8638245094414712, 
                2.6918098965975323
            ], 
            [
                2631, 
                0.6279492483268171, 
                2.7075317783560457
            ], 
            [
                3157, 
                0.9973663982974889, 
                3.0853344943482672
            ], 
            [
                3683, 
                1.203958552079659, 
                3.1206194149033726
            ], 
            [
                4210, 
                0.4921904643122753, 
                2.5806891247060024
            ], 
            [
                4736, 
                0.5053958239944574, 
                2.6680109182255993
            ], 
            [
                5262, 
                0.7528099335121785, 
                2.951580584354154
            ], 
            [
                5788, 
                1.1694966318130087, 
                3.225518896536349
            ], 
            [
                6315, 
                1.161858664817704, 
                2.856033946595584
            ], 
            [
                6841, 
                0.48037457891450214, 
                2.5820454744258026
            ], 
            [
                7367, 
                0.5486220825870662, 
                2.7131575894720554
            ], 
            [
                7893, 
                0.6491913834588139, 
                2.8580164735394806
            ], 
            [
                8420, 
                0.5513664065327599, 
                2.8066913672894382
            ], 
            [
                8946, 
                0.8340343523590877, 
                3.053701379715507
            ], 
            [
                9472, 
                1.2939632969151489, 
                3.210045064795281
            ], 
            [
                9999, 
                0.5991265630768652, 
                2.67749307670304
            ]
        ]
    }
]