[
    {
        "jobnum": 1, 
        "model": {
            "L2_reg": 0.05326542476477831, 
            "conv_width": 13, 
            "fp_depth": 3, 
            "fp_length": 80, 
            "h1_size": 95, 
            "net_type": "conv_plus_linear"
        }, 
        "num_records": 20, 
        "task": {
            "name": "cep", 
            "test_slices": [
                [
                    0, 
                    4000
                ]
            ], 
            "train_slices": [
                [
                    8000, 
                    12000
                ], 
                [
                    12000, 
                    16000
                ], 
                [
                    16000, 
                    20000
                ]
            ]
        }, 
        "train": {
            "batch_size": 100, 
            "init_scale": 0.003337989654124867, 
            "num_iters": 10000, 
            "seed": 1, 
            "step_size": 0.01583790822219237
        }, 
        "varied_params": {
            "conv_width": 12.933423796293567, 
            "fp_depth": 3.3751751142479938, 
            "fp_length": 79.62099084252043, 
            "h1_size": 94.58865003910398, 
            "log_L2_reg": -2.9324678493937784, 
            "log_init_scale": -5.702386553170644, 
            "log_step_size": -4.145348957995883
        }
    }, 
    {
        "host_name": "clumsy", 
        "minutes_duration": 64.30934441486994, 
        "timestamp": "2021-09-04 21:50:35.076590", 
        "training_curve": [
            [
                0, 
                6.508624171385395, 
                6.495676658916294
            ], 
            [
                526, 
                3.28147571184685, 
                3.22076867244146
            ], 
            [
                1052, 
                3.214226943740658, 
                3.1873872771828675
            ], 
            [
                1578, 
                3.047166921095138, 
                3.0044489061683204
            ], 
            [
                2105, 
                2.949860702951357, 
                2.9546610608557122
            ], 
            [
                2631, 
                3.027810991560173, 
                3.068273914369407
            ], 
            [
                3157, 
                2.877281707684334, 
                2.8754022315775973
            ], 
            [
                3683, 
                4.111579302871127, 
                4.135673640942474
            ], 
            [
                4210, 
                3.066176421010106, 
                3.1814404160769247
            ], 
            [
                4736, 
                3.1978152211059605, 
                3.249995623796267
            ], 
            [
                5262, 
                2.9211899422377696, 
                3.0742570547807038
            ], 
            [
                5788, 
                3.0865401361446674, 
                3.331828187721432
            ], 
            [
                6315, 
                2.4000893249648994, 
                2.6293673220882465
            ], 
            [
                6841, 
                2.658192962697594, 
                2.905768684842282
            ], 
            [
                7367, 
                2.2605598620295613, 
                2.6184325414759266
            ], 
            [
                7893, 
                2.3197257924390065, 
                2.7193641020746373
            ], 
            [
                8420, 
                2.3153131391444517, 
                2.6921015312165992
            ], 
            [
                8946, 
                3.9990289231411134, 
                4.365221231142299
            ], 
            [
                9472, 
                2.225009045266562, 
                2.7011615185303652
            ], 
            [
                9999, 
                2.229282205973076, 
                2.6759266649175597
            ]
        ]
    }
]