[
    {
        "jobnum": 1, 
        "model": {
            "L2_reg": 0.05326542476477831, 
            "conv_width": 13, 
            "fp_depth": 3, 
            "fp_length": 589, 
            "h1_size": 95, 
            "net_type": "morgan_plus_net"
        }, 
        "num_records": 20, 
        "task": {
            "name": "malaria", 
            "test_slices": [
                [
                    0, 
                    2000
                ]
            ], 
            "train_slices": [
                [
                    4000, 
                    6000
                ], 
                [
                    6000, 
                    8000
                ], 
                [
                    8000, 
                    10000
                ]
            ]
        }, 
        "train": {
            "batch_size": 100, 
            "init_scale": 0.003337989654124867, 
            "num_iters": 10000, 
            "seed": 1, 
            "step_size": 0.01583790822219237
        }, 
        "varied_params": {
            "conv_width": 12.933423796293567, 
            "fp_depth": 3.3751751142479938, 
            "fp_length": 588.5889175826837, 
            "h1_size": 94.58865003910398, 
            "log_L2_reg": -2.9324678493937784, 
            "log_init_scale": -5.702386553170644, 
            "log_step_size": -4.145348957995883
        }
    }, 
    {
        "host_name": "clumsy", 
        "minutes_duration": 3.0668496171633404, 
        "timestamp": "2021-08-31 09:19:33.569837", 
        "training_curve": [
            [
                0, 
                1.43781813275783, 
                1.5099794808188158
            ], 
            [
                526, 
                0.580474653309801, 
                1.6099505690229352
            ], 
            [
                1052, 
                0.31743221745800754, 
                1.4511261665575583
            ], 
            [
                1578, 
                0.5363995851139665, 
                1.6490389661488138
            ], 
            [
                2105, 
                0.26620452322352495, 
                1.4166976386527361
            ], 
            [
                2631, 
                0.3447756195639257, 
                1.5625811124621318
            ], 
            [
                3157, 
                0.2985133633050874, 
                1.5107944417444692
            ], 
            [
                3683, 
                0.3779923954545149, 
                1.5590112336407111
            ], 
            [
                4210, 
                0.1720099091918648, 
                1.379462391802414
            ], 
            [
                4736, 
                0.6069780999656458, 
                1.8297432706437073
            ], 
            [
                5262, 
                0.11659679613987103, 
                1.3638243286502765
            ], 
            [
                5788, 
                0.3502986120774082, 
                1.5979392766140756
            ], 
            [
                6315, 
                0.8391162830563739, 
                2.0281058176668507
            ], 
            [
                6841, 
                0.5141830748956898, 
                1.6060913875543248
            ], 
            [
                7367, 
                0.8798963166436656, 
                2.0293652368711634
            ], 
            [
                7893, 
                0.12092984767671938, 
                1.4576284642393635
            ], 
            [
                8420, 
                0.12491787012086986, 
                1.4669098468286161
            ], 
            [
                8946, 
                0.6030156392357832, 
                1.8360587670420918
            ], 
            [
                9472, 
                0.4280134093805871, 
                1.6843831251389028
            ], 
            [
                9999, 
                2.256215169091461, 
                3.3255817965649417
            ]
        ]
    }
]