[
    {
        "jobnum": 20, 
        "model": {
            "L2_reg": 0.08101826970128459, 
            "conv_width": 17, 
            "fp_depth": 4, 
            "fp_length": 95, 
            "h1_size": 95, 
            "net_type": "conv_plus_linear"
        }, 
        "num_records": 20, 
        "task": {
            "name": "delaney", 
            "test_slices": [
                [
                    0, 
                    224
                ]
            ], 
            "train_slices": [
                [
                    449, 
                    674
                ], 
                [
                    674, 
                    899
                ], 
                [
                    899, 
                    1124
                ]
            ]
        }, 
        "train": {
            "batch_size": 100, 
            "init_scale": 0.0906356596274393, 
            "num_iters": 10000, 
            "seed": 1, 
            "step_size": 0.001459366969517237
        }, 
        "varied_params": {
            "conv_width": 17.092909835691287, 
            "fp_depth": 3.675770065047016, 
            "fp_length": 94.83552135652103, 
            "h1_size": 94.82732979255314, 
            "log_L2_reg": -2.5130805978749855, 
            "log_init_scale": -2.4009075492492045, 
            "log_step_size": -6.529752519808413
        }
    }, 
    {
        "host_name": "clumsy", 
        "minutes_duration": 291.8052472194036, 
        "timestamp": "2021-07-09 22:17:29.103941", 
        "training_curve": [
            [
                0, 
                7.420618292250314, 
                7.245801050526826
            ], 
            [
                526, 
                0.31223137022932473, 
                0.6077869833533835
            ], 
            [
                1052, 
                0.17272186221783647, 
                0.5553297459751037
            ], 
            [
                1578, 
                0.14237255912379607, 
                0.6077628724356147
            ], 
            [
                2105, 
                0.10840515681410934, 
                0.6402110247715103
            ], 
            [
                2631, 
                0.0940244481994939, 
                0.671578220389475
            ], 
            [
                3157, 
                0.1049999619447403, 
                0.7186714557807953
            ], 
            [
                3683, 
                0.09000642959520112, 
                0.6995451764637576
            ], 
            [
                4210, 
                0.09593428538891359, 
                0.6687340670685016
            ], 
            [
                4736, 
                0.09350435746768261, 
                0.6684897287265452
            ], 
            [
                5262, 
                0.07898969059166773, 
                0.662810475046825
            ], 
            [
                5788, 
                0.07592462187276322, 
                0.676740355025564
            ], 
            [
                6315, 
                0.07596306245905925, 
                0.6539899781202588
            ], 
            [
                6841, 
                0.07957973720838603, 
                0.6379950103555357
            ], 
            [
                7367, 
                0.08254994082970972, 
                0.6311658296815873
            ], 
            [
                7893, 
                0.08940023810567602, 
                0.6275231469013877
            ], 
            [
                8420, 
                0.10214032406876465, 
                0.6707268240542843
            ], 
            [
                8946, 
                0.08771309881575048, 
                0.6340045905428011
            ], 
            [
                9472, 
                0.08543300695500254, 
                0.6261283306417263
            ], 
            [
                9999, 
                0.08048680841939614, 
                0.6416669819637952
            ]
        ]
    }
]