[
    {
        "jobnum": 20, 
        "model": {
            "L2_reg": 0.08101826970128459, 
            "conv_width": 17, 
            "fp_depth": 4, 
            "fp_length": 726, 
            "h1_size": 95, 
            "net_type": "mean"
        }, 
        "num_records": 20, 
        "task": {
            "name": "delaney", 
            "test_slices": [
                [
                    0, 
                    224
                ]
            ], 
            "train_slices": [
                [
                    449, 
                    674
                ], 
                [
                    674, 
                    899
                ], 
                [
                    899, 
                    1124
                ]
            ]
        }, 
        "train": {
            "batch_size": 100, 
            "init_scale": 0.0906356596274393, 
            "num_iters": 10000, 
            "seed": 1, 
            "step_size": 0.001459366969517237
        }, 
        "varied_params": {
            "conv_width": 17.092909835691287, 
            "fp_depth": 3.675770065047016, 
            "fp_length": 725.5196922086892, 
            "h1_size": 94.82732979255314, 
            "log_L2_reg": -2.5130805978749855, 
            "log_init_scale": -2.4009075492492045, 
            "log_step_size": -6.529752519808413
        }
    }, 
    {
        "host_name": "schlaubi", 
        "minutes_duration": 0.0815452496210734, 
        "timestamp": "2021-07-09 20:38:52.855410", 
        "training_curve": [
            [
                0, 
                4.550033243030772, 
                4.951274895391989
            ], 
            [
                526, 
                4.453569823729961, 
                4.834567782771457
            ], 
            [
                1052, 
                4.453569266973837, 
                4.834564917664167
            ], 
            [
                1578, 
                4.453568966522271, 
                4.834563367398795
            ], 
            [
                2105, 
                4.45356638941318, 
                4.834549948213279
            ], 
            [
                2631, 
                4.453561100505146, 
                4.834521677778075
            ], 
            [
                3157, 
                4.453562517663743, 
                4.834529354447063
            ], 
            [
                3683, 
                4.453569597269835, 
                4.834566618581982
            ], 
            [
                4210, 
                4.4535690111119886, 
                4.8345635976557855
            ], 
            [
                4736, 
                4.453570999032536, 
                4.834573798901728
            ], 
            [
                5262, 
                4.453566385403805, 
                4.83454992716222
            ], 
            [
                5788, 
                4.453561067021314, 
                4.8345214954566655
            ], 
            [
                6315, 
                4.45356960292137, 
                4.8345666476552855
            ], 
            [
                6841, 
                4.453569376792166, 
                4.834565483579886
            ], 
            [
                7367, 
                4.453569013812777, 
                4.8345636116003305
            ], 
            [
                7893, 
                4.453571002017663, 
                4.834573814127302
            ], 
            [
                8420, 
                4.453561065734162, 
                4.834521488447164
            ], 
            [
                8946, 
                4.453562502619438, 
                4.83452927335662
            ], 
            [
                9472, 
                4.45356960332986, 
                4.834566649756648
            ], 
            [
                9999, 
                4.453569013922207, 
                4.83456361216533
            ]
        ]
    }
]