[
    {
        "jobnum": 21, 
        "model": {
            "L2_reg": 7.321213204376401, 
            "conv_width": 18, 
            "fp_depth": 1, 
            "fp_length": 34, 
            "h1_size": 96, 
            "net_type": "conv_plus_net"
        }, 
        "num_records": 20, 
        "task": {
            "name": "delaney", 
            "test_slices": [
                [
                    0, 
                    224
                ]
            ], 
            "train_slices": [
                [
                    449, 
                    674
                ], 
                [
                    674, 
                    899
                ], 
                [
                    899, 
                    1124
                ]
            ]
        }, 
        "train": {
            "batch_size": 100, 
            "init_scale": 0.011536512686277006, 
            "num_iters": 10000, 
            "seed": 1, 
            "step_size": 0.005839939733487496
        }, 
        "varied_params": {
            "conv_width": 18.021890860523214, 
            "fp_depth": 1.4483449139739812, 
            "fp_length": 34.19920868375398, 
            "h1_size": 95.97413068723367, 
            "log_L2_reg": 1.990776052542932, 
            "log_init_scale": -4.462238257135377, 
            "log_step_size": -5.143034801803554
        }
    }, 
    {
        "host_name": "hefty", 
        "minutes_duration": 140.5529848019282, 
        "timestamp": "2021-07-09 17:28:34.369234", 
        "training_curve": [
            [
                0, 
                4.4505377113248255, 
                4.829772350599756
            ], 
            [
                526, 
                0.28433196796126187, 
                0.5049448028530176
            ], 
            [
                1052, 
                0.22781879518199963, 
                0.4162114606603664
            ], 
            [
                1578, 
                0.23423913992413414, 
                0.4219556945615998
            ], 
            [
                2105, 
                0.1972674379001185, 
                0.4801651207913119
            ], 
            [
                2631, 
                0.1791734349630314, 
                0.4296706771386066
            ], 
            [
                3157, 
                0.15895856525992003, 
                0.39374682807123
            ], 
            [
                3683, 
                0.14803809043659574, 
                0.4731031314082892
            ], 
            [
                4210, 
                0.1384613290981886, 
                0.4601214133622204
            ], 
            [
                4736, 
                0.1871366447363597, 
                0.46909294607480323
            ], 
            [
                5262, 
                0.17282820896473192, 
                0.45130529982380463
            ], 
            [
                5788, 
                NaN, 
                NaN
            ], 
            [
                6315, 
                NaN, 
                NaN
            ], 
            [
                6841, 
                NaN, 
                NaN
            ], 
            [
                7367, 
                NaN, 
                NaN
            ], 
            [
                7893, 
                NaN, 
                NaN
            ], 
            [
                8420, 
                NaN, 
                NaN
            ], 
            [
                8946, 
                NaN, 
                NaN
            ], 
            [
                9472, 
                NaN, 
                NaN
            ], 
            [
                9999, 
                NaN, 
                NaN
            ]
        ]
    }
]