[
    {
        "jobnum": 21, 
        "model": {
            "L2_reg": 7.321213204376401, 
            "conv_width": 18, 
            "fp_depth": 1, 
            "fp_length": 34, 
            "h1_size": 96, 
            "net_type": "conv_plus_linear"
        }, 
        "num_records": 20, 
        "task": {
            "name": "delaney", 
            "test_slices": [
                [
                    0, 
                    224
                ]
            ], 
            "train_slices": [
                [
                    449, 
                    674
                ], 
                [
                    674, 
                    899
                ], 
                [
                    899, 
                    1124
                ]
            ]
        }, 
        "train": {
            "batch_size": 100, 
            "init_scale": 0.011536512686277006, 
            "num_iters": 10000, 
            "seed": 1, 
            "step_size": 0.005839939733487496
        }, 
        "varied_params": {
            "conv_width": 18.021890860523214, 
            "fp_depth": 1.4483449139739812, 
            "fp_length": 34.19920868375398, 
            "h1_size": 95.97413068723367, 
            "log_L2_reg": 1.990776052542932, 
            "log_init_scale": -4.462238257135377, 
            "log_step_size": -5.143034801803554
        }
    }, 
    {
        "host_name": "hefty", 
        "minutes_duration": 133.17060398260753, 
        "timestamp": "2021-07-09 19:41:52.040382", 
        "training_curve": [
            [
                0, 
                4.517470808313798, 
                4.903026609981006
            ], 
            [
                526, 
                0.6191254307115668, 
                0.952854198457742
            ], 
            [
                1052, 
                0.509143676778206, 
                0.8126282707855444
            ], 
            [
                1578, 
                0.44103823868223857, 
                0.8290772275614027
            ], 
            [
                2105, 
                0.4153164860502697, 
                0.8688629231796791
            ], 
            [
                2631, 
                0.385536239808298, 
                0.8171996227186247
            ], 
            [
                3157, 
                0.4056811754143094, 
                0.8926786280384744
            ], 
            [
                3683, 
                0.4995667513891635, 
                1.0187585637885859
            ], 
            [
                4210, 
                0.367792025872098, 
                0.8390424893050231
            ], 
            [
                4736, 
                0.3712509139599194, 
                0.8084120646989396
            ], 
            [
                5262, 
                0.38826094769058256, 
                0.8732910165668193
            ], 
            [
                5788, 
                0.358700818731049, 
                0.8491361203991606
            ], 
            [
                6315, 
                0.3409325678827862, 
                0.8606412089162824
            ], 
            [
                6841, 
                0.33619242694005824, 
                0.7880973543748296
            ], 
            [
                7367, 
                0.3364156862744173, 
                0.781430476601946
            ], 
            [
                7893, 
                0.32194884676813135, 
                0.8514187597370011
            ], 
            [
                8420, 
                0.29705877586625445, 
                0.8235419102912214
            ], 
            [
                8946, 
                0.3418858773903898, 
                0.9150912892218359
            ], 
            [
                9472, 
                0.30136956959886196, 
                0.8333937273188742
            ], 
            [
                9999, 
                0.291886850416435, 
                0.8446113305252302
            ]
        ]
    }
]