[
    {
        "jobnum": 22, 
        "model": {
            "L2_reg": 1.5817813834259178, 
            "conv_width": 11, 
            "fp_depth": 3, 
            "fp_length": 24, 
            "h1_size": 56, 
            "net_type": "conv_plus_net"
        }, 
        "num_records": 20, 
        "task": {
            "name": "malaria", 
            "test_slices": [
                [
                    0, 
                    2000
                ]
            ], 
            "train_slices": [
                [
                    4000, 
                    6000
                ], 
                [
                    6000, 
                    8000
                ], 
                [
                    8000, 
                    10000
                ]
            ]
        }, 
        "train": {
            "batch_size": 100, 
            "init_scale": 0.008314826000126603, 
            "num_iters": 10000, 
            "seed": 1, 
            "step_size": 0.009972070109487014
        }, 
        "varied_params": {
            "conv_width": 11.107749458389995, 
            "fp_depth": 2.70730221584378, 
            "fp_length": 23.746703490975463, 
            "h1_size": 56.19099914247207, 
            "log_L2_reg": 0.45855166980008555, 
            "log_init_scale": -4.789715092578255, 
            "log_step_size": -4.607967082711062
        }
    }, 
    {
        "host_name": "clumsy", 
        "minutes_duration": 44.44521376689275, 
        "timestamp": "2021-08-30 22:23:14.279682", 
        "training_curve": [
            [
                0, 
                1.437871826541315, 
                1.510014700686124
            ], 
            [
                526, 
                1.1347516542697444, 
                1.2392503822274257
            ], 
            [
                1052, 
                1.0527106626253868, 
                1.1708514897715374
            ], 
            [
                1578, 
                0.9923664116942063, 
                1.1897141446490282
            ], 
            [
                2105, 
                0.9817257078552502, 
                1.2818125290875881
            ], 
            [
                2631, 
                0.888749136653333, 
                1.172109724366739
            ], 
            [
                3157, 
                0.9203191139066865, 
                1.2154627093928028
            ], 
            [
                3683, 
                0.8925162724865685, 
                1.1940470070904319
            ], 
            [
                4210, 
                0.8515450713442183, 
                1.2692891583533417
            ], 
            [
                4736, 
                0.823247705409373, 
                1.2337900418314884
            ], 
            [
                5262, 
                0.8317427854514039, 
                1.2858627609563973
            ], 
            [
                5788, 
                0.7882682641505117, 
                1.1820155539729988
            ], 
            [
                6315, 
                0.8013716398668619, 
                1.2612785268463391
            ], 
            [
                6841, 
                0.7352144955580687, 
                1.2918547691223983
            ], 
            [
                7367, 
                0.8259009827115236, 
                1.273957240927987
            ], 
            [
                7893, 
                0.7761094885127358, 
                1.2382198221232736
            ], 
            [
                8420, 
                0.751109963657281, 
                1.3083135584877241
            ], 
            [
                8946, 
                0.7593220722547596, 
                1.3818142347932394
            ], 
            [
                9472, 
                0.7056379212790934, 
                1.2754796685408638
            ], 
            [
                9999, 
                0.7546326303024458, 
                1.334349793176289
            ]
        ]
    }
]