[
    {
        "jobnum": 23, 
        "model": {
            "L2_reg": 2.537193648511954, 
            "conv_width": 18, 
            "fp_depth": 4, 
            "fp_length": 28, 
            "h1_size": 73, 
            "net_type": "morgan_plus_net"
        }, 
        "num_records": 20, 
        "task": {
            "name": "delaney", 
            "test_slices": [
                [
                    0, 
                    224
                ]
            ], 
            "train_slices": [
                [
                    449, 
                    674
                ], 
                [
                    674, 
                    899
                ], 
                [
                    899, 
                    1124
                ]
            ]
        }, 
        "train": {
            "batch_size": 100, 
            "init_scale": 0.03206749887368721, 
            "num_iters": 10000, 
            "seed": 1, 
            "step_size": 0.006025362700774759
        }, 
        "varied_params": {
            "conv_width": 17.837050135889164, 
            "fp_depth": 3.9265645150086574, 
            "fp_length": 27.807796858481986, 
            "h1_size": 72.67713413390345, 
            "log_L2_reg": 0.9310586074290335, 
            "log_init_scale": -3.4399122579134556, 
            "log_step_size": -5.111777602118608
        }
    }, 
    {
        "host_name": "handy", 
        "minutes_duration": 0.9988120992978414, 
        "timestamp": "2021-07-09 20:16:38.621763", 
        "training_curve": [
            [
                0, 
                4.444142988804813, 
                4.824139909088602
            ], 
            [
                526, 
                0.9368713587293678, 
                4.263901390529774
            ], 
            [
                1052, 
                0.47749909696720416, 
                3.9183844827301435
            ], 
            [
                1578, 
                0.37676804338702774, 
                3.850263037512298
            ], 
            [
                2105, 
                0.5632683552141461, 
                4.3015480388174225
            ], 
            [
                2631, 
                0.39398448895961996, 
                4.072574925053802
            ], 
            [
                3157, 
                0.35851380550581985, 
                3.827825930176238
            ], 
            [
                3683, 
                0.3350399845985888, 
                3.8599492010741048
            ], 
            [
                4210, 
                0.506976759865842, 
                3.799393622512036
            ], 
            [
                4736, 
                0.36805391766012086, 
                4.004813864279691
            ], 
            [
                5262, 
                0.3332447333410382, 
                3.8172575483574613
            ], 
            [
                5788, 
                0.4250907983253927, 
                3.8013858681635715
            ], 
            [
                6315, 
                0.40856494267327487, 
                4.117497065260036
            ], 
            [
                6841, 
                0.3349878106299759, 
                3.7815045406811554
            ], 
            [
                7367, 
                0.3338912990279182, 
                3.8357655084763875
            ], 
            [
                7893, 
                0.4362707956759291, 
                4.121391311748564
            ], 
            [
                8420, 
                0.316474014787317, 
                3.8617900403604506
            ], 
            [
                8946, 
                0.4141054982098312, 
                3.731768634396957
            ], 
            [
                9472, 
                0.33177244171068704, 
                3.9132161745091567
            ], 
            [
                9999, 
                0.4576818804305397, 
                4.156952289167448
            ]
        ]
    }
]