[
    {
        "jobnum": 24, 
        "model": {
            "L2_reg": 0.16013995131275266, 
            "conv_width": 8, 
            "fp_depth": 1, 
            "fp_length": 35, 
            "h1_size": 86, 
            "net_type": "morgan_plus_linear"
        }, 
        "num_records": 20, 
        "task": {
            "name": "delaney", 
            "test_slices": [
                [
                    0, 
                    224
                ]
            ], 
            "train_slices": [
                [
                    449, 
                    674
                ], 
                [
                    674, 
                    899
                ], 
                [
                    899, 
                    1124
                ]
            ]
        }, 
        "train": {
            "batch_size": 100, 
            "init_scale": 0.005657400242334197, 
            "num_iters": 10000, 
            "seed": 1, 
            "step_size": 0.0006664927534456779
        }, 
        "varied_params": {
            "conv_width": 7.999947873446001, 
            "fp_depth": 1.1630139650177609, 
            "fp_length": 34.66996881629888, 
            "h1_size": 86.4995281212029, 
            "log_L2_reg": -1.8317071503669657, 
            "log_init_scale": -5.1747908134296825, 
            "log_step_size": -7.313481290954238
        }
    }, 
    {
        "host_name": "handy", 
        "minutes_duration": 0.255617884794871, 
        "timestamp": "2021-07-09 15:49:21.514277", 
        "training_curve": [
            [
                0, 
                4.449489349522828, 
                4.81967273975453
            ], 
            [
                526, 
                3.0978226328466194, 
                3.358999474161732
            ], 
            [
                1052, 
                2.907247249609583, 
                3.1282274265524848
            ], 
            [
                1578, 
                2.854952043353647, 
                3.0672692690581473
            ], 
            [
                2105, 
                2.835580760630191, 
                3.0437412938272526
            ], 
            [
                2631, 
                2.8271757025532875, 
                3.031952287460741
            ], 
            [
                3157, 
                2.823170638498052, 
                3.024767496921899
            ], 
            [
                3683, 
                2.8211202683114456, 
                3.019728623938531
            ], 
            [
                4210, 
                2.8200025696985667, 
                3.016005403657588
            ], 
            [
                4736, 
                2.8193777602445276, 
                3.013490201035501
            ], 
            [
                5262, 
                2.8190064660271013, 
                3.0119639318706914
            ], 
            [
                5788, 
                2.8187702205339917, 
                3.011451279512205
            ], 
            [
                6315, 
                2.818656593278257, 
                3.0111485522242183
            ], 
            [
                6841, 
                2.8185722875007797, 
                3.010626966663272
            ], 
            [
                7367, 
                2.818506028738792, 
                3.0099848890623266
            ], 
            [
                7893, 
                2.8184706585240358, 
                3.009464383107037
            ], 
            [
                8420, 
                2.818427682889513, 
                3.009732869505782
            ], 
            [
                8946, 
                2.818427819714, 
                3.0100744020770547
            ], 
            [
                9472, 
                2.8184256371215826, 
                3.009936141543396
            ], 
            [
                9999, 
                2.8184116427803594, 
                3.0094644776651243
            ]
        ]
    }
]