[
    {
        "jobnum": 24, 
        "model": {
            "L2_reg": 0.16013995131275266, 
            "conv_width": 8, 
            "fp_depth": 1, 
            "fp_length": 18, 
            "h1_size": 86, 
            "net_type": "conv_plus_linear"
        }, 
        "num_records": 20, 
        "task": {
            "name": "cep", 
            "test_slices": [
                [
                    0, 
                    4000
                ]
            ], 
            "train_slices": [
                [
                    8000, 
                    12000
                ], 
                [
                    12000, 
                    16000
                ], 
                [
                    16000, 
                    20000
                ]
            ]
        }, 
        "train": {
            "batch_size": 100, 
            "init_scale": 0.005657400242334197, 
            "num_iters": 10000, 
            "seed": 1, 
            "step_size": 0.0006664927534456779
        }, 
        "varied_params": {
            "conv_width": 7.999947873446001, 
            "fp_depth": 1.1630139650177609, 
            "fp_length": 18.074440979588765, 
            "h1_size": 86.4995281212029, 
            "log_L2_reg": -1.8317071503669657, 
            "log_init_scale": -5.1747908134296825, 
            "log_step_size": -7.313481290954238
        }
    }, 
    {
        "host_name": "schlaubi", 
        "minutes_duration": 20.718157283465068, 
        "timestamp": "2021-09-05 00:44:32.427591", 
        "training_curve": [
            [
                0, 
                6.432711478694117, 
                6.438132202147446
            ], 
            [
                526, 
                4.732984407294576, 
                4.714992310873332
            ], 
            [
                1052, 
                3.8084163898231926, 
                3.712385184597978
            ], 
            [
                1578, 
                3.525292074280544, 
                3.4393292186571633
            ], 
            [
                2105, 
                3.444614070569479, 
                3.3378848208549137
            ], 
            [
                2631, 
                3.3699070137462455, 
                3.2832046205619885
            ], 
            [
                3157, 
                3.349180662698943, 
                3.2741169500329055
            ], 
            [
                3683, 
                3.418609230937643, 
                3.3585621190166757
            ], 
            [
                4210, 
                3.2903967059093837, 
                3.209735718390663
            ], 
            [
                4736, 
                3.2790289884106416, 
                3.206595148920959
            ], 
            [
                5262, 
                3.2736420077397126, 
                3.205068165098384
            ], 
            [
                5788, 
                3.262433904512707, 
                3.179703141806952
            ], 
            [
                6315, 
                3.2628136803184087, 
                3.1933589290558477
            ], 
            [
                6841, 
                3.271415741548819, 
                3.1845910638355566
            ], 
            [
                7367, 
                3.2387618954104718, 
                3.167893970105889
            ], 
            [
                7893, 
                3.283702655125151, 
                3.1987945478727746
            ], 
            [
                8420, 
                3.2336086728752416, 
                3.1620422812037705
            ], 
            [
                8946, 
                3.249617090371744, 
                3.1694868534552088
            ], 
            [
                9472, 
                3.2275126553134794, 
                3.1594404249856467
            ], 
            [
                9999, 
                3.2242715531291384, 
                3.1606414879105493
            ]
        ]
    }
]