[
    {
        "jobnum": 25, 
        "model": {
            "L2_reg": 4.1564042924344236, 
            "conv_width": 5, 
            "fp_depth": 3, 
            "fp_length": 182, 
            "h1_size": 61, 
            "net_type": "morgan_plus_net"
        }, 
        "num_records": 20, 
        "task": {
            "name": "malaria", 
            "test_slices": [
                [
                    0, 
                    2000
                ]
            ], 
            "train_slices": [
                [
                    4000, 
                    6000
                ], 
                [
                    6000, 
                    8000
                ], 
                [
                    8000, 
                    10000
                ]
            ]
        }, 
        "train": {
            "batch_size": 100, 
            "init_scale": 0.011266589593491302, 
            "num_iters": 10000, 
            "seed": 1, 
            "step_size": 0.0013353080332717088
        }, 
        "varied_params": {
            "conv_width": 5.477583942969618, 
            "fp_depth": 3.1132432057705985, 
            "fp_length": 182.01170974989606, 
            "h1_size": 61.196234403019005, 
            "log_L2_reg": 1.424650347724727, 
            "log_init_scale": -4.485913605999054, 
            "log_step_size": -6.618593277212389
        }
    }, 
    {
        "host_name": "schlaubi", 
        "minutes_duration": 1.5561837991078695, 
        "timestamp": "2021-08-31 09:44:43.025626", 
        "training_curve": [
            [
                0, 
                1.4385045502555136, 
                1.5104210863814502
            ], 
            [
                526, 
                0.8213955699884394, 
                1.2514388045934108
            ], 
            [
                1052, 
                0.4712373955357954, 
                1.268924047302116
            ], 
            [
                1578, 
                0.29909634994352524, 
                1.3353083864118238
            ], 
            [
                2105, 
                0.21749990997225843, 
                1.4354165872228286
            ], 
            [
                2631, 
                0.170498502495495, 
                1.531069103420154
            ], 
            [
                3157, 
                0.1459915140080628, 
                1.5919032923984449
            ], 
            [
                3683, 
                0.12989421188814831, 
                1.6326881743531403
            ], 
            [
                4210, 
                0.13293547039322814, 
                1.6952410910162672
            ], 
            [
                4736, 
                0.1419924535201355, 
                1.7646790140478907
            ], 
            [
                5262, 
                0.19835829038535066, 
                1.8611934267446508
            ], 
            [
                5788, 
                0.17073691148543402, 
                1.7572691990077334
            ], 
            [
                6315, 
                0.15581998042831421, 
                1.8057541301206803
            ], 
            [
                6841, 
                0.3072420598344838, 
                1.9955820589442341
            ], 
            [
                7367, 
                0.2199965818810186, 
                1.7940539168145515
            ], 
            [
                7893, 
                0.2227885888624321, 
                1.8140214816037763
            ], 
            [
                8420, 
                0.2524169606491272, 
                1.8505528992575668
            ], 
            [
                8946, 
                0.23115670617479805, 
                1.88981415957217
            ], 
            [
                9472, 
                0.23931343135992714, 
                1.8925890754774954
            ], 
            [
                9999, 
                0.33172728737398577, 
                1.9920346321668785
            ]
        ]
    }
]