[
    {
        "jobnum": 25, 
        "model": {
            "L2_reg": 4.1564042924344236, 
            "conv_width": 5, 
            "fp_depth": 3, 
            "fp_length": 34, 
            "h1_size": 61, 
            "net_type": "conv_plus_linear"
        }, 
        "num_records": 20, 
        "task": {
            "name": "malaria", 
            "test_slices": [
                [
                    0, 
                    2000
                ]
            ], 
            "train_slices": [
                [
                    4000, 
                    6000
                ], 
                [
                    6000, 
                    8000
                ], 
                [
                    8000, 
                    10000
                ]
            ]
        }, 
        "train": {
            "batch_size": 100, 
            "init_scale": 0.011266589593491302, 
            "num_iters": 10000, 
            "seed": 1, 
            "step_size": 0.0013353080332717088
        }, 
        "varied_params": {
            "conv_width": 5.477583942969618, 
            "fp_depth": 3.1132432057705985, 
            "fp_length": 34.44574552776623, 
            "h1_size": 61.196234403019005, 
            "log_L2_reg": 1.424650347724727, 
            "log_init_scale": -4.485913605999054, 
            "log_step_size": -6.618593277212389
        }
    }, 
    {
        "host_name": "schlaubi", 
        "minutes_duration": 45.92849363088608, 
        "timestamp": "2021-08-31 06:37:13.233309", 
        "training_curve": [
            [
                0, 
                1.5079161328710875, 
                1.5765836575633299
            ], 
            [
                526, 
                1.260674675465861, 
                1.336403419442966
            ], 
            [
                1052, 
                1.1715322110202548, 
                1.2461153222108996
            ], 
            [
                1578, 
                1.14960508953811, 
                1.2373925829418553
            ], 
            [
                2105, 
                1.1628010673809095, 
                1.2658898685594082
            ], 
            [
                2631, 
                1.1228049146680672, 
                1.2356668500567785
            ], 
            [
                3157, 
                1.1201263881290395, 
                1.2231270936182022
            ], 
            [
                3683, 
                1.0857032113352318, 
                1.202962260231206
            ], 
            [
                4210, 
                1.087308450214631, 
                1.2261335659435781
            ], 
            [
                4736, 
                1.0749357387323044, 
                1.2238340315697132
            ], 
            [
                5262, 
                1.0782010714075434, 
                1.2181950165153466
            ], 
            [
                5788, 
                1.0796781255523282, 
                1.2207107397896213
            ], 
            [
                6315, 
                1.0645354320752307, 
                1.2193125007328796
            ], 
            [
                6841, 
                1.0708555797837414, 
                1.2320334639629924
            ], 
            [
                7367, 
                1.0544713750948798, 
                1.2128636777485235
            ], 
            [
                7893, 
                1.0486066406735473, 
                1.2010020619883708
            ], 
            [
                8420, 
                1.0558322264721742, 
                1.2197596313919334
            ], 
            [
                8946, 
                1.081845974133483, 
                1.250694156273101
            ], 
            [
                9472, 
                1.0495457487036095, 
                1.2196684277714955
            ], 
            [
                9999, 
                1.0488460575363425, 
                1.212147680223191
            ]
        ]
    }
]