[
    {
        "jobnum": 25, 
        "model": {
            "L2_reg": 4.1564042924344236, 
            "conv_width": 5, 
            "fp_depth": 3, 
            "fp_length": 182, 
            "h1_size": 61, 
            "net_type": "mean"
        }, 
        "num_records": 20, 
        "task": {
            "name": "delaney", 
            "test_slices": [
                [
                    0, 
                    224
                ]
            ], 
            "train_slices": [
                [
                    449, 
                    674
                ], 
                [
                    674, 
                    899
                ], 
                [
                    899, 
                    1124
                ]
            ]
        }, 
        "train": {
            "batch_size": 100, 
            "init_scale": 0.011266589593491302, 
            "num_iters": 10000, 
            "seed": 1, 
            "step_size": 0.0013353080332717088
        }, 
        "varied_params": {
            "conv_width": 5.477583942969618, 
            "fp_depth": 3.1132432057705985, 
            "fp_length": 182.01170974989606, 
            "h1_size": 61.196234403019005, 
            "log_L2_reg": 1.424650347724727, 
            "log_init_scale": -4.485913605999054, 
            "log_step_size": -6.618593277212389
        }
    }, 
    {
        "host_name": "clumsy", 
        "minutes_duration": 0.0823337992032369, 
        "timestamp": "2021-07-09 20:39:21.733840", 
        "training_curve": [
            [
                0, 
                4.454996028384466, 
                4.838036779082249
            ], 
            [
                526, 
                4.453569346535083, 
                4.834565327697638
            ], 
            [
                1052, 
                4.453569155917245, 
                4.83456434497427
            ], 
            [
                1578, 
                4.453568830427191, 
                4.834562664219809
            ], 
            [
                2105, 
                4.4535664302998565, 
                4.834550162855604
            ], 
            [
                2631, 
                4.453561553108174, 
                4.834524137928066
            ], 
            [
                3157, 
                4.453562873149152, 
                4.834531268069609
            ], 
            [
                3683, 
                4.4535693743681, 
                4.834565471092352
            ], 
            [
                4210, 
                4.4535688355898015, 
                4.8345626909050265
            ], 
            [
                4736, 
                4.4535706516997235, 
                4.834572025458863
            ], 
            [
                5262, 
                4.453566432654791, 
                4.83455017521653
            ], 
            [
                5788, 
                4.453561554256193, 
                4.834524144158046
            ], 
            [
                6315, 
                4.453569374896539, 
                4.834565473814611
            ], 
            [
                6841, 
                4.453569167695506, 
                4.834564405730462
            ], 
            [
                7367, 
                4.453568835889793, 
                4.834562692455642
            ], 
            [
                7893, 
                4.4535706518810665, 
                4.834572026385757
            ], 
            [
                8420, 
                4.453561554299902, 
                4.834524144395246
            ], 
            [
                8946, 
                4.453562873860195, 
                4.8345312718924776
            ], 
            [
                9472, 
                4.45356937493467, 
                4.834565474011045
            ], 
            [
                9999, 
                4.4535688359019545, 
                4.834562692518502
            ]
        ]
    }
]