[
    {
        "jobnum": 25, 
        "model": {
            "L2_reg": 4.1564042924344236, 
            "conv_width": 5, 
            "fp_depth": 3, 
            "fp_length": 182, 
            "h1_size": 61, 
            "net_type": "mean"
        }, 
        "num_records": 20, 
        "task": {
            "name": "malaria", 
            "test_slices": [
                [
                    0, 
                    2000
                ]
            ], 
            "train_slices": [
                [
                    4000, 
                    6000
                ], 
                [
                    6000, 
                    8000
                ], 
                [
                    8000, 
                    10000
                ]
            ]
        }, 
        "train": {
            "batch_size": 100, 
            "init_scale": 0.011266589593491302, 
            "num_iters": 10000, 
            "seed": 1, 
            "step_size": 0.0013353080332717088
        }, 
        "varied_params": {
            "conv_width": 5.477583942969618, 
            "fp_depth": 3.1132432057705985, 
            "fp_length": 182.01170974989606, 
            "h1_size": 61.196234403019005, 
            "log_L2_reg": 1.424650347724727, 
            "log_init_scale": -4.485913605999054, 
            "log_step_size": -6.618593277212389
        }
    }, 
    {
        "host_name": "clumsy", 
        "minutes_duration": 0.04681950012842814, 
        "timestamp": "2021-08-31 10:06:41.507091", 
        "training_curve": [
            [
                0, 
                1.4382814090429705, 
                1.5103527835175814
            ], 
            [
                526, 
                1.43780882492548, 
                1.5099603723881119
            ], 
            [
                1052, 
                1.4378068705038156, 
                1.5099402806244464
            ], 
            [
                1578, 
                1.4378011357484448, 
                1.5099394271613342
            ], 
            [
                2105, 
                1.4378000017027748, 
                1.5099407153184168
            ], 
            [
                2631, 
                1.4378111350075355, 
                1.5099638516714247
            ], 
            [
                3157, 
                1.4378006134552654, 
                1.509945325146147
            ], 
            [
                3683, 
                1.437807413085308, 
                1.5099404999358854
            ], 
            [
                4210, 
                1.437801025235604, 
                1.509939477514878
            ], 
            [
                4736, 
                1.4378042726579208, 
                1.5099529474978812
            ], 
            [
                5262, 
                1.4378077992393632, 
                1.5099587793203322
            ], 
            [
                5788, 
                1.4378078605814117, 
                1.5099406894577705
            ], 
            [
                6315, 
                1.4378003456140185, 
                1.509940028253888
            ], 
            [
                6841, 
                1.4377998723666983, 
                1.5099414431281197
            ], 
            [
                7367, 
                1.4378098927187868, 
                1.5099619973226874
            ], 
            [
                7893, 
                1.4378049916768851, 
                1.5099396312510849
            ], 
            [
                8420, 
                1.4378039859743745, 
                1.5099393780884098
            ], 
            [
                8946, 
                1.4377999465237514, 
                1.5099409251939526
            ], 
            [
                9472, 
                1.4378097174561857, 
                1.5099617327233652
            ], 
            [
                9999, 
                1.4378050530946094, 
                1.5099543008589122
            ]
        ]
    }
]