[
    {
        "jobnum": 26, 
        "model": {
            "L2_reg": 4.365409430476897, 
            "conv_width": 13, 
            "fp_depth": 3, 
            "fp_length": 82, 
            "h1_size": 79, 
            "net_type": "conv_plus_linear"
        }, 
        "num_records": 20, 
        "task": {
            "name": "delaney", 
            "test_slices": [
                [
                    0, 
                    224
                ]
            ], 
            "train_slices": [
                [
                    449, 
                    674
                ], 
                [
                    674, 
                    899
                ], 
                [
                    899, 
                    1124
                ]
            ]
        }, 
        "train": {
            "batch_size": 100, 
            "init_scale": 0.0072955688785495435, 
            "num_iters": 10000, 
            "seed": 1, 
            "step_size": 0.0008687729757730617
        }, 
        "varied_params": {
            "conv_width": 13.034492045374375, 
            "fp_depth": 2.841897867897688, 
            "fp_length": 82.06991735171195, 
            "h1_size": 78.86142943020837, 
            "log_L2_reg": 1.47371198339835, 
            "log_init_scale": -4.9204881180670785, 
            "log_step_size": -7.0484287145019655
        }
    }, 
    {
        "host_name": "schlumpfine", 
        "minutes_duration": 201.64924278656642, 
        "timestamp": "2021-07-09 21:15:31.884960", 
        "training_curve": [
            [
                0, 
                4.34447671025786, 
                4.714183703430261
            ], 
            [
                526, 
                0.8364943652912812, 
                1.1146634096886372
            ], 
            [
                1052, 
                0.5684086804808254, 
                0.8120530049910205
            ], 
            [
                1578, 
                0.4530300759316247, 
                0.6753378633414341
            ], 
            [
                2105, 
                0.3814234295070731, 
                0.6488360773913068
            ], 
            [
                2631, 
                0.3275475224882516, 
                0.671341469606976
            ], 
            [
                3157, 
                0.28873684568652647, 
                0.6930773628404309
            ], 
            [
                3683, 
                0.2602740676868117, 
                0.7418918884848855
            ], 
            [
                4210, 
                0.24267441721356825, 
                0.7799707189016777
            ], 
            [
                4736, 
                0.22608382184043097, 
                0.8059209251807261
            ], 
            [
                5262, 
                0.20732458066149523, 
                0.8299751440821834
            ], 
            [
                5788, 
                0.19730150091574597, 
                0.8288371483962474
            ], 
            [
                6315, 
                0.1848545614956108, 
                0.8327750883106295
            ], 
            [
                6841, 
                0.18600551499214799, 
                0.8644281776872317
            ], 
            [
                7367, 
                0.17828537939452577, 
                0.8552586391514758
            ], 
            [
                7893, 
                0.17024675962307062, 
                0.844883421868138
            ], 
            [
                8420, 
                0.1699486853533015, 
                0.8409128854563165
            ], 
            [
                8946, 
                0.1781908233790729, 
                0.8936636748095648
            ], 
            [
                9472, 
                0.16000292966650514, 
                0.8278620677421656
            ], 
            [
                9999, 
                0.1645616564689885, 
                0.8388355260136333
            ]
        ]
    }
]