[
    {
        "jobnum": 26, 
        "model": {
            "L2_reg": 4.365409430476897, 
            "conv_width": 13, 
            "fp_depth": 3, 
            "fp_length": 611, 
            "h1_size": 79, 
            "net_type": "mean"
        }, 
        "num_records": 20, 
        "task": {
            "name": "delaney", 
            "test_slices": [
                [
                    0, 
                    224
                ]
            ], 
            "train_slices": [
                [
                    449, 
                    674
                ], 
                [
                    674, 
                    899
                ], 
                [
                    899, 
                    1124
                ]
            ]
        }, 
        "train": {
            "batch_size": 100, 
            "init_scale": 0.0072955688785495435, 
            "num_iters": 10000, 
            "seed": 1, 
            "step_size": 0.0008687729757730617
        }, 
        "varied_params": {
            "conv_width": 13.034492045374375, 
            "fp_depth": 2.841897867897688, 
            "fp_length": 610.6292561654076, 
            "h1_size": 78.86142943020837, 
            "log_L2_reg": 1.47371198339835, 
            "log_init_scale": -4.9204881180670785, 
            "log_step_size": -7.0484287145019655
        }
    }, 
    {
        "host_name": "clumsy", 
        "minutes_duration": 0.09003599882125854, 
        "timestamp": "2021-07-09 20:39:22.116458", 
        "training_curve": [
            [
                0, 
                4.454129886049389, 
                4.836260002951095
            ], 
            [
                526, 
                4.4535688259863475, 
                4.834562641264668
            ], 
            [
                1052, 
                4.453568373024145, 
                4.834560296493501
            ], 
            [
                1578, 
                4.453568164068178, 
                4.83455921256804
            ], 
            [
                2105, 
                4.453566608391579, 
                4.834551097113997
            ], 
            [
                2631, 
                4.4535634086054205, 
                4.834534141576055
            ], 
            [
                3157, 
                4.453564279398891, 
                4.834538792096263
            ], 
            [
                3683, 
                4.453568518983852, 
                4.83456105278781
            ], 
            [
                4210, 
                4.453568169208024, 
                4.83455923924736
            ], 
            [
                4736, 
                4.45356934297022, 
                4.834565309329804
            ], 
            [
                5262, 
                4.453566610934399, 
                4.834551110445625
            ], 
            [
                5788, 
                4.453563409978206, 
                4.8345341489293805
            ], 
            [
                6315, 
                4.453568519491648, 
                4.834561055417749
            ], 
            [
                6841, 
                4.453568384370735, 
                4.834560355311143
            ], 
            [
                7367, 
                4.453568169503257, 
                4.834559240779798
            ], 
            [
                7893, 
                4.453569343143833, 
                4.834565310224347
            ], 
            [
                8420, 
                4.453563410030297, 
                4.834534149208402
            ], 
            [
                8946, 
                4.4535642802209425, 
                4.8345387964734305
            ], 
            [
                9472, 
                4.453568519528255, 
                4.834561055607344
            ], 
            [
                9999, 
                4.453568169515219, 
                4.83455924084189
            ]
        ]
    }
]