[
    {
        "jobnum": 27, 
        "model": {
            "L2_reg": 0.013283268965311871, 
            "conv_width": 19, 
            "fp_depth": 2, 
            "fp_length": 761, 
            "h1_size": 66, 
            "net_type": "morgan_plus_net"
        }, 
        "num_records": 20, 
        "task": {
            "name": "malaria", 
            "test_slices": [
                [
                    0, 
                    2000
                ]
            ], 
            "train_slices": [
                [
                    4000, 
                    6000
                ], 
                [
                    6000, 
                    8000
                ], 
                [
                    8000, 
                    10000
                ]
            ]
        }, 
        "train": {
            "batch_size": 100, 
            "init_scale": 0.0190281610906231, 
            "num_iters": 10000, 
            "seed": 1, 
            "step_size": 0.0016497760110958427
        }, 
        "varied_params": {
            "conv_width": 19.165585849759005, 
            "fp_depth": 1.5585790176410086, 
            "fp_length": 761.4672014096818, 
            "h1_size": 65.5972497739801, 
            "log_L2_reg": -4.321250008199023, 
            "log_init_scale": -3.9618352344702683, 
            "log_step_size": -6.407115751135633
        }
    }, 
    {
        "host_name": "handy", 
        "minutes_duration": 2.836138868331909, 
        "timestamp": "2021-08-31 09:47:29.778151", 
        "training_curve": [
            [
                0, 
                1.4377327384890357, 
                1.5093189352254963
            ], 
            [
                526, 
                0.3395663952726623, 
                1.2037111129223337
            ], 
            [
                1052, 
                0.11409072006958719, 
                1.2772472867388613
            ], 
            [
                1578, 
                0.1388585698085628, 
                1.377689264808413
            ], 
            [
                2105, 
                0.15611538089442928, 
                1.3395385056671791
            ], 
            [
                2631, 
                0.09720704772423498, 
                1.3866488629228815
            ], 
            [
                3157, 
                0.1507866409697571, 
                1.3570550684723395
            ], 
            [
                3683, 
                0.07996735196672718, 
                1.3619638796572204
            ], 
            [
                4210, 
                0.13902306158903555, 
                1.438191402024734
            ], 
            [
                4736, 
                0.12035621182301759, 
                1.3785807130240295
            ], 
            [
                5262, 
                0.08708935549194145, 
                1.3472981660448482
            ], 
            [
                5788, 
                0.0824522630332616, 
                1.3571909639727646
            ], 
            [
                6315, 
                0.13557372516382105, 
                1.422776120375711
            ], 
            [
                6841, 
                0.10290404056646203, 
                1.357316490416794
            ], 
            [
                7367, 
                0.10891951701710083, 
                1.3636125931751735
            ], 
            [
                7893, 
                0.1491857173163868, 
                1.3856442812963303
            ], 
            [
                8420, 
                0.13354370634556023, 
                1.367042772562538
            ], 
            [
                8946, 
                0.10378599471890274, 
                1.3573197602103888
            ], 
            [
                9472, 
                0.1099328398414479, 
                1.378172201748214
            ], 
            [
                9999, 
                0.1469878217090354, 
                1.422307676354646
            ]
        ]
    }
]