[
    {
        "jobnum": 27, 
        "model": {
            "L2_reg": 0.013283268965311871, 
            "conv_width": 19, 
            "fp_depth": 2, 
            "fp_length": 761, 
            "h1_size": 66, 
            "net_type": "morgan_plus_net"
        }, 
        "num_records": 20, 
        "task": {
            "name": "delaney", 
            "test_slices": [
                [
                    0, 
                    224
                ]
            ], 
            "train_slices": [
                [
                    449, 
                    674
                ], 
                [
                    674, 
                    899
                ], 
                [
                    899, 
                    1124
                ]
            ]
        }, 
        "train": {
            "batch_size": 100, 
            "init_scale": 0.0190281610906231, 
            "num_iters": 10000, 
            "seed": 1, 
            "step_size": 0.0016497760110958427
        }, 
        "varied_params": {
            "conv_width": 19.165585849759005, 
            "fp_depth": 1.5585790176410086, 
            "fp_length": 761.4672014096818, 
            "h1_size": 65.5972497739801, 
            "log_L2_reg": -4.321250008199023, 
            "log_init_scale": -3.9618352344702683, 
            "log_step_size": -6.407115751135633
        }
    }, 
    {
        "host_name": "hefty", 
        "minutes_duration": 32.11829075018565, 
        "timestamp": "2021-07-09 20:49:16.357789", 
        "training_curve": [
            [
                0, 
                4.4601850812866495, 
                4.840413192542489
            ], 
            [
                526, 
                0.1244423770899837, 
                1.9461825529896024
            ], 
            [
                1052, 
                0.200348942765124, 
                2.1257188991756553
            ], 
            [
                1578, 
                0.26202397178709713, 
                2.284668572725884
            ], 
            [
                2105, 
                0.27510076259825667, 
                2.308256580557381
            ], 
            [
                2631, 
                0.2749317733119878, 
                2.355202511032455
            ], 
            [
                3157, 
                0.2706660086970108, 
                2.3500347308499347
            ], 
            [
                3683, 
                0.2604635304716806, 
                2.3391946727689685
            ], 
            [
                4210, 
                0.2587001160167563, 
                2.3553311208571737
            ], 
            [
                4736, 
                0.25200577014023123, 
                2.3389069456394913
            ], 
            [
                5262, 
                0.248069037613498, 
                2.322815501345075
            ], 
            [
                5788, 
                0.24173835330937743, 
                2.3280080290031537
            ], 
            [
                6315, 
                0.23679700133250098, 
                2.3000961054922575
            ], 
            [
                6841, 
                0.23560498017590698, 
                2.2955543443691213
            ], 
            [
                7367, 
                0.22955075445174788, 
                2.305923412222171
            ], 
            [
                7893, 
                0.23195866145004554, 
                2.278800353181091
            ], 
            [
                8420, 
                0.22464926499198615, 
                2.2794997767113907
            ], 
            [
                8946, 
                0.22209486790851388, 
                2.27465317997832
            ], 
            [
                9472, 
                0.21855667277969698, 
                2.2548414560800945
            ], 
            [
                9999, 
                0.21450987865414617, 
                2.2515932556116875
            ]
        ]
    }
]