[
    {
        "jobnum": 27, 
        "model": {
            "L2_reg": 0.013283268965311871, 
            "conv_width": 19, 
            "fp_depth": 2, 
            "fp_length": 761, 
            "h1_size": 66, 
            "net_type": "morgan_plus_linear"
        }, 
        "num_records": 20, 
        "task": {
            "name": "delaney", 
            "test_slices": [
                [
                    0, 
                    224
                ]
            ], 
            "train_slices": [
                [
                    449, 
                    674
                ], 
                [
                    674, 
                    899
                ], 
                [
                    899, 
                    1124
                ]
            ]
        }, 
        "train": {
            "batch_size": 100, 
            "init_scale": 0.0190281610906231, 
            "num_iters": 10000, 
            "seed": 1, 
            "step_size": 0.0016497760110958427
        }, 
        "varied_params": {
            "conv_width": 19.165585849759005, 
            "fp_depth": 1.5585790176410086, 
            "fp_length": 761.4672014096818, 
            "h1_size": 65.5972497739801, 
            "log_L2_reg": -4.321250008199023, 
            "log_init_scale": -3.9618352344702683, 
            "log_step_size": -6.407115751135633
        }
    }, 
    {
        "host_name": "schlumpfine", 
        "minutes_duration": 2.1372907996177672, 
        "timestamp": "2021-07-09 15:52:14.772990", 
        "training_curve": [
            [
                0, 
                4.601436030652263, 
                4.895176035719251
            ], 
            [
                526, 
                0.5880778867335265, 
                2.1470496700430677
            ], 
            [
                1052, 
                0.3532204094650477, 
                2.65239851896936
            ], 
            [
                1578, 
                0.25860377482337776, 
                3.2054114751046603
            ], 
            [
                2105, 
                0.20613799298259008, 
                3.754898394378982
            ], 
            [
                2631, 
                0.17263876924604565, 
                4.300299031652758
            ], 
            [
                3157, 
                0.14946307754738686, 
                4.85077385139418
            ], 
            [
                3683, 
                0.1326280101728547, 
                5.411702917421467
            ], 
            [
                4210, 
                0.11999432431949442, 
                5.982531929803741
            ], 
            [
                4736, 
                0.11036582478305136, 
                6.55490874925952
            ], 
            [
                5262, 
                0.1029113474517415, 
                7.113742518430011
            ], 
            [
                5788, 
                0.09708168177234514, 
                7.644761505378152
            ], 
            [
                6315, 
                0.09250804587842096, 
                8.132359784036817
            ], 
            [
                6841, 
                0.08889518499311473, 
                8.566394039405006
            ], 
            [
                7367, 
                0.08603587241718988, 
                8.948172031918888
            ], 
            [
                7893, 
                0.08406305133274469, 
                9.279862777372248
            ], 
            [
                8420, 
                0.0820418057747011, 
                9.541072809814393
            ], 
            [
                8946, 
                0.08326848926717145, 
                9.759364292058795
            ], 
            [
                9472, 
                0.07957707274654753, 
                9.954498562633338
            ], 
            [
                9999, 
                0.07868304773641871, 
                10.114313213677592
            ]
        ]
    }
]