[
    {
        "jobnum": 27, 
        "model": {
            "L2_reg": 0.013283268965311871, 
            "conv_width": 19, 
            "fp_depth": 2, 
            "fp_length": 99, 
            "h1_size": 66, 
            "net_type": "conv_plus_net"
        }, 
        "num_records": 20, 
        "task": {
            "name": "cep", 
            "test_slices": [
                [
                    0, 
                    4000
                ]
            ], 
            "train_slices": [
                [
                    8000, 
                    12000
                ], 
                [
                    12000, 
                    16000
                ], 
                [
                    16000, 
                    20000
                ]
            ]
        }, 
        "train": {
            "batch_size": 100, 
            "init_scale": 0.0190281610906231, 
            "num_iters": 10000, 
            "seed": 1, 
            "step_size": 0.0016497760110958427
        }, 
        "varied_params": {
            "conv_width": 19.165585849759005, 
            "fp_depth": 1.5585790176410086, 
            "fp_length": 98.82968904552021, 
            "h1_size": 65.5972497739801, 
            "log_L2_reg": -4.321250008199023, 
            "log_init_scale": -3.9618352344702683, 
            "log_step_size": -6.407115751135633
        }
    }, 
    {
        "host_name": "handy", 
        "minutes_duration": 53.02292740345001, 
        "timestamp": "2021-09-04 17:38:19.200826", 
        "training_curve": [
            [
                0, 
                6.436347600130763, 
                6.443756037778472
            ], 
            [
                526, 
                2.902953678183859, 
                2.850292270544806
            ], 
            [
                1052, 
                2.8160225129240173, 
                2.793282479924155
            ], 
            [
                1578, 
                2.6012115490557712, 
                2.547424541979802
            ], 
            [
                2105, 
                2.4197131689925095, 
                2.361802256054364
            ], 
            [
                2631, 
                2.244844944876592, 
                2.204673324454375
            ], 
            [
                3157, 
                2.1549479215419622, 
                2.153478169446801
            ], 
            [
                3683, 
                2.090278767269173, 
                2.122551410285241
            ], 
            [
                4210, 
                1.9705075243912127, 
                1.987988970886283
            ], 
            [
                4736, 
                1.8284553669155292, 
                1.8943853614030735
            ], 
            [
                5262, 
                1.8260603932050048, 
                1.911022744612706
            ], 
            [
                5788, 
                1.7384253718710527, 
                1.8281664547660985
            ], 
            [
                6315, 
                1.6321509338358204, 
                1.7248835798062938
            ], 
            [
                6841, 
                1.6046069942586454, 
                1.704310606800557
            ], 
            [
                7367, 
                1.5729371344592291, 
                1.6904071245691517
            ], 
            [
                7893, 
                1.5269968069995439, 
                1.6920271359055141
            ], 
            [
                8420, 
                1.612709910397142, 
                1.7308451914557337
            ], 
            [
                8946, 
                1.527884104440596, 
                1.7147939984535405
            ], 
            [
                9472, 
                1.476804376541356, 
                1.6459990805349658
            ], 
            [
                9999, 
                1.446311069977494, 
                1.6203263966084087
            ]
        ]
    }
]