[
    {
        "jobnum": 28, 
        "model": {
            "L2_reg": 0.003943184168730902, 
            "conv_width": 10, 
            "fp_depth": 2, 
            "fp_length": 718, 
            "h1_size": 61, 
            "net_type": "morgan_plus_linear"
        }, 
        "num_records": 20, 
        "task": {
            "name": "malaria", 
            "test_slices": [
                [
                    0, 
                    2000
                ]
            ], 
            "train_slices": [
                [
                    4000, 
                    6000
                ], 
                [
                    6000, 
                    8000
                ], 
                [
                    8000, 
                    10000
                ]
            ]
        }, 
        "train": {
            "batch_size": 100, 
            "init_scale": 0.029866812729940385, 
            "num_iters": 10000, 
            "seed": 1, 
            "step_size": 0.0009279116143062864
        }, 
        "varied_params": {
            "conv_width": 9.676938229911539, 
            "fp_depth": 2.3032498766743625, 
            "fp_length": 717.9142367259832, 
            "h1_size": 61.370731398666166, 
            "log_L2_reg": -5.535766717408995, 
            "log_init_scale": -3.5110073571699236, 
            "log_step_size": -6.982574072918428
        }
    }, 
    {
        "host_name": "hefty", 
        "minutes_duration": 0.9663589676221211, 
        "timestamp": "2021-08-31 02:05:41.120154", 
        "training_curve": [
            [
                0, 
                1.4742824362666522, 
                1.5542967620618942
            ], 
            [
                526, 
                1.021352256566968, 
                1.213526037277691
            ], 
            [
                1052, 
                0.9739689347921374, 
                1.213555859897935
            ], 
            [
                1578, 
                0.9582724322663677, 
                1.2264823724564635
            ], 
            [
                2105, 
                0.9510456167107209, 
                1.2342319949892857
            ], 
            [
                2631, 
                0.9458742521880326, 
                1.241683820027526
            ], 
            [
                3157, 
                0.9452579395847045, 
                1.2490496784571974
            ], 
            [
                3683, 
                0.942300664496385, 
                1.2489787767318592
            ], 
            [
                4210, 
                0.9413535792448551, 
                1.2543126860173592
            ], 
            [
                4736, 
                0.9411971725221872, 
                1.2566404381183955
            ], 
            [
                5262, 
                0.9420919869202659, 
                1.2623821048443389
            ], 
            [
                5788, 
                0.9404916459335009, 
                1.2590162613029938
            ], 
            [
                6315, 
                0.9407107332896458, 
                1.2641338371844795
            ], 
            [
                6841, 
                0.9426130980889091, 
                1.2635472421986014
            ], 
            [
                7367, 
                0.9403921164523592, 
                1.2661555310691734
            ], 
            [
                7893, 
                0.9397599465958041, 
                1.2639705914355928
            ], 
            [
                8420, 
                0.9397697278328088, 
                1.265062146638022
            ], 
            [
                8946, 
                0.9404097184800593, 
                1.265606769968384
            ], 
            [
                9472, 
                0.9396488247441336, 
                1.26638570597637
            ], 
            [
                9999, 
                0.9420955781521216, 
                1.2707037469943911
            ]
        ]
    }
]