[
    {
        "jobnum": 28, 
        "model": {
            "L2_reg": 0.003943184168730902, 
            "conv_width": 10, 
            "fp_depth": 2, 
            "fp_length": 94, 
            "h1_size": 61, 
            "net_type": "conv_plus_linear"
        }, 
        "num_records": 20, 
        "task": {
            "name": "delaney", 
            "test_slices": [
                [
                    0, 
                    224
                ]
            ], 
            "train_slices": [
                [
                    449, 
                    674
                ], 
                [
                    674, 
                    899
                ], 
                [
                    899, 
                    1124
                ]
            ]
        }, 
        "train": {
            "batch_size": 100, 
            "init_scale": 0.029866812729940385, 
            "num_iters": 10000, 
            "seed": 1, 
            "step_size": 0.0009279116143062864
        }, 
        "varied_params": {
            "conv_width": 9.676938229911539, 
            "fp_depth": 2.3032498766743625, 
            "fp_length": 93.99047074733146, 
            "h1_size": 61.370731398666166, 
            "log_L2_reg": -5.535766717408995, 
            "log_init_scale": -3.5110073571699236, 
            "log_step_size": -6.982574072918428
        }
    }, 
    {
        "host_name": "schlaubi", 
        "minutes_duration": 165.24456661542257, 
        "timestamp": "2021-07-09 20:48:11.346170", 
        "training_curve": [
            [
                0, 
                4.5174733048728495, 
                4.899775386088606
            ], 
            [
                526, 
                0.817576797732997, 
                1.1019871167489472
            ], 
            [
                1052, 
                0.49503605036364257, 
                0.6919247359902586
            ], 
            [
                1578, 
                0.39689756377334984, 
                0.6051843721922834
            ], 
            [
                2105, 
                0.3462336512173937, 
                0.5834151060493065
            ], 
            [
                2631, 
                0.30771101689284613, 
                0.5758469195720879
            ], 
            [
                3157, 
                0.2802190055092058, 
                0.5806566909086588
            ], 
            [
                3683, 
                0.2615256669178946, 
                0.5875114510608359
            ], 
            [
                4210, 
                0.2453252691827168, 
                0.5942120900097646
            ], 
            [
                4736, 
                0.23223268401529265, 
                0.6136648794029734
            ], 
            [
                5262, 
                0.2188113636086421, 
                0.6328673684596916
            ], 
            [
                5788, 
                0.20791268786084824, 
                0.6432077118047795
            ], 
            [
                6315, 
                0.19653870123190634, 
                0.6601218627127078
            ], 
            [
                6841, 
                0.19354670158294518, 
                0.691659661239398
            ], 
            [
                7367, 
                0.17995809855295808, 
                0.7062446500329117
            ], 
            [
                7893, 
                0.18274106294894968, 
                0.7297231496870101
            ], 
            [
                8420, 
                0.17571009393206954, 
                0.7163777806009357
            ], 
            [
                8946, 
                0.1757242413143913, 
                0.7465461453797956
            ], 
            [
                9472, 
                0.1921488844324924, 
                0.7163454038571391
            ], 
            [
                9999, 
                0.1714695342964015, 
                0.7499585776401029
            ]
        ]
    }
]