[
    {
        "jobnum": 28, 
        "model": {
            "L2_reg": 0.003943184168730902, 
            "conv_width": 10, 
            "fp_depth": 2, 
            "fp_length": 94, 
            "h1_size": 61, 
            "net_type": "conv_plus_linear"
        }, 
        "num_records": 20, 
        "task": {
            "name": "cep", 
            "test_slices": [
                [
                    0, 
                    4000
                ]
            ], 
            "train_slices": [
                [
                    8000, 
                    12000
                ], 
                [
                    12000, 
                    16000
                ], 
                [
                    16000, 
                    20000
                ]
            ]
        }, 
        "train": {
            "batch_size": 100, 
            "init_scale": 0.029866812729940385, 
            "num_iters": 10000, 
            "seed": 1, 
            "step_size": 0.0009279116143062864
        }, 
        "varied_params": {
            "conv_width": 9.676938229911539, 
            "fp_depth": 2.3032498766743625, 
            "fp_length": 93.99047074733146, 
            "h1_size": 61.370731398666166, 
            "log_L2_reg": -5.535766717408995, 
            "log_init_scale": -3.5110073571699236, 
            "log_step_size": -6.982574072918428
        }
    }, 
    {
        "host_name": "schlaubi", 
        "minutes_duration": 52.91375813484192, 
        "timestamp": "2021-09-05 01:37:46.807438", 
        "training_curve": [
            [
                0, 
                6.414480370534562, 
                6.42882518456652
            ], 
            [
                526, 
                3.77566151509683, 
                3.6879456703356603
            ], 
            [
                1052, 
                3.335550559110945, 
                3.2464290893831698
            ], 
            [
                1578, 
                3.2731667891658667, 
                3.198244109704975
            ], 
            [
                2105, 
                3.2918481283677212, 
                3.191866627487075
            ], 
            [
                2631, 
                3.2358929145021302, 
                3.168429113967296
            ], 
            [
                3157, 
                3.207344720406624, 
                3.1508636491536937
            ], 
            [
                3683, 
                3.235117839989426, 
                3.1907031223383138
            ], 
            [
                4210, 
                3.203031747858214, 
                3.1361757330453237
            ], 
            [
                4736, 
                3.1797001422513618, 
                3.1255713248160486
            ], 
            [
                5262, 
                3.184720555041245, 
                3.148690482542625
            ], 
            [
                5788, 
                3.1663819463044613, 
                3.1219745313746574
            ], 
            [
                6315, 
                3.204697196898859, 
                3.1659363094937403
            ], 
            [
                6841, 
                3.1539291914126975, 
                3.1173055552567774
            ], 
            [
                7367, 
                3.181840872481648, 
                3.154225121964879
            ], 
            [
                7893, 
                3.1458331906173354, 
                3.1010268931937706
            ], 
            [
                8420, 
                3.1441838674706877, 
                3.0924992097985804
            ], 
            [
                8946, 
                3.147553120942784, 
                3.085860883606002
            ], 
            [
                9472, 
                3.1590356261163395, 
                3.114420783740291
            ], 
            [
                9999, 
                3.142534467918237, 
                3.0943927788051906
            ]
        ]
    }
]