[
    {
        "jobnum": 29, 
        "model": {
            "L2_reg": 0.004245044619110333, 
            "conv_width": 12, 
            "fp_depth": 3, 
            "fp_length": 557, 
            "h1_size": 59, 
            "net_type": "mean"
        }, 
        "num_records": 20, 
        "task": {
            "name": "cep", 
            "test_slices": [
                [
                    0, 
                    4000
                ]
            ], 
            "train_slices": [
                [
                    8000, 
                    12000
                ], 
                [
                    12000, 
                    16000
                ], 
                [
                    16000, 
                    20000
                ]
            ]
        }, 
        "train": {
            "batch_size": 100, 
            "init_scale": 0.0037474293821238764, 
            "num_iters": 10000, 
            "seed": 1, 
            "step_size": 0.0003702674089650885
        }, 
        "varied_params": {
            "conv_width": 11.80545266834068, 
            "fp_depth": 3.038178320495702, 
            "fp_length": 556.871844797592, 
            "h1_size": 58.980183877981744, 
            "log_L2_reg": -5.462002948294011, 
            "log_init_scale": -5.586685172161369, 
            "log_step_size": -7.901285086434675
        }
    }, 
    {
        "host_name": "schlaubi", 
        "minutes_duration": 0.04536476532618205, 
        "timestamp": "2021-09-05 04:50:03.657245", 
        "training_curve": [
            [
                0, 
                6.429833600642618, 
                6.439107065201328
            ], 
            [
                526, 
                6.429595453456458, 
                6.437516454264579
            ], 
            [
                1052, 
                6.429610873290621, 
                6.437896022336255
            ], 
            [
                1578, 
                6.429595542287558, 
                6.43750592770728
            ], 
            [
                2105, 
                6.42959959638614, 
                6.437369371130279
            ], 
            [
                2631, 
                6.429609420946485, 
                6.437878328853514
            ], 
            [
                3157, 
                6.429602033590224, 
                6.437326650138128
            ], 
            [
                3683, 
                6.429595480138444, 
                6.4375713018870115
            ], 
            [
                4210, 
                6.429595374408735, 
                6.437533512270163
            ], 
            [
                4736, 
                6.429596855269948, 
                6.437438514787036
            ], 
            [
                5262, 
                6.429609206239245, 
                6.437875643169938
            ], 
            [
                5788, 
                6.429602343419659, 
                6.437321861663476
            ], 
            [
                6315, 
                6.4296034038978735, 
                6.437306277613064
            ], 
            [
                6841, 
                6.4295980217437085, 
                6.437684760724955
            ], 
            [
                7367, 
                6.429599259061407, 
                6.43737622838235
            ], 
            [
                7893, 
                6.429610720575659, 
                6.437894198695742
            ], 
            [
                8420, 
                6.429596247066996, 
                6.437462109328357
            ], 
            [
                8946, 
                6.42959957126503, 
                6.437369871682849
            ], 
            [
                9472, 
                6.429608294991685, 
                6.437864025020881
            ], 
            [
                9999, 
                6.429602520037042, 
                6.437319182585385
            ]
        ]
    }
]