[
    {
        "jobnum": 2, 
        "model": {
            "L2_reg": 0.002913929338489009, 
            "conv_width": 17, 
            "fp_depth": 3, 
            "fp_length": 113, 
            "h1_size": 54, 
            "net_type": "conv_plus_linear"
        }, 
        "num_records": 20, 
        "task": {
            "name": "cep", 
            "test_slices": [
                [
                    0, 
                    4000
                ]
            ], 
            "train_slices": [
                [
                    8000, 
                    12000
                ], 
                [
                    12000, 
                    16000
                ], 
                [
                    16000, 
                    20000
                ]
            ]
        }, 
        "train": {
            "batch_size": 100, 
            "init_scale": 0.002700081371236293, 
            "num_iters": 10000, 
            "seed": 1, 
            "step_size": 0.00047533877329982853
        }, 
        "varied_params": {
            "conv_width": 16.67235126424776, 
            "fp_depth": 3.497859536643814, 
            "fp_length": 113.44136060364374, 
            "h1_size": 53.55180290989435, 
            "log_L2_reg": -5.838252820477394, 
            "log_init_scale": -5.914473368931056, 
            "log_step_size": -7.651482801193837
        }
    }, 
    {
        "host_name": "hefty", 
        "minutes_duration": 49.001000400384264, 
        "timestamp": "2021-09-04 21:35:16.096074", 
        "training_curve": [
            [
                0, 
                6.431794664945097, 
                6.439203466296615
            ], 
            [
                526, 
                3.7391025804771525, 
                3.6226064472548045
            ], 
            [
                1052, 
                3.3132027781074296, 
                3.2049896342075983
            ], 
            [
                1578, 
                3.2476107407330357, 
                3.1683054349849433
            ], 
            [
                2105, 
                3.2541701789184607, 
                3.155693148698543
            ], 
            [
                2631, 
                3.1900724868539894, 
                3.1467915404777598
            ], 
            [
                3157, 
                3.198601797666939, 
                3.1671523879157704
            ], 
            [
                3683, 
                3.2771715653805864, 
                3.255776491691401
            ], 
            [
                4210, 
                3.158599349566045, 
                3.1121908563439584
            ], 
            [
                4736, 
                3.136396715599727, 
                3.0974670268091127
            ], 
            [
                5262, 
                3.1240825574335727, 
                3.0856522768353307
            ], 
            [
                5788, 
                3.12310680786838, 
                3.0697896417273887
            ], 
            [
                6315, 
                3.127513357090885, 
                3.094335747839173
            ], 
            [
                6841, 
                3.1462929797514505, 
                3.090540029777352
            ], 
            [
                7367, 
                3.0947742095026856, 
                3.0602505299240916
            ], 
            [
                7893, 
                3.128555465461493, 
                3.0795724440846417
            ], 
            [
                8420, 
                3.105494089419807, 
                3.0486518458977234
            ], 
            [
                8946, 
                3.1245897002113607, 
                3.0544848345102866
            ], 
            [
                9472, 
                3.070918649742993, 
                3.045195027037454
            ], 
            [
                9999, 
                3.0718661405788614, 
                3.051176578622696
            ]
        ]
    }
]