[
    {
        "jobnum": 2, 
        "model": {
            "L2_reg": 0.002913929338489009, 
            "conv_width": 17, 
            "fp_depth": 3, 
            "fp_length": 893, 
            "h1_size": 54, 
            "net_type": "mean"
        }, 
        "num_records": 20, 
        "task": {
            "name": "malaria", 
            "test_slices": [
                [
                    0, 
                    2000
                ]
            ], 
            "train_slices": [
                [
                    4000, 
                    6000
                ], 
                [
                    6000, 
                    8000
                ], 
                [
                    8000, 
                    10000
                ]
            ]
        }, 
        "train": {
            "batch_size": 100, 
            "init_scale": 0.002700081371236293, 
            "num_iters": 10000, 
            "seed": 1, 
            "step_size": 0.00047533877329982853
        }, 
        "varied_params": {
            "conv_width": 16.67235126424776, 
            "fp_depth": 3.497859536643814, 
            "fp_length": 892.9722454327937, 
            "h1_size": 53.55180290989435, 
            "log_L2_reg": -5.838252820477394, 
            "log_init_scale": -5.914473368931056, 
            "log_step_size": -7.651482801193837
        }
    }, 
    {
        "host_name": "papaschlumpf", 
        "minutes_duration": 0.04683934847513835, 
        "timestamp": "2021-08-31 10:03:11.412060", 
        "training_curve": [
            [
                0, 
                1.4378275176771529, 
                1.5099525326488057
            ], 
            [
                526, 
                1.4378003042436553, 
                1.509944367891922
            ], 
            [
                1052, 
                1.4378007863252684, 
                1.5099396148303417
            ], 
            [
                1578, 
                1.4377999717480527, 
                1.5099408210941327
            ], 
            [
                2105, 
                1.4377998647023922, 
                1.5099415766082787
            ], 
            [
                2631, 
                1.437801289182235, 
                1.5099470538492579
            ], 
            [
                3157, 
                1.437799945919306, 
                1.5099428078173416
            ], 
            [
                3683, 
                1.4378007125802486, 
                1.509939666833598
            ], 
            [
                4210, 
                1.4377999564777197, 
                1.5099408821071312
            ], 
            [
                4736, 
                1.4378004625459275, 
                1.509944879083362
            ], 
            [
                5262, 
                1.437800812384187, 
                1.5099458709944407
            ], 
            [
                5788, 
                1.4378008104246351, 
                1.509939598929873
            ], 
            [
                6315, 
                1.4377998911481076, 
                1.5099412496730096
            ], 
            [
                6841, 
                1.4377998606578737, 
                1.5099418307067494
            ], 
            [
                7367, 
                1.437801090259424, 
                1.5099465773956608
            ], 
            [
                7893, 
                1.4378005058862011, 
                1.5099398450132144
            ], 
            [
                8420, 
                1.4378002946564372, 
                1.509940098152603
            ], 
            [
                8946, 
                1.4377998616439727, 
                1.5099416717572793
            ], 
            [
                9472, 
                1.4378011196971638, 
                1.5099466492502338
            ], 
            [
                9999, 
                1.437800481117876, 
                1.509944935835614
            ]
        ]
    }
]