[
    {
        "jobnum": 2, 
        "model": {
            "L2_reg": 0.002913929338489009, 
            "conv_width": 17, 
            "fp_depth": 3, 
            "fp_length": 113, 
            "h1_size": 54, 
            "net_type": "conv_plus_linear"
        }, 
        "num_records": 20, 
        "task": {
            "name": "malaria", 
            "test_slices": [
                [
                    0, 
                    2000
                ]
            ], 
            "train_slices": [
                [
                    4000, 
                    6000
                ], 
                [
                    6000, 
                    8000
                ], 
                [
                    8000, 
                    10000
                ]
            ]
        }, 
        "train": {
            "batch_size": 100, 
            "init_scale": 0.002700081371236293, 
            "num_iters": 10000, 
            "seed": 1, 
            "step_size": 0.00047533877329982853
        }, 
        "varied_params": {
            "conv_width": 16.67235126424776, 
            "fp_depth": 3.497859536643814, 
            "fp_length": 113.44136060364374, 
            "h1_size": 53.55180290989435, 
            "log_L2_reg": -5.838252820477394, 
            "log_init_scale": -5.914473368931056, 
            "log_step_size": -7.651482801193837
        }
    }, 
    {
        "host_name": "handy", 
        "minutes_duration": 86.69690991640091, 
        "timestamp": "2021-08-31 03:40:25.488607", 
        "training_curve": [
            [
                0, 
                1.4377086690527525, 
                1.5097939823439743
            ], 
            [
                526, 
                1.2514971645131676, 
                1.3078748505707762
            ], 
            [
                1052, 
                1.1883975877148572, 
                1.2498981650380414
            ], 
            [
                1578, 
                1.1459069691779464, 
                1.230097354850623
            ], 
            [
                2105, 
                1.1343239045070663, 
                1.2366906374666458
            ], 
            [
                2631, 
                1.1118221545918412, 
                1.2178397392555236
            ], 
            [
                3157, 
                1.1181528138221724, 
                1.2137703182432462
            ], 
            [
                3683, 
                1.0896769566506102, 
                1.2017856000438312
            ], 
            [
                4210, 
                1.0834772180861507, 
                1.2283584065432687
            ], 
            [
                4736, 
                1.0645135057707733, 
                1.2142940601100534
            ], 
            [
                5262, 
                1.0506816279681372, 
                1.1934305705377193
            ], 
            [
                5788, 
                1.0483207733953992, 
                1.1856685516057905
            ], 
            [
                6315, 
                1.033764314035621, 
                1.2219190267295934
            ], 
            [
                6841, 
                1.0288125518503992, 
                1.237352372337441
            ], 
            [
                7367, 
                1.0130354710430944, 
                1.2065926497090038
            ], 
            [
                7893, 
                1.016974871569459, 
                1.184475919326458
            ], 
            [
                8420, 
                0.9997439029792137, 
                1.2053114458020049
            ], 
            [
                8946, 
                1.0044506199651924, 
                1.262734451835502
            ], 
            [
                9472, 
                0.9812435027897605, 
                1.2204078412963282
            ], 
            [
                9999, 
                0.9921449033448962, 
                1.2064712391118597
            ]
        ]
    }
]