[
    {
        "jobnum": 2, 
        "model": {
            "L2_reg": 0.002913929338489009, 
            "conv_width": 17, 
            "fp_depth": 3, 
            "fp_length": 113, 
            "h1_size": 54, 
            "net_type": "conv_plus_net"
        }, 
        "num_records": 20, 
        "task": {
            "name": "malaria", 
            "test_slices": [
                [
                    0, 
                    2000
                ]
            ], 
            "train_slices": [
                [
                    4000, 
                    6000
                ], 
                [
                    6000, 
                    8000
                ], 
                [
                    8000, 
                    10000
                ]
            ]
        }, 
        "train": {
            "batch_size": 100, 
            "init_scale": 0.002700081371236293, 
            "num_iters": 10000, 
            "seed": 1, 
            "step_size": 0.00047533877329982853
        }, 
        "varied_params": {
            "conv_width": 16.67235126424776, 
            "fp_depth": 3.497859536643814, 
            "fp_length": 113.44136060364374, 
            "h1_size": 53.55180290989435, 
            "log_L2_reg": -5.838252820477394, 
            "log_init_scale": -5.914473368931056, 
            "log_step_size": -7.651482801193837
        }
    }, 
    {
        "host_name": "hefty", 
        "minutes_duration": 49.66036775112152, 
        "timestamp": "2021-08-30 19:33:52.642175", 
        "training_curve": [
            [
                0, 
                1.4377950129129917, 
                1.5099390181325754
            ], 
            [
                526, 
                1.2256605916135423, 
                1.2887628458335103
            ], 
            [
                1052, 
                1.1498189807038552, 
                1.2067299210167461
            ], 
            [
                1578, 
                1.1149407847459005, 
                1.1954346832186311
            ], 
            [
                2105, 
                1.1094172662890587, 
                1.2100958200643632
            ], 
            [
                2631, 
                1.0718864690857257, 
                1.1872617106678638
            ], 
            [
                3157, 
                1.058102369856144, 
                1.1673930437572466
            ], 
            [
                3683, 
                1.0375778814843708, 
                1.1675240252967678
            ], 
            [
                4210, 
                1.0383484812083073, 
                1.1957114701183427
            ], 
            [
                4736, 
                1.015348072152956, 
                1.1958855135829827
            ], 
            [
                5262, 
                1.0081890811197223, 
                1.1799709770346516
            ], 
            [
                5788, 
                0.988373583908418, 
                1.1666851147903754
            ], 
            [
                6315, 
                0.9813612367631055, 
                1.206699013349039
            ], 
            [
                6841, 
                0.973187279618975, 
                1.2195060802874036
            ], 
            [
                7367, 
                0.9620106972348095, 
                1.2053363156673818
            ], 
            [
                7893, 
                0.9508030641298555, 
                1.1882443271911602
            ], 
            [
                8420, 
                0.9384743138450167, 
                1.2227542470209025
            ], 
            [
                8946, 
                0.9382045138871062, 
                1.2413436330546783
            ], 
            [
                9472, 
                0.9152759240741899, 
                1.222349891683939
            ], 
            [
                9999, 
                0.9287687064343558, 
                1.2148394713898218
            ]
        ]
    }
]