[
    {
        "jobnum": 30, 
        "model": {
            "L2_reg": 0.49888764185923123, 
            "conv_width": 5, 
            "fp_depth": 2, 
            "fp_length": 101, 
            "h1_size": 100, 
            "net_type": "conv_plus_net"
        }, 
        "num_records": 20, 
        "task": {
            "name": "malaria", 
            "test_slices": [
                [
                    0, 
                    2000
                ]
            ], 
            "train_slices": [
                [
                    4000, 
                    6000
                ], 
                [
                    6000, 
                    8000
                ], 
                [
                    8000, 
                    10000
                ]
            ]
        }, 
        "train": {
            "batch_size": 100, 
            "init_scale": 0.037625675473512116, 
            "num_iters": 10000, 
            "seed": 1, 
            "step_size": 0.0007987903297989221
        }, 
        "varied_params": {
            "conv_width": 5.30976499198593, 
            "fp_depth": 1.789967130211452, 
            "fp_length": 100.93840922964785, 
            "h1_size": 99.51694736983521, 
            "log_L2_reg": -0.6953743751991937, 
            "log_init_scale": -3.2800686032898714, 
            "log_step_size": -7.132412062406104
        }
    }, 
    {
        "host_name": "hefty", 
        "minutes_duration": 32.448541367053984, 
        "timestamp": "2021-08-30 23:34:38.292584", 
        "training_curve": [
            [
                0, 
                1.4392772860312522, 
                1.5114288873401676
            ], 
            [
                526, 
                1.230108595660301, 
                1.2968135792239281
            ], 
            [
                1052, 
                1.186507950743045, 
                1.2386648150528148
            ], 
            [
                1578, 
                1.15992451117841, 
                1.2259117445133552
            ], 
            [
                2105, 
                1.1456408527088109, 
                1.2085381804508424
            ], 
            [
                2631, 
                1.1240521817335747, 
                1.1942616716867094
            ], 
            [
                3157, 
                1.1179825493878268, 
                1.1901541021180277
            ], 
            [
                3683, 
                1.1063835547763867, 
                1.1853849271374872
            ], 
            [
                4210, 
                1.1110351182954987, 
                1.194710918181529
            ], 
            [
                4736, 
                1.0987670749705252, 
                1.1816006908970407
            ], 
            [
                5262, 
                1.1027345990831101, 
                1.1979195609657929
            ], 
            [
                5788, 
                1.0863667203611074, 
                1.1716489213926615
            ], 
            [
                6315, 
                1.0803833699039505, 
                1.179238652615178
            ], 
            [
                6841, 
                1.0808936539957745, 
                1.1827693636602212
            ], 
            [
                7367, 
                1.0697629151522525, 
                1.1767099579861442
            ], 
            [
                7893, 
                1.0696265325408658, 
                1.1605867755368025
            ], 
            [
                8420, 
                1.059349134650374, 
                1.1660865347425364
            ], 
            [
                8946, 
                1.0702337081563766, 
                1.186139433409689
            ], 
            [
                9472, 
                1.0551395866043796, 
                1.1733066463215456
            ], 
            [
                9999, 
                1.0498529849888032, 
                1.1648663476152767
            ]
        ]
    }
]