[
    {
        "jobnum": 32, 
        "model": {
            "L2_reg": 0.6064737765383194, 
            "conv_width": 19, 
            "fp_depth": 2, 
            "fp_length": 98, 
            "h1_size": 59, 
            "net_type": "conv_plus_net"
        }, 
        "num_records": 20, 
        "task": {
            "name": "delaney", 
            "test_slices": [
                [
                    0, 
                    224
                ]
            ], 
            "train_slices": [
                [
                    449, 
                    674
                ], 
                [
                    674, 
                    899
                ], 
                [
                    899, 
                    1124
                ]
            ]
        }, 
        "train": {
            "batch_size": 100, 
            "init_scale": 0.04900825280898925, 
            "num_iters": 10000, 
            "seed": 1, 
            "step_size": 0.015163965262588588
        }, 
        "varied_params": {
            "conv_width": 19.210558857333865, 
            "fp_depth": 1.6465230313406753, 
            "fp_length": 97.85585035825767, 
            "h1_size": 59.28179721529761, 
            "log_L2_reg": -0.5000937888974777, 
            "log_init_scale": -3.0157665703801033, 
            "log_step_size": -4.188833372112222
        }
    }, 
    {
        "host_name": "papaschlumpf", 
        "minutes_duration": 291.91393759648, 
        "timestamp": "2021-07-09 20:00:14.299915", 
        "training_curve": [
            [
                0, 
                4.4140915451264915, 
                4.793871566195441
            ], 
            [
                526, 
                0.16095402130541756, 
                0.4670311737030323
            ], 
            [
                1052, 
                0.09446001022647942, 
                0.4573390998534572
            ], 
            [
                1578, 
                0.0754156466804884, 
                0.49073369467864814
            ], 
            [
                2105, 
                0.09966305674647111, 
                0.5168914106205815
            ], 
            [
                2631, 
                0.08064879238151003, 
                0.540940097543056
            ], 
            [
                3157, 
                0.07810950025379276, 
                0.5698124670763496
            ], 
            [
                3683, 
                0.08503955959614458, 
                0.5602812983566196
            ], 
            [
                4210, 
                0.0906627563113914, 
                0.5254008753913884
            ], 
            [
                4736, 
                0.08563194209339502, 
                0.5604388172974144
            ], 
            [
                5262, 
                0.06353353233641296, 
                0.59288661047252
            ], 
            [
                5788, 
                0.07574906418658288, 
                0.5833234998665154
            ], 
            [
                6315, 
                0.08456552917648125, 
                0.6128401961017175
            ], 
            [
                6841, 
                0.06733272416660097, 
                0.589266712971635
            ], 
            [
                7367, 
                0.06978428138649398, 
                0.5619567685848036
            ], 
            [
                7893, 
                0.07380819960869843, 
                0.588496112771752
            ], 
            [
                8420, 
                0.10565171820581365, 
                0.5982564737211511
            ], 
            [
                8946, 
                0.07733135418835517, 
                0.6075820604860801
            ], 
            [
                9472, 
                0.05725597347458317, 
                0.5496228278744725
            ], 
            [
                9999, 
                0.08702502230336072, 
                0.6085540923260895
            ]
        ]
    }
]