[
    {
        "jobnum": 32, 
        "model": {
            "L2_reg": 0.6064737765383194, 
            "conv_width": 19, 
            "fp_depth": 2, 
            "fp_length": 753, 
            "h1_size": 59, 
            "net_type": "morgan_plus_linear"
        }, 
        "num_records": 20, 
        "task": {
            "name": "delaney", 
            "test_slices": [
                [
                    0, 
                    224
                ]
            ], 
            "train_slices": [
                [
                    449, 
                    674
                ], 
                [
                    674, 
                    899
                ], 
                [
                    899, 
                    1124
                ]
            ]
        }, 
        "train": {
            "batch_size": 100, 
            "init_scale": 0.04900825280898925, 
            "num_iters": 10000, 
            "seed": 1, 
            "step_size": 0.015163965262588588
        }, 
        "varied_params": {
            "conv_width": 19.210558857333865, 
            "fp_depth": 1.6465230313406753, 
            "fp_length": 752.7026532243191, 
            "h1_size": 59.28179721529761, 
            "log_L2_reg": -0.5000937888974777, 
            "log_init_scale": -3.0157665703801033, 
            "log_step_size": -4.188833372112222
        }
    }, 
    {
        "host_name": "handy", 
        "minutes_duration": 0.8031323989232381, 
        "timestamp": "2021-07-09 15:54:25.946684", 
        "training_curve": [
            [
                0, 
                4.904559069395634, 
                5.440068260520126
            ], 
            [
                526, 
                0.23669739551635335, 
                3.074465437418035
            ], 
            [
                1052, 
                0.22531208286330537, 
                3.20115763702881
            ], 
            [
                1578, 
                0.22326237636454085, 
                3.2259427806074377
            ], 
            [
                2105, 
                0.22745773781650197, 
                3.245306303941741
            ], 
            [
                2631, 
                0.22168772830014982, 
                3.2465879621154943
            ], 
            [
                3157, 
                0.2217668275713791, 
                3.251199118296578
            ], 
            [
                3683, 
                0.22157628567855875, 
                3.254123252718349
            ], 
            [
                4210, 
                0.22177255653020586, 
                3.246685386412542
            ], 
            [
                4736, 
                0.221457752332207, 
                3.2502449133543094
            ], 
            [
                5262, 
                0.22149162203874523, 
                3.250952490580353
            ], 
            [
                5788, 
                0.22762960055016598, 
                3.2564222276534167
            ], 
            [
                6315, 
                0.22152245569886628, 
                3.254784118948723
            ], 
            [
                6841, 
                0.2610273215674952, 
                3.2957218932975505
            ], 
            [
                7367, 
                0.22160632755920834, 
                3.248165635856443
            ], 
            [
                7893, 
                1.246176300000927, 
                3.7838770887154984
            ], 
            [
                8420, 
                0.2211681601707075, 
                3.253437337627439
            ], 
            [
                8946, 
                0.2291122294973417, 
                3.242293202664357
            ], 
            [
                9472, 
                0.22144307634971172, 
                3.256031595587762
            ], 
            [
                9999, 
                0.22169318811075187, 
                3.2464305595981986
            ]
        ]
    }
]