[
    {
        "jobnum": 32, 
        "model": {
            "L2_reg": 0.6064737765383194, 
            "conv_width": 19, 
            "fp_depth": 2, 
            "fp_length": 753, 
            "h1_size": 59, 
            "net_type": "mean"
        }, 
        "num_records": 20, 
        "task": {
            "name": "cep", 
            "test_slices": [
                [
                    0, 
                    4000
                ]
            ], 
            "train_slices": [
                [
                    8000, 
                    12000
                ], 
                [
                    12000, 
                    16000
                ], 
                [
                    16000, 
                    20000
                ]
            ]
        }, 
        "train": {
            "batch_size": 100, 
            "init_scale": 0.04900825280898925, 
            "num_iters": 10000, 
            "seed": 1, 
            "step_size": 0.015163965262588588
        }, 
        "varied_params": {
            "conv_width": 19.210558857333865, 
            "fp_depth": 1.6465230313406753, 
            "fp_length": 752.7026532243191, 
            "h1_size": 59.28179721529761, 
            "log_L2_reg": -0.5000937888974777, 
            "log_init_scale": -3.0157665703801033, 
            "log_step_size": -4.188833372112222
        }
    }, 
    {
        "host_name": "hefty", 
        "minutes_duration": 0.04128773212432861, 
        "timestamp": "2021-09-05 04:50:02.771689", 
        "training_curve": [
            [
                0, 
                6.4703407874370935, 
                6.495639743645079
            ], 
            [
                526, 
                6.431415813772216, 
                6.4430302464359395
            ], 
            [
                1052, 
                6.456263622548406, 
                6.478248584619098
            ], 
            [
                1578, 
                6.429989165797313, 
                6.4362298645062035
            ], 
            [
                2105, 
                6.430228715603511, 
                6.436011908124159
            ], 
            [
                2631, 
                6.431017954158075, 
                6.435722227381919
            ], 
            [
                3157, 
                6.429631705791969, 
                6.438096542993737
            ], 
            [
                3683, 
                6.43822071285025, 
                6.454151077691301
            ], 
            [
                4210, 
                6.437047363028694, 
                6.437573101353172
            ], 
            [
                4736, 
                6.431792588343429, 
                6.443768744766168
            ], 
            [
                5262, 
                6.430296159003216, 
                6.440518466631423
            ], 
            [
                5788, 
                6.43132890041572, 
                6.435696320340348
            ], 
            [
                6315, 
                6.432390929053339, 
                6.435792337073826
            ], 
            [
                6841, 
                6.440066520900495, 
                6.439216509658975
            ], 
            [
                7367, 
                6.43134893594348, 
                6.442895365871372
            ], 
            [
                7893, 
                6.454502866189906, 
                6.47601647830828
            ], 
            [
                8420, 
                6.430202720012818, 
                6.436030775993235
            ], 
            [
                8946, 
                6.430376839019038, 
                6.435920328509593
            ], 
            [
                9472, 
                6.431767281740411, 
                6.4357076235449435
            ], 
            [
                9999, 
                6.429660361586061, 
                6.438300025229426
            ]
        ]
    }
]