[
    {
        "jobnum": 33, 
        "model": {
            "L2_reg": 0.003043648692201047, 
            "conv_width": 11, 
            "fp_depth": 2, 
            "fp_length": 58, 
            "h1_size": 61, 
            "net_type": "conv_plus_linear"
        }, 
        "num_records": 20, 
        "task": {
            "name": "cep", 
            "test_slices": [
                [
                    0, 
                    4000
                ]
            ], 
            "train_slices": [
                [
                    8000, 
                    12000
                ], 
                [
                    12000, 
                    16000
                ], 
                [
                    16000, 
                    20000
                ]
            ]
        }, 
        "train": {
            "batch_size": 100, 
            "init_scale": 0.021188394054711204, 
            "num_iters": 10000, 
            "seed": 1, 
            "step_size": 0.002665943782512829
        }, 
        "varied_params": {
            "conv_width": 11.370282031272595, 
            "fp_depth": 1.6224102263233282, 
            "fp_length": 57.90703779743326, 
            "h1_size": 60.6655988683741, 
            "log_L2_reg": -5.794698255563747, 
            "log_init_scale": -3.854301697459243, 
            "log_step_size": -5.927197144277347
        }
    }, 
    {
        "host_name": "clumsy", 
        "minutes_duration": 35.08041545152664, 
        "timestamp": "2021-09-05 02:15:22.002256", 
        "training_curve": [
            [
                0, 
                6.512120856308004, 
                6.499354008200358
            ], 
            [
                526, 
                3.307815764874607, 
                3.2653763002617477
            ], 
            [
                1052, 
                3.2593131688198023, 
                3.2226326662179328
            ], 
            [
                1578, 
                3.2119000179023374, 
                3.1320992597130144
            ], 
            [
                2105, 
                3.201691998642507, 
                3.1140661386211352
            ], 
            [
                2631, 
                3.1755460500515964, 
                3.108885735925107
            ], 
            [
                3157, 
                3.13215214570054, 
                3.0834060999067425
            ], 
            [
                3683, 
                3.11245560963681, 
                3.0649515720359672
            ], 
            [
                4210, 
                3.1151659418603255, 
                3.069928419127203
            ], 
            [
                4736, 
                3.099254165939181, 
                3.073317992626206
            ], 
            [
                5262, 
                3.1056585791100253, 
                3.0975993244238156
            ], 
            [
                5788, 
                3.140800426068142, 
                3.148709613018784
            ], 
            [
                6315, 
                3.004158636850704, 
                2.9850845495928584
            ], 
            [
                6841, 
                2.9934969125203956, 
                2.9588635856733876
            ], 
            [
                7367, 
                2.9979016372649228, 
                2.985211526424104
            ], 
            [
                7893, 
                2.992692334608449, 
                3.002403752786536
            ], 
            [
                8420, 
                2.979903629154723, 
                2.957631908810547
            ], 
            [
                8946, 
                2.98412083978481, 
                2.9680563293178683
            ], 
            [
                9472, 
                2.9024371120356465, 
                2.9025615451814204
            ], 
            [
                9999, 
                2.8743121378523746, 
                2.902258806859101
            ]
        ]
    }
]