[
    {
        "jobnum": 33, 
        "model": {
            "L2_reg": 0.003043648692201047, 
            "conv_width": 11, 
            "fp_depth": 2, 
            "fp_length": 393, 
            "h1_size": 61, 
            "net_type": "morgan_plus_net"
        }, 
        "num_records": 20, 
        "task": {
            "name": "delaney", 
            "test_slices": [
                [
                    0, 
                    224
                ]
            ], 
            "train_slices": [
                [
                    449, 
                    674
                ], 
                [
                    674, 
                    899
                ], 
                [
                    899, 
                    1124
                ]
            ]
        }, 
        "train": {
            "batch_size": 100, 
            "init_scale": 0.021188394054711204, 
            "num_iters": 10000, 
            "seed": 1, 
            "step_size": 0.002665943782512829
        }, 
        "varied_params": {
            "conv_width": 11.370282031272595, 
            "fp_depth": 1.6224102263233282, 
            "fp_length": 393.16334017689934, 
            "h1_size": 60.6655988683741, 
            "log_L2_reg": -5.794698255563747, 
            "log_init_scale": -3.854301697459243, 
            "log_step_size": -5.927197144277347
        }
    }, 
    {
        "host_name": "handy", 
        "minutes_duration": 3.5775854508082072, 
        "timestamp": "2021-07-09 20:25:45.433967", 
        "training_curve": [
            [
                0, 
                4.454517264175851, 
                4.8376831522266235
            ], 
            [
                526, 
                0.11464943065120826, 
                2.1385977770967783
            ], 
            [
                1052, 
                0.16557046372934348, 
                2.2557391627296886
            ], 
            [
                1578, 
                0.18741022932293092, 
                2.3803000698644357
            ], 
            [
                2105, 
                0.1916772217402686, 
                2.3558966598762323
            ], 
            [
                2631, 
                0.1934005539917929, 
                2.364759189896167
            ], 
            [
                3157, 
                0.19187026116231656, 
                2.344926837278939
            ], 
            [
                3683, 
                0.19343277074319262, 
                2.3214967156142987
            ], 
            [
                4210, 
                0.19995647409678058, 
                2.2661667859972816
            ], 
            [
                4736, 
                0.18447114498919076, 
                2.257960556196515
            ], 
            [
                5262, 
                0.18898771233044845, 
                2.2734215512284375
            ], 
            [
                5788, 
                0.18391647331714364, 
                2.2599219645535373
            ], 
            [
                6315, 
                0.1813694649127941, 
                2.2524153406210794
            ], 
            [
                6841, 
                0.18140321715619528, 
                2.2438681156339437
            ], 
            [
                7367, 
                0.1810499650071694, 
                2.232363976830921
            ], 
            [
                7893, 
                0.185617417051232, 
                2.2071384300106365
            ], 
            [
                8420, 
                0.18165908761521332, 
                2.2052189047241595
            ], 
            [
                8946, 
                0.17603815576219534, 
                2.2075031164410115
            ], 
            [
                9472, 
                0.1765297466388931, 
                2.1897254666043855
            ], 
            [
                9999, 
                0.17629306872905384, 
                2.207885198176814
            ]
        ]
    }
]