[
    {
        "jobnum": 34, 
        "model": {
            "L2_reg": 2.486422293646347, 
            "conv_width": 13, 
            "fp_depth": 1, 
            "fp_length": 149, 
            "h1_size": 64, 
            "net_type": "morgan_plus_net"
        }, 
        "num_records": 20, 
        "task": {
            "name": "malaria", 
            "test_slices": [
                [
                    0, 
                    2000
                ]
            ], 
            "train_slices": [
                [
                    4000, 
                    6000
                ], 
                [
                    6000, 
                    8000
                ], 
                [
                    8000, 
                    10000
                ]
            ]
        }, 
        "train": {
            "batch_size": 100, 
            "init_scale": 0.00769304407897736, 
            "num_iters": 10000, 
            "seed": 1, 
            "step_size": 0.0035074618800669663
        }, 
        "varied_params": {
            "conv_width": 12.760686607311712, 
            "fp_depth": 1.3525955678860992, 
            "fp_length": 149.12465119591454, 
            "h1_size": 63.88143531473659, 
            "log_L2_reg": 0.9108448473858513, 
            "log_init_scale": -4.867438724770375, 
            "log_step_size": -5.652862614167325
        }
    }, 
    {
        "host_name": "schlaubi", 
        "minutes_duration": 1.513668417930603, 
        "timestamp": "2021-08-31 09:52:43.483784", 
        "training_curve": [
            [
                0, 
                1.438132261523496, 
                1.5102029658248497
            ], 
            [
                526, 
                0.6949598441202527, 
                1.2016709977070368
            ], 
            [
                1052, 
                0.4500068004731285, 
                1.2890063975618882
            ], 
            [
                1578, 
                0.3723247307825655, 
                1.4653366875921983
            ], 
            [
                2105, 
                0.3158156137332341, 
                1.4695008936208436
            ], 
            [
                2631, 
                0.27569528683344585, 
                1.5796846754929166
            ], 
            [
                3157, 
                0.2874819186145403, 
                1.672297605269164
            ], 
            [
                3683, 
                0.3171828460036439, 
                1.7740455332734955
            ], 
            [
                4210, 
                0.3474790358483496, 
                1.7966319927064334
            ], 
            [
                4736, 
                0.3721453063018595, 
                1.8313680646701698
            ], 
            [
                5262, 
                0.36855701643021144, 
                1.6999485491642568
            ], 
            [
                5788, 
                0.3459088474612909, 
                1.7731181969869154
            ], 
            [
                6315, 
                0.3296880538578824, 
                1.8028274834724012
            ], 
            [
                6841, 
                0.35765138079001924, 
                1.8479972553357125
            ], 
            [
                7367, 
                0.3032082231563307, 
                1.8842966460598691
            ], 
            [
                7893, 
                0.31055949466856797, 
                1.9444521325785085
            ], 
            [
                8420, 
                0.5407094066266793, 
                2.039112356643945
            ], 
            [
                8946, 
                0.44165191642648377, 
                1.8745954393069717
            ], 
            [
                9472, 
                0.3610585596746798, 
                1.8785599137641709
            ], 
            [
                9999, 
                0.3772320627406057, 
                1.9091965321240714
            ]
        ]
    }
]