[
    {
        "jobnum": 35, 
        "model": {
            "L2_reg": 0.010740202768968962, 
            "conv_width": 12, 
            "fp_depth": 1, 
            "fp_length": 56, 
            "h1_size": 70, 
            "net_type": "conv_plus_linear"
        }, 
        "num_records": 20, 
        "task": {
            "name": "malaria", 
            "test_slices": [
                [
                    0, 
                    2000
                ]
            ], 
            "train_slices": [
                [
                    4000, 
                    6000
                ], 
                [
                    6000, 
                    8000
                ], 
                [
                    8000, 
                    10000
                ]
            ]
        }, 
        "train": {
            "batch_size": 100, 
            "init_scale": 0.0031456718683447325, 
            "num_iters": 10000, 
            "seed": 1, 
            "step_size": 0.0032201905229250023
        }, 
        "varied_params": {
            "conv_width": 12.320844209734318, 
            "fp_depth": 1.4345432780301317, 
            "fp_length": 55.82862663919503, 
            "h1_size": 69.80298514036468, 
            "log_L2_reg": -4.533761310287371, 
            "log_init_scale": -5.761727781011253, 
            "log_step_size": -5.738314752565964
        }
    }, 
    {
        "host_name": "papaschlumpf", 
        "minutes_duration": 25.547841767470043, 
        "timestamp": "2021-08-31 07:52:23.175522", 
        "training_curve": [
            [
                0, 
                1.439443391767142, 
                1.5117132277934562
            ], 
            [
                526, 
                1.2412575446990488, 
                1.3110911319038474
            ], 
            [
                1052, 
                1.1878762293153984, 
                1.2558364870858765
            ], 
            [
                1578, 
                1.1587198767441138, 
                1.234363577430119
            ], 
            [
                2105, 
                1.2010608983536417, 
                1.2837710628653896
            ], 
            [
                2631, 
                1.1514066375694614, 
                1.2332046851692136
            ], 
            [
                3157, 
                1.154462605826127, 
                1.2239603443206324
            ], 
            [
                3683, 
                1.1229371112851396, 
                1.1966466002990226
            ], 
            [
                4210, 
                1.123903395078029, 
                1.2094722238732925
            ], 
            [
                4736, 
                1.133201188976367, 
                1.2209151349294156
            ], 
            [
                5262, 
                1.1301003529645246, 
                1.2163294862213445
            ], 
            [
                5788, 
                1.1046053902996482, 
                1.1961924296248176
            ], 
            [
                6315, 
                1.086396044956582, 
                1.19188443819557
            ], 
            [
                6841, 
                1.0794210332652086, 
                1.201132301102513
            ], 
            [
                7367, 
                1.0727704051941571, 
                1.1917362815269235
            ], 
            [
                7893, 
                1.0638320522433224, 
                1.1727803321412267
            ], 
            [
                8420, 
                1.0697461334455192, 
                1.192288563150175
            ], 
            [
                8946, 
                1.0850500987845322, 
                1.229474387990565
            ], 
            [
                9472, 
                1.0504552815089694, 
                1.192401831919045
            ], 
            [
                9999, 
                1.0591413423461205, 
                1.1909943673329877
            ]
        ]
    }
]