[
    {
        "jobnum": 35, 
        "model": {
            "L2_reg": 0.010740202768968962, 
            "conv_width": 12, 
            "fp_depth": 1, 
            "fp_length": 374, 
            "h1_size": 70, 
            "net_type": "morgan_plus_net"
        }, 
        "num_records": 20, 
        "task": {
            "name": "delaney", 
            "test_slices": [
                [
                    0, 
                    224
                ]
            ], 
            "train_slices": [
                [
                    449, 
                    674
                ], 
                [
                    674, 
                    899
                ], 
                [
                    899, 
                    1124
                ]
            ]
        }, 
        "train": {
            "batch_size": 100, 
            "init_scale": 0.0031456718683447325, 
            "num_iters": 10000, 
            "seed": 1, 
            "step_size": 0.0032201905229250023
        }, 
        "varied_params": {
            "conv_width": 12.320844209734318, 
            "fp_depth": 1.4345432780301317, 
            "fp_length": 374.45763975275526, 
            "h1_size": 69.80298514036468, 
            "log_L2_reg": -4.533761310287371, 
            "log_init_scale": -5.761727781011253, 
            "log_step_size": -5.738314752565964
        }
    }, 
    {
        "host_name": "clumsy", 
        "minutes_duration": 11.111450131734212, 
        "timestamp": "2021-07-09 20:34:17.865195", 
        "training_curve": [
            [
                0, 
                4.453758519962464, 
                4.8344873121869005
            ], 
            [
                526, 
                0.2998958909600052, 
                1.9724003942654493
            ], 
            [
                1052, 
                0.39047745109879406, 
                2.281574337415682
            ], 
            [
                1578, 
                0.4394821609606415, 
                2.388612160274807
            ], 
            [
                2105, 
                0.486661775364324, 
                2.4641628568500247
            ], 
            [
                2631, 
                0.48255924247091614, 
                2.4786448847563727
            ], 
            [
                3157, 
                0.504523204235285, 
                2.474216508121818
            ], 
            [
                3683, 
                0.48982938021078687, 
                2.4476865757734214
            ], 
            [
                4210, 
                0.49442795725269223, 
                2.4318598358995804
            ], 
            [
                4736, 
                0.5065074125121793, 
                2.396898082568147
            ], 
            [
                5262, 
                0.48884170003151045, 
                2.408926856122298
            ], 
            [
                5788, 
                0.49855353981564776, 
                2.383568804988812
            ], 
            [
                6315, 
                0.4965596060715361, 
                2.4221828189272507
            ], 
            [
                6841, 
                0.49525994039177595, 
                2.376908361956418
            ], 
            [
                7367, 
                0.4913303507909037, 
                2.3410405954052678
            ], 
            [
                7893, 
                0.48872800684583995, 
                2.3696263389291383
            ], 
            [
                8420, 
                0.4858321935310847, 
                2.3598920446162692
            ], 
            [
                8946, 
                0.4977884392439848, 
                2.3484495403551553
            ], 
            [
                9472, 
                0.4897578762882446, 
                2.345631918943974
            ], 
            [
                9999, 
                0.4923974222768208, 
                2.374010906756068
            ]
        ]
    }
]