[
    {
        "jobnum": 36, 
        "model": {
            "L2_reg": 3.4204014183300524, 
            "conv_width": 13, 
            "fp_depth": 1, 
            "fp_length": 605, 
            "h1_size": 88, 
            "net_type": "mean"
        }, 
        "num_records": 20, 
        "task": {
            "name": "delaney", 
            "test_slices": [
                [
                    0, 
                    224
                ]
            ], 
            "train_slices": [
                [
                    449, 
                    674
                ], 
                [
                    674, 
                    899
                ], 
                [
                    899, 
                    1124
                ]
            ]
        }, 
        "train": {
            "batch_size": 100, 
            "init_scale": 0.002886399174221437, 
            "num_iters": 10000, 
            "seed": 1, 
            "step_size": 0.006702025260349436
        }, 
        "varied_params": {
            "conv_width": 13.282887048836098, 
            "fp_depth": 1.2502673063260556, 
            "fp_length": 605.1518775074151, 
            "h1_size": 88.26626269034827, 
            "log_L2_reg": 1.2297579179674676, 
            "log_init_scale": -5.847745514188916, 
            "log_step_size": -5.00534552059781
        }
    }, 
    {
        "host_name": "schlaubi", 
        "minutes_duration": 0.0889380137125651, 
        "timestamp": "2021-07-09 20:39:53.659286", 
        "training_curve": [
            [
                0, 
                4.453602356025043, 
                4.834721362878823
            ], 
            [
                526, 
                4.45357957743249, 
                4.834616487193139
            ], 
            [
                1052, 
                4.4535786014808725, 
                4.834611732444254
            ], 
            [
                1578, 
                4.453576854517396, 
                4.834603158755576
            ], 
            [
                2105, 
                4.453564341870481, 
                4.834539124668291
            ], 
            [
                2631, 
                4.453542272048638, 
                4.834410743191258
            ], 
            [
                3157, 
                4.453547850675577, 
                4.834445623213207
            ], 
            [
                3683, 
                4.4535796180709895, 
                4.8346166846463206
            ], 
            [
                4210, 
                4.453576860191043, 
                4.834603186733029
            ], 
            [
                4736, 
                4.4535866682551335, 
                4.834650326581338
            ], 
            [
                5262, 
                4.453564343421164, 
                4.834539132921669
            ], 
            [
                5788, 
                4.453542272920789, 
                4.8344107488074375
            ], 
            [
                6315, 
                4.453579618755744, 
                4.834616687973027
            ], 
            [
                6841, 
                4.453578615321717, 
                4.834611800048882
            ], 
            [
                7367, 
                4.453576860524509, 
                4.834603188377365
            ], 
            [
                7893, 
                4.45358666844128, 
                4.834650327454197
            ], 
            [
                8420, 
                4.453542272954314, 
                4.83441074902332
            ], 
            [
                8946, 
                4.453547851218735, 
                4.834445626514421
            ], 
            [
                9472, 
                4.453579618805164, 
                4.834616688213115
            ], 
            [
                9999, 
                4.453576860538022, 
                4.834603188443994
            ]
        ]
    }
]