[
    {
        "jobnum": 36, 
        "model": {
            "L2_reg": 3.4204014183300524, 
            "conv_width": 13, 
            "fp_depth": 1, 
            "fp_length": 81, 
            "h1_size": 88, 
            "net_type": "conv_plus_linear"
        }, 
        "num_records": 20, 
        "task": {
            "name": "cep", 
            "test_slices": [
                [
                    0, 
                    4000
                ]
            ], 
            "train_slices": [
                [
                    8000, 
                    12000
                ], 
                [
                    12000, 
                    16000
                ], 
                [
                    16000, 
                    20000
                ]
            ]
        }, 
        "train": {
            "batch_size": 100, 
            "init_scale": 0.002886399174221437, 
            "num_iters": 10000, 
            "seed": 1, 
            "step_size": 0.006702025260349436
        }, 
        "varied_params": {
            "conv_width": 13.282887048836098, 
            "fp_depth": 1.2502673063260556, 
            "fp_length": 81.46131972304612, 
            "h1_size": 88.26626269034827, 
            "log_L2_reg": 1.2297579179674676, 
            "log_init_scale": -5.847745514188916, 
            "log_step_size": -5.00534552059781
        }
    }, 
    {
        "host_name": "hefty", 
        "minutes_duration": 21.146955398718514, 
        "timestamp": "2021-09-05 02:22:55.400053", 
        "training_curve": [
            [
                0, 
                6.424981060549881, 
                6.439655295494167
            ], 
            [
                526, 
                3.423455601314063, 
                3.326915329663993
            ], 
            [
                1052, 
                3.349423897500013, 
                3.2358113834418
            ], 
            [
                1578, 
                3.361173791058136, 
                3.2511612115972537
            ], 
            [
                2105, 
                3.3127282317779487, 
                3.202897129028239
            ], 
            [
                2631, 
                3.2333951376188135, 
                3.161368301090439
            ], 
            [
                3157, 
                3.226267581379081, 
                3.1547151805017135
            ], 
            [
                3683, 
                3.286009870733068, 
                3.185176449089773
            ], 
            [
                4210, 
                3.264944712873406, 
                3.1723502909290056
            ], 
            [
                4736, 
                3.261857756609652, 
                3.1693528629881094
            ], 
            [
                5262, 
                3.2046768937292933, 
                3.1332118942167444
            ], 
            [
                5788, 
                3.288515841505785, 
                3.2392378614240864
            ], 
            [
                6315, 
                3.484602362424139, 
                3.4562879653312284
            ], 
            [
                6841, 
                3.2240406454167765, 
                3.1487631759095334
            ], 
            [
                7367, 
                3.191594663584956, 
                3.1300032441072108
            ], 
            [
                7893, 
                3.249411922283302, 
                3.1798396113476635
            ], 
            [
                8420, 
                3.4283218687211763, 
                3.3300511287398282
            ], 
            [
                8946, 
                3.193317420696297, 
                3.1384648173096794
            ], 
            [
                9472, 
                3.181341413139971, 
                3.1298621560053888
            ], 
            [
                9999, 
                3.2108844715788365, 
                3.170201599247239
            ]
        ]
    }
]