[
    {
        "jobnum": 37, 
        "model": {
            "L2_reg": 0.005529552096832446, 
            "conv_width": 19, 
            "fp_depth": 1, 
            "fp_length": 691, 
            "h1_size": 65, 
            "net_type": "morgan_plus_net"
        }, 
        "num_records": 20, 
        "task": {
            "name": "cep", 
            "test_slices": [
                [
                    0, 
                    4000
                ]
            ], 
            "train_slices": [
                [
                    8000, 
                    12000
                ], 
                [
                    12000, 
                    16000
                ], 
                [
                    16000, 
                    20000
                ]
            ]
        }, 
        "train": {
            "batch_size": 100, 
            "init_scale": 0.005854107964092415, 
            "num_iters": 10000, 
            "seed": 1, 
            "step_size": 0.0008790358462989377
        }, 
        "varied_params": {
            "conv_width": 18.942939751882857, 
            "fp_depth": 1.0492888887744227, 
            "fp_length": 691.2758789636373, 
            "h1_size": 64.60737633962745, 
            "log_L2_reg": -5.1976484618760175, 
            "log_init_scale": -5.140611648092551, 
            "log_step_size": -7.036684880338212
        }
    }, 
    {
        "host_name": "handy", 
        "minutes_duration": 3.3619683146476746, 
        "timestamp": "2021-09-05 04:39:09.335659", 
        "training_curve": [
            [
                0, 
                6.42991559825291, 
                6.434473239260266
            ], 
            [
                526, 
                2.635991159089572, 
                2.570049522519451
            ], 
            [
                1052, 
                2.3808584354312976, 
                2.3771272973296855
            ], 
            [
                1578, 
                2.2295217912333976, 
                2.2447007170521696
            ], 
            [
                2105, 
                2.1197635092232177, 
                2.197687750435759
            ], 
            [
                2631, 
                2.019623109203671, 
                2.1417163343911754
            ], 
            [
                3157, 
                1.924206383773755, 
                2.0931877518907633
            ], 
            [
                3683, 
                1.8533073937893876, 
                2.0922216773788054
            ], 
            [
                4210, 
                1.7911057743168133, 
                2.0411543316325984
            ], 
            [
                4736, 
                1.723176463183291, 
                2.042564665144173
            ], 
            [
                5262, 
                1.6758539600502609, 
                2.0293503546038263
            ], 
            [
                5788, 
                1.6370770432102975, 
                2.0026727558314326
            ], 
            [
                6315, 
                1.6077795523132676, 
                2.0285399237466026
            ], 
            [
                6841, 
                1.5804043648647397, 
                2.0076850699460844
            ], 
            [
                7367, 
                1.556546022990486, 
                2.047710902582067
            ], 
            [
                7893, 
                1.5344545331808122, 
                2.064511259383462
            ], 
            [
                8420, 
                1.4947070425848892, 
                2.0155149563697803
            ], 
            [
                8946, 
                1.4598060675074127, 
                2.0301672698549362
            ], 
            [
                9472, 
                1.4482096850192612, 
                2.0342817196442575
            ], 
            [
                9999, 
                1.4360137537884827, 
                2.0637945787681615
            ]
        ]
    }
]