[
    {
        "jobnum": 38, 
        "model": {
            "L2_reg": 0.004134628195343046, 
            "conv_width": 20, 
            "fp_depth": 2, 
            "fp_length": 900, 
            "h1_size": 64, 
            "net_type": "morgan_plus_net"
        }, 
        "num_records": 20, 
        "task": {
            "name": "cep", 
            "test_slices": [
                [
                    0, 
                    4000
                ]
            ], 
            "train_slices": [
                [
                    8000, 
                    12000
                ], 
                [
                    12000, 
                    16000
                ], 
                [
                    16000, 
                    20000
                ]
            ]
        }, 
        "train": {
            "batch_size": 100, 
            "init_scale": 0.03499200026945039, 
            "num_iters": 10000, 
            "seed": 1, 
            "step_size": 0.003502216114611105
        }, 
        "varied_params": {
            "conv_width": 19.662427096166702, 
            "fp_depth": 2.4568827878038686, 
            "fp_length": 899.5172872791235, 
            "h1_size": 64.08650528769745, 
            "log_L2_reg": -5.488357871032151, 
            "log_init_scale": -3.3526358073473825, 
            "log_step_size": -5.654359335254693
        }
    }, 
    {
        "host_name": "hefty", 
        "minutes_duration": 3.9682215531667073, 
        "timestamp": "2021-09-05 04:40:15.111410", 
        "training_curve": [
            [
                0, 
                6.492050650101051, 
                6.518522813069265
            ], 
            [
                526, 
                1.1669922150938212, 
                1.978698807486904
            ], 
            [
                1052, 
                0.731443497600431, 
                2.095272162256553
            ], 
            [
                1578, 
                0.6626525258201656, 
                2.325988973210242
            ], 
            [
                2105, 
                0.9510761111006899, 
                2.6484511827938744
            ], 
            [
                2631, 
                0.6589471912471369, 
                2.3619315262455887
            ], 
            [
                3157, 
                0.5586753846204101, 
                2.4589701684426784
            ], 
            [
                3683, 
                0.7931627134137746, 
                2.7331540864494057
            ], 
            [
                4210, 
                1.0171215880737248, 
                2.802442542116761
            ], 
            [
                4736, 
                0.5358970477658004, 
                2.319201733361727
            ], 
            [
                5262, 
                0.4976029616923356, 
                2.3541956883707207
            ], 
            [
                5788, 
                0.5233241389311892, 
                2.4874072859950855
            ], 
            [
                6315, 
                0.5598394559115583, 
                2.6317396835884392
            ], 
            [
                6841, 
                0.7409119154131226, 
                2.7926559761927585
            ], 
            [
                7367, 
                0.8850943321741982, 
                2.940319187351205
            ], 
            [
                7893, 
                0.6005217228820903, 
                2.383957301652374
            ], 
            [
                8420, 
                0.4740992718129113, 
                2.3931104504834972
            ], 
            [
                8946, 
                0.46264165522369605, 
                2.427558055971488
            ], 
            [
                9472, 
                0.6955148204061655, 
                2.7766092095841572
            ], 
            [
                9999, 
                0.5298214195004219, 
                2.614543765674478
            ]
        ]
    }
]