[
    {
        "jobnum": 38, 
        "model": {
            "L2_reg": 0.004134628195343046, 
            "conv_width": 20, 
            "fp_depth": 2, 
            "fp_length": 114, 
            "h1_size": 64, 
            "net_type": "conv_plus_linear"
        }, 
        "num_records": 20, 
        "task": {
            "name": "malaria", 
            "test_slices": [
                [
                    0, 
                    2000
                ]
            ], 
            "train_slices": [
                [
                    4000, 
                    6000
                ], 
                [
                    6000, 
                    8000
                ], 
                [
                    8000, 
                    10000
                ]
            ]
        }, 
        "train": {
            "batch_size": 100, 
            "init_scale": 0.03499200026945039, 
            "num_iters": 10000, 
            "seed": 1, 
            "step_size": 0.003502216114611105
        }, 
        "varied_params": {
            "conv_width": 19.662427096166702, 
            "fp_depth": 2.4568827878038686, 
            "fp_length": 114.16858747545817, 
            "h1_size": 64.08650528769745, 
            "log_L2_reg": -5.488357871032151, 
            "log_init_scale": -3.3526358073473825, 
            "log_step_size": -5.654359335254693
        }
    }, 
    {
        "host_name": "hefty", 
        "minutes_duration": 36.642915681997934, 
        "timestamp": "2021-08-31 08:15:28.452616", 
        "training_curve": [
            [
                0, 
                1.450540958279075, 
                1.5213011162078243
            ], 
            [
                526, 
                1.148983259231752, 
                1.2523399552898564
            ], 
            [
                1052, 
                1.1232094176076164, 
                1.2156677658488984
            ], 
            [
                1578, 
                1.0510160801135535, 
                1.1859191786815082
            ], 
            [
                2105, 
                1.0597817495092698, 
                1.2175448307826027
            ], 
            [
                2631, 
                1.0294469059859084, 
                1.2272877697292779
            ], 
            [
                3157, 
                1.062127779933437, 
                1.2463756911719202
            ], 
            [
                3683, 
                0.9554289453987265, 
                1.2010015311058888
            ], 
            [
                4210, 
                0.9744204269199888, 
                1.249535940107692
            ], 
            [
                4736, 
                0.9811395636803284, 
                1.295865878356042
            ], 
            [
                5262, 
                0.978694205381134, 
                1.2842995480570416
            ], 
            [
                5788, 
                0.9255682497250647, 
                1.273475043360979
            ], 
            [
                6315, 
                0.9040041386698344, 
                1.2671175545948354
            ], 
            [
                6841, 
                0.8794037178107877, 
                1.3094262748207663
            ], 
            [
                7367, 
                0.9008999836563268, 
                1.2731444844218032
            ], 
            [
                7893, 
                0.852705074826527, 
                1.2356350927706046
            ], 
            [
                8420, 
                0.8932077771716572, 
                1.288825760859385
            ], 
            [
                8946, 
                0.8768762970795266, 
                1.3318376977481807
            ], 
            [
                9472, 
                0.8200288105485105, 
                1.2640055353532993
            ], 
            [
                9999, 
                0.7903103388680758, 
                1.2780192023369445
            ]
        ]
    }
]