[
    {
        "jobnum": 39, 
        "model": {
            "L2_reg": 4.9261146767779325, 
            "conv_width": 17, 
            "fp_depth": 4, 
            "fp_length": 651, 
            "h1_size": 98, 
            "net_type": "mean"
        }, 
        "num_records": 20, 
        "task": {
            "name": "delaney", 
            "test_slices": [
                [
                    0, 
                    224
                ]
            ], 
            "train_slices": [
                [
                    449, 
                    674
                ], 
                [
                    674, 
                    899
                ], 
                [
                    899, 
                    1124
                ]
            ]
        }, 
        "train": {
            "batch_size": 100, 
            "init_scale": 0.004098427700521392, 
            "num_iters": 10000, 
            "seed": 1, 
            "step_size": 0.0008475222256352551
        }, 
        "varied_params": {
            "conv_width": 16.988038810285875, 
            "fp_depth": 3.824133114119496, 
            "fp_length": 651.4915203617254, 
            "h1_size": 98.07850772707494, 
            "log_L2_reg": 1.5945505793254515, 
            "log_init_scale": -5.497151866499788, 
            "log_step_size": -7.073193494115182
        }
    }, 
    {
        "host_name": "clumsy", 
        "minutes_duration": 0.097861381371816, 
        "timestamp": "2021-07-09 20:40:23.351534", 
        "training_curve": [
            [
                0, 
                4.4537018340434305, 
                4.83509878307306
            ], 
            [
                526, 
                4.453568597149464, 
                4.834561457519237
            ], 
            [
                1052, 
                4.453568337439699, 
                4.834560112006069
            ], 
            [
                1578, 
                4.453568133889178, 
                4.834559055900806
            ], 
            [
                2105, 
                4.45356661647666, 
                4.834551139502112
            ], 
            [
                2631, 
                4.453563493742794, 
                4.834534597482736
            ], 
            [
                3157, 
                4.453564343807636, 
                4.834539134978619
            ], 
            [
                3683, 
                4.453568480162584, 
                4.834560851702256
            ], 
            [
                4210, 
                4.4535681389742, 
                4.834559082300612
            ], 
            [
                4736, 
                4.453569283679286, 
                4.83456500377558
            ], 
            [
                5262, 
                4.453566619041631, 
                4.834551152949167
            ], 
            [
                5788, 
                4.453563495182786, 
                4.834534605191524
            ], 
            [
                6315, 
                4.453568480662155, 
                4.834560854290236
            ], 
            [
                6841, 
                4.453568348832721, 
                4.834560171077663
            ], 
            [
                7367, 
                4.453568139265878, 
                4.834559083814885
            ], 
            [
                7893, 
                4.453569283848472, 
                4.834565004647631
            ], 
            [
                8420, 
                4.4535634952374235, 
                4.834534605484016
            ], 
            [
                8946, 
                4.453564344660622, 
                4.834539139518523
            ], 
            [
                9472, 
                4.453568480698166, 
                4.834560854476785
            ], 
            [
                9999, 
                4.453568139277696, 
                4.834559083876239
            ]
        ]
    }
]