[
    {
        "jobnum": 39, 
        "model": {
            "L2_reg": 4.9261146767779325, 
            "conv_width": 17, 
            "fp_depth": 4, 
            "fp_length": 87, 
            "h1_size": 98, 
            "net_type": "conv_plus_net"
        }, 
        "num_records": 20, 
        "task": {
            "name": "delaney", 
            "test_slices": [
                [
                    0, 
                    224
                ]
            ], 
            "train_slices": [
                [
                    449, 
                    674
                ], 
                [
                    674, 
                    899
                ], 
                [
                    899, 
                    1124
                ]
            ]
        }, 
        "train": {
            "batch_size": 100, 
            "init_scale": 0.004098427700521392, 
            "num_iters": 10000, 
            "seed": 1, 
            "step_size": 0.0008475222256352551
        }, 
        "varied_params": {
            "conv_width": 16.988038810285875, 
            "fp_depth": 3.824133114119496, 
            "fp_length": 86.6101689290806, 
            "h1_size": 98.07850772707494, 
            "log_L2_reg": 1.5945505793254515, 
            "log_init_scale": -5.497151866499788, 
            "log_step_size": -7.073193494115182
        }
    }, 
    {
        "host_name": "papaschlumpf", 
        "minutes_duration": 477.1749009490013, 
        "timestamp": "2021-07-09 23:05:29.934853", 
        "training_curve": [
            [
                0, 
                4.452613300539436, 
                4.83324544728237
            ], 
            [
                526, 
                0.45692923419043846, 
                0.6390501796710824
            ], 
            [
                1052, 
                0.3088320969934863, 
                0.5569399221173353
            ], 
            [
                1578, 
                0.23481117552617728, 
                0.5385783406722469
            ], 
            [
                2105, 
                0.2126934200718603, 
                0.5253594972647548
            ], 
            [
                2631, 
                0.19389390131900536, 
                0.510991878759354
            ], 
            [
                3157, 
                0.1802344174321016, 
                0.5484124554120167
            ], 
            [
                3683, 
                0.17832872508188374, 
                0.5166286148443257
            ], 
            [
                4210, 
                0.15792889848097422, 
                0.5435018900361727
            ], 
            [
                4736, 
                0.17246099948754787, 
                0.5942519816540744
            ], 
            [
                5262, 
                0.14388616275606808, 
                0.5603411380781137
            ], 
            [
                5788, 
                0.13104001114489253, 
                0.6038714821090546
            ], 
            [
                6315, 
                0.13391139089760218, 
                0.6107859408663883
            ], 
            [
                6841, 
                0.14290928970178698, 
                0.6324095473577195
            ], 
            [
                7367, 
                0.1436498093876424, 
                0.6233454682412655
            ], 
            [
                7893, 
                0.15557129082848684, 
                0.6655158400478028
            ], 
            [
                8420, 
                0.12081089330906698, 
                0.6217678613130084
            ], 
            [
                8946, 
                0.1426389798743952, 
                0.6231129578746161
            ], 
            [
                9472, 
                0.12347786063928379, 
                0.6210653795661775
            ], 
            [
                9999, 
                0.1410326941727821, 
                0.6307213747803314
            ]
        ]
    }
]