[
    {
        "jobnum": 39, 
        "model": {
            "L2_reg": 4.9261146767779325, 
            "conv_width": 17, 
            "fp_depth": 4, 
            "fp_length": 87, 
            "h1_size": 98, 
            "net_type": "conv_plus_linear"
        }, 
        "num_records": 20, 
        "task": {
            "name": "delaney", 
            "test_slices": [
                [
                    0, 
                    224
                ]
            ], 
            "train_slices": [
                [
                    449, 
                    674
                ], 
                [
                    674, 
                    899
                ], 
                [
                    899, 
                    1124
                ]
            ]
        }, 
        "train": {
            "batch_size": 100, 
            "init_scale": 0.004098427700521392, 
            "num_iters": 10000, 
            "seed": 1, 
            "step_size": 0.0008475222256352551
        }, 
        "varied_params": {
            "conv_width": 16.988038810285875, 
            "fp_depth": 3.824133114119496, 
            "fp_length": 86.6101689290806, 
            "h1_size": 98.07850772707494, 
            "log_L2_reg": 1.5945505793254515, 
            "log_init_scale": -5.497151866499788, 
            "log_step_size": -7.073193494115182
        }
    }, 
    {
        "host_name": "clumsy", 
        "minutes_duration": 42.97242024739583, 
        "timestamp": "2021-08-05 16:11:46.172167", 
        "training_curve": [
            [
                0, 
                4.473757323835082, 
                4.855633360999046
            ], 
            [
                526, 
                0.8112331684802364, 
                1.1106375058002877
            ], 
            [
                1052, 
                0.49718783313314546, 
                0.7612702958355341
            ], 
            [
                1578, 
                0.377213702091144, 
                0.6873361973923959
            ], 
            [
                2105, 
                0.3220130185552869, 
                0.6728784690334911
            ], 
            [
                2631, 
                0.288482343349226, 
                0.6846131214756453
            ], 
            [
                3157, 
                0.2638077879065126, 
                0.717588388642581
            ], 
            [
                3683, 
                0.24894795965909014, 
                0.7095627302575037
            ], 
            [
                4210, 
                0.2256650793095979, 
                0.735390612330826
            ], 
            [
                4736, 
                0.21716658701526723, 
                0.7623161519949948
            ], 
            [
                5262, 
                0.19511454568778558, 
                0.735583524858472
            ], 
            [
                5788, 
                0.1905242033815631, 
                0.7610646672028364
            ], 
            [
                6315, 
                0.19547198767290697, 
                0.7882661814648765
            ], 
            [
                6841, 
                0.18096358641243523, 
                0.8005416229088164
            ], 
            [
                7367, 
                0.18507028403524106, 
                0.7535014203776897
            ], 
            [
                7893, 
                0.1705061345893194, 
                0.7900177864494956
            ], 
            [
                8420, 
                0.16827123382273101, 
                0.8027610591089498
            ], 
            [
                8946, 
                0.17427250140308678, 
                0.7907635601477863
            ], 
            [
                9472, 
                0.16037652098645122, 
                0.7882820735311279
            ], 
            [
                9999, 
                0.17228679835704905, 
                0.8388469750504565
            ]
        ]
    }
]