[
    {
        "jobnum": 39, 
        "model": {
            "L2_reg": 4.9261146767779325, 
            "conv_width": 17, 
            "fp_depth": 4, 
            "fp_length": 651, 
            "h1_size": 98, 
            "net_type": "mean"
        }, 
        "num_records": 20, 
        "task": {
            "name": "malaria", 
            "test_slices": [
                [
                    0, 
                    2000
                ]
            ], 
            "train_slices": [
                [
                    4000, 
                    6000
                ], 
                [
                    6000, 
                    8000
                ], 
                [
                    8000, 
                    10000
                ]
            ]
        }, 
        "train": {
            "batch_size": 100, 
            "init_scale": 0.004098427700521392, 
            "num_iters": 10000, 
            "seed": 1, 
            "step_size": 0.0008475222256352551
        }, 
        "varied_params": {
            "conv_width": 16.988038810285875, 
            "fp_depth": 3.824133114119496, 
            "fp_length": 651.4915203617254, 
            "h1_size": 98.07850772707494, 
            "log_L2_reg": 1.5945505793254515, 
            "log_init_scale": -5.497151866499788, 
            "log_step_size": -7.073193494115182
        }
    }, 
    {
        "host_name": "schlaubi", 
        "minutes_duration": 0.04496308167775472, 
        "timestamp": "2021-08-31 10:08:11.524038", 
        "training_curve": [
            [
                0, 
                1.4378635824840826, 
                1.5099798414970425
            ], 
            [
                526, 
                1.4378031478475082, 
                1.5099508987161658
            ], 
            [
                1052, 
                1.437802696252106, 
                1.5099392044154567
            ], 
            [
                1578, 
                1.437800294887841, 
                1.5099400978196058
            ], 
            [
                2105, 
                1.4377998934646887, 
                1.5099412311282148
            ], 
            [
                2631, 
                1.4378043465699173, 
                1.5099530777360275
            ], 
            [
                3157, 
                1.4378001303889836, 
                1.509943722680144
            ], 
            [
                3683, 
                1.4378027579295318, 
                1.5099392075362574
            ], 
            [
                4210, 
                1.4378002474961384, 
                1.5099401693387682
            ], 
            [
                4736, 
                1.4378016814881533, 
                1.5099479417630546
            ], 
            [
                5262, 
                1.437802911603558, 
                1.509950449125276
            ], 
            [
                5788, 
                1.437803017290584, 
                1.5099392272254863
            ], 
            [
                6315, 
                1.4378000057717877, 
                1.5099407021090396
            ], 
            [
                6841, 
                1.4377998611536327, 
                1.5099416968524322
            ], 
            [
                7367, 
                1.4378037739504308, 
                1.5099520557149908
            ], 
            [
                7893, 
                1.4378019602250003, 
                1.509939223632288
            ], 
            [
                8420, 
                1.43780139206613, 
                1.509939335332583
            ], 
            [
                8946, 
                1.4377998767503504, 
                1.5099413880416055
            ], 
            [
                9472, 
                1.4378037991862371, 
                1.5099521014230926
            ], 
            [
                9999, 
                1.4378018444394736, 
                1.5099482946573088
            ]
        ]
    }
]