[
    {
        "jobnum": 3, 
        "model": {
            "L2_reg": 1.2766422771624293, 
            "conv_width": 15, 
            "fp_depth": 1, 
            "fp_length": 32, 
            "h1_size": 90, 
            "net_type": "conv_plus_net"
        }, 
        "num_records": 20, 
        "task": {
            "name": "delaney", 
            "test_slices": [
                [
                    0, 
                    224
                ]
            ], 
            "train_slices": [
                [
                    449, 
                    674
                ], 
                [
                    674, 
                    899
                ], 
                [
                    899, 
                    1124
                ]
            ]
        }, 
        "train": {
            "batch_size": 100, 
            "init_scale": 0.0030928086020533207, 
            "num_iters": 10000, 
            "seed": 1, 
            "step_size": 0.0021247894773660262
        }, 
        "varied_params": {
            "conv_width": 14.598815319912857, 
            "fp_depth": 1.3548232776067997, 
            "fp_length": 32.0555681898132, 
            "h1_size": 89.95792821083617, 
            "log_L2_reg": 0.2442334102916437, 
            "log_init_scale": -5.778675668198336, 
            "log_step_size": -6.154082550988273
        }
    }, 
    {
        "host_name": "schlaubi", 
        "minutes_duration": 81.48897253274917, 
        "timestamp": "2021-07-09 16:29:12.407480", 
        "training_curve": [
            [
                0, 
                4.454108355867211, 
                4.834494095956159
            ], 
            [
                526, 
                0.34132967002584924, 
                0.5377358775572187
            ], 
            [
                1052, 
                0.25739108471511757, 
                0.5008933410988671
            ], 
            [
                1578, 
                0.23306853833896893, 
                0.4971549446404782
            ], 
            [
                2105, 
                0.21219690117154622, 
                0.48403576750259836
            ], 
            [
                2631, 
                0.19716476767165989, 
                0.48913447768598495
            ], 
            [
                3157, 
                0.18745509769646476, 
                0.4709179973060889
            ], 
            [
                3683, 
                0.19578852106160374, 
                0.521290900794433
            ], 
            [
                4210, 
                0.168327731408558, 
                0.45088912769830836
            ], 
            [
                4736, 
                0.16377386705376065, 
                0.48591151630986934
            ], 
            [
                5262, 
                0.18350571235418422, 
                0.4526753499000116
            ], 
            [
                5788, 
                0.161259991321342, 
                0.4845727260102564
            ], 
            [
                6315, 
                0.16162246662549318, 
                0.4458471772853278
            ], 
            [
                6841, 
                0.1572773957280964, 
                0.44672180059796507
            ], 
            [
                7367, 
                0.14690802472966658, 
                0.4907987262309024
            ], 
            [
                7893, 
                0.1643698592260631, 
                0.4614108786333677
            ], 
            [
                8420, 
                0.16335914670488116, 
                0.5076250037324479
            ], 
            [
                8946, 
                0.12935725569240378, 
                0.4480585094313826
            ], 
            [
                9472, 
                0.14233816633606347, 
                0.44705447847783264
            ], 
            [
                9999, 
                0.1338891192740819, 
                0.4431070337767208
            ]
        ]
    }
]