[
    {
        "jobnum": 3, 
        "model": {
            "L2_reg": 1.2766422771624293, 
            "conv_width": 15, 
            "fp_depth": 1, 
            "fp_length": 161, 
            "h1_size": 90, 
            "net_type": "morgan_plus_net"
        }, 
        "num_records": 20, 
        "task": {
            "name": "cep", 
            "test_slices": [
                [
                    0, 
                    4000
                ]
            ], 
            "train_slices": [
                [
                    8000, 
                    12000
                ], 
                [
                    12000, 
                    16000
                ], 
                [
                    16000, 
                    20000
                ]
            ]
        }, 
        "train": {
            "batch_size": 100, 
            "init_scale": 0.0030928086020533207, 
            "num_iters": 10000, 
            "seed": 1, 
            "step_size": 0.0021247894773660262
        }, 
        "varied_params": {
            "conv_width": 14.598815319912857, 
            "fp_depth": 1.3548232776067997, 
            "fp_length": 160.50011370831876, 
            "h1_size": 89.95792821083617, 
            "log_L2_reg": 0.2442334102916437, 
            "log_init_scale": -5.778675668198336, 
            "log_step_size": -6.154082550988273
        }
    }, 
    {
        "host_name": "clumsy", 
        "minutes_duration": 1.4268031994501749, 
        "timestamp": "2021-09-05 04:08:13.789671", 
        "training_curve": [
            [
                0, 
                6.42933667556572, 
                6.437449541112247
            ], 
            [
                526, 
                2.436955060416917, 
                2.4715748234673396
            ], 
            [
                1052, 
                2.1971133352730505, 
                2.329854787210366
            ], 
            [
                1578, 
                1.9765991692284788, 
                2.1844311056335104
            ], 
            [
                2105, 
                1.842562960538889, 
                2.1333159453143624
            ], 
            [
                2631, 
                1.7751787296947665, 
                2.158087557290567
            ], 
            [
                3157, 
                1.7067987883788045, 
                2.1906247614101257
            ], 
            [
                3683, 
                1.6901387187809978, 
                2.2352784104128056
            ], 
            [
                4210, 
                1.633163143786017, 
                2.2019175769996164
            ], 
            [
                4736, 
                1.5394990649316247, 
                2.1801699167847133
            ], 
            [
                5262, 
                1.5548225769905748, 
                2.2371351179892955
            ], 
            [
                5788, 
                1.5125544129871253, 
                2.247041215955719
            ], 
            [
                6315, 
                1.4930335791522855, 
                2.2656721431679023
            ], 
            [
                6841, 
                1.460700833575872, 
                2.29207953997341
            ], 
            [
                7367, 
                1.4132883903572742, 
                2.2974680456118777
            ], 
            [
                7893, 
                1.3975628695058147, 
                2.333349188417783
            ], 
            [
                8420, 
                1.3913439368888032, 
                2.341118664996434
            ], 
            [
                8946, 
                1.344617187610987, 
                2.301486053859374
            ], 
            [
                9472, 
                1.3837641824473088, 
                2.3961296891160413
            ], 
            [
                9999, 
                1.320674971943899, 
                2.411618658622806
            ]
        ]
    }
]