[
    {
        "jobnum": 3, 
        "model": {
            "L2_reg": 1.2766422771624293, 
            "conv_width": 15, 
            "fp_depth": 1, 
            "fp_length": 161, 
            "h1_size": 90, 
            "net_type": "morgan_plus_linear"
        }, 
        "num_records": 20, 
        "task": {
            "name": "delaney", 
            "test_slices": [
                [
                    0, 
                    224
                ]
            ], 
            "train_slices": [
                [
                    449, 
                    674
                ], 
                [
                    674, 
                    899
                ], 
                [
                    899, 
                    1124
                ]
            ]
        }, 
        "train": {
            "batch_size": 100, 
            "init_scale": 0.0030928086020533207, 
            "num_iters": 10000, 
            "seed": 1, 
            "step_size": 0.0021247894773660262
        }, 
        "varied_params": {
            "conv_width": 14.598815319912857, 
            "fp_depth": 1.3548232776067997, 
            "fp_length": 160.50011370831876, 
            "h1_size": 89.95792821083617, 
            "log_L2_reg": 0.2442334102916437, 
            "log_init_scale": -5.778675668198336, 
            "log_step_size": -6.154082550988273
        }
    }, 
    {
        "host_name": "schlumpfine", 
        "minutes_duration": 0.615781033039093, 
        "timestamp": "2021-07-09 15:16:18.145277", 
        "training_curve": [
            [
                0, 
                4.451046405274458, 
                4.832498049872847
            ], 
            [
                526, 
                1.687860903104094, 
                2.195798520199056
            ], 
            [
                1052, 
                1.5837967303369775, 
                2.0996051671720393
            ], 
            [
                1578, 
                1.567661825994349, 
                2.0829501430577886
            ], 
            [
                2105, 
                1.5640692655653972, 
                2.079792832905612
            ], 
            [
                2631, 
                1.562923636924108, 
                2.0778639721016936
            ], 
            [
                3157, 
                1.5626419771361517, 
                2.0774082800159137
            ], 
            [
                3683, 
                1.5625745340116717, 
                2.0767531194152107
            ], 
            [
                4210, 
                1.5624807097172708, 
                2.0761936904272447
            ], 
            [
                4736, 
                1.5624635476155715, 
                2.077062913791489
            ], 
            [
                5262, 
                1.5624521866634122, 
                2.077502410119704
            ], 
            [
                5788, 
                1.5623377013634914, 
                2.0769888082384083
            ], 
            [
                6315, 
                1.5624822267877958, 
                2.076601164504537
            ], 
            [
                6841, 
                1.5624764857175164, 
                2.0760456048505307
            ], 
            [
                7367, 
                1.5624414790865713, 
                2.0761294237048955
            ], 
            [
                7893, 
                1.5624465041888975, 
                2.0770411173068117
            ], 
            [
                8420, 
                1.5623343989487721, 
                2.0769849836794627
            ], 
            [
                8946, 
                1.5624112680315179, 
                2.0770468070123096
            ], 
            [
                9472, 
                1.5624808918144613, 
                2.076598494644957
            ], 
            [
                9999, 
                1.5624412112285302, 
                2.076128831767707
            ]
        ]
    }
]