[
    {
        "jobnum": 3, 
        "model": {
            "L2_reg": 1.2766422771624293, 
            "conv_width": 15, 
            "fp_depth": 1, 
            "fp_length": 161, 
            "h1_size": 90, 
            "net_type": "morgan_plus_linear"
        }, 
        "num_records": 20, 
        "task": {
            "name": "malaria", 
            "test_slices": [
                [
                    0, 
                    2000
                ]
            ], 
            "train_slices": [
                [
                    4000, 
                    6000
                ], 
                [
                    6000, 
                    8000
                ], 
                [
                    8000, 
                    10000
                ]
            ]
        }, 
        "train": {
            "batch_size": 100, 
            "init_scale": 0.0030928086020533207, 
            "num_iters": 10000, 
            "seed": 1, 
            "step_size": 0.0021247894773660262
        }, 
        "varied_params": {
            "conv_width": 14.598815319912857, 
            "fp_depth": 1.3548232776067997, 
            "fp_length": 160.50011370831876, 
            "h1_size": 89.95792821083617, 
            "log_L2_reg": 0.2442334102916437, 
            "log_init_scale": -5.778675668198336, 
            "log_step_size": -6.154082550988273
        }
    }, 
    {
        "host_name": "clumsy", 
        "minutes_duration": 0.4387806495030721, 
        "timestamp": "2021-08-31 01:49:39.829009", 
        "training_curve": [
            [
                0, 
                1.4369941595427864, 
                1.5079212258995958
            ], 
            [
                526, 
                1.174616522764341, 
                1.2605043637309008
            ], 
            [
                1052, 
                1.1664068670506706, 
                1.2540440238682569
            ], 
            [
                1578, 
                1.165552179428986, 
                1.2543511074366729
            ], 
            [
                2105, 
                1.1639121734533395, 
                1.2551196968393261
            ], 
            [
                2631, 
                1.1664031265794368, 
                1.2574863979288502
            ], 
            [
                3157, 
                1.1737942569875925, 
                1.2621733611344819
            ], 
            [
                3683, 
                1.1662446568015847, 
                1.2550804236401338
            ], 
            [
                4210, 
                1.1659802335324776, 
                1.2569990485578497
            ], 
            [
                4736, 
                1.172206767449194, 
                1.2632835692921827
            ], 
            [
                5262, 
                1.1714049919514855, 
                1.2610572723508886
            ], 
            [
                5788, 
                1.1655041241102113, 
                1.254394552766505
            ], 
            [
                6315, 
                1.167740448195795, 
                1.2576452164118406
            ], 
            [
                6841, 
                1.1699145451762296, 
                1.261343688371247
            ], 
            [
                7367, 
                1.1636240435464766, 
                1.2547776775430317
            ], 
            [
                7893, 
                1.163941488812002, 
                1.2531374350590188
            ], 
            [
                8420, 
                1.1635201612703223, 
                1.25272435696791
            ], 
            [
                8946, 
                1.1637546566029473, 
                1.255326151090593
            ], 
            [
                9472, 
                1.1681911717382742, 
                1.259518894017276
            ], 
            [
                9999, 
                1.1780367466883328, 
                1.2667201320616492
            ]
        ]
    }
]