[
    {
        "jobnum": 40, 
        "model": {
            "L2_reg": 0.347501441890816, 
            "conv_width": 10, 
            "fp_depth": 1, 
            "fp_length": 33, 
            "h1_size": 65, 
            "net_type": "conv_plus_net"
        }, 
        "num_records": 20, 
        "task": {
            "name": "delaney", 
            "test_slices": [
                [
                    0, 
                    224
                ]
            ], 
            "train_slices": [
                [
                    449, 
                    674
                ], 
                [
                    674, 
                    899
                ], 
                [
                    899, 
                    1124
                ]
            ]
        }, 
        "train": {
            "batch_size": 100, 
            "init_scale": 0.002665622782230825, 
            "num_iters": 10000, 
            "seed": 1, 
            "step_size": 0.010009448533327012
        }, 
        "varied_params": {
            "conv_width": 10.208502768983294, 
            "fp_depth": 1.0397105732766985, 
            "fp_length": 32.591776426194485, 
            "h1_size": 64.65101422538984, 
            "log_L2_reg": -1.0569864646598095, 
            "log_init_scale": -5.927317559273012, 
            "log_step_size": -4.604225778748328
        }
    }, 
    {
        "host_name": "papaschlumpf", 
        "minutes_duration": 127.57159146467845, 
        "timestamp": "2021-07-09 17:15:53.718235", 
        "training_curve": [
            [
                0, 
                4.453408835617501, 
                4.833768919350971
            ], 
            [
                526, 
                0.27103955302877536, 
                0.5034701790392193
            ], 
            [
                1052, 
                0.2010511467212953, 
                0.41418241003319345
            ], 
            [
                1578, 
                0.1584594372009968, 
                0.45135870768245084
            ], 
            [
                2105, 
                0.17109578830404618, 
                0.5527556530083088
            ], 
            [
                2631, 
                0.15296652199898095, 
                0.4878736055455023
            ], 
            [
                3157, 
                0.1872958819696188, 
                0.5186129735792587
            ], 
            [
                3683, 
                0.14661009086354265, 
                0.4828766566728565
            ], 
            [
                4210, 
                0.14456602171798355, 
                0.585789674922044
            ], 
            [
                4736, 
                0.16899100749791315, 
                0.6165412729017801
            ], 
            [
                5262, 
                0.1281455928449651, 
                0.4695068293714039
            ], 
            [
                5788, 
                0.1440480893857742, 
                0.4956396706547223
            ], 
            [
                6315, 
                0.1699058737364031, 
                0.5224929621727964
            ], 
            [
                6841, 
                0.12416211786216552, 
                0.5127942997898971
            ], 
            [
                7367, 
                0.10656832499107395, 
                0.5296570102927264
            ], 
            [
                7893, 
                0.11921609590010672, 
                0.5707010576590498
            ], 
            [
                8420, 
                0.101868855137786, 
                0.4978355282037678
            ], 
            [
                8946, 
                0.1269664965032529, 
                0.5174838426528579
            ], 
            [
                9472, 
                0.0933863302978152, 
                0.5113862725961986
            ], 
            [
                9999, 
                0.09267688545302794, 
                0.5186024573557303
            ]
        ]
    }
]