[
    {
        "jobnum": 40, 
        "model": {
            "L2_reg": 0.347501441890816, 
            "conv_width": 10, 
            "fp_depth": 1, 
            "fp_length": 33, 
            "h1_size": 65, 
            "net_type": "conv_plus_linear"
        }, 
        "num_records": 20, 
        "task": {
            "name": "delaney", 
            "test_slices": [
                [
                    0, 
                    224
                ]
            ], 
            "train_slices": [
                [
                    449, 
                    674
                ], 
                [
                    674, 
                    899
                ], 
                [
                    899, 
                    1124
                ]
            ]
        }, 
        "train": {
            "batch_size": 100, 
            "init_scale": 0.002665622782230825, 
            "num_iters": 10000, 
            "seed": 1, 
            "step_size": 0.010009448533327012
        }, 
        "varied_params": {
            "conv_width": 10.208502768983294, 
            "fp_depth": 1.0397105732766985, 
            "fp_length": 32.591776426194485, 
            "h1_size": 64.65101422538984, 
            "log_L2_reg": -1.0569864646598095, 
            "log_init_scale": -5.927317559273012, 
            "log_step_size": -4.604225778748328
        }
    }, 
    {
        "host_name": "schlaubi", 
        "minutes_duration": 79.75604924758275, 
        "timestamp": "2021-07-09 20:24:23.306248", 
        "training_curve": [
            [
                0, 
                4.432457611663162, 
                4.8115564852415185
            ], 
            [
                526, 
                0.44390299313420506, 
                0.613509296502618
            ], 
            [
                1052, 
                0.38004190842263347, 
                0.6069916344616668
            ], 
            [
                1578, 
                0.34467061250675546, 
                0.6572498199083175
            ], 
            [
                2105, 
                0.36169617389464, 
                0.7298346922066753
            ], 
            [
                2631, 
                0.34371815503634423, 
                0.6872745822897693
            ], 
            [
                3157, 
                0.3527697231435416, 
                0.6465070821525487
            ], 
            [
                3683, 
                0.37714042524428776, 
                0.6595393840017396
            ], 
            [
                4210, 
                0.3177401401532909, 
                0.6362797521991624
            ], 
            [
                4736, 
                0.3765938145337991, 
                0.9055074365817898
            ], 
            [
                5262, 
                0.376144863676631, 
                0.8800099480717233
            ], 
            [
                5788, 
                0.30763003066506567, 
                0.8012720965460991
            ], 
            [
                6315, 
                0.3631771488139639, 
                0.9151892129056761
            ], 
            [
                6841, 
                0.2606362576063535, 
                0.7918728378162984
            ], 
            [
                7367, 
                0.2663187080513434, 
                0.8332339300098174
            ], 
            [
                7893, 
                0.2787936089419781, 
                0.9286773230389415
            ], 
            [
                8420, 
                0.2676620160831454, 
                0.7526152106872962
            ], 
            [
                8946, 
                0.2582735323687402, 
                0.7577943035813306
            ], 
            [
                9472, 
                0.3891992376305529, 
                0.764791087698911
            ], 
            [
                9999, 
                0.26396315267255144, 
                0.8597975484201636
            ]
        ]
    }
]