[
    {
        "jobnum": 43, 
        "model": {
            "L2_reg": 0.004742509371469441, 
            "conv_width": 8, 
            "fp_depth": 2, 
            "fp_length": 31, 
            "h1_size": 89, 
            "net_type": "conv_plus_linear"
        }, 
        "num_records": 20, 
        "task": {
            "name": "malaria", 
            "test_slices": [
                [
                    0, 
                    2000
                ]
            ], 
            "train_slices": [
                [
                    4000, 
                    6000
                ], 
                [
                    6000, 
                    8000
                ], 
                [
                    8000, 
                    10000
                ]
            ]
        }, 
        "train": {
            "batch_size": 100, 
            "init_scale": 0.10929455225786909, 
            "num_iters": 10000, 
            "seed": 1, 
            "step_size": 0.0012716762182269788
        }, 
        "varied_params": {
            "conv_width": 8.48351213256414, 
            "fp_depth": 2.221723514241422, 
            "fp_length": 30.838615092894095, 
            "h1_size": 88.70236663493193, 
            "log_L2_reg": -5.351188880096026, 
            "log_init_scale": -2.213708727147301, 
            "log_step_size": -6.667419391885432
        }
    }, 
    {
        "host_name": "clumsy", 
        "minutes_duration": 20.671226648489633, 
        "timestamp": "2021-08-31 08:33:31.245178", 
        "training_curve": [
            [
                0, 
                18.101131163584192, 
                17.665740142713016
            ], 
            [
                526, 
                1.3741780611758656, 
                1.449193937213582
            ], 
            [
                1052, 
                1.275373276597554, 
                1.3519202878154146
            ], 
            [
                1578, 
                1.213197894898595, 
                1.2897137439664275
            ], 
            [
                2105, 
                1.1855102364043897, 
                1.2668920356510185
            ], 
            [
                2631, 
                1.1579115985937884, 
                1.2479402112103128
            ], 
            [
                3157, 
                1.1567401437592544, 
                1.2505558040707088
            ], 
            [
                3683, 
                1.1181085588072686, 
                1.2164852793543557
            ], 
            [
                4210, 
                1.112628565603142, 
                1.215575075814621
            ], 
            [
                4736, 
                1.1106309929821254, 
                1.2150754191071593
            ], 
            [
                5262, 
                1.1155656747689269, 
                1.2213338598897727
            ], 
            [
                5788, 
                1.0943901448480655, 
                1.2051520767700807
            ], 
            [
                6315, 
                1.0819777311787122, 
                1.1982011869327438
            ], 
            [
                6841, 
                1.0773735862639955, 
                1.2003397191307241
            ], 
            [
                7367, 
                1.0688890154623634, 
                1.1947204195164784
            ], 
            [
                7893, 
                1.0646146439630548, 
                1.1939835633185192
            ], 
            [
                8420, 
                1.0572499058961022, 
                1.1938507296765644
            ], 
            [
                8946, 
                1.0838249536249964, 
                1.2303895226744428
            ], 
            [
                9472, 
                1.0555762280696583, 
                1.2040030211198767
            ], 
            [
                9999, 
                1.0594577301859354, 
                1.2076121956108992
            ]
        ]
    }
]