[
    {
        "jobnum": 43, 
        "model": {
            "L2_reg": 0.004742509371469441, 
            "conv_width": 8, 
            "fp_depth": 2, 
            "fp_length": 150, 
            "h1_size": 89, 
            "net_type": "morgan_plus_net"
        }, 
        "num_records": 20, 
        "task": {
            "name": "malaria", 
            "test_slices": [
                [
                    0, 
                    2000
                ]
            ], 
            "train_slices": [
                [
                    4000, 
                    6000
                ], 
                [
                    6000, 
                    8000
                ], 
                [
                    8000, 
                    10000
                ]
            ]
        }, 
        "train": {
            "batch_size": 100, 
            "init_scale": 0.10929455225786909, 
            "num_iters": 10000, 
            "seed": 1, 
            "step_size": 0.0012716762182269788
        }, 
        "varied_params": {
            "conv_width": 8.48351213256414, 
            "fp_depth": 2.221723514241422, 
            "fp_length": 149.54753583604685, 
            "h1_size": 88.70236663493193, 
            "log_L2_reg": -5.351188880096026, 
            "log_init_scale": -2.213708727147301, 
            "log_step_size": -6.667419391885432
        }
    }, 
    {
        "host_name": "clumsy", 
        "minutes_duration": 1.6708271702130635, 
        "timestamp": "2021-08-31 09:59:25.099521", 
        "training_curve": [
            [
                0, 
                1.6359834208978223, 
                1.6909228636072995
            ], 
            [
                526, 
                0.74032488294099, 
                1.1800223725078032
            ], 
            [
                1052, 
                0.42899398711320014, 
                1.2277848171530699
            ], 
            [
                1578, 
                0.27952477839412554, 
                1.313502823870875
            ], 
            [
                2105, 
                0.20024388592668538, 
                1.3801796658468979
            ], 
            [
                2631, 
                0.15148428532281083, 
                1.4637611296849726
            ], 
            [
                3157, 
                0.1271357855196525, 
                1.534431155891111
            ], 
            [
                3683, 
                0.10910993155963448, 
                1.5832622171482453
            ], 
            [
                4210, 
                0.10524976888385558, 
                1.6412971721400544
            ], 
            [
                4736, 
                0.09400587131887665, 
                1.7058861940513235
            ], 
            [
                5262, 
                0.11368527358709574, 
                1.7690937753852722
            ], 
            [
                5788, 
                0.10694041148467194, 
                1.8176604112885315
            ], 
            [
                6315, 
                0.22006066529260007, 
                1.8614643142710878
            ], 
            [
                6841, 
                0.19447995411597946, 
                1.8292457764445538
            ], 
            [
                7367, 
                0.1731046183093753, 
                1.8304441864262708
            ], 
            [
                7893, 
                0.20937375161070143, 
                1.8710208976811789
            ], 
            [
                8420, 
                0.29487100907831004, 
                1.9442793014412305
            ], 
            [
                8946, 
                0.3749950282690552, 
                1.9608302293906126
            ], 
            [
                9472, 
                0.1386270922252928, 
                1.7596888503246715
            ], 
            [
                9999, 
                0.09412806258396424, 
                1.7666313040289332
            ]
        ]
    }
]