[
    {
        "jobnum": 45, 
        "model": {
            "L2_reg": 0.2141561902048797, 
            "conv_width": 16, 
            "fp_depth": 4, 
            "fp_length": 46, 
            "h1_size": 62, 
            "net_type": "conv_plus_linear"
        }, 
        "num_records": 20, 
        "task": {
            "name": "delaney", 
            "test_slices": [
                [
                    0, 
                    224
                ]
            ], 
            "train_slices": [
                [
                    449, 
                    674
                ], 
                [
                    674, 
                    899
                ], 
                [
                    899, 
                    1124
                ]
            ]
        }, 
        "train": {
            "batch_size": 100, 
            "init_scale": 0.07998379741249519, 
            "num_iters": 10000, 
            "seed": 1, 
            "step_size": 0.001803831738055543
        }, 
        "varied_params": {
            "conv_width": 15.905663940669925, 
            "fp_depth": 3.5816535214863814, 
            "fp_length": 46.27672538673604, 
            "h1_size": 62.26836049264224, 
            "log_L2_reg": -1.5410496694086646, 
            "log_init_scale": -2.5259311971645104, 
            "log_step_size": -6.317842133279607
        }
    }, 
    {
        "host_name": "papaschlumpf", 
        "minutes_duration": 25.472841016451518, 
        "timestamp": "2021-08-05 15:54:15.967392", 
        "training_curve": [
            [
                0, 
                4.45582080505101, 
                4.8417898652547695
            ], 
            [
                526, 
                0.26116765691974125, 
                0.5589918625800859
            ], 
            [
                1052, 
                0.18011782542207827, 
                0.590047274595241
            ], 
            [
                1578, 
                0.13458993264395783, 
                0.6628526572183893
            ], 
            [
                2105, 
                0.12110261387766463, 
                0.7177310490561278
            ], 
            [
                2631, 
                0.1224347305619199, 
                0.7436338145367763
            ], 
            [
                3157, 
                0.10515898334896401, 
                0.7731560749519396
            ], 
            [
                3683, 
                0.09359851522940682, 
                0.7657327208242759
            ], 
            [
                4210, 
                0.10593947891705874, 
                0.8326794881672759
            ], 
            [
                4736, 
                0.1140018959530327, 
                0.8133195978853272
            ], 
            [
                5262, 
                0.12000218501635158, 
                0.8283590877665441
            ], 
            [
                5788, 
                0.10186239058926061, 
                0.8311595034022484
            ], 
            [
                6315, 
                0.09708309783626058, 
                0.8656739160849349
            ], 
            [
                6841, 
                0.09546930336075628, 
                0.8331758951394957
            ], 
            [
                7367, 
                0.11271873703854798, 
                0.833672966707215
            ], 
            [
                7893, 
                0.10097155818731732, 
                0.8015297316626121
            ], 
            [
                8420, 
                0.09123346365971349, 
                0.8199580376723886
            ], 
            [
                8946, 
                0.08826184694900022, 
                0.8312192879051439
            ], 
            [
                9472, 
                0.09584311576043134, 
                0.8290785495420201
            ], 
            [
                9999, 
                0.09546483962769167, 
                0.8664757758308201
            ]
        ]
    }
]