[
    {
        "jobnum": 45, 
        "model": {
            "L2_reg": 0.2141561902048797, 
            "conv_width": 16, 
            "fp_depth": 4, 
            "fp_length": 288, 
            "h1_size": 62, 
            "net_type": "morgan_plus_linear"
        }, 
        "num_records": 20, 
        "task": {
            "name": "delaney", 
            "test_slices": [
                [
                    0, 
                    224
                ]
            ], 
            "train_slices": [
                [
                    449, 
                    674
                ], 
                [
                    674, 
                    899
                ], 
                [
                    899, 
                    1124
                ]
            ]
        }, 
        "train": {
            "batch_size": 100, 
            "init_scale": 0.07998379741249519, 
            "num_iters": 10000, 
            "seed": 1, 
            "step_size": 0.001803831738055543
        }, 
        "varied_params": {
            "conv_width": 15.905663940669925, 
            "fp_depth": 3.5816535214863814, 
            "fp_length": 288.49052848062433, 
            "h1_size": 62.26836049264224, 
            "log_L2_reg": -1.5410496694086646, 
            "log_init_scale": -2.5259311971645104, 
            "log_step_size": -6.317842133279607
        }
    }, 
    {
        "host_name": "handy", 
        "minutes_duration": 0.37840153376261393, 
        "timestamp": "2021-07-09 16:01:02.978448", 
        "training_curve": [
            [
                0, 
                5.776852720687442, 
                6.301669316968705
            ], 
            [
                526, 
                1.0174476689364256, 
                1.7281555030521163
            ], 
            [
                1052, 
                0.8650411944923713, 
                2.120687667539516
            ], 
            [
                1578, 
                0.8321011014911791, 
                2.380538795533141
            ], 
            [
                2105, 
                0.8220413250475122, 
                2.5273069656502245
            ], 
            [
                2631, 
                0.8183893928869549, 
                2.6064988693954065
            ], 
            [
                3157, 
                0.816997146235629, 
                2.6486734123482156
            ], 
            [
                3683, 
                0.816502407564803, 
                2.671403751789191
            ], 
            [
                4210, 
                0.8161125795762734, 
                2.6882126217956457
            ], 
            [
                4736, 
                0.8158893935734735, 
                2.701126453540482
            ], 
            [
                5262, 
                0.8157269562333844, 
                2.7060685362220407
            ], 
            [
                5788, 
                0.8155853988509698, 
                2.7099711498680077
            ], 
            [
                6315, 
                0.8158017379089669, 
                2.7070349131240476
            ], 
            [
                6841, 
                0.815764803642027, 
                2.7094121497903068
            ], 
            [
                7367, 
                0.8157073992853704, 
                2.71103628050872
            ], 
            [
                7893, 
                0.8156523545113974, 
                2.715383105132728
            ], 
            [
                8420, 
                0.8154998004814328, 
                2.71540054140525
            ], 
            [
                8946, 
                0.815571785887272, 
                2.7134133963583733
            ], 
            [
                9472, 
                0.8157457091580798, 
                2.7106257244083025
            ], 
            [
                9999, 
                0.8156852752553599, 
                2.7124587952054
            ]
        ]
    }
]