[
    {
        "jobnum": 46, 
        "model": {
            "L2_reg": 0.020180170682639154, 
            "conv_width": 15, 
            "fp_depth": 2, 
            "fp_length": 717, 
            "h1_size": 53, 
            "net_type": "morgan_plus_net"
        }, 
        "num_records": 20, 
        "task": {
            "name": "cep", 
            "test_slices": [
                [
                    0, 
                    4000
                ]
            ], 
            "train_slices": [
                [
                    8000, 
                    12000
                ], 
                [
                    12000, 
                    16000
                ], 
                [
                    16000, 
                    20000
                ]
            ]
        }, 
        "train": {
            "batch_size": 100, 
            "init_scale": 0.04353999289632197, 
            "num_iters": 10000, 
            "seed": 1, 
            "step_size": 0.0011209200450781197
        }, 
        "varied_params": {
            "conv_width": 15.249220033215206, 
            "fp_depth": 2.3684217004014387, 
            "fp_length": 717.190449203968, 
            "h1_size": 52.768716021059895, 
            "log_L2_reg": -3.903054806082574, 
            "log_init_scale": -3.1340753863286666, 
            "log_step_size": -6.79360546207623
        }
    }, 
    {
        "host_name": "clumsy", 
        "minutes_duration": 4.810923516750336, 
        "timestamp": "2021-09-05 04:48:07.403913", 
        "training_curve": [
            [
                0, 
                6.547150707831277, 
                6.524697179962754
            ], 
            [
                526, 
                1.7813973962255532, 
                2.1118510441677407
            ], 
            [
                1052, 
                1.3604291589156698, 
                2.0548368907322696
            ], 
            [
                1578, 
                0.9622633394591193, 
                1.9668864203633525
            ], 
            [
                2105, 
                0.7226549739735805, 
                1.9585021298758833
            ], 
            [
                2631, 
                0.5836785560481607, 
                2.0289440615627474
            ], 
            [
                3157, 
                0.48082500496650454, 
                2.1355147906481515
            ], 
            [
                3683, 
                0.4573014184859718, 
                2.2442454649665033
            ], 
            [
                4210, 
                0.3941583484186939, 
                2.277596907272982
            ], 
            [
                4736, 
                0.376223356203138, 
                2.387524888059806
            ], 
            [
                5262, 
                0.4273624025542641, 
                2.52903618317886
            ], 
            [
                5788, 
                0.3914714506837958, 
                2.604010044479536
            ], 
            [
                6315, 
                0.5294502012553691, 
                2.7721411514398016
            ], 
            [
                6841, 
                0.8381479708066093, 
                3.066084208368799
            ], 
            [
                7367, 
                0.6880560701503033, 
                2.809253061851883
            ], 
            [
                7893, 
                0.4423247250334339, 
                2.5965292737098835
            ], 
            [
                8420, 
                0.47024705059806304, 
                2.701473332408925
            ], 
            [
                8946, 
                0.5072722231855211, 
                2.688380386134385
            ], 
            [
                9472, 
                0.4752092353324341, 
                2.790866357152521
            ], 
            [
                9999, 
                0.6018754666521298, 
                2.924204362194178
            ]
        ]
    }
]