[
    {
        "jobnum": 47, 
        "model": {
            "L2_reg": 1.3611965082644966, 
            "conv_width": 15, 
            "fp_depth": 1, 
            "fp_length": 801, 
            "h1_size": 69, 
            "net_type": "mean"
        }, 
        "num_records": 20, 
        "task": {
            "name": "malaria", 
            "test_slices": [
                [
                    0, 
                    2000
                ]
            ], 
            "train_slices": [
                [
                    4000, 
                    6000
                ], 
                [
                    6000, 
                    8000
                ], 
                [
                    8000, 
                    10000
                ]
            ]
        }, 
        "train": {
            "batch_size": 100, 
            "init_scale": 0.006038315193652891, 
            "num_iters": 10000, 
            "seed": 1, 
            "step_size": 0.0006923657835521159
        }, 
        "varied_params": {
            "conv_width": 15.45495862587481, 
            "fp_depth": 1.170544229299721, 
            "fp_length": 800.9249591086322, 
            "h1_size": 68.99634779500602, 
            "log_L2_reg": 0.3083640984521496, 
            "log_init_scale": -5.109630247395012, 
            "log_step_size": -7.275396153052387
        }
    }, 
    {
        "host_name": "hefty", 
        "minutes_duration": 0.04171566565831502, 
        "timestamp": "2021-08-31 10:08:40.907502", 
        "training_curve": [
            [
                0, 
                1.4379381809948868, 
                1.510042293106608
            ], 
            [
                526, 
                1.4378014524149685, 
                1.5099474306599405
            ], 
            [
                1052, 
                1.4378017574133586, 
                1.5099392515084142
            ], 
            [
                1578, 
                1.4378001300102197, 
                1.5099403827767472
            ], 
            [
                2105, 
                1.4377998773311345, 
                1.5099413813777014
            ], 
            [
                2631, 
                1.437802856251514, 
                1.5099503426032743
            ], 
            [
                3157, 
                1.4378000376464741, 
                1.5099433129343194
            ], 
            [
                3683, 
                1.4378017519777964, 
                1.5099392524211304
            ], 
            [
                4210, 
                1.4378000988344908, 
                1.5099404510833172
            ], 
            [
                4736, 
                1.4378010931872802, 
                1.5099465845648374
            ], 
            [
                5262, 
                1.4378018784954598, 
                1.5099483674124592
            ], 
            [
                5788, 
                1.4378019403728426, 
                1.5099392258541386
            ], 
            [
                6315, 
                1.437799945571535, 
                1.5099409294728847
            ], 
            [
                6841, 
                1.4377998604880584, 
                1.5099417587852617
            ], 
            [
                7367, 
                1.4378024586504021, 
                1.5099495626124722
            ], 
            [
                7893, 
                1.4378012578781942, 
                1.509939379427065
            ], 
            [
                8420, 
                1.4378008475160353, 
                1.5099395754360745
            ], 
            [
                8946, 
                1.4377998677665298, 
                1.5099415144198987
            ], 
            [
                9472, 
                1.4378024946983414, 
                1.5099496344845347
            ], 
            [
                9999, 
                1.4378011723380713, 
                1.5099467765235275
            ]
        ]
    }
]