[
    {
        "jobnum": 47, 
        "model": {
            "L2_reg": 1.3611965082644966, 
            "conv_width": 15, 
            "fp_depth": 1, 
            "fp_length": 801, 
            "h1_size": 69, 
            "net_type": "mean"
        }, 
        "num_records": 20, 
        "task": {
            "name": "delaney", 
            "test_slices": [
                [
                    0, 
                    224
                ]
            ], 
            "train_slices": [
                [
                    449, 
                    674
                ], 
                [
                    674, 
                    899
                ], 
                [
                    899, 
                    1124
                ]
            ]
        }, 
        "train": {
            "batch_size": 100, 
            "init_scale": 0.006038315193652891, 
            "num_iters": 10000, 
            "seed": 1, 
            "step_size": 0.0006923657835521159
        }, 
        "varied_params": {
            "conv_width": 15.45495862587481, 
            "fp_depth": 1.170544229299721, 
            "fp_length": 800.9249591086322, 
            "h1_size": 68.99634779500602, 
            "log_L2_reg": 0.3083640984521496, 
            "log_init_scale": -5.109630247395012, 
            "log_step_size": -7.275396153052387
        }
    }, 
    {
        "host_name": "clumsy", 
        "minutes_duration": 0.10029576619466146, 
        "timestamp": "2021-07-09 20:40:53.620712", 
        "training_curve": [
            [
                0, 
                4.453932898748339, 
                4.835774702448504
            ], 
            [
                526, 
                4.453569330624672, 
                4.834565245716632
            ], 
            [
                1052, 
                4.4535680838355365, 
                4.834558795992914
            ], 
            [
                1578, 
                4.4535679132747905, 
                4.83455790972081
            ], 
            [
                2105, 
                4.453566675552136, 
                4.834551449152834
            ], 
            [
                2631, 
                4.453564117638272, 
                4.8345379302958005
            ], 
            [
                3157, 
                4.453564815288143, 
                4.834541640378999
            ], 
            [
                3683, 
                4.453568196996832, 
                4.834559383475279
            ], 
            [
                4210, 
                4.453567918502387, 
                4.834557936898855
            ], 
            [
                4736, 
                4.4535688515816005, 
                4.834562773560184
            ], 
            [
                5262, 
                4.453566678203128, 
                4.834551463045516
            ], 
            [
                5788, 
                4.453564119089902, 
                4.83453793803376
            ], 
            [
                6315, 
                4.453568197507375, 
                4.834559386124833
            ], 
            [
                6841, 
                4.45356808973387, 
                4.834558826624812
            ], 
            [
                7367, 
                4.453567918801528, 
                4.834557938454047
            ], 
            [
                7893, 
                4.453568851756745, 
                4.8345627744653905
            ], 
            [
                8420, 
                4.453564119144838, 
                4.834537938326597
            ], 
            [
                8946, 
                4.453564816151683, 
                4.834541644960465
            ], 
            [
                9472, 
                4.45356819754415, 
                4.8345593863156795
            ], 
            [
                9999, 
                4.453567918813642, 
                4.83455793851703
            ]
        ]
    }
]