[
    {
        "jobnum": 48, 
        "model": {
            "L2_reg": 0.27274910970183186, 
            "conv_width": 11, 
            "fp_depth": 2, 
            "fp_length": 215, 
            "h1_size": 63, 
            "net_type": "mean"
        }, 
        "num_records": 20, 
        "task": {
            "name": "delaney", 
            "test_slices": [
                [
                    0, 
                    224
                ]
            ], 
            "train_slices": [
                [
                    449, 
                    674
                ], 
                [
                    674, 
                    899
                ], 
                [
                    899, 
                    1124
                ]
            ]
        }, 
        "train": {
            "batch_size": 100, 
            "init_scale": 0.021505995225448587, 
            "num_iters": 10000, 
            "seed": 1, 
            "step_size": 0.0014963186088583652
        }, 
        "varied_params": {
            "conv_width": 10.56279198826833, 
            "fp_depth": 1.818465707273401, 
            "fp_length": 214.63071442712476, 
            "h1_size": 62.97112821726775, 
            "log_L2_reg": -1.2992029184288878, 
            "log_init_scale": -3.8394235350240296, 
            "log_step_size": -6.504747448269754
        }
    }, 
    {
        "host_name": "schlaubi", 
        "minutes_duration": 0.09757568438847859, 
        "timestamp": "2021-07-09 20:40:55.507241", 
        "training_curve": [
            [
                0, 
                4.458939185498362, 
                4.84432803495703
            ], 
            [
                526, 
                4.453569632782815, 
                4.834566801255265
            ], 
            [
                1052, 
                4.45356942529328, 
                4.834565733392964
            ], 
            [
                1578, 
                4.4535690605787766, 
                4.834563853022475
            ], 
            [
                2105, 
                4.453566368836821, 
                4.8345498401721
            ], 
            [
                2631, 
                4.453560920123107, 
                4.834520695066629
            ], 
            [
                3157, 
                4.453562391862201, 
                4.834528676099362
            ], 
            [
                3683, 
                4.453569670761728, 
                4.834566996568567
            ], 
            [
                4210, 
                4.453569066654392, 
                4.834563884381713
            ], 
            [
                4736, 
                4.453571106402217, 
                4.834574346365918
            ], 
            [
                5262, 
                4.453566371005859, 
                4.834549851561854
            ], 
            [
                5788, 
                4.453560920458918, 
                4.834520696897306
            ], 
            [
                6315, 
                4.4535696714095065, 
                4.834566999899486
            ], 
            [
                6841, 
                4.453569439421234, 
                4.834565806147225
            ], 
            [
                7367, 
                4.453569067008869, 
                4.834563886211304
            ], 
            [
                7893, 
                4.453571106647037, 
                4.834574347613823
            ], 
            [
                8420, 
                4.453560920471733, 
                4.834520696967163
            ], 
            [
                8946, 
                4.453562392202889, 
                4.834528677937228
            ], 
            [
                9472, 
                4.453569671456243, 
                4.834567000139813
            ], 
            [
                9999, 
                4.453569067023233, 
                4.83456388628545
            ]
        ]
    }
]