[
    {
        "jobnum": 48, 
        "model": {
            "L2_reg": 0.27274910970183186, 
            "conv_width": 11, 
            "fp_depth": 2, 
            "fp_length": 215, 
            "h1_size": 63, 
            "net_type": "morgan_plus_linear"
        }, 
        "num_records": 20, 
        "task": {
            "name": "delaney", 
            "test_slices": [
                [
                    0, 
                    224
                ]
            ], 
            "train_slices": [
                [
                    449, 
                    674
                ], 
                [
                    674, 
                    899
                ], 
                [
                    899, 
                    1124
                ]
            ]
        }, 
        "train": {
            "batch_size": 100, 
            "init_scale": 0.021505995225448587, 
            "num_iters": 10000, 
            "seed": 1, 
            "step_size": 0.0014963186088583652
        }, 
        "varied_params": {
            "conv_width": 10.56279198826833, 
            "fp_depth": 1.818465707273401, 
            "fp_length": 214.63071442712476, 
            "h1_size": 62.97112821726775, 
            "log_L2_reg": -1.2992029184288878, 
            "log_init_scale": -3.8394235350240296, 
            "log_step_size": -6.504747448269754
        }
    }, 
    {
        "host_name": "handy", 
        "minutes_duration": 0.350197168191274, 
        "timestamp": "2021-07-09 16:02:31.822062", 
        "training_curve": [
            [
                0, 
                4.432514704248625, 
                4.908805387083518
            ], 
            [
                526, 
                1.4091585011290109, 
                2.2811348756180245
            ], 
            [
                1052, 
                1.25813946062382, 
                2.412735268758731
            ], 
            [
                1578, 
                1.2255515535071448, 
                2.4967795319116144
            ], 
            [
                2105, 
                1.2159314932843566, 
                2.5361716255160087
            ], 
            [
                2631, 
                1.2125255108230764, 
                2.553369908448565
            ], 
            [
                3157, 
                1.2112879207823335, 
                2.5603180688715446
            ], 
            [
                3683, 
                1.2107667196271341, 
                2.5628671369849
            ], 
            [
                4210, 
                1.2105408922965746, 
                2.5628913266150732
            ], 
            [
                4736, 
                1.2103896127849476, 
                2.563503182328833
            ], 
            [
                5262, 
                1.2102688253584974, 
                2.5638754642931962
            ], 
            [
                5788, 
                1.2101533971376421, 
                2.5645804719351197
            ], 
            [
                6315, 
                1.2102577511452837, 
                2.564464749370869
            ], 
            [
                6841, 
                1.2102706569294934, 
                2.5641230265721076
            ], 
            [
                7367, 
                1.2102788616633635, 
                2.5633960541664154
            ], 
            [
                7893, 
                1.2102524981908251, 
                2.563622244830774
            ], 
            [
                8420, 
                1.210113869312856, 
                2.564543556429796
            ], 
            [
                8946, 
                1.2101884138148207, 
                2.5646185134054655
            ], 
            [
                9472, 
                1.2102350389205312, 
                2.5644152277542713
            ], 
            [
                9999, 
                1.2102716148929926, 
                2.5633658815877753
            ]
        ]
    }
]