[
    {
        "jobnum": 48, 
        "model": {
            "L2_reg": 0.27274910970183186, 
            "conv_width": 11, 
            "fp_depth": 2, 
            "fp_length": 38, 
            "h1_size": 63, 
            "net_type": "conv_plus_net"
        }, 
        "num_records": 20, 
        "task": {
            "name": "malaria", 
            "test_slices": [
                [
                    0, 
                    2000
                ]
            ], 
            "train_slices": [
                [
                    4000, 
                    6000
                ], 
                [
                    6000, 
                    8000
                ], 
                [
                    8000, 
                    10000
                ]
            ]
        }, 
        "train": {
            "batch_size": 100, 
            "init_scale": 0.021505995225448587, 
            "num_iters": 10000, 
            "seed": 1, 
            "step_size": 0.0014963186088583652
        }, 
        "varied_params": {
            "conv_width": 10.56279198826833, 
            "fp_depth": 1.818465707273401, 
            "fp_length": 38.07007938079164, 
            "h1_size": 62.97112821726775, 
            "log_L2_reg": -1.2992029184288878, 
            "log_init_scale": -3.8394235350240296, 
            "log_step_size": -6.504747448269754
        }
    }, 
    {
        "host_name": "hefty", 
        "minutes_duration": 22.57233171860377, 
        "timestamp": "2021-08-31 01:56:48.287506", 
        "training_curve": [
            [
                0, 
                1.4373899977469282, 
                1.5091646969461465
            ], 
            [
                526, 
                1.1816434366786552, 
                1.245328921785542
            ], 
            [
                1052, 
                1.1223163770401599, 
                1.1820828653811377
            ], 
            [
                1578, 
                1.0811043872772235, 
                1.1904647777767128
            ], 
            [
                2105, 
                1.0765647412875767, 
                1.2080442960433724
            ], 
            [
                2631, 
                1.043860294622358, 
                1.19406999237224
            ], 
            [
                3157, 
                1.0264797082724935, 
                1.154750504297966
            ], 
            [
                3683, 
                1.0097390598027496, 
                1.156412485470013
            ], 
            [
                4210, 
                1.0099795202381183, 
                1.2051248859021868
            ], 
            [
                4736, 
                0.9957632681795143, 
                1.1885088958982089
            ], 
            [
                5262, 
                0.9984476288402974, 
                1.190723834677455
            ], 
            [
                5788, 
                0.9640361192682143, 
                1.1472625804174885
            ], 
            [
                6315, 
                0.9595115360740866, 
                1.2030388859463392
            ], 
            [
                6841, 
                0.9487101023517289, 
                1.1996032956416358
            ], 
            [
                7367, 
                0.9466844004245345, 
                1.18984252157957
            ], 
            [
                7893, 
                0.9391279635906041, 
                1.1587812527332986
            ], 
            [
                8420, 
                0.9125930758003581, 
                1.1752301337575055
            ], 
            [
                8946, 
                0.9181555356325886, 
                1.2206742197422387
            ], 
            [
                9472, 
                0.9139420513261134, 
                1.2036516367540302
            ], 
            [
                9999, 
                0.9229279504743492, 
                1.1919010600997022
            ]
        ]
    }
]