[
    {
        "jobnum": 49, 
        "model": {
            "L2_reg": 0.004587828667129028, 
            "conv_width": 10, 
            "fp_depth": 3, 
            "fp_length": 81, 
            "h1_size": 52, 
            "net_type": "conv_plus_linear"
        }, 
        "num_records": 20, 
        "task": {
            "name": "delaney", 
            "test_slices": [
                [
                    0, 
                    224
                ]
            ], 
            "train_slices": [
                [
                    449, 
                    674
                ], 
                [
                    674, 
                    899
                ], 
                [
                    899, 
                    1124
                ]
            ]
        }, 
        "train": {
            "batch_size": 100, 
            "init_scale": 0.002915443393109303, 
            "num_iters": 10000, 
            "seed": 1, 
            "step_size": 0.008223030517877953
        }, 
        "varied_params": {
            "conv_width": 9.602151493177942, 
            "fp_depth": 2.5565054464945782, 
            "fp_length": 80.68481026911405, 
            "h1_size": 52.2306150627057, 
            "log_L2_reg": -5.384348424106938, 
            "log_init_scale": -5.837733363333701, 
            "log_step_size": -4.8008164617175275
        }
    }, 
    {
        "host_name": "papaschlumpf", 
        "minutes_duration": 40.34482736587525, 
        "timestamp": "2021-08-05 16:34:40.743477", 
        "training_curve": [
            [
                0, 
                4.4942786520676945, 
                4.878017080699777
            ], 
            [
                526, 
                0.30529752499751, 
                0.5674927258920681
            ], 
            [
                1052, 
                0.4117212143797025, 
                0.676498162595296
            ], 
            [
                1578, 
                0.20103462636616268, 
                0.6388903060072345
            ], 
            [
                2105, 
                0.13935736149788455, 
                0.5962891791345042
            ], 
            [
                2631, 
                0.19461365363375704, 
                0.6691076506278316
            ], 
            [
                3157, 
                0.13876599839232068, 
                0.6026870111166006
            ], 
            [
                3683, 
                0.14235597191103455, 
                0.7055551042945938
            ], 
            [
                4210, 
                0.1165844957436768, 
                0.6383810608285695
            ], 
            [
                4736, 
                0.12981905745371905, 
                0.6438052740757269
            ], 
            [
                5262, 
                0.22089790998565195, 
                0.7204751586717618
            ], 
            [
                5788, 
                0.13017998491566324, 
                0.6622777598436139
            ], 
            [
                6315, 
                0.17776703672104308, 
                0.7973639120580387
            ], 
            [
                6841, 
                0.2218529156679243, 
                0.6733735374047859
            ], 
            [
                7367, 
                0.15814291560366264, 
                0.6472613126548739
            ], 
            [
                7893, 
                0.14095179431601418, 
                0.6791148368062097
            ], 
            [
                8420, 
                0.10244255251707071, 
                0.6506195501851595
            ], 
            [
                8946, 
                0.13686187043822026, 
                0.6668144960426202
            ], 
            [
                9472, 
                0.1316677585736709, 
                0.6128250251606518
            ], 
            [
                9999, 
                0.12008009575873872, 
                0.6175824021923777
            ]
        ]
    }
]