[
    {
        "jobnum": 4, 
        "model": {
            "L2_reg": 0.020577539713676856, 
            "conv_width": 12, 
            "fp_depth": 3, 
            "fp_length": 589, 
            "h1_size": 76, 
            "net_type": "mean"
        }, 
        "num_records": 20, 
        "task": {
            "name": "cep", 
            "test_slices": [
                [
                    0, 
                    4000
                ]
            ], 
            "train_slices": [
                [
                    8000, 
                    12000
                ], 
                [
                    12000, 
                    16000
                ], 
                [
                    16000, 
                    20000
                ]
            ]
        }, 
        "train": {
            "batch_size": 100, 
            "init_scale": 0.12553644028183322, 
            "num_iters": 10000, 
            "seed": 1, 
            "step_size": 0.0017619180890440656
        }, 
        "varied_params": {
            "conv_width": 11.842254983248228, 
            "fp_depth": 3.32270106830265, 
            "fp_length": 588.9814204595976, 
            "h1_size": 76.09241608750358, 
            "log_L2_reg": -3.8835551031629842, 
            "log_init_scale": -2.0751592017454206, 
            "log_step_size": -6.341352240037906
        }
    }, 
    {
        "host_name": "handy", 
        "minutes_duration": 0.045415433247884114, 
        "timestamp": "2021-09-05 04:46:33.403545", 
        "training_curve": [
            [
                0, 
                6.69694525348448, 
                6.749340531332788
            ], 
            [
                526, 
                6.4296597893159415, 
                6.436916409243263
            ], 
            [
                1052, 
                6.429996818690772, 
                6.439665841894364
            ], 
            [
                1578, 
                6.429623616388442, 
                6.4371133084166505
            ], 
            [
                2105, 
                6.429649752496138, 
                6.43696239426027
            ], 
            [
                2631, 
                6.429898955360486, 
                6.439343399660537
            ], 
            [
                3157, 
                6.429781872034007, 
                6.436554488753897
            ], 
            [
                3683, 
                6.429625518506605, 
                6.438044183442675
            ], 
            [
                4210, 
                6.429609756948186, 
                6.437230245526021
            ], 
            [
                4736, 
                6.42961389735221, 
                6.437190437063409
            ], 
            [
                5262, 
                6.429974355757088, 
                6.439594497518616
            ], 
            [
                5788, 
                6.429830952942415, 
                6.436458107964298
            ], 
            [
                6315, 
                6.429700279917862, 
                6.436766375344057
            ], 
            [
                6841, 
                6.429624386631525, 
                6.4380341071892655
            ], 
            [
                7367, 
                6.429678966566865, 
                6.4368395718972335
            ], 
            [
                7893, 
                6.430082710658925, 
                6.439927066603882
            ], 
            [
                8420, 
                6.429657420126979, 
                6.436926845993373
            ], 
            [
                8946, 
                6.429649318506493, 
                6.436964494735564
            ], 
            [
                9472, 
                6.429869615299129, 
                6.439239843085653
            ], 
            [
                9999, 
                6.429786707446418, 
                6.436544202962772
            ]
        ]
    }
]