[
    {
        "jobnum": 4, 
        "model": {
            "L2_reg": 0.020577539713676856, 
            "conv_width": 12, 
            "fp_depth": 3, 
            "fp_length": 80, 
            "h1_size": 76, 
            "net_type": "conv_plus_net"
        }, 
        "num_records": 20, 
        "task": {
            "name": "malaria", 
            "test_slices": [
                [
                    0, 
                    2000
                ]
            ], 
            "train_slices": [
                [
                    4000, 
                    6000
                ], 
                [
                    6000, 
                    8000
                ], 
                [
                    8000, 
                    10000
                ]
            ]
        }, 
        "train": {
            "batch_size": 100, 
            "init_scale": 0.12553644028183322, 
            "num_iters": 10000, 
            "seed": 1, 
            "step_size": 0.0017619180890440656
        }, 
        "varied_params": {
            "conv_width": 11.842254983248228, 
            "fp_depth": 3.32270106830265, 
            "fp_length": 79.66460227328864, 
            "h1_size": 76.09241608750358, 
            "log_L2_reg": -3.8835551031629842, 
            "log_init_scale": -2.0751592017454206, 
            "log_step_size": -6.341352240037906
        }
    }, 
    {
        "host_name": "schlaubi", 
        "minutes_duration": 71.86949291626613, 
        "timestamp": "2021-08-30 19:56:35.987201", 
        "training_curve": [
            [
                0, 
                1.4394500731811655, 
                1.5118179238237563
            ], 
            [
                526, 
                1.1278273404016983, 
                1.2149429725680183
            ], 
            [
                1052, 
                1.0682737254185528, 
                1.1693953362314942
            ], 
            [
                1578, 
                1.019293792896993, 
                1.1803233182284456
            ], 
            [
                2105, 
                0.9930473962658678, 
                1.198359991499013
            ], 
            [
                2631, 
                0.9428710263616156, 
                1.1605366615257797
            ], 
            [
                3157, 
                0.9464901082823927, 
                1.1681482565385461
            ], 
            [
                3683, 
                0.8828140317263158, 
                1.1513834180987426
            ], 
            [
                4210, 
                0.8948628610805325, 
                1.198623244153512
            ], 
            [
                4736, 
                0.8494981864705825, 
                1.1871074370211314
            ], 
            [
                5262, 
                0.8603999703968488, 
                1.2205570043898637
            ], 
            [
                5788, 
                0.8048496492160158, 
                1.1764390173022516
            ], 
            [
                6315, 
                0.804610264969722, 
                1.224932558078496
            ], 
            [
                6841, 
                0.7712194186754628, 
                1.2270984021910538
            ], 
            [
                7367, 
                0.7671615153071107, 
                1.2289161051759339
            ], 
            [
                7893, 
                0.735953273500538, 
                1.2003856169641436
            ], 
            [
                8420, 
                0.716620019388424, 
                1.2375306085450624
            ], 
            [
                8946, 
                0.7377170542307969, 
                1.2845645689437428
            ], 
            [
                9472, 
                0.6822610173943245, 
                1.243006754762976
            ], 
            [
                9999, 
                0.6999199923789434, 
                1.287367493482798
            ]
        ]
    }
]