[
    {
        "jobnum": 5, 
        "model": {
            "L2_reg": 0.3448905960977021, 
            "conv_width": 15, 
            "fp_depth": 4, 
            "fp_length": 56, 
            "h1_size": 81, 
            "net_type": "conv_plus_linear"
        }, 
        "num_records": 20, 
        "task": {
            "name": "delaney", 
            "test_slices": [
                [
                    0, 
                    224
                ]
            ], 
            "train_slices": [
                [
                    449, 
                    674
                ], 
                [
                    674, 
                    899
                ], 
                [
                    899, 
                    1124
                ]
            ]
        }, 
        "train": {
            "batch_size": 100, 
            "init_scale": 0.02356181666386867, 
            "num_iters": 10000, 
            "seed": 1, 
            "step_size": 0.0038811758811447094
        }, 
        "varied_params": {
            "conv_width": 15.227304486552251, 
            "fp_depth": 3.8312442355438723, 
            "fp_length": 56.26488486426403, 
            "h1_size": 80.88177485379386, 
            "log_L2_reg": -1.0645280250019447, 
            "log_init_scale": -3.748127815197366, 
            "log_step_size": -5.551617109110314
        }
    }, 
    {
        "host_name": "clumsy", 
        "minutes_duration": 246.11327370007834, 
        "timestamp": "2021-07-09 20:55:37.856148", 
        "training_curve": [
            [
                0, 
                4.41694304156905, 
                4.606788799252193
            ], 
            [
                526, 
                0.30177368067188104, 
                0.5933314637336675
            ], 
            [
                1052, 
                0.18621149434956674, 
                0.579402002709946
            ], 
            [
                1578, 
                0.15523988636402083, 
                0.5727460896851826
            ], 
            [
                2105, 
                0.10443562851450608, 
                0.5781161315263519
            ], 
            [
                2631, 
                0.10413754429455825, 
                0.672866241356852
            ], 
            [
                3157, 
                0.09389058904620164, 
                0.6482121791558936
            ], 
            [
                3683, 
                0.1024179253908595, 
                0.6454022598365768
            ], 
            [
                4210, 
                0.18854729058096564, 
                0.7540568893063329
            ], 
            [
                4736, 
                0.09873018449072607, 
                0.6970057151805389
            ], 
            [
                5262, 
                0.09153900872407184, 
                0.6835267251476734
            ], 
            [
                5788, 
                0.10111072082438367, 
                0.7313639584554915
            ], 
            [
                6315, 
                0.1247591591680451, 
                0.7379724471450811
            ], 
            [
                6841, 
                0.08964735454155398, 
                0.6701130565204162
            ], 
            [
                7367, 
                0.08739275503670269, 
                0.6616264577876263
            ], 
            [
                7893, 
                0.11351629164918003, 
                0.6655877524643483
            ], 
            [
                8420, 
                0.07919553393125757, 
                0.6623508681034281
            ], 
            [
                8946, 
                0.11756486825236194, 
                0.6460582436198595
            ], 
            [
                9472, 
                0.14268480284238294, 
                0.6788007040631007
            ], 
            [
                9999, 
                0.1091804759845355, 
                0.688719215760826
            ]
        ]
    }
]