[
    {
        "jobnum": 5, 
        "model": {
            "L2_reg": 0.3448905960977021, 
            "conv_width": 15, 
            "fp_depth": 4, 
            "fp_length": 56, 
            "h1_size": 81, 
            "net_type": "conv_plus_linear"
        }, 
        "num_records": 20, 
        "task": {
            "name": "malaria", 
            "test_slices": [
                [
                    0, 
                    2000
                ]
            ], 
            "train_slices": [
                [
                    4000, 
                    6000
                ], 
                [
                    6000, 
                    8000
                ], 
                [
                    8000, 
                    10000
                ]
            ]
        }, 
        "train": {
            "batch_size": 100, 
            "init_scale": 0.02356181666386867, 
            "num_iters": 10000, 
            "seed": 1, 
            "step_size": 0.0038811758811447094
        }, 
        "varied_params": {
            "conv_width": 15.227304486552251, 
            "fp_depth": 3.8312442355438723, 
            "fp_length": 56.26488486426403, 
            "h1_size": 80.88177485379386, 
            "log_L2_reg": -1.0645280250019447, 
            "log_init_scale": -3.748127815197366, 
            "log_step_size": -5.551617109110314
        }
    }, 
    {
        "host_name": "schlaubi", 
        "minutes_duration": 75.15533433357875, 
        "timestamp": "2021-08-31 04:06:55.070830", 
        "training_curve": [
            [
                0, 
                3.2943298882103, 
                3.3043010012316656
            ], 
            [
                526, 
                1.294952041580972, 
                1.3925334285951898
            ], 
            [
                1052, 
                1.0850916320599422, 
                1.1859195282764767
            ], 
            [
                1578, 
                1.0666201663183816, 
                1.2123597769328676
            ], 
            [
                2105, 
                1.0622407078776521, 
                1.237890808280332
            ], 
            [
                2631, 
                1.0122795911638407, 
                1.2420815936327358
            ], 
            [
                3157, 
                1.0805295985422998, 
                1.3114562610774894
            ], 
            [
                3683, 
                0.9012021777136123, 
                1.1942958305888496
            ], 
            [
                4210, 
                0.8748111862490737, 
                1.207044263443129
            ], 
            [
                4736, 
                0.831762052194913, 
                1.2064759407694159
            ], 
            [
                5262, 
                1.2856050830585026, 
                1.6658249935964253
            ], 
            [
                5788, 
                0.8150996365236005, 
                1.2341030280066017
            ], 
            [
                6315, 
                0.7816866606583565, 
                1.2385743215507095
            ], 
            [
                6841, 
                0.917205377455935, 
                1.355416849369943
            ], 
            [
                7367, 
                1.0892513516065938, 
                1.6314540101279418
            ], 
            [
                7893, 
                0.8241483071904858, 
                1.3392482065899578
            ], 
            [
                8420, 
                0.8238095580411195, 
                1.3364479574849943
            ], 
            [
                8946, 
                0.7710756331727463, 
                1.3370134826984081
            ], 
            [
                9472, 
                0.9174329420438644, 
                1.520928704336956
            ], 
            [
                9999, 
                0.8113099704429965, 
                1.3444556022712872
            ]
        ]
    }
]