[
    {
        "jobnum": 6, 
        "model": {
            "L2_reg": 0.5138282175772946, 
            "conv_width": 8, 
            "fp_depth": 3, 
            "fp_length": 146, 
            "h1_size": 85, 
            "net_type": "mean"
        }, 
        "num_records": 20, 
        "task": {
            "name": "cep", 
            "test_slices": [
                [
                    0, 
                    4000
                ]
            ], 
            "train_slices": [
                [
                    8000, 
                    12000
                ], 
                [
                    12000, 
                    16000
                ], 
                [
                    16000, 
                    20000
                ]
            ]
        }, 
        "train": {
            "batch_size": 100, 
            "init_scale": 0.03832267951172023, 
            "num_iters": 10000, 
            "seed": 1, 
            "step_size": 0.00042684136961778653
        }, 
        "varied_params": {
            "conv_width": 8.155738416107614, 
            "fp_depth": 3.0119136088544782, 
            "fp_length": 145.95770803609213, 
            "h1_size": 84.88155979636323, 
            "log_L2_reg": -0.6658662764346586, 
            "log_init_scale": -3.2617134036967355, 
            "log_step_size": -7.759098113482921
        }
    }, 
    {
        "host_name": "handy", 
        "minutes_duration": 0.04516163269678752, 
        "timestamp": "2021-09-05 04:47:03.517321", 
        "training_curve": [
            [
                0, 
                6.454509861655589, 
                6.476025378838878
            ], 
            [
                526, 
                6.429886296630436, 
                6.439299181127407
            ], 
            [
                1052, 
                6.429636998816999, 
                6.438138292933264
            ], 
            [
                1578, 
                6.429595453287739, 
                6.437516478447639
            ], 
            [
                2105, 
                6.429600735108194, 
                6.437348132664237
            ], 
            [
                2631, 
                6.429614100365749, 
                6.437932807908325
            ], 
            [
                3157, 
                6.429604275388436, 
                6.4372942776858
            ], 
            [
                3683, 
                6.429595553869444, 
                6.437579556878776
            ], 
            [
                4210, 
                6.429595382647931, 
                6.437530475439137
            ], 
            [
                4736, 
                6.429597305758064, 
                6.437424151108922
            ], 
            [
                5262, 
                6.429614010063269, 
                6.437931819809219
            ], 
            [
                5788, 
                6.429604773263529, 
                6.437287704084371
            ], 
            [
                6315, 
                6.429605824849374, 
                6.43727441017393
            ], 
            [
                6841, 
                6.429598861357106, 
                6.43770622238903
            ], 
            [
                7367, 
                6.429600531034076, 
                6.437351750305914
            ], 
            [
                7893, 
                6.429616157871199, 
                6.437954764576527
            ], 
            [
                8420, 
                6.429596592251942, 
                6.437447960514177
            ], 
            [
                8946, 
                6.429600842665248, 
                6.437346255199818
            ], 
            [
                9472, 
                6.429612621831544, 
                6.437916345682404
            ], 
            [
                9999, 
                6.429604933136931, 
                6.437285633110915
            ]
        ]
    }
]