[
    {
        "jobnum": 6, 
        "model": {
            "L2_reg": 0.5138282175772946, 
            "conv_width": 8, 
            "fp_depth": 3, 
            "fp_length": 146, 
            "h1_size": 85, 
            "net_type": "morgan_plus_linear"
        }, 
        "num_records": 20, 
        "task": {
            "name": "cep", 
            "test_slices": [
                [
                    0, 
                    4000
                ]
            ], 
            "train_slices": [
                [
                    8000, 
                    12000
                ], 
                [
                    12000, 
                    16000
                ], 
                [
                    16000, 
                    20000
                ]
            ]
        }, 
        "train": {
            "batch_size": 100, 
            "init_scale": 0.03832267951172023, 
            "num_iters": 10000, 
            "seed": 1, 
            "step_size": 0.00042684136961778653
        }, 
        "varied_params": {
            "conv_width": 8.155738416107614, 
            "fp_depth": 3.0119136088544782, 
            "fp_length": 145.95770803609213, 
            "h1_size": 84.88155979636323, 
            "log_L2_reg": -0.6658662764346586, 
            "log_init_scale": -3.2617134036967355, 
            "log_step_size": -7.759098113482921
        }
    }, 
    {
        "host_name": "handy", 
        "minutes_duration": 0.7201788981755575, 
        "timestamp": "2021-09-04 20:22:31.267733", 
        "training_curve": [
            [
                0, 
                6.773553714989593, 
                6.811410259143785
            ], 
            [
                526, 
                3.992444790945688, 
                3.9927936376924706
            ], 
            [
                1052, 
                3.725281063317212, 
                3.7236241544630952
            ], 
            [
                1578, 
                3.637746931981943, 
                3.643188889590299
            ], 
            [
                2105, 
                3.600098819567807, 
                3.615942716003997
            ], 
            [
                2631, 
                3.579548789392617, 
                3.6003196500805617
            ], 
            [
                3157, 
                3.5633029581070104, 
                3.5894621242720133
            ], 
            [
                3683, 
                3.5673148073717336, 
                3.5977594495915812
            ], 
            [
                4210, 
                3.545056718909766, 
                3.576288082655081
            ], 
            [
                4736, 
                3.539658043368251, 
                3.575948066526589
            ], 
            [
                5262, 
                3.5389559241406605, 
                3.5753724456191587
            ], 
            [
                5788, 
                3.5328292836606465, 
                3.5697762218390565
            ], 
            [
                6315, 
                3.53184629189957, 
                3.5719493813294676
            ], 
            [
                6841, 
                3.528237592824984, 
                3.568496623442079
            ], 
            [
                7367, 
                3.5288900203708957, 
                3.5723442504351444
            ], 
            [
                7893, 
                3.527127593717983, 
                3.5704015784928886
            ], 
            [
                8420, 
                3.5240817572754586, 
                3.566577403527453
            ], 
            [
                8946, 
                3.5245381919035426, 
                3.5700603529717263
            ], 
            [
                9472, 
                3.524728538037938, 
                3.569761417488282
            ], 
            [
                9999, 
                3.522393713292929, 
                3.568690554797583
            ]
        ]
    }
]