[
    {
        "jobnum": 6, 
        "model": {
            "L2_reg": 0.5138282175772946, 
            "conv_width": 8, 
            "fp_depth": 3, 
            "fp_length": 146, 
            "h1_size": 85, 
            "net_type": "mean"
        }, 
        "num_records": 20, 
        "task": {
            "name": "delaney", 
            "test_slices": [
                [
                    0, 
                    224
                ]
            ], 
            "train_slices": [
                [
                    449, 
                    674
                ], 
                [
                    674, 
                    899
                ], 
                [
                    899, 
                    1124
                ]
            ]
        }, 
        "train": {
            "batch_size": 100, 
            "init_scale": 0.03832267951172023, 
            "num_iters": 10000, 
            "seed": 1, 
            "step_size": 0.00042684136961778653
        }, 
        "varied_params": {
            "conv_width": 8.155738416107614, 
            "fp_depth": 3.0119136088544782, 
            "fp_length": 145.95770803609213, 
            "h1_size": 84.88155979636323, 
            "log_L2_reg": -0.6658662764346586, 
            "log_init_scale": -3.2617134036967355, 
            "log_step_size": -7.759098113482921
        }
    }, 
    {
        "host_name": "schlaubi", 
        "minutes_duration": 0.08249266942342122, 
        "timestamp": "2021-07-09 20:37:20.499653", 
        "training_curve": [
            [
                0, 
                4.470761660151397, 
                4.860006908795143
            ], 
            [
                526, 
                4.453756402526707, 
                4.8352753534959065
            ], 
            [
                1052, 
                4.4535740451889, 
                4.83458919612277
            ], 
            [
                1578, 
                4.453567827838711, 
                4.834557465414079
            ], 
            [
                2105, 
                4.453566790825424, 
                4.834552053028385
            ], 
            [
                2631, 
                4.453565197725968, 
                4.834543666787206
            ], 
            [
                3157, 
                4.453565628209184, 
                4.834545941592049
            ], 
            [
                3683, 
                4.45356771320408, 
                4.834556868881241
            ], 
            [
                4210, 
                4.453567542160171, 
                4.834555977994623
            ], 
            [
                4736, 
                4.453568115199318, 
                4.834558958861739
            ], 
            [
                5262, 
                4.453566779338778, 
                4.834551992874226
            ], 
            [
                5788, 
                4.453565194280906, 
                4.834543648556131
            ], 
            [
                6315, 
                4.453567714331763, 
                4.834556874751572
            ], 
            [
                6841, 
                4.453567647833294, 
                4.834556528510851
            ], 
            [
                7367, 
                4.453567542751923, 
                4.834555981078459
            ], 
            [
                7893, 
                4.453568115710879, 
                4.83455896151795
            ], 
            [
                8420, 
                4.453565194171234, 
                4.834543647975742
            ], 
            [
                8946, 
                4.453565627122929, 
                4.83454593586013
            ], 
            [
                9472, 
                4.453567714413192, 
                4.8345568751754655
            ], 
            [
                9999, 
                4.4535675427759, 
                4.834555981203413
            ]
        ]
    }
]