[
    {
        "jobnum": 7, 
        "model": {
            "L2_reg": 0.08281153693764436, 
            "conv_width": 7, 
            "fp_depth": 4, 
            "fp_length": 39, 
            "h1_size": 68, 
            "net_type": "conv_plus_linear"
        }, 
        "num_records": 20, 
        "task": {
            "name": "malaria", 
            "test_slices": [
                [
                    0, 
                    2000
                ]
            ], 
            "train_slices": [
                [
                    4000, 
                    6000
                ], 
                [
                    6000, 
                    8000
                ], 
                [
                    8000, 
                    10000
                ]
            ]
        }, 
        "train": {
            "batch_size": 100, 
            "init_scale": 0.07098845139778812, 
            "num_iters": 10000, 
            "seed": 1, 
            "step_size": 0.0032822933188357143
        }, 
        "varied_params": {
            "conv_width": 6.530672161220421, 
            "fp_depth": 3.9651215141776786, 
            "fp_length": 39.394196682621484, 
            "h1_size": 68.18553854713113, 
            "log_L2_reg": -2.4911878923014372, 
            "log_init_scale": -2.645238071539985, 
            "log_step_size": -5.719212918328481
        }
    }, 
    {
        "host_name": "schlumpfine", 
        "minutes_duration": 48.61564471721649, 
        "timestamp": "2021-08-31 04:07:52.342405", 
        "training_curve": [
            [
                0, 
                7.159941194712059, 
                7.052278404990274
            ], 
            [
                526, 
                1.159785942622376, 
                1.2688884271164402
            ], 
            [
                1052, 
                1.1124423015070604, 
                1.2197128391874774
            ], 
            [
                1578, 
                1.0865938817739236, 
                1.237999721534398
            ], 
            [
                2105, 
                1.0320031093770101, 
                1.2045095962829229
            ], 
            [
                2631, 
                0.9946937734689796, 
                1.1889037140662169
            ], 
            [
                3157, 
                1.1613454507953285, 
                1.3359863642303422
            ], 
            [
                3683, 
                0.9826354585601476, 
                1.1867027020959895
            ], 
            [
                4210, 
                0.9770580316747183, 
                1.21539887167477
            ], 
            [
                4736, 
                1.010813820457136, 
                1.2706526707766292
            ], 
            [
                5262, 
                1.1827969825595326, 
                1.4340194678112457
            ], 
            [
                5788, 
                0.9308968149245818, 
                1.2161030531790515
            ], 
            [
                6315, 
                0.9393733907570302, 
                1.265486038616229
            ], 
            [
                6841, 
                0.9553639085832191, 
                1.280698185712831
            ], 
            [
                7367, 
                1.0602930167116933, 
                1.398929700407121
            ], 
            [
                7893, 
                0.8925239338680825, 
                1.2028760423591334
            ], 
            [
                8420, 
                0.9101622642389945, 
                1.273705721961379
            ], 
            [
                8946, 
                0.8677215324611385, 
                1.253123812790534
            ], 
            [
                9472, 
                0.9106582579438333, 
                1.293668404000046
            ], 
            [
                9999, 
                0.8672100740321605, 
                1.2356533068272186
            ]
        ]
    }
]