[
    {
        "jobnum": 8, 
        "model": {
            "L2_reg": 0.1033624209054227, 
            "conv_width": 7, 
            "fp_depth": 2, 
            "fp_length": 127, 
            "h1_size": 83, 
            "net_type": "morgan_plus_linear"
        }, 
        "num_records": 20, 
        "task": {
            "name": "malaria", 
            "test_slices": [
                [
                    0, 
                    2000
                ]
            ], 
            "train_slices": [
                [
                    4000, 
                    6000
                ], 
                [
                    6000, 
                    8000
                ], 
                [
                    8000, 
                    10000
                ]
            ]
        }, 
        "train": {
            "batch_size": 100, 
            "init_scale": 0.009800534461929696, 
            "num_iters": 10000, 
            "seed": 1, 
            "step_size": 0.0009239675649184034
        }, 
        "varied_params": {
            "conv_width": 7.384543754682795, 
            "fp_depth": 1.7332767760048082, 
            "fp_length": 127.25814229361957, 
            "h1_size": 82.65541627326992, 
            "log_L2_reg": -2.2695138171495497, 
            "log_init_scale": -4.625318357861094, 
            "log_step_size": -6.986833589840872
        }
    }, 
    {
        "host_name": "clumsy", 
        "minutes_duration": 0.4101455529530843, 
        "timestamp": "2021-08-31 01:54:07.755951", 
        "training_curve": [
            [
                0, 
                1.4329390383334488, 
                1.5113420936418804
            ], 
            [
                526, 
                1.2576158261631747, 
                1.3365847602345928
            ], 
            [
                1052, 
                1.2466873919024688, 
                1.3291233434714764
            ], 
            [
                1578, 
                1.2453999851783792, 
                1.3290434944606313
            ], 
            [
                2105, 
                1.2469544747442, 
                1.3321729942689886
            ], 
            [
                2631, 
                1.244419710887528, 
                1.3294878598935347
            ], 
            [
                3157, 
                1.2473384673591472, 
                1.3318216540022931
            ], 
            [
                3683, 
                1.2442367553243239, 
                1.3293830617840214
            ], 
            [
                4210, 
                1.244211755891098, 
                1.3297468848723561
            ], 
            [
                4736, 
                1.244856764281194, 
                1.330743399508069
            ], 
            [
                5262, 
                1.2474826614240213, 
                1.3324782461548235
            ], 
            [
                5788, 
                1.2439255530861755, 
                1.3294548996703608
            ], 
            [
                6315, 
                1.2442195854415756, 
                1.329645094578288
            ], 
            [
                6841, 
                1.2486237179340556, 
                1.3352670920114205
            ], 
            [
                7367, 
                1.244813881113911, 
                1.3305220548144507
            ], 
            [
                7893, 
                1.243722954903679, 
                1.3295938399233636
            ], 
            [
                8420, 
                1.2436474578276036, 
                1.3292919645257366
            ], 
            [
                8946, 
                1.2452679061142893, 
                1.3317024291802133
            ], 
            [
                9472, 
                1.243602799124824, 
                1.3298645092838433
            ], 
            [
                9999, 
                1.2484386126817475, 
                1.3337278721181334
            ]
        ]
    }
]