[
    {
        "jobnum": 8, 
        "model": {
            "L2_reg": 0.1033624209054227, 
            "conv_width": 7, 
            "fp_depth": 2, 
            "fp_length": 28, 
            "h1_size": 83, 
            "net_type": "conv_plus_net"
        }, 
        "num_records": 20, 
        "task": {
            "name": "delaney", 
            "test_slices": [
                [
                    0, 
                    224
                ]
            ], 
            "train_slices": [
                [
                    449, 
                    674
                ], 
                [
                    674, 
                    899
                ], 
                [
                    899, 
                    1124
                ]
            ]
        }, 
        "train": {
            "batch_size": 100, 
            "init_scale": 0.009800534461929696, 
            "num_iters": 10000, 
            "seed": 1, 
            "step_size": 0.0009239675649184034
        }, 
        "varied_params": {
            "conv_width": 7.384543754682795, 
            "fp_depth": 1.7332767760048082, 
            "fp_length": 28.362015810402177, 
            "h1_size": 82.65541627326992, 
            "log_L2_reg": -2.2695138171495497, 
            "log_init_scale": -4.625318357861094, 
            "log_step_size": -6.986833589840872
        }
    }, 
    {
        "host_name": "schlaubi", 
        "minutes_duration": 118.55877318382264, 
        "timestamp": "2021-07-09 17:06:16.621526", 
        "training_curve": [
            [
                0, 
                4.46731536767752, 
                4.848763905109293
            ], 
            [
                526, 
                0.5791988088107408, 
                0.680181093782689
            ], 
            [
                1052, 
                0.42353449771120383, 
                0.5735499975032872
            ], 
            [
                1578, 
                0.3638986654106201, 
                0.5535475199232238
            ], 
            [
                2105, 
                0.31740250210895976, 
                0.5489983305972629
            ], 
            [
                2631, 
                0.28528082243373276, 
                0.5435940298126469
            ], 
            [
                3157, 
                0.2583794219971093, 
                0.5317080924729953
            ], 
            [
                3683, 
                0.24193716424866585, 
                0.5377034943257047
            ], 
            [
                4210, 
                0.2250073666221828, 
                0.5437531311442252
            ], 
            [
                4736, 
                0.21860539997857678, 
                0.5615949504948813
            ], 
            [
                5262, 
                0.21698103302472369, 
                0.5748347662629508
            ], 
            [
                5788, 
                0.21145152391398067, 
                0.5866338909260084
            ], 
            [
                6315, 
                0.22123660831936376, 
                0.5993029764271277
            ], 
            [
                6841, 
                0.20217581911908325, 
                0.6028544738017129
            ], 
            [
                7367, 
                0.19844216822891844, 
                0.613884520757204
            ], 
            [
                7893, 
                0.2036364668322281, 
                0.6285524940675887
            ], 
            [
                8420, 
                0.19758290132355383, 
                0.6260671655332671
            ], 
            [
                8946, 
                0.1871750649425159, 
                0.6057108528786215
            ], 
            [
                9472, 
                0.19243165630409118, 
                0.6124675552897088
            ], 
            [
                9999, 
                0.17931512968585547, 
                0.6178530143498957
            ]
        ]
    }
]