[
    {
        "jobnum": 9, 
        "model": {
            "L2_reg": 0.04734951819904932, 
            "conv_width": 6, 
            "fp_depth": 3, 
            "fp_length": 861, 
            "h1_size": 57, 
            "net_type": "morgan_plus_net"
        }, 
        "num_records": 20, 
        "task": {
            "name": "delaney", 
            "test_slices": [
                [
                    0, 
                    224
                ]
            ], 
            "train_slices": [
                [
                    449, 
                    674
                ], 
                [
                    674, 
                    899
                ], 
                [
                    899, 
                    1124
                ]
            ]
        }, 
        "train": {
            "batch_size": 100, 
            "init_scale": 0.09214483636189319, 
            "num_iters": 10000, 
            "seed": 1, 
            "step_size": 0.0007364490129727654
        }, 
        "varied_params": {
            "conv_width": 6.456519136895919, 
            "fp_depth": 3.4629796895438054, 
            "fp_length": 860.6484667587944, 
            "h1_size": 56.90914756743069, 
            "log_L2_reg": -3.050198634712287, 
            "log_init_scale": -2.3843936315758523, 
            "log_step_size": -7.213670553279786
        }
    }, 
    {
        "host_name": "handy", 
        "minutes_duration": 4.9581008672714235, 
        "timestamp": "2021-07-09 20:09:32.625506", 
        "training_curve": [
            [
                0, 
                4.801389535989928, 
                5.112879357142111
            ], 
            [
                526, 
                0.07312078592916464, 
                1.719978170766516
            ], 
            [
                1052, 
                0.07232303285325146, 
                1.740036061268648
            ], 
            [
                1578, 
                0.11128512211337235, 
                1.7822258673345215
            ], 
            [
                2105, 
                0.14838990683974834, 
                1.836772718430662
            ], 
            [
                2631, 
                0.16921723788964982, 
                1.8902018103386493
            ], 
            [
                3157, 
                0.17627436584015527, 
                1.8948424600933274
            ], 
            [
                3683, 
                0.17824077375371186, 
                1.89993126005749
            ], 
            [
                4210, 
                0.17673859419539723, 
                1.8781269023631613
            ], 
            [
                4736, 
                0.17592659310156936, 
                1.8781875630775993
            ], 
            [
                5262, 
                0.17507050127783888, 
                1.8710535713195628
            ], 
            [
                5788, 
                0.17471326357974945, 
                1.8589211550524973
            ], 
            [
                6315, 
                0.17407433115918713, 
                1.8433772353713296
            ], 
            [
                6841, 
                0.17287898026296067, 
                1.823840079445214
            ], 
            [
                7367, 
                0.17087619332014264, 
                1.8202474659664991
            ], 
            [
                7893, 
                0.17026182289793276, 
                1.8140850482327184
            ], 
            [
                8420, 
                0.170157680627293, 
                1.80807812909903
            ], 
            [
                8946, 
                0.1688073766081795, 
                1.7984600193474543
            ], 
            [
                9472, 
                0.1673814189814509, 
                1.787200170497864
            ], 
            [
                9999, 
                0.16799847522539754, 
                1.758931021135154
            ]
        ]
    }
]