[
    {
        "jobnum": 0, 
        "model": {
            "L2_reg": 0.30792686009670756, 
            "conv_width": 11, 
            "fp_depth": 3, 
            "fp_length": 88, 
            "h1_size": 77, 
            "net_type": "conv_plus_net"
        }, 
        "num_records": 20, 
        "task": {
            "name": "delaney", 
            "test_slices": [
                [
                    224, 
                    449
                ]
            ], 
            "train_slices": [
                [
                    0, 
                    224
                ], 
                [
                    674, 
                    899
                ], 
                [
                    899, 
                    1124
                ]
            ]
        }, 
        "train": {
            "batch_size": 100, 
            "init_scale": 0.02350954323756658, 
            "num_iters": 10000, 
            "seed": 2, 
            "step_size": 0.005862128392003446
        }, 
        "varied_params": {
            "conv_width": 11.354821990083572, 
            "fp_depth": 2.6346495489906907, 
            "fp_length": 88.34014066346549, 
            "h1_size": 77.44067519636624, 
            "log_L2_reg": -1.177892991426849, 
            "log_init_scale": -3.75034884505077, 
            "log_step_size": -5.139242534510322
        }
    }, 
    {
        "host_name": "handy", 
        "minutes_duration": 32.706229682763414, 
        "timestamp": "2021-08-05 16:37:22.468356", 
        "training_curve": [
            [
                0, 
                4.672318429170548, 
                3.821213851347762
            ], 
            [
                526, 
                0.2014244972684836, 
                0.5527324711718867
            ], 
            [
                1052, 
                0.16852482239588798, 
                0.6468855667645236
            ], 
            [
                1578, 
                0.134139268315145, 
                0.6846569889899097
            ], 
            [
                2105, 
                0.12846400388018, 
                0.7070288778112919
            ], 
            [
                2631, 
                0.10974485593608209, 
                0.7529654526049393
            ], 
            [
                3157, 
                0.0763751040796092, 
                0.7220614842798339
            ], 
            [
                3683, 
                0.08982156396850809, 
                0.7291415054491694
            ], 
            [
                4210, 
                0.07943414459069309, 
                0.7504452990330712
            ], 
            [
                4736, 
                0.08325837214986072, 
                0.7563984960685647
            ], 
            [
                5262, 
                0.08860197621927045, 
                0.7546265276662796
            ], 
            [
                5788, 
                0.0871233038656582, 
                0.7105916758460621
            ], 
            [
                6315, 
                0.08744798669271403, 
                0.7265553311313627
            ], 
            [
                6841, 
                0.06332243943435069, 
                0.729671852611696
            ], 
            [
                7367, 
                0.07732052935011552, 
                0.7878307365825016
            ], 
            [
                7893, 
                0.0724376539595675, 
                0.7713873681780106
            ], 
            [
                8420, 
                0.06480843125003746, 
                0.7538860270283145
            ], 
            [
                8946, 
                0.06494243443207529, 
                0.7128536099635449
            ], 
            [
                9472, 
                0.07365015012209793, 
                0.7549505269531157
            ], 
            [
                9999, 
                0.06606532595459104, 
                0.7559974865130769
            ]
        ]
    }
]