[
    {
        "jobnum": 0, 
        "model": {
            "L2_reg": 0.30792686009670756, 
            "conv_width": 11, 
            "fp_depth": 3, 
            "fp_length": 667, 
            "h1_size": 77, 
            "net_type": "mean"
        }, 
        "num_records": 20, 
        "task": {
            "name": "delaney", 
            "test_slices": [
                [
                    224, 
                    449
                ]
            ], 
            "train_slices": [
                [
                    0, 
                    224
                ], 
                [
                    674, 
                    899
                ], 
                [
                    899, 
                    1124
                ]
            ]
        }, 
        "train": {
            "batch_size": 100, 
            "init_scale": 0.02350954323756658, 
            "num_iters": 10000, 
            "seed": 2, 
            "step_size": 0.005862128392003446
        }, 
        "varied_params": {
            "conv_width": 11.354821990083572, 
            "fp_depth": 2.6346495489906907, 
            "fp_length": 667.0612659711894, 
            "h1_size": 77.44067519636624, 
            "log_L2_reg": -1.177892991426849, 
            "log_init_scale": -3.75034884505077, 
            "log_step_size": -5.139242534510322
        }
    }, 
    {
        "host_name": "hefty", 
        "minutes_duration": 0.054630064964294435, 
        "timestamp": "2021-08-06 00:58:19.652711", 
        "training_curve": [
            [
                0, 
                4.629297203857158, 
                3.788918532803131
            ], 
            [
                526, 
                4.628916209805416, 
                3.7876032437906093
            ], 
            [
                1052, 
                4.628919505373053, 
                3.787599963615133
            ], 
            [
                1578, 
                4.628928409299996, 
                3.7875918733957
            ], 
            [
                2105, 
                4.628936222886789, 
                3.7875855826406806
            ], 
            [
                2631, 
                4.62892767870635, 
                3.787592498139681
            ], 
            [
                3157, 
                4.628943425498142, 
                3.787580358718684
            ], 
            [
                3683, 
                4.628916139505288, 
                3.7876033156027047
            ], 
            [
                4210, 
                4.628928401370567, 
                3.7875918801410404
            ], 
            [
                4736, 
                4.628942708960598, 
                3.7875808557297455
            ], 
            [
                5262, 
                4.6289362198470565, 
                3.787585584956311
            ], 
            [
                5788, 
                4.628927677116592, 
                3.787592499506309
            ], 
            [
                6315, 
                4.628916138324333, 
                3.7876033168097334
            ], 
            [
                6841, 
                4.628919482222771, 
                3.7875999860830576
            ], 
            [
                7367, 
                4.628928400904658, 
                3.7875918805374
            ], 
            [
                7893, 
                4.628942708781305, 
                3.7875808558547117
            ], 
            [
                8420, 
                4.628927677055907, 
                3.7875924995584773
            ], 
            [
                8946, 
                4.628943424688089, 
                3.787580359277844
            ], 
            [
                9472, 
                4.6289161382391475, 
                3.7876033168967997
            ], 
            [
                9999, 
                4.628928400885762, 
                3.7875918805534745
            ]
        ]
    }
]