[
    {
        "jobnum": 0, 
        "model": {
            "L2_reg": 0.30792686009670756, 
            "conv_width": 11, 
            "fp_depth": 3, 
            "fp_length": 667, 
            "h1_size": 77, 
            "net_type": "morgan_plus_net"
        }, 
        "num_records": 20, 
        "task": {
            "name": "delaney", 
            "test_slices": [
                [
                    224, 
                    449
                ]
            ], 
            "train_slices": [
                [
                    0, 
                    224
                ], 
                [
                    674, 
                    899
                ], 
                [
                    899, 
                    1124
                ]
            ]
        }, 
        "train": {
            "batch_size": 100, 
            "init_scale": 0.02350954323756658, 
            "num_iters": 10000, 
            "seed": 2, 
            "step_size": 0.005862128392003446
        }, 
        "varied_params": {
            "conv_width": 11.354821990083572, 
            "fp_depth": 2.6346495489906907, 
            "fp_length": 667.0612659711894, 
            "h1_size": 77.44067519636624, 
            "log_L2_reg": -1.177892991426849, 
            "log_init_scale": -3.75034884505077, 
            "log_step_size": -5.139242534510322
        }
    }, 
    {
        "host_name": "handy", 
        "minutes_duration": 4.038477818171184, 
        "timestamp": "2021-08-06 00:29:37.354744", 
        "training_curve": [
            [
                0, 
                4.629370262204929, 
                3.7892112976974377
            ], 
            [
                526, 
                0.07766613770682206, 
                1.5062734446898465
            ], 
            [
                1052, 
                0.08531189084350842, 
                1.5115729072656687
            ], 
            [
                1578, 
                0.08768258985428673, 
                1.4738335908986078
            ], 
            [
                2105, 
                0.09028520711400559, 
                1.467102388061889
            ], 
            [
                2631, 
                0.08347665042028105, 
                1.4452405538714128
            ], 
            [
                3157, 
                0.09835869649738142, 
                1.4700139164392318
            ], 
            [
                3683, 
                0.09870734873998695, 
                1.4458989913914784
            ], 
            [
                4210, 
                0.09644848778699326, 
                1.4501441567261675
            ], 
            [
                4736, 
                0.09087581551387582, 
                1.4444834080395685
            ], 
            [
                5262, 
                0.09991161687983512, 
                1.457784195242179
            ], 
            [
                5788, 
                0.10920762368043507, 
                1.4700516870403024
            ], 
            [
                6315, 
                0.08914750145122306, 
                1.4143726236264522
            ], 
            [
                6841, 
                0.10091384309422856, 
                1.4564307587758691
            ], 
            [
                7367, 
                0.10564627488303016, 
                1.4545074706681973
            ], 
            [
                7893, 
                0.1238880463123815, 
                1.5360483664411857
            ], 
            [
                8420, 
                0.11528888939080567, 
                1.432910544312449
            ], 
            [
                8946, 
                0.10482412188706855, 
                1.450629124063822
            ], 
            [
                9472, 
                0.11148299626778563, 
                1.4475094716757726
            ], 
            [
                9999, 
                0.10736060448410545, 
                1.4662996685774776
            ]
        ]
    }
]