[
    {
        "jobnum": 10, 
        "model": {
            "L2_reg": 6.1354823978170945, 
            "conv_width": 16, 
            "fp_depth": 3, 
            "fp_length": 56, 
            "h1_size": 99, 
            "net_type": "mean"
        }, 
        "num_records": 20, 
        "task": {
            "name": "delaney", 
            "test_slices": [
                [
                    224, 
                    449
                ]
            ], 
            "train_slices": [
                [
                    0, 
                    224
                ], 
                [
                    674, 
                    899
                ], 
                [
                    899, 
                    1124
                ]
            ]
        }, 
        "train": {
            "batch_size": 100, 
            "init_scale": 0.04366415128338205, 
            "num_iters": 10000, 
            "seed": 2, 
            "step_size": 0.0021866268069066185
        }, 
        "varied_params": {
            "conv_width": 16.088953690974527, 
            "fp_depth": 2.8145365592351377, 
            "fp_length": 55.50129459235524, 
            "h1_size": 98.82297325066979, 
            "log_L2_reg": 1.814088705522697, 
            "log_init_scale": -3.1312278503056383, 
            "log_step_size": -6.125395193409194
        }
    }, 
    {
        "host_name": "papaschlumpf", 
        "minutes_duration": 0.040597466627756755, 
        "timestamp": "2021-08-06 00:58:58.181575", 
        "training_curve": [
            [
                0, 
                4.630385669033027, 
                3.7905884151617464
            ], 
            [
                526, 
                4.628924898621366, 
                3.787594936931442
            ], 
            [
                1052, 
                4.628926177176251, 
                3.787593803058075
            ], 
            [
                1578, 
                4.6289295724605495, 
                3.787590892205493
            ], 
            [
                2105, 
                4.628932448735988, 
                3.7875885346837985
            ], 
            [
                2631, 
                4.628929285726052, 
                3.7875911325636618
            ], 
            [
                3157, 
                4.628935054998303, 
                3.78758647956145
            ], 
            [
                3683, 
                4.628924837633085, 
                3.787594991551023
            ], 
            [
                4210, 
                4.628929564421068, 
                3.7875908989312372
            ], 
            [
                4736, 
                4.6289347851628495, 
                3.787586688872968
            ], 
            [
                5262, 
                4.628932445005001, 
                3.7875885376800644
            ], 
            [
                5788, 
                4.6289292835969205, 
                3.7875911343521227
            ], 
            [
                6315, 
                4.62892483664249, 
                3.787594992438579
            ], 
            [
                6841, 
                4.628926156380866, 
                3.7875938213312286
            ], 
            [
                7367, 
                4.628929563952326, 
                3.7875908993234058
            ], 
            [
                7893, 
                4.6289347849403795, 
                3.7875866890458636
            ], 
            [
                8420, 
                4.6289292835157925, 
                3.7875911344202713
            ], 
            [
                8946, 
                4.628935053883816, 
                3.78758648042434
            ], 
            [
                9472, 
                4.628924836570992, 
                3.787594992502642
            ], 
            [
                9999, 
                4.628929563933319, 
                3.787590899339309
            ]
        ]
    }
]