[
    {
        "jobnum": 11, 
        "model": {
            "L2_reg": 0.006408191094856293, 
            "conv_width": 11, 
            "fp_depth": 2, 
            "fp_length": 81, 
            "h1_size": 56, 
            "net_type": "morgan_plus_linear"
        }, 
        "num_records": 20, 
        "task": {
            "name": "delaney", 
            "test_slices": [
                [
                    224, 
                    449
                ]
            ], 
            "train_slices": [
                [
                    0, 
                    224
                ], 
                [
                    674, 
                    899
                ], 
                [
                    899, 
                    1124
                ]
            ]
        }, 
        "train": {
            "batch_size": 100, 
            "init_scale": 0.008481325966056948, 
            "num_iters": 10000, 
            "seed": 2, 
            "step_size": 0.001096711403860304
        }, 
        "varied_params": {
            "conv_width": 11.213944917720049, 
            "fp_depth": 1.953949538181928, 
            "fp_length": 80.66067631957463, 
            "h1_size": 56.00982806065844, 
            "log_L2_reg": -5.050178248366048, 
            "log_init_scale": -4.769888477480079, 
            "log_step_size": -6.81543920991142
        }
    }, 
    {
        "host_name": "handy", 
        "minutes_duration": 0.2602430661519369, 
        "timestamp": "2021-07-09 22:42:06.687337", 
        "training_curve": [
            [
                0, 
                4.578233938554999, 
                3.7261310297168673
            ], 
            [
                526, 
                2.2988672291180006, 
                2.4473649203193695
            ], 
            [
                1052, 
                2.1358126274386096, 
                2.457553204639573
            ], 
            [
                1578, 
                2.096370581105706, 
                2.458726036152441
            ], 
            [
                2105, 
                2.0833174197444313, 
                2.4595172868261956
            ], 
            [
                2631, 
                2.07900006398806, 
                2.4607651376453084
            ], 
            [
                3157, 
                2.0776619833119194, 
                2.4616411442051085
            ], 
            [
                3683, 
                2.077242233688651, 
                2.461858432214453
            ], 
            [
                4210, 
                2.077054227871832, 
                2.4625117616152052
            ], 
            [
                4736, 
                2.0769916100334322, 
                2.4627994842033822
            ], 
            [
                5262, 
                2.0769501358859324, 
                2.4629907400060405
            ], 
            [
                5788, 
                2.076902539783596, 
                2.4630100842229083
            ], 
            [
                6315, 
                2.076974369296967, 
                2.46249120547434
            ], 
            [
                6841, 
                2.0769521320102626, 
                2.4626102659290594
            ], 
            [
                7367, 
                2.0769418205880092, 
                2.4628445841767648
            ], 
            [
                7893, 
                2.0769409918519623, 
                2.4629715003193096
            ], 
            [
                8420, 
                2.0768908218392124, 
                2.4630557469029033
            ], 
            [
                8946, 
                2.076933794890035, 
                2.4629074740848425
            ], 
            [
                9472, 
                2.076968489944812, 
                2.4625136788234334
            ], 
            [
                9999, 
                2.0769403566968494, 
                2.462850128507684
            ]
        ]
    }
]