[
    {
        "jobnum": 11, 
        "model": {
            "L2_reg": 0.006408191094856293, 
            "conv_width": 11, 
            "fp_depth": 2, 
            "fp_length": 23, 
            "h1_size": 56, 
            "net_type": "conv_plus_linear"
        }, 
        "num_records": 20, 
        "task": {
            "name": "delaney", 
            "test_slices": [
                [
                    224, 
                    449
                ]
            ], 
            "train_slices": [
                [
                    0, 
                    224
                ], 
                [
                    674, 
                    899
                ], 
                [
                    899, 
                    1124
                ]
            ]
        }, 
        "train": {
            "batch_size": 100, 
            "init_scale": 0.008481325966056948, 
            "num_iters": 10000, 
            "seed": 2, 
            "step_size": 0.001096711403860304
        }, 
        "varied_params": {
            "conv_width": 11.213944917720049, 
            "fp_depth": 1.953949538181928, 
            "fp_length": 23.184519591063847, 
            "h1_size": 56.00982806065844, 
            "log_L2_reg": -5.050178248366048, 
            "log_init_scale": -4.769888477480079, 
            "log_step_size": -6.81543920991142
        }
    }, 
    {
        "host_name": "hefty", 
        "minutes_duration": 17.873014664649965, 
        "timestamp": "2021-08-05 21:16:13.867258", 
        "training_curve": [
            [
                0, 
                4.799985398256295, 
                3.9222209792113154
            ], 
            [
                526, 
                0.946309378684837, 
                0.9206148580315924
            ], 
            [
                1052, 
                0.5428367949742438, 
                0.6952360993891186
            ], 
            [
                1578, 
                0.41931087913186255, 
                0.7452459624324538
            ], 
            [
                2105, 
                0.3672661703669863, 
                0.7983395718904075
            ], 
            [
                2631, 
                0.3323394477113456, 
                0.8147872078290223
            ], 
            [
                3157, 
                0.3018924086762516, 
                0.8159550091171973
            ], 
            [
                3683, 
                0.2720648663247482, 
                0.8189363684189952
            ], 
            [
                4210, 
                0.24731942544767777, 
                0.83417432677473
            ], 
            [
                4736, 
                0.22602273597829828, 
                0.8597185165047345
            ], 
            [
                5262, 
                0.21583107171555233, 
                0.8832392548072461
            ], 
            [
                5788, 
                0.19519713003445213, 
                0.9085227351117969
            ], 
            [
                6315, 
                0.1927313754016306, 
                0.9235125589418843
            ], 
            [
                6841, 
                0.18625778456770295, 
                0.9579380966564163
            ], 
            [
                7367, 
                0.17756363212064058, 
                0.9709370875239964
            ], 
            [
                7893, 
                0.17453576999498782, 
                0.9920150677308682
            ], 
            [
                8420, 
                0.16494742910923466, 
                0.9846172673020576
            ], 
            [
                8946, 
                0.16013687619799458, 
                1.0023340236098464
            ], 
            [
                9472, 
                0.1624244471092448, 
                1.030227755333753
            ], 
            [
                9999, 
                0.1506150116576247, 
                1.0025103051957582
            ]
        ]
    }
]