[
    {
        "jobnum": 11, 
        "model": {
            "L2_reg": 0.006408191094856293, 
            "conv_width": 11, 
            "fp_depth": 2, 
            "fp_length": 81, 
            "h1_size": 56, 
            "net_type": "morgan_plus_net"
        }, 
        "num_records": 20, 
        "task": {
            "name": "cep", 
            "test_slices": [
                [
                    4000, 
                    8000
                ]
            ], 
            "train_slices": [
                [
                    0, 
                    4000
                ], 
                [
                    12000, 
                    16000
                ], 
                [
                    16000, 
                    20000
                ]
            ]
        }, 
        "train": {
            "batch_size": 100, 
            "init_scale": 0.008481325966056948, 
            "num_iters": 10000, 
            "seed": 2, 
            "step_size": 0.001096711403860304
        }, 
        "varied_params": {
            "conv_width": 11.213944917720049, 
            "fp_depth": 1.953949538181928, 
            "fp_length": 80.66067631957463, 
            "h1_size": 56.00982806065844, 
            "log_L2_reg": -5.050178248366048, 
            "log_init_scale": -4.769888477480079, 
            "log_step_size": -6.81543920991142
        }
    }, 
    {
        "host_name": "clumsy", 
        "minutes_duration": 0.9415671865145365, 
        "timestamp": "2021-09-05 20:34:13.780877", 
        "training_curve": [
            [
                0, 
                6.4518266390886, 
                6.297878085072548
            ], 
            [
                526, 
                3.227863211465249, 
                3.3446470352221906
            ], 
            [
                1052, 
                2.863735587179936, 
                3.101574826968844
            ], 
            [
                1578, 
                2.6417408941182856, 
                3.0066854968506687
            ], 
            [
                2105, 
                2.492399965306705, 
                2.9815823567834023
            ], 
            [
                2631, 
                2.362800732193593, 
                2.949120960744229
            ], 
            [
                3157, 
                2.27879027104451, 
                2.963454193857474
            ], 
            [
                3683, 
                2.218112446975273, 
                2.9850085811307423
            ], 
            [
                4210, 
                2.1469764480315576, 
                2.9971310725266176
            ], 
            [
                4736, 
                2.0919222680985037, 
                2.999769735626598
            ], 
            [
                5262, 
                2.0489286004584493, 
                3.007300790608189
            ], 
            [
                5788, 
                2.0061851024426924, 
                3.045925988602268
            ], 
            [
                6315, 
                1.9830953549025763, 
                3.0689060831386934
            ], 
            [
                6841, 
                1.9312842521433669, 
                3.0811196233725875
            ], 
            [
                7367, 
                1.9192476524119384, 
                3.1139604033049046
            ], 
            [
                7893, 
                1.9003771666904619, 
                3.126036455079106
            ], 
            [
                8420, 
                1.8485858353011275, 
                3.1359178607209923
            ], 
            [
                8946, 
                1.828216792312017, 
                3.1545161242795476
            ], 
            [
                9472, 
                1.8115180399036757, 
                3.1816095949962055
            ], 
            [
                9999, 
                1.7943719828038254, 
                3.200240242193213
            ]
        ]
    }
]