[
    {
        "jobnum": 12, 
        "model": {
            "L2_reg": 0.16299828947213768, 
            "conv_width": 14, 
            "fp_depth": 1, 
            "fp_length": 120, 
            "h1_size": 78, 
            "net_type": "conv_plus_linear"
        }, 
        "num_records": 20, 
        "task": {
            "name": "delaney", 
            "test_slices": [
                [
                    224, 
                    449
                ]
            ], 
            "train_slices": [
                [
                    0, 
                    224
                ], 
                [
                    674, 
                    899
                ], 
                [
                    899, 
                    1124
                ]
            ]
        }, 
        "train": {
            "batch_size": 100, 
            "init_scale": 0.0378442657541654, 
            "num_iters": 10000, 
            "seed": 2, 
            "step_size": 0.0009697793018287504
        }, 
        "varied_params": {
            "conv_width": 13.639197433342689, 
            "fp_depth": 1.281821532275325, 
            "fp_length": 120.08117412853598, 
            "h1_size": 78.33007271032875, 
            "log_L2_reg": -1.8140155722664026, 
            "log_init_scale": -3.2742758098052946, 
            "log_step_size": -6.938442036242218
        }
    }, 
    {
        "host_name": "handy", 
        "minutes_duration": 20.780332767963408, 
        "timestamp": "2021-08-05 21:23:39.118689", 
        "training_curve": [
            [
                0, 
                4.686143620130692, 
                3.836493424681967
            ], 
            [
                526, 
                1.1939665936192712, 
                1.1480248984438397
            ], 
            [
                1052, 
                0.7094357854287003, 
                0.7376295345219557
            ], 
            [
                1578, 
                0.5568233628054405, 
                0.697915685235174
            ], 
            [
                2105, 
                0.48248274006346525, 
                0.7107283941352951
            ], 
            [
                2631, 
                0.43394832183824716, 
                0.7371499169888456
            ], 
            [
                3157, 
                0.4012662726833499, 
                0.766641250042858
            ], 
            [
                3683, 
                0.37648653179301367, 
                0.7912354114990543
            ], 
            [
                4210, 
                0.3583514965829038, 
                0.8036457193658548
            ], 
            [
                4736, 
                0.3455261865359881, 
                0.8206010793244756
            ], 
            [
                5262, 
                0.3341716692863741, 
                0.8291162067654507
            ], 
            [
                5788, 
                0.3239770225729456, 
                0.848487133122057
            ], 
            [
                6315, 
                0.3137966787943839, 
                0.8730301813848804
            ], 
            [
                6841, 
                0.30450214199778675, 
                0.8890609804775663
            ], 
            [
                7367, 
                0.2961581535467972, 
                0.8948285256766811
            ], 
            [
                7893, 
                0.28811495709284474, 
                0.9050768650030255
            ], 
            [
                8420, 
                0.2804037739249739, 
                0.92402634374919
            ], 
            [
                8946, 
                0.2734035209706792, 
                0.9439801708134152
            ], 
            [
                9472, 
                0.26711621123243673, 
                0.9557295229264674
            ], 
            [
                9999, 
                0.26321843710087484, 
                0.9759015169054235
            ]
        ]
    }
]