[
    {
        "jobnum": 13, 
        "model": {
            "L2_reg": 0.7638511282981276, 
            "conv_width": 8, 
            "fp_depth": 2, 
            "fp_length": 607, 
            "h1_size": 83, 
            "net_type": "morgan_plus_net"
        }, 
        "num_records": 20, 
        "task": {
            "name": "cep", 
            "test_slices": [
                [
                    4000, 
                    8000
                ]
            ], 
            "train_slices": [
                [
                    0, 
                    4000
                ], 
                [
                    12000, 
                    16000
                ], 
                [
                    16000, 
                    20000
                ]
            ]
        }, 
        "train": {
            "batch_size": 100, 
            "init_scale": 0.12487648068455114, 
            "num_iters": 10000, 
            "seed": 2, 
            "step_size": 0.0005683298702230949
        }, 
        "varied_params": {
            "conv_width": 7.747870430106753, 
            "fp_depth": 1.8682182788416033, 
            "fp_length": 607.2050382885639, 
            "h1_size": 83.37051899818408, 
            "log_L2_reg": -0.26938236705147567, 
            "log_init_scale": -2.080430184749974, 
            "log_step_size": -7.472808550382432
        }
    }, 
    {
        "host_name": "clumsy", 
        "minutes_duration": 5.288026813666026, 
        "timestamp": "2021-09-05 20:39:34.460291", 
        "training_curve": [
            [
                0, 
                7.11782715641957, 
                6.921939928796512
            ], 
            [
                526, 
                2.1128562523595598, 
                2.405852388598036
            ], 
            [
                1052, 
                1.6170883057788603, 
                2.186895008124087
            ], 
            [
                1578, 
                1.2521644410571038, 
                2.045053880928449
            ], 
            [
                2105, 
                0.9798923297275548, 
                1.9957250563194138
            ], 
            [
                2631, 
                0.7744149899870841, 
                1.996686391116725
            ], 
            [
                3157, 
                0.626485198953584, 
                2.02366511999824
            ], 
            [
                3683, 
                0.5158329381125242, 
                2.0670484002859038
            ], 
            [
                4210, 
                0.428380221365712, 
                2.1011394812272175
            ], 
            [
                4736, 
                0.3609499155426497, 
                2.1567994195435656
            ], 
            [
                5262, 
                0.3108350880377112, 
                2.194912708090703
            ], 
            [
                5788, 
                0.2695858665859568, 
                2.2558812337545935
            ], 
            [
                6315, 
                0.24296957785969267, 
                2.306010550058518
            ], 
            [
                6841, 
                0.21653284238605738, 
                2.327200450211505
            ], 
            [
                7367, 
                0.21905679805205028, 
                2.3910591723487333
            ], 
            [
                7893, 
                0.23163619333264007, 
                2.4508140682056503
            ], 
            [
                8420, 
                0.2062036183031236, 
                2.4558048012830884
            ], 
            [
                8946, 
                0.22262978379799855, 
                2.540284346071881
            ], 
            [
                9472, 
                0.20900358498184254, 
                2.5146598767053256
            ], 
            [
                9999, 
                0.2893385941217722, 
                2.6139506559937336
            ]
        ]
    }
]