[
    {
        "jobnum": 15, 
        "model": {
            "L2_reg": 0.24123474988499183, 
            "conv_width": 19, 
            "fp_depth": 2, 
            "fp_length": 467, 
            "h1_size": 79, 
            "net_type": "morgan_plus_linear"
        }, 
        "num_records": 20, 
        "task": {
            "name": "delaney", 
            "test_slices": [
                [
                    224, 
                    449
                ]
            ], 
            "train_slices": [
                [
                    0, 
                    224
                ], 
                [
                    674, 
                    899
                ], 
                [
                    899, 
                    1124
                ]
            ]
        }, 
        "train": {
            "batch_size": 100, 
            "init_scale": 0.004581931293729009, 
            "num_iters": 10000, 
            "seed": 2, 
            "step_size": 0.003582006090948924
        }, 
        "varied_params": {
            "conv_width": 19.291235172754774, 
            "fp_depth": 1.669244897921855, 
            "fp_length": 466.70238164656837, 
            "h1_size": 78.80786672089184, 
            "log_L2_reg": -1.421984753673013, 
            "log_init_scale": -5.385634689884512, 
            "log_step_size": -5.631832274912644
        }
    }, 
    {
        "host_name": "papaschlumpf", 
        "minutes_duration": 1.6675342003504434, 
        "timestamp": "2021-07-09 22:44:01.233897", 
        "training_curve": [
            [
                0, 
                4.642066968490055, 
                3.7973722028435604
            ], 
            [
                526, 
                0.6163334595152214, 
                2.1072960057137498
            ], 
            [
                1052, 
                0.5033794597540835, 
                2.5808331506260935
            ], 
            [
                1578, 
                0.4686780643416187, 
                2.8372417141297364
            ], 
            [
                2105, 
                0.45460728747529405, 
                2.961584629329621
            ], 
            [
                2631, 
                0.44820946872198647, 
                3.018098647811675
            ], 
            [
                3157, 
                0.4452238644030637, 
                3.0433958570871558
            ], 
            [
                3683, 
                0.4436891375526115, 
                3.054933396557158
            ], 
            [
                4210, 
                0.44280750708225164, 
                3.0667668881046746
            ], 
            [
                4736, 
                0.44233918049490856, 
                3.070505597307754
            ], 
            [
                5262, 
                0.4419594253487001, 
                3.0686523705154225
            ], 
            [
                5788, 
                0.4417202087599667, 
                3.06688088898197
            ], 
            [
                6315, 
                0.4418017461571221, 
                3.0656933817891514
            ], 
            [
                6841, 
                0.441697584231132, 
                3.069681840150895
            ], 
            [
                7367, 
                0.44168236843179887, 
                3.0726363369104863
            ], 
            [
                7893, 
                0.44167514137717623, 
                3.073742019608641
            ], 
            [
                8420, 
                0.44148393045859763, 
                3.067917020458296
            ], 
            [
                8946, 
                0.4415902386098735, 
                3.0667085194743757
            ], 
            [
                9472, 
                0.4416506563273411, 
                3.0663531714356522
            ], 
            [
                9999, 
                0.4416252104969807, 
                3.072922383761336
            ]
        ]
    }
]