[
    {
        "jobnum": 15, 
        "model": {
            "L2_reg": 0.24123474988499183, 
            "conv_width": 19, 
            "fp_depth": 2, 
            "fp_length": 66, 
            "h1_size": 79, 
            "net_type": "conv_plus_net"
        }, 
        "num_records": 20, 
        "task": {
            "name": "delaney", 
            "test_slices": [
                [
                    224, 
                    449
                ]
            ], 
            "train_slices": [
                [
                    0, 
                    224
                ], 
                [
                    674, 
                    899
                ], 
                [
                    899, 
                    1124
                ]
            ]
        }, 
        "train": {
            "batch_size": 100, 
            "init_scale": 0.004581931293729009, 
            "num_iters": 10000, 
            "seed": 2, 
            "step_size": 0.003582006090948924
        }, 
        "varied_params": {
            "conv_width": 19.291235172754774, 
            "fp_depth": 1.669244897921855, 
            "fp_length": 66.07804240517427, 
            "h1_size": 78.80786672089184, 
            "log_L2_reg": -1.421984753673013, 
            "log_init_scale": -5.385634689884512, 
            "log_step_size": -5.631832274912644
        }
    }, 
    {
        "host_name": "handy", 
        "minutes_duration": 25.654174931844075, 
        "timestamp": "2021-08-05 17:38:30.444916", 
        "training_curve": [
            [
                0, 
                4.628589134079101, 
                3.7875959750992045
            ], 
            [
                526, 
                0.2312574135765753, 
                0.5358124490366669
            ], 
            [
                1052, 
                0.15281002203701569, 
                0.5699523014318943
            ], 
            [
                1578, 
                0.11100320183161347, 
                0.5998950328636461
            ], 
            [
                2105, 
                0.12831584176931046, 
                0.6849528807839862
            ], 
            [
                2631, 
                0.10986184492614269, 
                0.6621575596832889
            ], 
            [
                3157, 
                0.0805598857651933, 
                0.6564508852792771
            ], 
            [
                3683, 
                0.11784189051851306, 
                0.6939509301601203
            ], 
            [
                4210, 
                0.10150999767929664, 
                0.6517694955041575
            ], 
            [
                4736, 
                0.07638628599429528, 
                0.6059292666359516
            ], 
            [
                5262, 
                0.0787029829939143, 
                0.5803039742572804
            ], 
            [
                5788, 
                0.08848510995226468, 
                0.6027479902448013
            ], 
            [
                6315, 
                0.09718719441606871, 
                0.6312658342386256
            ], 
            [
                6841, 
                0.09112514395343418, 
                0.617306391560902
            ], 
            [
                7367, 
                0.08419085631453317, 
                0.6838665448499286
            ], 
            [
                7893, 
                0.09005485348534288, 
                0.6374884146764092
            ], 
            [
                8420, 
                0.07898246425263282, 
                0.6480606145106527
            ], 
            [
                8946, 
                0.09130459918389111, 
                0.6345097480395336
            ], 
            [
                9472, 
                0.08123249710710215, 
                0.6477481368613499
            ], 
            [
                9999, 
                0.0804416663956916, 
                0.6604402088483695
            ]
        ]
    }
]