[
    {
        "jobnum": 16, 
        "model": {
            "L2_reg": 1.665928386655229, 
            "conv_width": 18, 
            "fp_depth": 2, 
            "fp_length": 602, 
            "h1_size": 85, 
            "net_type": "morgan_plus_linear"
        }, 
        "num_records": 20, 
        "task": {
            "name": "malaria", 
            "test_slices": [
                [
                    2000, 
                    4000
                ]
            ], 
            "train_slices": [
                [
                    0, 
                    2000
                ], 
                [
                    6000, 
                    8000
                ], 
                [
                    8000, 
                    10000
                ]
            ]
        }, 
        "train": {
            "batch_size": 100, 
            "init_scale": 0.003978137844587124, 
            "num_iters": 10000, 
            "seed": 2, 
            "step_size": 0.0011024148396445355
        }, 
        "varied_params": {
            "conv_width": 18.216547956667423, 
            "fp_depth": 2.189517222540954, 
            "fp_length": 601.9230556169456, 
            "h1_size": 84.97396376587523, 
            "log_L2_reg": 0.5103825576198178, 
            "log_init_scale": -5.526941447419411, 
            "log_step_size": -6.810252196579466
        }
    }, 
    {
        "host_name": "papaschlumpf", 
        "minutes_duration": 0.9811741312344869, 
        "timestamp": "2021-08-31 17:45:38.978132", 
        "training_curve": [
            [
                0, 
                1.4758242266181738, 
                1.557966775583049
            ], 
            [
                526, 
                1.0319885831355204, 
                1.209027181152287
            ], 
            [
                1052, 
                0.9993528173453987, 
                1.2195355511436734
            ], 
            [
                1578, 
                0.9925458692442908, 
                1.230882486515196
            ], 
            [
                2105, 
                0.9867288732212411, 
                1.2399707421787143
            ], 
            [
                2631, 
                0.9860843744898463, 
                1.2481170205252734
            ], 
            [
                3157, 
                0.9866889446130922, 
                1.2485775341773484
            ], 
            [
                3683, 
                0.9821088474147822, 
                1.2464921415931098
            ], 
            [
                4210, 
                0.9815785685387388, 
                1.2465025257585158
            ], 
            [
                4736, 
                0.9890485472563214, 
                1.2600963767498234
            ], 
            [
                5262, 
                0.9838647433829708, 
                1.2517217644600542
            ], 
            [
                5788, 
                0.9810938532118867, 
                1.2494410088874266
            ], 
            [
                6315, 
                0.9848148901713745, 
                1.2503177925549485
            ], 
            [
                6841, 
                0.9885868468572614, 
                1.2602336226147717
            ], 
            [
                7367, 
                0.980922097711723, 
                1.2517601885755758
            ], 
            [
                7893, 
                0.9813877366380975, 
                1.2506038736405254
            ], 
            [
                8420, 
                0.9832432373149328, 
                1.2502476345605578
            ], 
            [
                8946, 
                0.9815875631090635, 
                1.2510361784808348
            ], 
            [
                9472, 
                0.9852921729237779, 
                1.257881849068784
            ], 
            [
                9999, 
                0.9862402801388525, 
                1.2545759471045281
            ]
        ]
    }
]