[
    {
        "jobnum": 16, 
        "model": {
            "L2_reg": 1.665928386655229, 
            "conv_width": 18, 
            "fp_depth": 2, 
            "fp_length": 602, 
            "h1_size": 85, 
            "net_type": "morgan_plus_net"
        }, 
        "num_records": 20, 
        "task": {
            "name": "malaria", 
            "test_slices": [
                [
                    2000, 
                    4000
                ]
            ], 
            "train_slices": [
                [
                    0, 
                    2000
                ], 
                [
                    6000, 
                    8000
                ], 
                [
                    8000, 
                    10000
                ]
            ]
        }, 
        "train": {
            "batch_size": 100, 
            "init_scale": 0.003978137844587124, 
            "num_iters": 10000, 
            "seed": 2, 
            "step_size": 0.0011024148396445355
        }, 
        "varied_params": {
            "conv_width": 18.216547956667423, 
            "fp_depth": 2.189517222540954, 
            "fp_length": 601.9230556169456, 
            "h1_size": 84.97396376587523, 
            "log_L2_reg": 0.5103825576198178, 
            "log_init_scale": -5.526941447419411, 
            "log_step_size": -6.810252196579466
        }
    }, 
    {
        "host_name": "handy", 
        "minutes_duration": 4.793685396512349, 
        "timestamp": "2021-09-01 01:26:27.881980", 
        "training_curve": [
            [
                0, 
                1.4804293040305199, 
                1.5607503017268172
            ], 
            [
                526, 
                0.5475828149777898, 
                1.2332186901617346
            ], 
            [
                1052, 
                0.20096190489811314, 
                1.2755459326401328
            ], 
            [
                1578, 
                0.10265077602953569, 
                1.3542234422505908
            ], 
            [
                2105, 
                0.09572211508502365, 
                1.430898055204405
            ], 
            [
                2631, 
                0.2368168035525168, 
                1.5744793016996572
            ], 
            [
                3157, 
                0.1939953874797539, 
                1.471177066862871
            ], 
            [
                3683, 
                0.2545336314534, 
                1.5161216746428503
            ], 
            [
                4210, 
                0.2567261325769721, 
                1.6032528681868408
            ], 
            [
                4736, 
                0.08387130262323293, 
                1.4102304542345263
            ], 
            [
                5262, 
                0.08386048148034493, 
                1.4340486243420427
            ], 
            [
                5788, 
                0.18619370224754497, 
                1.5092346737677045
            ], 
            [
                6315, 
                0.08626892264695184, 
                1.4179577037689273
            ], 
            [
                6841, 
                0.06228894968069822, 
                1.4168334577235169
            ], 
            [
                7367, 
                0.08912529477096089, 
                1.4385026477817047
            ], 
            [
                7893, 
                0.13857794631371806, 
                1.4284056262553306
            ], 
            [
                8420, 
                0.07186081610290528, 
                1.4222893071475649
            ], 
            [
                8946, 
                0.09447444901382682, 
                1.439367205176695
            ], 
            [
                9472, 
                0.10787018981746302, 
                1.46089519682664
            ], 
            [
                9999, 
                0.0561250556687979, 
                1.4112678666095666
            ]
        ]
    }
]