[
    {
        "jobnum": 16, 
        "model": {
            "L2_reg": 1.665928386655229, 
            "conv_width": 18, 
            "fp_depth": 2, 
            "fp_length": 81, 
            "h1_size": 85, 
            "net_type": "conv_plus_net"
        }, 
        "num_records": 20, 
        "task": {
            "name": "delaney", 
            "test_slices": [
                [
                    224, 
                    449
                ]
            ], 
            "train_slices": [
                [
                    0, 
                    224
                ], 
                [
                    674, 
                    899
                ], 
                [
                    899, 
                    1124
                ]
            ]
        }, 
        "train": {
            "batch_size": 100, 
            "init_scale": 0.003978137844587124, 
            "num_iters": 10000, 
            "seed": 2, 
            "step_size": 0.0011024148396445355
        }, 
        "varied_params": {
            "conv_width": 18.216547956667423, 
            "fp_depth": 2.189517222540954, 
            "fp_length": 81.10256173521617, 
            "h1_size": 84.97396376587523, 
            "log_L2_reg": 0.5103825576198178, 
            "log_init_scale": -5.526941447419411, 
            "log_step_size": -6.810252196579466
        }
    }, 
    {
        "host_name": "clumsy", 
        "minutes_duration": 27.51886718273163, 
        "timestamp": "2021-08-05 17:41:22.171877", 
        "training_curve": [
            [
                0, 
                4.628844945082658, 
                3.788050707389747
            ], 
            [
                526, 
                0.4528450992798651, 
                0.6610768087708073
            ], 
            [
                1052, 
                0.28698452323924417, 
                0.5317172612682003
            ], 
            [
                1578, 
                0.2339818918435104, 
                0.5453224696216888
            ], 
            [
                2105, 
                0.19591815777387311, 
                0.6091029292084713
            ], 
            [
                2631, 
                0.17054130674385135, 
                0.6696946820480248
            ], 
            [
                3157, 
                0.1578130248789853, 
                0.6890941955540768
            ], 
            [
                3683, 
                0.16255460005195868, 
                0.7663088620235341
            ], 
            [
                4210, 
                0.14357997528455374, 
                0.8020925891020793
            ], 
            [
                4736, 
                0.12746815700475378, 
                0.8066646155551558
            ], 
            [
                5262, 
                0.1423984731635486, 
                0.7989723723605496
            ], 
            [
                5788, 
                0.11698108560682362, 
                0.8235335803608987
            ], 
            [
                6315, 
                0.11253331925468159, 
                0.8309043373950029
            ], 
            [
                6841, 
                0.10856984361474069, 
                0.8367710880125926
            ], 
            [
                7367, 
                0.10225495188806885, 
                0.8661620430900097
            ], 
            [
                7893, 
                0.09479658597501248, 
                0.8557467913569495
            ], 
            [
                8420, 
                0.09283987646605736, 
                0.8697212371454907
            ], 
            [
                8946, 
                0.11200666601586555, 
                0.8889358491660796
            ], 
            [
                9472, 
                0.0994585111036443, 
                0.8872245653581871
            ], 
            [
                9999, 
                0.09338722865483932, 
                0.9113326738489494
            ]
        ]
    }
]