[
    {
        "jobnum": 18, 
        "model": {
            "L2_reg": 0.48742848338307015, 
            "conv_width": 14, 
            "fp_depth": 2, 
            "fp_length": 448, 
            "h1_size": 51, 
            "net_type": "mean"
        }, 
        "num_records": 20, 
        "task": {
            "name": "malaria", 
            "test_slices": [
                [
                    2000, 
                    4000
                ]
            ], 
            "train_slices": [
                [
                    0, 
                    2000
                ], 
                [
                    6000, 
                    8000
                ], 
                [
                    8000, 
                    10000
                ]
            ]
        }, 
        "train": {
            "batch_size": 100, 
            "init_scale": 0.07871699054062835, 
            "num_iters": 10000, 
            "seed": 2, 
            "step_size": 0.0011208132587385696
        }, 
        "varied_params": {
            "conv_width": 14.270231434982623, 
            "fp_depth": 1.8702328216313322, 
            "fp_length": 448.19885055333225, 
            "h1_size": 50.95965991546667, 
            "log_L2_reg": -0.7186117000585197, 
            "log_init_scale": -2.541896256889801, 
            "log_step_size": -6.793700733301803
        }
    }, 
    {
        "host_name": "handy", 
        "minutes_duration": 0.06556613445281982, 
        "timestamp": "2021-09-01 01:45:12.665714", 
        "training_curve": [
            [
                0, 
                1.481861224243245, 
                1.5615272644532066
            ], 
            [
                526, 
                1.480279390932664, 
                1.5607628670016125
            ], 
            [
                1052, 
                1.4802706526894416, 
                1.5608648140368244
            ], 
            [
                1578, 
                1.4802742344155058, 
                1.5608880957577747
            ], 
            [
                2105, 
                1.4802685599391696, 
                1.5608419926802521
            ], 
            [
                2631, 
                1.4802794970957738, 
                1.5607626204797143
            ], 
            [
                3157, 
                1.480270685934609, 
                1.5607934042516907
            ], 
            [
                3683, 
                1.4802747434179335, 
                1.5608908597590212
            ], 
            [
                4210, 
                1.48027134484176, 
                1.5608700733706697
            ], 
            [
                4736, 
                1.4802721247414576, 
                1.560785917272669
            ], 
            [
                5262, 
                1.4802786805031463, 
                1.5607645607289145
            ], 
            [
                5788, 
                1.4802720834621637, 
                1.5608751721274805
            ], 
            [
                6315, 
                1.4802720384322448, 
                1.5608748735734919
            ], 
            [
                6841, 
                1.4802681540535396, 
                1.5608309952617967
            ], 
            [
                7367, 
                1.480279545603017, 
                1.560762508388475
            ], 
            [
                7893, 
                1.4802696354724982, 
                1.5608557434153452
            ], 
            [
                8420, 
                1.4802749589618127, 
                1.5608920040151197
            ], 
            [
                8946, 
                1.4802687290942578, 
                1.560844775068148
            ], 
            [
                9472, 
                1.480277908565591, 
                1.5607664946781366
            ], 
            [
                9999, 
                1.4802761847669064, 
                1.560771228136913
            ]
        ]
    }
]