[
    {
        "jobnum": 19, 
        "model": {
            "L2_reg": 0.2799853748054875, 
            "conv_width": 15, 
            "fp_depth": 3, 
            "fp_length": 673, 
            "h1_size": 65, 
            "net_type": "morgan_plus_linear"
        }, 
        "num_records": 20, 
        "task": {
            "name": "delaney", 
            "test_slices": [
                [
                    224, 
                    449
                ]
            ], 
            "train_slices": [
                [
                    0, 
                    224
                ], 
                [
                    674, 
                    899
                ], 
                [
                    899, 
                    1124
                ]
            ]
        }, 
        "train": {
            "batch_size": 100, 
            "init_scale": 0.024096859896253434, 
            "num_iters": 10000, 
            "seed": 2, 
            "step_size": 0.003279250603624976
        }, 
        "varied_params": {
            "conv_width": 14.798012297857005, 
            "fp_depth": 2.7229757465487365, 
            "fp_length": 673.3200961617024, 
            "h1_size": 64.91411629780154, 
            "log_L2_reg": -1.2730179100146142, 
            "log_init_scale": -3.725673741735896, 
            "log_step_size": -5.720140357194941
        }
    }, 
    {
        "host_name": "clumsy", 
        "minutes_duration": 1.7307421167691548, 
        "timestamp": "2021-07-09 22:46:05.790917", 
        "training_curve": [
            [
                0, 
                4.527533771401853, 
                3.6889080398403276
            ], 
            [
                526, 
                0.3685419821875819, 
                3.141294064317941
            ], 
            [
                1052, 
                0.24852416944314146, 
                4.172839767439657
            ], 
            [
                1578, 
                0.20680903319417165, 
                4.7791253680902726
            ], 
            [
                2105, 
                0.18713496031297433, 
                5.1261178664325655
            ], 
            [
                2631, 
                0.176728814909414, 
                5.33152656853635
            ], 
            [
                3157, 
                0.17102406053161545, 
                5.457928808794513
            ], 
            [
                3683, 
                0.16774854197405556, 
                5.541988458146549
            ], 
            [
                4210, 
                0.1658128838410616, 
                5.593925417731691
            ], 
            [
                4736, 
                0.1646284059635304, 
                5.630088733964575
            ], 
            [
                5262, 
                0.16384989538352265, 
                5.657952428800892
            ], 
            [
                5788, 
                0.16333063471391313, 
                5.677901474398477
            ], 
            [
                6315, 
                0.16319826891116437, 
                5.6913946878820925
            ], 
            [
                6841, 
                0.1630559493157712, 
                5.6980606990443565
            ], 
            [
                7367, 
                0.16293770191190554, 
                5.699768227898263
            ], 
            [
                7893, 
                0.16285389680522688, 
                5.70102540240334
            ], 
            [
                8420, 
                0.16265439056900036, 
                5.708143434415892
            ], 
            [
                8946, 
                0.16478868471537755, 
                5.7283055759503565
            ], 
            [
                9472, 
                0.16276384568369726, 
                5.711412727231379
            ], 
            [
                9999, 
                0.1627585709389183, 
                5.7081069855811
            ]
        ]
    }
]