[
    {
        "jobnum": 1, 
        "model": {
            "L2_reg": 0.05326542476477831, 
            "conv_width": 13, 
            "fp_depth": 3, 
            "fp_length": 80, 
            "h1_size": 95, 
            "net_type": "conv_plus_linear"
        }, 
        "num_records": 20, 
        "task": {
            "name": "delaney", 
            "test_slices": [
                [
                    224, 
                    449
                ]
            ], 
            "train_slices": [
                [
                    0, 
                    224
                ], 
                [
                    674, 
                    899
                ], 
                [
                    899, 
                    1124
                ]
            ]
        }, 
        "train": {
            "batch_size": 100, 
            "init_scale": 0.003337989654124867, 
            "num_iters": 10000, 
            "seed": 2, 
            "step_size": 0.01583790822219237
        }, 
        "varied_params": {
            "conv_width": 12.933423796293567, 
            "fp_depth": 3.3751751142479938, 
            "fp_length": 79.62099084252043, 
            "h1_size": 94.58865003910398, 
            "log_L2_reg": -2.9324678493937784, 
            "log_init_scale": -5.702386553170644, 
            "log_step_size": -4.145348957995883
        }
    }, 
    {
        "host_name": "papaschlumpf", 
        "minutes_duration": 30.90341018040975, 
        "timestamp": "2021-08-05 20:26:15.710095", 
        "training_curve": [
            [
                0, 
                4.571523340930342, 
                3.7444584943657473
            ], 
            [
                526, 
                0.2950202069173131, 
                0.8068336084096481
            ], 
            [
                1052, 
                0.37630791999478147, 
                1.054543425263476
            ], 
            [
                1578, 
                0.23492894651590715, 
                1.1065757491810801
            ], 
            [
                2105, 
                0.3523974991687982, 
                1.2240166393117806
            ], 
            [
                2631, 
                0.21662385588861455, 
                1.091173653853634
            ], 
            [
                3157, 
                0.15014660838933147, 
                1.0118049684411574
            ], 
            [
                3683, 
                0.3557460761280527, 
                1.1015900450429412
            ], 
            [
                4210, 
                0.36778489815119636, 
                1.0954959703499219
            ], 
            [
                4736, 
                0.3180814766637725, 
                1.2683806460600986
            ], 
            [
                5262, 
                0.08909487225517729, 
                0.906941782126901
            ], 
            [
                5788, 
                0.1646481745270083, 
                1.0136373133697265
            ], 
            [
                6315, 
                0.1257916697206776, 
                0.9494151057755621
            ], 
            [
                6841, 
                0.18844763054288016, 
                1.061277396056664
            ], 
            [
                7367, 
                0.19887545015774852, 
                1.001308451421908
            ], 
            [
                7893, 
                0.1549091044240784, 
                0.9780948383006945
            ], 
            [
                8420, 
                0.33999251524768603, 
                1.1530007098633552
            ], 
            [
                8946, 
                0.0913048118537757, 
                0.8350141312907732
            ], 
            [
                9472, 
                0.22638268247041402, 
                1.1513893098752084
            ], 
            [
                9999, 
                0.09495842583417145, 
                1.0438353360327768
            ]
        ]
    }
]