[
    {
        "jobnum": 1, 
        "model": {
            "L2_reg": 0.05326542476477831, 
            "conv_width": 13, 
            "fp_depth": 3, 
            "fp_length": 589, 
            "h1_size": 95, 
            "net_type": "morgan_plus_linear"
        }, 
        "num_records": 20, 
        "task": {
            "name": "delaney", 
            "test_slices": [
                [
                    224, 
                    449
                ]
            ], 
            "train_slices": [
                [
                    0, 
                    224
                ], 
                [
                    674, 
                    899
                ], 
                [
                    899, 
                    1124
                ]
            ]
        }, 
        "train": {
            "batch_size": 100, 
            "init_scale": 0.003337989654124867, 
            "num_iters": 10000, 
            "seed": 2, 
            "step_size": 0.01583790822219237
        }, 
        "varied_params": {
            "conv_width": 12.933423796293567, 
            "fp_depth": 3.3751751142479938, 
            "fp_length": 588.5889175826837, 
            "h1_size": 94.58865003910398, 
            "log_L2_reg": -2.9324678493937784, 
            "log_init_scale": -5.702386553170644, 
            "log_step_size": -4.145348957995883
        }
    }, 
    {
        "host_name": "handy", 
        "minutes_duration": 0.6337106347084045, 
        "timestamp": "2021-07-09 22:38:58.486509", 
        "training_curve": [
            [
                0, 
                4.633059957826526, 
                3.792390869477056
            ], 
            [
                526, 
                0.5515899639713875, 
                4.02567728469889
            ], 
            [
                1052, 
                0.3609451267861961, 
                5.230130121581385
            ], 
            [
                1578, 
                0.23274371474081607, 
                5.969113886566015
            ], 
            [
                2105, 
                0.2247502396478638, 
                6.589840958951322
            ], 
            [
                2631, 
                0.6757626757680518, 
                7.881123100665474
            ], 
            [
                3157, 
                0.21654361665245747, 
                7.456263575309404
            ], 
            [
                3683, 
                0.21412410673067608, 
                7.765171546614197
            ], 
            [
                4210, 
                0.21260120102606864, 
                8.01753832344989
            ], 
            [
                4736, 
                0.21102462028984115, 
                8.217530484837358
            ], 
            [
                5262, 
                0.21518071443227663, 
                8.378458945560944
            ], 
            [
                5788, 
                0.20872168102053235, 
                8.527413815336175
            ], 
            [
                6315, 
                2.94441943972683, 
                11.248301822643986
            ], 
            [
                6841, 
                0.2078486236304071, 
                8.741346597457104
            ], 
            [
                7367, 
                0.21398438748800802, 
                8.81245999375472
            ], 
            [
                7893, 
                0.20704176811258687, 
                8.892638543361018
            ], 
            [
                8420, 
                0.20703520484127216, 
                8.949795784996837
            ], 
            [
                8946, 
                0.20631635050007713, 
                8.997406819195705
            ], 
            [
                9472, 
                0.20614553622084938, 
                9.03636697027408
            ], 
            [
                9999, 
                0.20624862631106664, 
                9.068429120625998
            ]
        ]
    }
]