[
    {
        "jobnum": 1, 
        "model": {
            "L2_reg": 0.05326542476477831, 
            "conv_width": 13, 
            "fp_depth": 3, 
            "fp_length": 80, 
            "h1_size": 95, 
            "net_type": "conv_plus_linear"
        }, 
        "num_records": 20, 
        "task": {
            "name": "cep", 
            "test_slices": [
                [
                    4000, 
                    8000
                ]
            ], 
            "train_slices": [
                [
                    0, 
                    4000
                ], 
                [
                    12000, 
                    16000
                ], 
                [
                    16000, 
                    20000
                ]
            ]
        }, 
        "train": {
            "batch_size": 100, 
            "init_scale": 0.003337989654124867, 
            "num_iters": 10000, 
            "seed": 2, 
            "step_size": 0.01583790822219237
        }, 
        "varied_params": {
            "conv_width": 12.933423796293567, 
            "fp_depth": 3.3751751142479938, 
            "fp_length": 79.62099084252043, 
            "h1_size": 94.58865003910398, 
            "log_L2_reg": -2.9324678493937784, 
            "log_init_scale": -5.702386553170644, 
            "log_step_size": -4.145348957995883
        }
    }, 
    {
        "host_name": "clumsy", 
        "minutes_duration": 63.102074364821114, 
        "timestamp": "2021-09-05 13:54:47.577120", 
        "training_curve": [
            [
                0, 
                6.4755007626298635, 
                6.323260206306176
            ], 
            [
                526, 
                3.71078175837444, 
                3.6742548582602907
            ], 
            [
                1052, 
                3.4201504692123152, 
                3.4545904748720653
            ], 
            [
                1578, 
                3.651302950475342, 
                3.6884718734016135
            ], 
            [
                2105, 
                2.896995563674933, 
                3.015320398757749
            ], 
            [
                2631, 
                2.798879546739903, 
                2.9462150036127066
            ], 
            [
                3157, 
                2.739543027642246, 
                2.9259345498462745
            ], 
            [
                3683, 
                3.6830632089765216, 
                3.877990358992003
            ], 
            [
                4210, 
                2.935167421911431, 
                3.1469514398101093
            ], 
            [
                4736, 
                4.028895161004758, 
                4.206616319398707
            ], 
            [
                5262, 
                2.8247415416984647, 
                3.036844755045523
            ], 
            [
                5788, 
                3.5012944935681394, 
                3.6681027490568607
            ], 
            [
                6315, 
                4.056665790470923, 
                4.326850456027085
            ], 
            [
                6841, 
                3.1287697952926914, 
                3.35191242871798
            ], 
            [
                7367, 
                2.6827699000766976, 
                2.8993817651081804
            ], 
            [
                7893, 
                2.6151527829084174, 
                2.8432758080180127
            ], 
            [
                8420, 
                2.6051609678969956, 
                2.816466322360211
            ], 
            [
                8946, 
                3.8213643814985607, 
                4.072273038473108
            ], 
            [
                9472, 
                2.6883003474136626, 
                2.9653918105336787
            ], 
            [
                9999, 
                3.153187679674175, 
                3.455764005046187
            ]
        ]
    }
]