[
    {
        "jobnum": 1, 
        "model": {
            "L2_reg": 0.05326542476477831, 
            "conv_width": 13, 
            "fp_depth": 3, 
            "fp_length": 589, 
            "h1_size": 95, 
            "net_type": "morgan_plus_net"
        }, 
        "num_records": 20, 
        "task": {
            "name": "cep", 
            "test_slices": [
                [
                    4000, 
                    8000
                ]
            ], 
            "train_slices": [
                [
                    0, 
                    4000
                ], 
                [
                    12000, 
                    16000
                ], 
                [
                    16000, 
                    20000
                ]
            ]
        }, 
        "train": {
            "batch_size": 100, 
            "init_scale": 0.003337989654124867, 
            "num_iters": 10000, 
            "seed": 2, 
            "step_size": 0.01583790822219237
        }, 
        "varied_params": {
            "conv_width": 12.933423796293567, 
            "fp_depth": 3.3751751142479938, 
            "fp_length": 588.5889175826837, 
            "h1_size": 94.58865003910398, 
            "log_L2_reg": -2.9324678493937784, 
            "log_init_scale": -5.702386553170644, 
            "log_step_size": -4.145348957995883
        }
    }, 
    {
        "host_name": "clumsy", 
        "minutes_duration": 3.5760342359542845, 
        "timestamp": "2021-09-05 20:28:22.332770", 
        "training_curve": [
            [
                0, 
                6.4492675716381, 
                6.2933712319971855
            ], 
            [
                526, 
                1.8703926672538647, 
                2.821321574049559
            ], 
            [
                1052, 
                1.2800675371836914, 
                2.9406373712240055
            ], 
            [
                1578, 
                1.0892642831156911, 
                2.893172130075017
            ], 
            [
                2105, 
                1.9530586207568306, 
                3.718192268511002
            ], 
            [
                2631, 
                2.5829718818032523, 
                4.415292776029134
            ], 
            [
                3157, 
                2.4586692352337107, 
                4.410425043419912
            ], 
            [
                3683, 
                1.3212167145794649, 
                3.197352110976351
            ], 
            [
                4210, 
                1.2062130889851654, 
                3.2048210087388713
            ], 
            [
                4736, 
                0.9191986942020601, 
                2.898618372944087
            ], 
            [
                5262, 
                1.3045007783752627, 
                3.2967761310388632
            ], 
            [
                5788, 
                1.3113017506856177, 
                3.2229480015770977
            ], 
            [
                6315, 
                1.2174586526386695, 
                3.1610621751859833
            ], 
            [
                6841, 
                1.1389357542468421, 
                3.0389108357709027
            ], 
            [
                7367, 
                1.5611234440480177, 
                3.4983868944631484
            ], 
            [
                7893, 
                1.1941223293254233, 
                3.222134978839451
            ], 
            [
                8420, 
                1.417148959308372, 
                3.393285747775909
            ], 
            [
                8946, 
                0.9555340696154061, 
                2.8862602689930164
            ], 
            [
                9472, 
                0.856212630518612, 
                2.9043399016931053
            ], 
            [
                9999, 
                1.0202518787087929, 
                3.034570924296041
            ]
        ]
    }
]