[
    {
        "jobnum": 1, 
        "model": {
            "L2_reg": 0.05326542476477831, 
            "conv_width": 13, 
            "fp_depth": 3, 
            "fp_length": 80, 
            "h1_size": 95, 
            "net_type": "conv_plus_net"
        }, 
        "num_records": 20, 
        "task": {
            "name": "malaria", 
            "test_slices": [
                [
                    2000, 
                    4000
                ]
            ], 
            "train_slices": [
                [
                    0, 
                    2000
                ], 
                [
                    6000, 
                    8000
                ], 
                [
                    8000, 
                    10000
                ]
            ]
        }, 
        "train": {
            "batch_size": 100, 
            "init_scale": 0.003337989654124867, 
            "num_iters": 10000, 
            "seed": 2, 
            "step_size": 0.01583790822219237
        }, 
        "varied_params": {
            "conv_width": 12.933423796293567, 
            "fp_depth": 3.3751751142479938, 
            "fp_length": 79.62099084252043, 
            "h1_size": 94.58865003910398, 
            "log_L2_reg": -2.9324678493937784, 
            "log_init_scale": -5.702386553170644, 
            "log_step_size": -4.145348957995883
        }
    }, 
    {
        "host_name": "handy", 
        "minutes_duration": 43.013041599591574, 
        "timestamp": "2021-08-31 10:52:09.590356", 
        "training_curve": [
            [
                0, 
                1.4802896367380087, 
                1.5609355173011898
            ], 
            [
                526, 
                1.2526610434038794, 
                1.366418289630152
            ], 
            [
                1052, 
                1.0650411049678468, 
                1.2250776213513166
            ], 
            [
                1578, 
                0.9424250934601943, 
                1.2903661390398815
            ], 
            [
                2105, 
                0.8854343911696572, 
                1.2779881135299456
            ], 
            [
                2631, 
                0.8774291265922565, 
                1.4006637064454999
            ], 
            [
                3157, 
                0.8036211661842398, 
                1.358228962999174
            ], 
            [
                3683, 
                0.6637632958755559, 
                1.3262895312079326
            ], 
            [
                4210, 
                0.6394628160635134, 
                1.4027793997691491
            ], 
            [
                4736, 
                0.8101628623471253, 
                1.7155307461182756
            ], 
            [
                5262, 
                0.6223920513066346, 
                1.5890789966614047
            ], 
            [
                5788, 
                0.548571416633541, 
                1.4812446598926445
            ], 
            [
                6315, 
                0.5538075300268742, 
                1.5707888449703915
            ], 
            [
                6841, 
                0.5110136449278273, 
                1.5366091286437618
            ], 
            [
                7367, 
                0.6161042467285813, 
                1.8191522526850568
            ], 
            [
                7893, 
                0.47507528788812314, 
                1.5855018111702879
            ], 
            [
                8420, 
                0.44263392225800025, 
                1.5722604384975973
            ], 
            [
                8946, 
                0.4681667757367983, 
                1.640324221451764
            ], 
            [
                9472, 
                0.5774800960886651, 
                1.787846725776154
            ], 
            [
                9999, 
                0.5167002769077027, 
                1.6853412474330594
            ]
        ]
    }
]