[
    {
        "jobnum": 20, 
        "model": {
            "L2_reg": 0.08101826970128459, 
            "conv_width": 17, 
            "fp_depth": 4, 
            "fp_length": 726, 
            "h1_size": 95, 
            "net_type": "morgan_plus_net"
        }, 
        "num_records": 20, 
        "task": {
            "name": "delaney", 
            "test_slices": [
                [
                    224, 
                    449
                ]
            ], 
            "train_slices": [
                [
                    0, 
                    224
                ], 
                [
                    674, 
                    899
                ], 
                [
                    899, 
                    1124
                ]
            ]
        }, 
        "train": {
            "batch_size": 100, 
            "init_scale": 0.0906356596274393, 
            "num_iters": 10000, 
            "seed": 2, 
            "step_size": 0.001459366969517237
        }, 
        "varied_params": {
            "conv_width": 17.092909835691287, 
            "fp_depth": 3.675770065047016, 
            "fp_length": 725.5196922086892, 
            "h1_size": 94.82732979255314, 
            "log_L2_reg": -2.5130805978749855, 
            "log_init_scale": -2.4009075492492045, 
            "log_step_size": -6.529752519808413
        }
    }, 
    {
        "host_name": "hefty", 
        "minutes_duration": 4.5668543140093485, 
        "timestamp": "2021-08-06 00:46:46.534261", 
        "training_curve": [
            [
                0, 
                4.757406656749847, 
                3.8980608000435195
            ], 
            [
                526, 
                0.03414020576105474, 
                1.4136926325018713
            ], 
            [
                1052, 
                0.046566041996791985, 
                1.4462415174940317
            ], 
            [
                1578, 
                0.05316316802439161, 
                1.4563794907487067
            ], 
            [
                2105, 
                0.053108857331166485, 
                1.4403478603116249
            ], 
            [
                2631, 
                0.05132123174658872, 
                1.4221561549123922
            ], 
            [
                3157, 
                0.04962495817091881, 
                1.4014127978733435
            ], 
            [
                3683, 
                0.0927925174695638, 
                1.4436695785970242
            ], 
            [
                4210, 
                0.05444054269285417, 
                1.407079260705376
            ], 
            [
                4736, 
                0.051856149427069766, 
                1.3913739601404935
            ], 
            [
                5262, 
                0.05070525124798479, 
                1.38060579360168
            ], 
            [
                5788, 
                0.049767551900236344, 
                1.3702302324348001
            ], 
            [
                6315, 
                0.04905820491265668, 
                1.3669044525420857
            ], 
            [
                6841, 
                0.048166789243918214, 
                1.3612187925436718
            ], 
            [
                7367, 
                0.04806442064373944, 
                1.3571547163160818
            ], 
            [
                7893, 
                0.05014731843509435, 
                1.3471268462432293
            ], 
            [
                8420, 
                0.04847849029405294, 
                1.3497606791267076
            ], 
            [
                8946, 
                0.048575040437605015, 
                1.348054345280614
            ], 
            [
                9472, 
                0.049022616110191056, 
                1.3344554640703836
            ], 
            [
                9999, 
                0.050173015842866445, 
                1.326935616903297
            ]
        ]
    }
]