[
    {
        "jobnum": 20, 
        "model": {
            "L2_reg": 0.08101826970128459, 
            "conv_width": 17, 
            "fp_depth": 4, 
            "fp_length": 726, 
            "h1_size": 95, 
            "net_type": "morgan_plus_net"
        }, 
        "num_records": 20, 
        "task": {
            "name": "malaria", 
            "test_slices": [
                [
                    2000, 
                    4000
                ]
            ], 
            "train_slices": [
                [
                    0, 
                    2000
                ], 
                [
                    6000, 
                    8000
                ], 
                [
                    8000, 
                    10000
                ]
            ]
        }, 
        "train": {
            "batch_size": 100, 
            "init_scale": 0.0906356596274393, 
            "num_iters": 10000, 
            "seed": 2, 
            "step_size": 0.001459366969517237
        }, 
        "varied_params": {
            "conv_width": 17.092909835691287, 
            "fp_depth": 3.675770065047016, 
            "fp_length": 725.5196922086892, 
            "h1_size": 94.82732979255314, 
            "log_L2_reg": -2.5130805978749855, 
            "log_init_scale": -2.4009075492492045, 
            "log_step_size": -6.529752519808413
        }
    }, 
    {
        "host_name": "schlaubi", 
        "minutes_duration": 3.668090049425761, 
        "timestamp": "2021-09-01 01:29:24.317270", 
        "training_curve": [
            [
                0, 
                1.5260503531927845, 
                1.6104089438110392
            ], 
            [
                526, 
                0.1544198518664724, 
                1.2906382611679248
            ], 
            [
                1052, 
                0.0799054120534939, 
                1.3902788747022032
            ], 
            [
                1578, 
                0.1758567468045095, 
                1.337403627308151
            ], 
            [
                2105, 
                0.08788528221208822, 
                1.3958748355757506
            ], 
            [
                2631, 
                0.207180301154554, 
                1.4335118197052321
            ], 
            [
                3157, 
                0.14672612101757843, 
                1.4194899906330312
            ], 
            [
                3683, 
                0.12456689715669743, 
                1.4040635231002716
            ], 
            [
                4210, 
                0.1554031218332846, 
                1.4229756244063878
            ], 
            [
                4736, 
                0.21980941906440346, 
                1.4820888458420252
            ], 
            [
                5262, 
                0.1563710825567582, 
                1.4299234097342246
            ], 
            [
                5788, 
                0.16237261862702213, 
                1.4197476139517677
            ], 
            [
                6315, 
                0.2076048058029767, 
                1.4758992861968026
            ], 
            [
                6841, 
                0.23029207534607063, 
                1.4841310365409626
            ], 
            [
                7367, 
                0.1795289171587855, 
                1.4371237816704985
            ], 
            [
                7893, 
                0.22840282525611313, 
                1.4765262236029053
            ], 
            [
                8420, 
                0.21024982409920523, 
                1.452398766313075
            ], 
            [
                8946, 
                0.18703361061884188, 
                1.4504293645305735
            ], 
            [
                9472, 
                0.1395520400661289, 
                1.4181520419651952
            ], 
            [
                9999, 
                0.15079551092455282, 
                1.4245110340267462
            ]
        ]
    }
]