[
    {
        "jobnum": 20, 
        "model": {
            "L2_reg": 0.08101826970128459, 
            "conv_width": 17, 
            "fp_depth": 4, 
            "fp_length": 726, 
            "h1_size": 95, 
            "net_type": "mean"
        }, 
        "num_records": 20, 
        "task": {
            "name": "cep", 
            "test_slices": [
                [
                    4000, 
                    8000
                ]
            ], 
            "train_slices": [
                [
                    0, 
                    4000
                ], 
                [
                    12000, 
                    16000
                ], 
                [
                    16000, 
                    20000
                ]
            ]
        }, 
        "train": {
            "batch_size": 100, 
            "init_scale": 0.0906356596274393, 
            "num_iters": 10000, 
            "seed": 2, 
            "step_size": 0.001459366969517237
        }, 
        "varied_params": {
            "conv_width": 17.092909835691287, 
            "fp_depth": 3.675770065047016, 
            "fp_length": 725.5196922086892, 
            "h1_size": 94.82732979255314, 
            "log_L2_reg": -2.5130805978749855, 
            "log_init_scale": -2.4009075492492045, 
            "log_step_size": -6.529752519808413
        }
    }, 
    {
        "host_name": "hefty", 
        "minutes_duration": 0.04129276672999064, 
        "timestamp": "2021-09-05 21:04:53.436250", 
        "training_curve": [
            [
                0, 
                6.457395196624061, 
                6.305542095449131
            ], 
            [
                526, 
                6.448304484506363, 
                6.293556902544312
            ], 
            [
                1052, 
                6.448430696676235, 
                6.2928082296664165
            ], 
            [
                1578, 
                6.448204004344055, 
                6.293204205665174
            ], 
            [
                2105, 
                6.4483422084165385, 
                6.293651145997737
            ], 
            [
                2631, 
                6.448451365652472, 
                6.292806581896123
            ], 
            [
                3157, 
                6.448229808221397, 
                6.2933278173476355
            ], 
            [
                3683, 
                6.448195732326364, 
                6.2930617575163605
            ], 
            [
                4210, 
                6.448195302037973, 
                6.29311567763528
            ], 
            [
                4736, 
                6.448287789218394, 
                6.293512085803761
            ], 
            [
                5262, 
                6.448448349481691, 
                6.292806764802483
            ], 
            [
                5788, 
                6.448199302026383, 
                6.293168473426133
            ], 
            [
                6315, 
                6.44836866266099, 
                6.293712988375226
            ], 
            [
                6841, 
                6.448248284008269, 
                6.292898424266028
            ], 
            [
                7367, 
                6.448312131818806, 
                6.293576711773714
            ], 
            [
                7893, 
                6.448459708892168, 
                6.292806172637708
            ], 
            [
                8420, 
                6.4482056999263335, 
                6.293214992517691
            ], 
            [
                8946, 
                6.448338273360953, 
                6.29364168330862
            ], 
            [
                9472, 
                6.448431878304288, 
                6.292808109726788
            ], 
            [
                9999, 
                6.448242432330364, 
                6.293373824946766
            ]
        ]
    }
]