[
    {
        "jobnum": 20, 
        "model": {
            "L2_reg": 0.08101826970128459, 
            "conv_width": 17, 
            "fp_depth": 4, 
            "fp_length": 726, 
            "h1_size": 95, 
            "net_type": "mean"
        }, 
        "num_records": 20, 
        "task": {
            "name": "delaney", 
            "test_slices": [
                [
                    224, 
                    449
                ]
            ], 
            "train_slices": [
                [
                    0, 
                    224
                ], 
                [
                    674, 
                    899
                ], 
                [
                    899, 
                    1124
                ]
            ]
        }, 
        "train": {
            "batch_size": 100, 
            "init_scale": 0.0906356596274393, 
            "num_iters": 10000, 
            "seed": 2, 
            "step_size": 0.001459366969517237
        }, 
        "varied_params": {
            "conv_width": 17.092909835691287, 
            "fp_depth": 3.675770065047016, 
            "fp_length": 725.5196922086892, 
            "h1_size": 94.82732979255314, 
            "log_L2_reg": -2.5130805978749855, 
            "log_init_scale": -2.4009075492492045, 
            "log_step_size": -6.529752519808413
        }
    }, 
    {
        "host_name": "papaschlumpf", 
        "minutes_duration": 0.043837364514668783, 
        "timestamp": "2021-08-06 00:59:17.110934", 
        "training_curve": [
            [
                0, 
                4.635457337485157, 
                3.7970151108110692
            ], 
            [
                526, 
                4.628926383306527, 
                3.7875936222281386
            ], 
            [
                1052, 
                4.62892753402271, 
                3.7875926226450423
            ], 
            [
                1578, 
                4.628929803856828, 
                3.7875906989529056
            ], 
            [
                2105, 
                4.628931716607646, 
                3.787589125672339
            ], 
            [
                2631, 
                4.628929608814145, 
                3.7875908618021175
            ], 
            [
                3157, 
                4.628933444669513, 
                3.7875877404767935
            ], 
            [
                3683, 
                4.628926620904118, 
                3.7875934144654355
            ], 
            [
                4210, 
                4.628929795389493, 
                3.7875907060132095
            ], 
            [
                4736, 
                4.62893326434552, 
                3.7875878834526375
            ], 
            [
                5262, 
                4.628931713111551, 
                3.787589128509156
            ], 
            [
                5788, 
                4.628929606432098, 
                3.787590863793796
            ], 
            [
                6315, 
                4.628926619751631, 
                3.7875934154714725
            ], 
            [
                6841, 
                4.628927510082499, 
                3.7875926432715694
            ], 
            [
                7367, 
                4.6289297948986805, 
                3.7875907064224896
            ], 
            [
                7893, 
                4.6289332641687695, 
                3.787587883592957
            ], 
            [
                8420, 
                4.628929606341477, 
                3.787590863869567
            ], 
            [
                8946, 
                4.628933443796681, 
                3.787587741167976
            ], 
            [
                9472, 
                4.628926619668473, 
                3.7875934155440656
            ], 
            [
                9999, 
                4.628929794878784, 
                3.787590706439081
            ]
        ]
    }
]