[
    {
        "jobnum": 20, 
        "model": {
            "L2_reg": 0.08101826970128459, 
            "conv_width": 17, 
            "fp_depth": 4, 
            "fp_length": 95, 
            "h1_size": 95, 
            "net_type": "conv_plus_linear"
        }, 
        "num_records": 20, 
        "task": {
            "name": "delaney", 
            "test_slices": [
                [
                    224, 
                    449
                ]
            ], 
            "train_slices": [
                [
                    0, 
                    224
                ], 
                [
                    674, 
                    899
                ], 
                [
                    899, 
                    1124
                ]
            ]
        }, 
        "train": {
            "batch_size": 100, 
            "init_scale": 0.0906356596274393, 
            "num_iters": 10000, 
            "seed": 2, 
            "step_size": 0.001459366969517237
        }, 
        "varied_params": {
            "conv_width": 17.092909835691287, 
            "fp_depth": 3.675770065047016, 
            "fp_length": 94.83552135652103, 
            "h1_size": 94.82732979255314, 
            "log_L2_reg": -2.5130805978749855, 
            "log_init_scale": -2.4009075492492045, 
            "log_step_size": -6.529752519808413
        }
    }, 
    {
        "host_name": "papaschlumpf", 
        "minutes_duration": 56.72268978357315, 
        "timestamp": "2021-08-05 22:46:54.684530", 
        "training_curve": [
            [
                0, 
                4.51162078516851, 
                3.7440764226106493
            ], 
            [
                526, 
                0.3279701480964728, 
                0.7045271355113818
            ], 
            [
                1052, 
                0.16820175280907837, 
                0.7435597173527552
            ], 
            [
                1578, 
                0.12498379556068849, 
                0.7472926511582515
            ], 
            [
                2105, 
                0.10888429841350118, 
                0.8383931555716017
            ], 
            [
                2631, 
                0.09920102036267832, 
                0.8656043798778802
            ], 
            [
                3157, 
                0.07979779719259898, 
                0.8999554534955565
            ], 
            [
                3683, 
                0.16581504082687112, 
                0.9795760377831284
            ], 
            [
                4210, 
                0.07273246407417758, 
                0.920216692704945
            ], 
            [
                4736, 
                0.06235765958411043, 
                0.9172181102923727
            ], 
            [
                5262, 
                0.06370812447917887, 
                0.9423060929639951
            ], 
            [
                5788, 
                0.08104735985282548, 
                0.969413841287003
            ], 
            [
                6315, 
                0.0698355281506682, 
                0.9154565884184089
            ], 
            [
                6841, 
                0.06227086862864269, 
                0.9541859372743726
            ], 
            [
                7367, 
                0.08215375009664473, 
                0.9590220870769322
            ], 
            [
                7893, 
                0.0681403817884937, 
                0.9775974990151599
            ], 
            [
                8420, 
                0.0659073859601697, 
                0.9347052660656553
            ], 
            [
                8946, 
                0.07350408993748755, 
                0.9535320192832619
            ], 
            [
                9472, 
                0.0748048572733226, 
                0.9624019994174299
            ], 
            [
                9999, 
                0.07050131295762803, 
                0.9292973249675839
            ]
        ]
    }
]