[
    {
        "jobnum": 21, 
        "model": {
            "L2_reg": 7.321213204376401, 
            "conv_width": 18, 
            "fp_depth": 1, 
            "fp_length": 34, 
            "h1_size": 96, 
            "net_type": "conv_plus_linear"
        }, 
        "num_records": 20, 
        "task": {
            "name": "malaria", 
            "test_slices": [
                [
                    2000, 
                    4000
                ]
            ], 
            "train_slices": [
                [
                    0, 
                    2000
                ], 
                [
                    6000, 
                    8000
                ], 
                [
                    8000, 
                    10000
                ]
            ]
        }, 
        "train": {
            "batch_size": 100, 
            "init_scale": 0.011536512686277006, 
            "num_iters": 10000, 
            "seed": 2, 
            "step_size": 0.005839939733487496
        }, 
        "varied_params": {
            "conv_width": 18.021890860523214, 
            "fp_depth": 1.4483449139739812, 
            "fp_length": 34.19920868375398, 
            "h1_size": 95.97413068723367, 
            "log_L2_reg": 1.990776052542932, 
            "log_init_scale": -4.462238257135377, 
            "log_step_size": -5.143034801803554
        }
    }, 
    {
        "host_name": "hefty", 
        "minutes_duration": 14.086837581793468, 
        "timestamp": "2021-08-31 21:21:03.549533", 
        "training_curve": [
            [
                0, 
                1.4825453604371692, 
                1.5642011152411477
            ], 
            [
                526, 
                1.2374054680602264, 
                1.3198189045866477
            ], 
            [
                1052, 
                1.202611159136978, 
                1.2844056194353815
            ], 
            [
                1578, 
                1.1897778853107817, 
                1.2886967872150799
            ], 
            [
                2105, 
                1.1618869129326552, 
                1.2776199349801536
            ], 
            [
                2631, 
                1.1710027568566088, 
                1.2927732096542155
            ], 
            [
                3157, 
                1.181016186241708, 
                1.2754986948055678
            ], 
            [
                3683, 
                1.1166649731064857, 
                1.2265483281745888
            ], 
            [
                4210, 
                1.120794957654679, 
                1.2543935675816615
            ], 
            [
                4736, 
                1.1016152227588885, 
                1.2315813704527916
            ], 
            [
                5262, 
                1.231366074589328, 
                1.3578964254662138
            ], 
            [
                5788, 
                1.088556780108548, 
                1.2131065935550547
            ], 
            [
                6315, 
                1.0941584925647692, 
                1.2318894475686137
            ], 
            [
                6841, 
                1.0753562873479483, 
                1.218844302672477
            ], 
            [
                7367, 
                1.226049649300783, 
                1.3479141356937347
            ], 
            [
                7893, 
                1.0680929311449605, 
                1.2038575193988512
            ], 
            [
                8420, 
                1.066666097320437, 
                1.2190080344873648
            ], 
            [
                8946, 
                1.0603329809768858, 
                1.2158806467636065
            ], 
            [
                9472, 
                1.218159468682313, 
                1.3730056990513098
            ], 
            [
                9999, 
                1.0498073732496889, 
                1.1974349681866305
            ]
        ]
    }
]