[
    {
        "jobnum": 21, 
        "model": {
            "L2_reg": 7.321213204376401, 
            "conv_width": 18, 
            "fp_depth": 1, 
            "fp_length": 180, 
            "h1_size": 96, 
            "net_type": "mean"
        }, 
        "num_records": 20, 
        "task": {
            "name": "malaria", 
            "test_slices": [
                [
                    2000, 
                    4000
                ]
            ], 
            "train_slices": [
                [
                    0, 
                    2000
                ], 
                [
                    6000, 
                    8000
                ], 
                [
                    8000, 
                    10000
                ]
            ]
        }, 
        "train": {
            "batch_size": 100, 
            "init_scale": 0.011536512686277006, 
            "num_iters": 10000, 
            "seed": 2, 
            "step_size": 0.005839939733487496
        }, 
        "varied_params": {
            "conv_width": 18.021890860523214, 
            "fp_depth": 1.4483449139739812, 
            "fp_length": 179.7928781537858, 
            "h1_size": 95.97413068723367, 
            "log_L2_reg": 1.990776052542932, 
            "log_init_scale": -4.462238257135377, 
            "log_step_size": -5.143034801803554
        }
    }, 
    {
        "host_name": "handy", 
        "minutes_duration": 0.06543955008188883, 
        "timestamp": "2021-09-01 01:45:19.912347", 
        "training_curve": [
            [
                0, 
                1.4803023355234852, 
                1.5607300873838312
            ], 
            [
                526, 
                1.4806853856562727, 
                1.5607871679704828
            ], 
            [
                1052, 
                1.4802800390766633, 
                1.5609158034503066
            ], 
            [
                1578, 
                1.4805022688919514, 
                1.5614029951647392
            ], 
            [
                2105, 
                1.4803608787565181, 
                1.5611348009743242
            ], 
            [
                2631, 
                1.480579819488265, 
                1.5607435881225282
            ], 
            [
                3157, 
                1.4804724995187535, 
                1.5607113759955369
            ], 
            [
                3683, 
                1.4804378213521152, 
                1.5612876769274666
            ], 
            [
                4210, 
                1.4804923683863112, 
                1.5613857826336734
            ], 
            [
                4736, 
                1.4803206098998576, 
                1.560717155840547
            ], 
            [
                5262, 
                1.4807569437102455, 
                1.5608211085499362
            ], 
            [
                5788, 
                1.4803211567324728, 
                1.5610425648054949
            ], 
            [
                6315, 
                1.4804692178187968, 
                1.5613448768010454
            ], 
            [
                6841, 
                1.4803094367233995, 
                1.5610117305278972
            ], 
            [
                7367, 
                1.4806816614833884, 
                1.56078548674861
            ], 
            [
                7893, 
                1.4802695243949848, 
                1.5608546052562386
            ], 
            [
                8420, 
                1.4804909901979018, 
                1.5613833738842964
            ], 
            [
                8946, 
                1.4803729272448054, 
                1.5611604092004598
            ], 
            [
                9472, 
                1.4805151434844475, 
                1.5607222484822136
            ], 
            [
                9999, 
                1.4806948091947472, 
                1.5607914624424601
            ]
        ]
    }
]