[
    {
        "jobnum": 22, 
        "model": {
            "L2_reg": 1.5817813834259178, 
            "conv_width": 11, 
            "fp_depth": 3, 
            "fp_length": 24, 
            "h1_size": 56, 
            "net_type": "conv_plus_linear"
        }, 
        "num_records": 20, 
        "task": {
            "name": "cep", 
            "test_slices": [
                [
                    4000, 
                    8000
                ]
            ], 
            "train_slices": [
                [
                    0, 
                    4000
                ], 
                [
                    12000, 
                    16000
                ], 
                [
                    16000, 
                    20000
                ]
            ]
        }, 
        "train": {
            "batch_size": 100, 
            "init_scale": 0.008314826000126603, 
            "num_iters": 10000, 
            "seed": 2, 
            "step_size": 0.009972070109487014
        }, 
        "varied_params": {
            "conv_width": 11.107749458389995, 
            "fp_depth": 2.70730221584378, 
            "fp_length": 23.746703490975463, 
            "h1_size": 56.19099914247207, 
            "log_L2_reg": 0.45855166980008555, 
            "log_init_scale": -4.789715092578255, 
            "log_step_size": -4.607967082711062
        }
    }, 
    {
        "host_name": "schlaubi", 
        "minutes_duration": 34.024747502803805, 
        "timestamp": "2021-09-05 16:30:20.109945", 
        "training_curve": [
            [
                0, 
                6.4878595342832, 
                6.324375691077232
            ], 
            [
                526, 
                3.364749237284799, 
                3.32954474055079
            ], 
            [
                1052, 
                3.132149392936131, 
                3.124378421940074
            ], 
            [
                1578, 
                3.5441522515295394, 
                3.5543572261998704
            ], 
            [
                2105, 
                3.309586001060182, 
                3.3973751224874102
            ], 
            [
                2631, 
                2.8938435109605893, 
                3.0031979373523074
            ], 
            [
                3157, 
                3.0755950364478224, 
                3.1978300489926257
            ], 
            [
                3683, 
                2.8584757954881326, 
                3.0060005700951944
            ], 
            [
                4210, 
                2.7885578923119776, 
                2.931147994767537
            ], 
            [
                4736, 
                3.4416469914855914, 
                3.597251614735276
            ], 
            [
                5262, 
                2.780738769073624, 
                2.9175527526321585
            ], 
            [
                5788, 
                2.880688328831139, 
                3.0300985261690503
            ], 
            [
                6315, 
                3.7458958792052877, 
                3.905216348817189
            ], 
            [
                6841, 
                3.0653094500371734, 
                3.225827627787655
            ], 
            [
                7367, 
                2.6935490629436725, 
                2.8488376754171054
            ], 
            [
                7893, 
                2.7493867090113375, 
                2.9254374357554336
            ], 
            [
                8420, 
                2.719345130836007, 
                2.865013649887362
            ], 
            [
                8946, 
                2.923301251937988, 
                3.096998555652551
            ], 
            [
                9472, 
                2.688807163102673, 
                2.880255163072885
            ], 
            [
                9999, 
                2.713353880066054, 
                2.9390748238128555
            ]
        ]
    }
]