[
    {
        "jobnum": 22, 
        "model": {
            "L2_reg": 1.5817813834259178, 
            "conv_width": 11, 
            "fp_depth": 3, 
            "fp_length": 86, 
            "h1_size": 56, 
            "net_type": "mean"
        }, 
        "num_records": 20, 
        "task": {
            "name": "malaria", 
            "test_slices": [
                [
                    2000, 
                    4000
                ]
            ], 
            "train_slices": [
                [
                    0, 
                    2000
                ], 
                [
                    6000, 
                    8000
                ], 
                [
                    8000, 
                    10000
                ]
            ]
        }, 
        "train": {
            "batch_size": 100, 
            "init_scale": 0.008314826000126603, 
            "num_iters": 10000, 
            "seed": 2, 
            "step_size": 0.009972070109487014
        }, 
        "varied_params": {
            "conv_width": 11.107749458389995, 
            "fp_depth": 2.70730221584378, 
            "fp_length": 85.72033141877915, 
            "h1_size": 56.19099914247207, 
            "log_L2_reg": 0.45855166980008555, 
            "log_init_scale": -4.789715092578255, 
            "log_step_size": -4.607967082711062
        }
    }, 
    {
        "host_name": "schlumpfine", 
        "minutes_duration": 0.041870252291361494, 
        "timestamp": "2021-09-01 01:45:20.313875", 
        "training_curve": [
            [
                0, 
                1.4802858925234041, 
                1.5607501727973772
            ], 
            [
                526, 
                1.4814705908397288, 
                1.56125373720442
            ], 
            [
                1052, 
                1.4802964635062041, 
                1.5607359665641087
            ], 
            [
                1578, 
                1.4808059415770283, 
                1.5618830753071062
            ], 
            [
                2105, 
                1.480990790117529, 
                1.5621504707225409
            ], 
            [
                2631, 
                1.4808316608134817, 
                1.5608593848006689
            ], 
            [
                3157, 
                1.4814178991826428, 
                1.5612182248448772
            ], 
            [
                3683, 
                1.480481287363935, 
                1.5613663235534672
            ], 
            [
                4210, 
                1.481267882266254, 
                1.5625334759901266
            ], 
            [
                4736, 
                1.480270420506775, 
                1.5607950409643572
            ], 
            [
                5262, 
                1.482086746994492, 
                1.561691704431676
            ], 
            [
                5788, 
                1.480271788159288, 
                1.5608731869003778
            ], 
            [
                6315, 
                1.4808761751864667, 
                1.561986130367965
            ], 
            [
                6841, 
                1.4807966868248428, 
                1.561869339413782
            ], 
            [
                7367, 
                1.4813754819964262, 
                1.5611899252201324
            ], 
            [
                7893, 
                1.4803502701979256, 
                1.5607061491718746
            ], 
            [
                8420, 
                1.4806886932899692, 
                1.561705830139446
            ], 
            [
                8946, 
                1.4810086047357545, 
                1.5621756493981236
            ], 
            [
                9472, 
                1.4806429955463392, 
                1.5607686008323263
            ], 
            [
                9999, 
                1.4821370909593812, 
                1.5617289395653788
            ]
        ]
    }
]