[
    {
        "jobnum": 23, 
        "model": {
            "L2_reg": 2.537193648511954, 
            "conv_width": 18, 
            "fp_depth": 4, 
            "fp_length": 28, 
            "h1_size": 73, 
            "net_type": "morgan_plus_linear"
        }, 
        "num_records": 20, 
        "task": {
            "name": "cep", 
            "test_slices": [
                [
                    4000, 
                    8000
                ]
            ], 
            "train_slices": [
                [
                    0, 
                    4000
                ], 
                [
                    12000, 
                    16000
                ], 
                [
                    16000, 
                    20000
                ]
            ]
        }, 
        "train": {
            "batch_size": 100, 
            "init_scale": 0.03206749887368721, 
            "num_iters": 10000, 
            "seed": 2, 
            "step_size": 0.006025362700774759
        }, 
        "varied_params": {
            "conv_width": 17.837050135889164, 
            "fp_depth": 3.9265645150086574, 
            "fp_length": 27.807796858481986, 
            "h1_size": 72.67713413390345, 
            "log_L2_reg": 0.9310586074290335, 
            "log_init_scale": -3.4399122579134556, 
            "log_step_size": -5.111777602118608
        }
    }, 
    {
        "host_name": "schlaubi", 
        "minutes_duration": 0.4636592984199524, 
        "timestamp": "2021-09-05 12:41:39.256914", 
        "training_curve": [
            [
                0, 
                7.02371282613618, 
                6.881368534179117
            ], 
            [
                526, 
                6.384325907249824, 
                6.239786782105806
            ], 
            [
                1052, 
                6.353403881619979, 
                6.215443793757676
            ], 
            [
                1578, 
                6.353241465872967, 
                6.215078214855591
            ], 
            [
                2105, 
                6.443924560875222, 
                6.313352024444857
            ], 
            [
                2631, 
                6.384748961337039, 
                6.251373284681543
            ], 
            [
                3157, 
                6.363114308542127, 
                6.227511396458575
            ], 
            [
                3683, 
                6.377319697709847, 
                6.234040899537156
            ], 
            [
                4210, 
                6.353057393045982, 
                6.2146666446881405
            ], 
            [
                4736, 
                6.358174376576862, 
                6.217183391302136
            ], 
            [
                5262, 
                6.36855945406407, 
                6.226564479496043
            ], 
            [
                5788, 
                6.352481491455464, 
                6.214186511650513
            ], 
            [
                6315, 
                6.4209454788977744, 
                6.274379516391557
            ], 
            [
                6841, 
                6.356382248863946, 
                6.216349122813024
            ], 
            [
                7367, 
                6.376059498575167, 
                6.232782121026412
            ], 
            [
                7893, 
                6.353251566019321, 
                6.215022011659123
            ], 
            [
                8420, 
                6.357168139873104, 
                6.22030239601475
            ], 
            [
                8946, 
                6.385927736624883, 
                6.25208922731054
            ], 
            [
                9472, 
                6.407434359241062, 
                6.275611901081917
            ], 
            [
                9999, 
                6.353554845550167, 
                6.2159841618171034
            ]
        ]
    }
]