[
    {
        "jobnum": 23, 
        "model": {
            "L2_reg": 2.537193648511954, 
            "conv_width": 18, 
            "fp_depth": 4, 
            "fp_length": 28, 
            "h1_size": 73, 
            "net_type": "mean"
        }, 
        "num_records": 20, 
        "task": {
            "name": "delaney", 
            "test_slices": [
                [
                    224, 
                    449
                ]
            ], 
            "train_slices": [
                [
                    0, 
                    224
                ], 
                [
                    674, 
                    899
                ], 
                [
                    899, 
                    1124
                ]
            ]
        }, 
        "train": {
            "batch_size": 100, 
            "init_scale": 0.03206749887368721, 
            "num_iters": 10000, 
            "seed": 2, 
            "step_size": 0.006025362700774759
        }, 
        "varied_params": {
            "conv_width": 17.837050135889164, 
            "fp_depth": 3.9265645150086574, 
            "fp_length": 27.807796858481986, 
            "h1_size": 72.67713413390345, 
            "log_L2_reg": 0.9310586074290335, 
            "log_init_scale": -3.4399122579134556, 
            "log_step_size": -5.111777602118608
        }
    }, 
    {
        "host_name": "papaschlumpf", 
        "minutes_duration": 0.04135589996973674, 
        "timestamp": "2021-08-06 00:59:21.799335", 
        "training_curve": [
            [
                0, 
                4.629679593752337, 
                3.7895478013498187
            ], 
            [
                526, 
                4.628915837383454, 
                3.78760362512273
            ], 
            [
                1052, 
                4.6289192159630215, 
                3.7876002450655637
            ], 
            [
                1578, 
                4.628928357841323, 
                3.787591917183854
            ], 
            [
                2105, 
                4.6289363934246675, 
                3.787585452883243
            ], 
            [
                2631, 
                4.6289276083158155, 
                3.787592558680674
            ], 
            [
                3157, 
                4.628943806225114, 
                3.7875800965881283
            ], 
            [
                3683, 
                4.628915765422802, 
                3.78760369906168
            ], 
            [
                4210, 
                4.628928349880471, 
                3.787591923960946
            ], 
            [
                4736, 
                4.628943070124244, 
                3.7875806046138933
            ], 
            [
                5262, 
                4.6289363904650696, 
                3.7875854551325023
            ], 
            [
                5788, 
                4.628927606736013, 
                3.787592560040127
            ], 
            [
                6315, 
                4.6289157642133185, 
                3.787603700305127
            ], 
            [
                6841, 
                4.6289191923415745, 
                3.7876002680922447
            ], 
            [
                7367, 
                4.628928349412666, 
                3.787591924359213
            ], 
            [
                7893, 
                4.628943069953722, 
                3.7875806047321676
            ], 
            [
                8420, 
                4.62892760667571, 
                3.7875925600920195
            ], 
            [
                8946, 
                4.628943805466657, 
                3.7875800971089872
            ], 
            [
                9472, 
                4.628915764126086, 
                3.787603700394809
            ], 
            [
                9999, 
                4.628928349393695, 
                3.787591924375365
            ]
        ]
    }
]