[
    {
        "jobnum": 24, 
        "model": {
            "L2_reg": 0.16013995131275266, 
            "conv_width": 8, 
            "fp_depth": 1, 
            "fp_length": 18, 
            "h1_size": 86, 
            "net_type": "conv_plus_linear"
        }, 
        "num_records": 20, 
        "task": {
            "name": "delaney", 
            "test_slices": [
                [
                    224, 
                    449
                ]
            ], 
            "train_slices": [
                [
                    0, 
                    224
                ], 
                [
                    674, 
                    899
                ], 
                [
                    899, 
                    1124
                ]
            ]
        }, 
        "train": {
            "batch_size": 100, 
            "init_scale": 0.005657400242334197, 
            "num_iters": 10000, 
            "seed": 2, 
            "step_size": 0.0006664927534456779
        }, 
        "varied_params": {
            "conv_width": 7.999947873446001, 
            "fp_depth": 1.1630139650177609, 
            "fp_length": 18.074440979588765, 
            "h1_size": 86.4995281212029, 
            "log_L2_reg": -1.8317071503669657, 
            "log_init_scale": -5.1747908134296825, 
            "log_step_size": -7.313481290954238
        }
    }, 
    {
        "host_name": "handy", 
        "minutes_duration": 11.804117715358734, 
        "timestamp": "2021-08-05 22:16:53.052756", 
        "training_curve": [
            [
                0, 
                4.675283546239075, 
                3.8234110055496373
            ], 
            [
                526, 
                1.8002507614702539, 
                1.7015691606558403
            ], 
            [
                1052, 
                1.0614027117576394, 
                1.0422615279478937
            ], 
            [
                1578, 
                0.7612946381864302, 
                0.8400066302730099
            ], 
            [
                2105, 
                0.6231694651088993, 
                0.7858551519130462
            ], 
            [
                2631, 
                0.5529781945761689, 
                0.768356285876942
            ], 
            [
                3157, 
                0.5167197993123517, 
                0.7611015883121773
            ], 
            [
                3683, 
                0.49091481043814383, 
                0.7599629931937186
            ], 
            [
                4210, 
                0.4695136425199334, 
                0.7552238609121218
            ], 
            [
                4736, 
                0.45212683412649346, 
                0.7503495996073558
            ], 
            [
                5262, 
                0.43819306007144176, 
                0.751057998641807
            ], 
            [
                5788, 
                0.426950435007853, 
                0.7581391388846191
            ], 
            [
                6315, 
                0.4177455265229537, 
                0.767125075079786
            ], 
            [
                6841, 
                0.40991837914663165, 
                0.7732865879169926
            ], 
            [
                7367, 
                0.40292853535998896, 
                0.7825600040981514
            ], 
            [
                7893, 
                0.39658179894996437, 
                0.7902176752163242
            ], 
            [
                8420, 
                0.3915503648110317, 
                0.8008116440978705
            ], 
            [
                8946, 
                0.3872146921714058, 
                0.8053943813928987
            ], 
            [
                9472, 
                0.38238953231513656, 
                0.8096985965370069
            ], 
            [
                9999, 
                0.3779000122510469, 
                0.8123124501520468
            ]
        ]
    }
]