[
    {
        "jobnum": 24, 
        "model": {
            "L2_reg": 0.16013995131275266, 
            "conv_width": 8, 
            "fp_depth": 1, 
            "fp_length": 18, 
            "h1_size": 86, 
            "net_type": "conv_plus_linear"
        }, 
        "num_records": 20, 
        "task": {
            "name": "cep", 
            "test_slices": [
                [
                    4000, 
                    8000
                ]
            ], 
            "train_slices": [
                [
                    0, 
                    4000
                ], 
                [
                    12000, 
                    16000
                ], 
                [
                    16000, 
                    20000
                ]
            ]
        }, 
        "train": {
            "batch_size": 100, 
            "init_scale": 0.005657400242334197, 
            "num_iters": 10000, 
            "seed": 2, 
            "step_size": 0.0006664927534456779
        }, 
        "varied_params": {
            "conv_width": 7.999947873446001, 
            "fp_depth": 1.1630139650177609, 
            "fp_length": 18.074440979588765, 
            "h1_size": 86.4995281212029, 
            "log_L2_reg": -1.8317071503669657, 
            "log_init_scale": -5.1747908134296825, 
            "log_step_size": -7.313481290954238
        }
    }, 
    {
        "host_name": "schlaubi", 
        "minutes_duration": 18.947000483671825, 
        "timestamp": "2021-09-05 16:49:46.458646", 
        "training_curve": [
            [
                0, 
                6.445098753640326, 
                6.287201583156197
            ], 
            [
                526, 
                5.260501734444337, 
                5.167175038860172
            ], 
            [
                1052, 
                4.189016770840227, 
                4.168369526764148
            ], 
            [
                1578, 
                3.6204790128200464, 
                3.6038625139567784
            ], 
            [
                2105, 
                3.4502018563304664, 
                3.4388723272714623
            ], 
            [
                2631, 
                3.372099297429048, 
                3.369093950731627
            ], 
            [
                3157, 
                3.3568540914424294, 
                3.3553737181323493
            ], 
            [
                3683, 
                3.3409101025653163, 
                3.3315312578510174
            ], 
            [
                4210, 
                3.2877092214062458, 
                3.2825320083040435
            ], 
            [
                4736, 
                3.274589307981175, 
                3.264079572002455
            ], 
            [
                5262, 
                3.27803070906031, 
                3.2669867498265206
            ], 
            [
                5788, 
                3.254263920844038, 
                3.2440203519758923
            ], 
            [
                6315, 
                3.2829158258483475, 
                3.2696104102348533
            ], 
            [
                6841, 
                3.2269951968477986, 
                3.22531754511759
            ], 
            [
                7367, 
                3.231351410188588, 
                3.2264097803314153
            ], 
            [
                7893, 
                3.221157410453508, 
                3.2247589910791423
            ], 
            [
                8420, 
                3.2087396200515808, 
                3.2123171365658134
            ], 
            [
                8946, 
                3.207638345896013, 
                3.2062191379883984
            ], 
            [
                9472, 
                3.212296198367279, 
                3.2228764528258065
            ], 
            [
                9999, 
                3.1999141425688893, 
                3.208688010537805
            ]
        ]
    }
]