[
    {
        "jobnum": 25, 
        "model": {
            "L2_reg": 4.1564042924344236, 
            "conv_width": 5, 
            "fp_depth": 3, 
            "fp_length": 182, 
            "h1_size": 61, 
            "net_type": "mean"
        }, 
        "num_records": 20, 
        "task": {
            "name": "cep", 
            "test_slices": [
                [
                    4000, 
                    8000
                ]
            ], 
            "train_slices": [
                [
                    0, 
                    4000
                ], 
                [
                    12000, 
                    16000
                ], 
                [
                    16000, 
                    20000
                ]
            ]
        }, 
        "train": {
            "batch_size": 100, 
            "init_scale": 0.011266589593491302, 
            "num_iters": 10000, 
            "seed": 2, 
            "step_size": 0.0013353080332717088
        }, 
        "varied_params": {
            "conv_width": 5.477583942969618, 
            "fp_depth": 3.1132432057705985, 
            "fp_length": 182.01170974989606, 
            "h1_size": 61.196234403019005, 
            "log_L2_reg": 1.424650347724727, 
            "log_init_scale": -4.485913605999054, 
            "log_step_size": -6.618593277212389
        }
    }, 
    {
        "host_name": "hefty", 
        "minutes_duration": 0.04152976671854655, 
        "timestamp": "2021-09-05 21:05:23.311462", 
        "training_curve": [
            [
                0, 
                6.448337019953921, 
                6.293638653335663
            ], 
            [
                526, 
                6.44828545808173, 
                6.293505633033203
            ], 
            [
                1052, 
                6.448384890114273, 
                6.292815667113824
            ], 
            [
                1578, 
                6.448201348613114, 
                6.293185407187531
            ], 
            [
                2105, 
                6.448320647364929, 
                6.293598312175829
            ], 
            [
                2631, 
                6.448409004925871, 
                6.292811038299401
            ], 
            [
                3157, 
                6.448222426798814, 
                6.293298036768596
            ], 
            [
                3683, 
                6.448195181786112, 
                6.293073578304349
            ], 
            [
                4210, 
                6.448195017910751, 
                6.293106407073576
            ], 
            [
                4736, 
                6.448272844439398, 
                6.293469734130471
            ], 
            [
                5262, 
                6.448402211475889, 
                6.292812170896851
            ], 
            [
                5788, 
                6.448197848143497, 
                6.293154189402317
            ], 
            [
                6315, 
                6.448345565598487, 
                6.293659160987059
            ], 
            [
                6841, 
                6.448241330400949, 
                6.292908144575015
            ], 
            [
                7367, 
                6.448291375069048, 
                6.293521912083795
            ], 
            [
                7893, 
                6.448408477135051, 
                6.2928111217460465
            ], 
            [
                8420, 
                6.448202646977765, 
                6.293194942565505
            ], 
            [
                8946, 
                6.448317457103643, 
                6.293590273285497
            ], 
            [
                9472, 
                6.4483931288606255, 
                6.292813890854873
            ], 
            [
                9999, 
                6.448232841106578, 
                6.293339358209771
            ]
        ]
    }
]