[
    {
        "jobnum": 26, 
        "model": {
            "L2_reg": 4.365409430476897, 
            "conv_width": 13, 
            "fp_depth": 3, 
            "fp_length": 611, 
            "h1_size": 79, 
            "net_type": "morgan_plus_linear"
        }, 
        "num_records": 20, 
        "task": {
            "name": "delaney", 
            "test_slices": [
                [
                    224, 
                    449
                ]
            ], 
            "train_slices": [
                [
                    0, 
                    224
                ], 
                [
                    674, 
                    899
                ], 
                [
                    899, 
                    1124
                ]
            ]
        }, 
        "train": {
            "batch_size": 100, 
            "init_scale": 0.0072955688785495435, 
            "num_iters": 10000, 
            "seed": 2, 
            "step_size": 0.0008687729757730617
        }, 
        "varied_params": {
            "conv_width": 13.034492045374375, 
            "fp_depth": 2.841897867897688, 
            "fp_length": 610.6292561654076, 
            "h1_size": 78.86142943020837, 
            "log_L2_reg": 1.47371198339835, 
            "log_init_scale": -4.9204881180670785, 
            "log_step_size": -7.0484287145019655
        }
    }, 
    {
        "host_name": "handy", 
        "minutes_duration": 0.6892725825309753, 
        "timestamp": "2021-07-09 22:46:03.413613", 
        "training_curve": [
            [
                0, 
                4.631970245233307, 
                3.8035024776719637
            ], 
            [
                526, 
                1.00746928423745, 
                1.6942742713083718
            ], 
            [
                1052, 
                0.7131548218568777, 
                1.761854891652083
            ], 
            [
                1578, 
                0.6145471157176522, 
                1.8622347403638226
            ], 
            [
                2105, 
                0.5726618551903636, 
                1.9132722849180182
            ], 
            [
                2631, 
                0.5528906261910954, 
                1.9335396093461663
            ], 
            [
                3157, 
                0.5429399079570274, 
                1.9393849014742806
            ], 
            [
                3683, 
                0.5376193792515646, 
                1.9391957893559415
            ], 
            [
                4210, 
                0.5346558659558001, 
                1.9368178660766424
            ], 
            [
                4736, 
                0.5329288055484206, 
                1.9336907267663896
            ], 
            [
                5262, 
                0.5318741052276241, 
                1.93090190061752
            ], 
            [
                5788, 
                0.5311807306918009, 
                1.92860021579099
            ], 
            [
                6315, 
                0.5308454598760086, 
                1.9270052975777647
            ], 
            [
                6841, 
                0.5306076358105213, 
                1.9257339788721957
            ], 
            [
                7367, 
                0.5304277261846211, 
                1.9246368866395935
            ], 
            [
                7893, 
                0.5303068855404397, 
                1.9236317061049788
            ], 
            [
                8420, 
                0.5301467765843859, 
                1.9229011802347815
            ], 
            [
                8946, 
                0.5301411222495257, 
                1.9225286583503778
            ], 
            [
                9472, 
                0.5301218697307394, 
                1.9223211783273757
            ], 
            [
                9999, 
                0.5301108845408968, 
                1.9221708893428548
            ]
        ]
    }
]