[
    {
        "jobnum": 26, 
        "model": {
            "L2_reg": 4.365409430476897, 
            "conv_width": 13, 
            "fp_depth": 3, 
            "fp_length": 611, 
            "h1_size": 79, 
            "net_type": "mean"
        }, 
        "num_records": 20, 
        "task": {
            "name": "malaria", 
            "test_slices": [
                [
                    2000, 
                    4000
                ]
            ], 
            "train_slices": [
                [
                    0, 
                    2000
                ], 
                [
                    6000, 
                    8000
                ], 
                [
                    8000, 
                    10000
                ]
            ]
        }, 
        "train": {
            "batch_size": 100, 
            "init_scale": 0.0072955688785495435, 
            "num_iters": 10000, 
            "seed": 2, 
            "step_size": 0.0008687729757730617
        }, 
        "varied_params": {
            "conv_width": 13.034492045374375, 
            "fp_depth": 2.841897867897688, 
            "fp_length": 610.6292561654076, 
            "h1_size": 78.86142943020837, 
            "log_L2_reg": 1.47371198339835, 
            "log_init_scale": -4.9204881180670785, 
            "log_step_size": -7.0484287145019655
        }
    }, 
    {
        "host_name": "handy", 
        "minutes_duration": 0.06998181740442912, 
        "timestamp": "2021-09-01 01:45:34.579062", 
        "training_curve": [
            [
                0, 
                1.4802818017483284, 
                1.5607576386537674
            ], 
            [
                526, 
                1.4802748876499687, 
                1.560775260559185
            ], 
            [
                1052, 
                1.4802696644269704, 
                1.5608560338670459
            ], 
            [
                1578, 
                1.4802716454848972, 
                1.560872203391744
            ], 
            [
                2105, 
                1.480268335092502, 
                1.5608373260411785
            ], 
            [
                2631, 
                1.4802749521601208, 
                1.5607750485304495
            ], 
            [
                3157, 
                1.4802695966619717, 
                1.5608009555156535
            ], 
            [
                3683, 
                1.480272012990322, 
                1.5608747042465148
            ], 
            [
                4210, 
                1.480269917372133, 
                1.5608584744678984
            ], 
            [
                4736, 
                1.480270590462033, 
                1.5607939811156766
            ], 
            [
                5262, 
                1.4802743244503005, 
                1.5607771699305926
            ], 
            [
                5788, 
                1.4802704932159039, 
                1.5608635165986258
            ], 
            [
                6315, 
                1.4802703373256156, 
                1.560862210766576
            ], 
            [
                6841, 
                1.4802681292872135, 
                1.5608291304313895
            ], 
            [
                7367, 
                1.4802748965492387, 
                1.5607752312314092
            ], 
            [
                7893, 
                1.4802690611744251, 
                1.5608493415212015
            ], 
            [
                8420, 
                1.4802721002845851, 
                1.5608752832927029
            ], 
            [
                8946, 
                1.4802684273188267, 
                1.5608394333717557
            ], 
            [
                9472, 
                1.4802740145113937, 
                1.5607782686978984
            ], 
            [
                9999, 
                1.4802728396720601, 
                1.560782803016577
            ]
        ]
    }
]