[
    {
        "jobnum": 26, 
        "model": {
            "L2_reg": 4.365409430476897, 
            "conv_width": 13, 
            "fp_depth": 3, 
            "fp_length": 611, 
            "h1_size": 79, 
            "net_type": "morgan_plus_net"
        }, 
        "num_records": 20, 
        "task": {
            "name": "malaria", 
            "test_slices": [
                [
                    2000, 
                    4000
                ]
            ], 
            "train_slices": [
                [
                    0, 
                    2000
                ], 
                [
                    6000, 
                    8000
                ], 
                [
                    8000, 
                    10000
                ]
            ]
        }, 
        "train": {
            "batch_size": 100, 
            "init_scale": 0.0072955688785495435, 
            "num_iters": 10000, 
            "seed": 2, 
            "step_size": 0.0008687729757730617
        }, 
        "varied_params": {
            "conv_width": 13.034492045374375, 
            "fp_depth": 2.841897867897688, 
            "fp_length": 610.6292561654076, 
            "h1_size": 78.86142943020837, 
            "log_L2_reg": 1.47371198339835, 
            "log_init_scale": -4.9204881180670785, 
            "log_step_size": -7.0484287145019655
        }
    }, 
    {
        "host_name": "papaschlumpf", 
        "minutes_duration": 2.836657985051473, 
        "timestamp": "2021-09-01 01:32:15.037838", 
        "training_curve": [
            [
                0, 
                1.4805472067411976, 
                1.561075911458469
            ], 
            [
                526, 
                0.5373049314269783, 
                1.259838801138257
            ], 
            [
                1052, 
                0.18515541842243927, 
                1.2903690662477407
            ], 
            [
                1578, 
                0.08451583348453037, 
                1.3462433276195092
            ], 
            [
                2105, 
                0.07035440975169015, 
                1.4260331764366665
            ], 
            [
                2631, 
                0.12779178010600822, 
                1.486844141124417
            ], 
            [
                3157, 
                0.1689055231672195, 
                1.4611489598480327
            ], 
            [
                3683, 
                0.0953105428557694, 
                1.3996003935921777
            ], 
            [
                4210, 
                0.16554240678105858, 
                1.5438303739421735
            ], 
            [
                4736, 
                0.2665496272999933, 
                1.5502208391238272
            ], 
            [
                5262, 
                0.09896782447287146, 
                1.4482333272438956
            ], 
            [
                5788, 
                0.2006251897970629, 
                1.4804080439270306
            ], 
            [
                6315, 
                0.16758172263955565, 
                1.5177806819911472
            ], 
            [
                6841, 
                0.10070643142666208, 
                1.4409275242975104
            ], 
            [
                7367, 
                0.14030265947682635, 
                1.4544053360944094
            ], 
            [
                7893, 
                0.30358683335204634, 
                1.6010728817101494
            ], 
            [
                8420, 
                0.08593508615411828, 
                1.3896346113375826
            ], 
            [
                8946, 
                0.11556111686941373, 
                1.399397073018646
            ], 
            [
                9472, 
                0.1534702827297428, 
                1.4252931721222404
            ], 
            [
                9999, 
                0.30683152195662644, 
                1.5675017123843673
            ]
        ]
    }
]