[
    {
        "jobnum": 26, 
        "model": {
            "L2_reg": 4.365409430476897, 
            "conv_width": 13, 
            "fp_depth": 3, 
            "fp_length": 611, 
            "h1_size": 79, 
            "net_type": "mean"
        }, 
        "num_records": 20, 
        "task": {
            "name": "cep", 
            "test_slices": [
                [
                    4000, 
                    8000
                ]
            ], 
            "train_slices": [
                [
                    0, 
                    4000
                ], 
                [
                    12000, 
                    16000
                ], 
                [
                    16000, 
                    20000
                ]
            ]
        }, 
        "train": {
            "batch_size": 100, 
            "init_scale": 0.0072955688785495435, 
            "num_iters": 10000, 
            "seed": 2, 
            "step_size": 0.0008687729757730617
        }, 
        "varied_params": {
            "conv_width": 13.034492045374375, 
            "fp_depth": 2.841897867897688, 
            "fp_length": 610.6292561654076, 
            "h1_size": 78.86142943020837, 
            "log_L2_reg": 1.47371198339835, 
            "log_init_scale": -4.9204881180670785, 
            "log_step_size": -7.0484287145019655
        }
    }, 
    {
        "host_name": "papaschlumpf", 
        "minutes_duration": 0.045164815584818524, 
        "timestamp": "2021-09-05 21:05:24.138851", 
        "training_curve": [
            [
                0, 
                6.4482544662898444, 
                6.29341374436857
            ], 
            [
                526, 
                6.448232041763329, 
                6.293336350525878
            ], 
            [
                1052, 
                6.448262863149198, 
                6.292881256699118
            ], 
            [
                1578, 
                6.448196195243907, 
                6.293133144590982
            ], 
            [
                2105, 
                6.448251259597789, 
                6.293403405929279
            ], 
            [
                2631, 
                6.448283164769877, 
                6.292862581787498
            ], 
            [
                3157, 
                6.448203935336292, 
                6.293203749509023
            ], 
            [
                3683, 
                6.448194953138067, 
                6.293103274246436
            ], 
            [
                4210, 
                6.448194891051017, 
                6.293086256860375
            ], 
            [
                4736, 
                6.448227623621802, 
                6.293319273268851
            ], 
            [
                5262, 
                6.448274255675655, 
                6.292870156673316
            ], 
            [
                5788, 
                6.448195276256012, 
                6.293114988581857
            ], 
            [
                6315, 
                6.448266677872224, 
                6.293451497288202
            ], 
            [
                6841, 
                6.4482167577134, 
                6.2929559702651865
            ], 
            [
                7367, 
                6.448232678479201, 
                6.29333874818959
            ], 
            [
                7893, 
                6.448272641011698, 
                6.292871626868448
            ], 
            [
                8420, 
                6.448196566517217, 
                6.293138617013974
            ], 
            [
                8946, 
                6.448250187866527, 
                6.2933999056454395
            ], 
            [
                9472, 
                6.448277289746239, 
                6.292867477756649
            ], 
            [
                9999, 
                6.448208026613298, 
                6.293228704880962
            ]
        ]
    }
]