[
    {
        "jobnum": 26, 
        "model": {
            "L2_reg": 4.365409430476897, 
            "conv_width": 13, 
            "fp_depth": 3, 
            "fp_length": 611, 
            "h1_size": 79, 
            "net_type": "mean"
        }, 
        "num_records": 20, 
        "task": {
            "name": "delaney", 
            "test_slices": [
                [
                    224, 
                    449
                ]
            ], 
            "train_slices": [
                [
                    0, 
                    224
                ], 
                [
                    674, 
                    899
                ], 
                [
                    899, 
                    1124
                ]
            ]
        }, 
        "train": {
            "batch_size": 100, 
            "init_scale": 0.0072955688785495435, 
            "num_iters": 10000, 
            "seed": 2, 
            "step_size": 0.0008687729757730617
        }, 
        "varied_params": {
            "conv_width": 13.034492045374375, 
            "fp_depth": 2.841897867897688, 
            "fp_length": 610.6292561654076, 
            "h1_size": 78.86142943020837, 
            "log_L2_reg": 1.47371198339835, 
            "log_init_scale": -4.9204881180670785, 
            "log_step_size": -7.0484287145019655
        }
    }, 
    {
        "host_name": "papaschlumpf", 
        "minutes_duration": 0.04099814891815186, 
        "timestamp": "2021-08-06 00:59:26.517991", 
        "training_curve": [
            [
                0, 
                4.628895641289163, 
                3.788049231876168
            ], 
            [
                526, 
                4.628925491391742, 
                3.7875944086001336
            ], 
            [
                1052, 
                4.62892861762279, 
                3.787591696456892
            ], 
            [
                1578, 
                4.628929991740889, 
                3.7875905425093506
            ], 
            [
                2105, 
                4.628931126918559, 
                3.7875896061527783
            ], 
            [
                2631, 
                4.628929872273766, 
                3.78759064193624
            ], 
            [
                3157, 
                4.62893214899575, 
                3.7875887759013462
            ], 
            [
                3683, 
                4.628928083625943, 
                3.7875921510723956
            ], 
            [
                4210, 
                4.628929983139478, 
                3.7875905496622373
            ], 
            [
                4736, 
                4.628932040848442, 
                3.787588863184385
            ], 
            [
                5262, 
                4.628931122413352, 
                3.7875896098391215
            ], 
            [
                5788, 
                4.62892986980843, 
                3.7875906439898115
            ], 
            [
                6315, 
                4.628928082734864, 
                3.787592151833938
            ], 
            [
                6841, 
                4.628928617364253, 
                3.7875916966761536
            ], 
            [
                7367, 
                4.628929982642947, 
                3.7875905500751763
            ], 
            [
                7893, 
                4.628932040569433, 
                3.7875888634097383
            ], 
            [
                8420, 
                4.628929869715231, 
                3.7875906440674467
            ], 
            [
                8946, 
                4.628932147546539, 
                3.7875887770700882
            ], 
            [
                9472, 
                4.628928082670686, 
                3.7875921518887874
            ], 
            [
                9999, 
                4.628929982622843, 
                3.787590550091897
            ]
        ]
    }
]