[
    {
        "jobnum": 27, 
        "model": {
            "L2_reg": 0.013283268965311871, 
            "conv_width": 19, 
            "fp_depth": 2, 
            "fp_length": 761, 
            "h1_size": 66, 
            "net_type": "morgan_plus_net"
        }, 
        "num_records": 20, 
        "task": {
            "name": "delaney", 
            "test_slices": [
                [
                    224, 
                    449
                ]
            ], 
            "train_slices": [
                [
                    0, 
                    224
                ], 
                [
                    674, 
                    899
                ], 
                [
                    899, 
                    1124
                ]
            ]
        }, 
        "train": {
            "batch_size": 100, 
            "init_scale": 0.0190281610906231, 
            "num_iters": 10000, 
            "seed": 2, 
            "step_size": 0.0016497760110958427
        }, 
        "varied_params": {
            "conv_width": 19.165585849759005, 
            "fp_depth": 1.5585790176410086, 
            "fp_length": 761.4672014096818, 
            "h1_size": 65.5972497739801, 
            "log_L2_reg": -4.321250008199023, 
            "log_init_scale": -3.9618352344702683, 
            "log_step_size": -6.407115751135633
        }
    }, 
    {
        "host_name": "clumsy", 
        "minutes_duration": 3.7474063992500306, 
        "timestamp": "2021-08-06 00:48:08.429357", 
        "training_curve": [
            [
                0, 
                4.626104648209829, 
                3.7805209512465052
            ], 
            [
                526, 
                0.14649277298098112, 
                1.4142005593619125
            ], 
            [
                1052, 
                0.23740559040493495, 
                1.7620404995896788
            ], 
            [
                1578, 
                0.29811646586601304, 
                2.000719624283895
            ], 
            [
                2105, 
                0.3151492074661413, 
                2.0753112381519365
            ], 
            [
                2631, 
                0.32048651631341163, 
                2.0927864452999447
            ], 
            [
                3157, 
                0.3174859994046424, 
                2.089240058956892
            ], 
            [
                3683, 
                0.32391818251706517, 
                2.0310883859377493
            ], 
            [
                4210, 
                0.316401776796458, 
                2.0416258210187515
            ], 
            [
                4736, 
                0.31618433964872195, 
                2.0334778823924333
            ], 
            [
                5262, 
                0.31909281996621913, 
                2.0198824869469205
            ], 
            [
                5788, 
                0.3157421154006513, 
                2.0089055546995294
            ], 
            [
                6315, 
                0.3131516927073912, 
                2.003941794643322
            ], 
            [
                6841, 
                0.30846463446992856, 
                1.9827532983080633
            ], 
            [
                7367, 
                0.31288564463198504, 
                1.9941176594923178
            ], 
            [
                7893, 
                0.3133761799203361, 
                1.9793310049997879
            ], 
            [
                8420, 
                0.3122173675613315, 
                1.9795377676545494
            ], 
            [
                8946, 
                0.3151444695577527, 
                1.9830094892820858
            ], 
            [
                9472, 
                0.30953741246114164, 
                1.939189647017681
            ], 
            [
                9999, 
                0.3050976896557709, 
                1.9505950059214208
            ]
        ]
    }
]