[
    {
        "jobnum": 27, 
        "model": {
            "L2_reg": 0.013283268965311871, 
            "conv_width": 19, 
            "fp_depth": 2, 
            "fp_length": 761, 
            "h1_size": 66, 
            "net_type": "morgan_plus_linear"
        }, 
        "num_records": 20, 
        "task": {
            "name": "delaney", 
            "test_slices": [
                [
                    224, 
                    449
                ]
            ], 
            "train_slices": [
                [
                    0, 
                    224
                ], 
                [
                    674, 
                    899
                ], 
                [
                    899, 
                    1124
                ]
            ]
        }, 
        "train": {
            "batch_size": 100, 
            "init_scale": 0.0190281610906231, 
            "num_iters": 10000, 
            "seed": 2, 
            "step_size": 0.0016497760110958427
        }, 
        "varied_params": {
            "conv_width": 19.165585849759005, 
            "fp_depth": 1.5585790176410086, 
            "fp_length": 761.4672014096818, 
            "h1_size": 65.5972497739801, 
            "log_L2_reg": -4.321250008199023, 
            "log_init_scale": -3.9618352344702683, 
            "log_step_size": -6.407115751135633
        }
    }, 
    {
        "host_name": "papaschlumpf", 
        "minutes_duration": 2.5714712341626487, 
        "timestamp": "2021-07-09 22:47:56.915586", 
        "training_curve": [
            [
                0, 
                4.540253851689762, 
                3.7826665635821306
            ], 
            [
                526, 
                0.5975022388541459, 
                1.8313909327430777
            ], 
            [
                1052, 
                0.36756777928193674, 
                2.3190838591641034
            ], 
            [
                1578, 
                0.2828708935053946, 
                2.821068260863537
            ], 
            [
                2105, 
                0.23795228032747817, 
                3.3147259587022724
            ], 
            [
                2631, 
                0.20971693537433828, 
                3.815569753369864
            ], 
            [
                3157, 
                0.19004194250184328, 
                4.328412453274771
            ], 
            [
                3683, 
                0.1753651234029753, 
                4.849603894745608
            ], 
            [
                4210, 
                0.16387013018270197, 
                5.373465427147467
            ], 
            [
                4736, 
                0.15462226919428088, 
                5.885736688586442
            ], 
            [
                5262, 
                0.14702156274201006, 
                6.380642574759677
            ], 
            [
                5788, 
                0.1407044015945718, 
                6.84999997056746
            ], 
            [
                6315, 
                0.13543770431062163, 
                7.28746340112365
            ], 
            [
                6841, 
                0.1310060857939619, 
                7.690504471450602
            ], 
            [
                7367, 
                0.1272785862944708, 
                8.055051341590662
            ], 
            [
                7893, 
                0.12411108938418981, 
                8.379845078068174
            ], 
            [
                8420, 
                0.1214061952075245, 
                8.668352685703562
            ], 
            [
                8946, 
                0.11912847282910487, 
                8.918816547994004
            ], 
            [
                9472, 
                0.11717647864012222, 
                9.138591222178094
            ], 
            [
                9999, 
                0.11549842069444424, 
                9.331937961948343
            ]
        ]
    }
]