[
    {
        "jobnum": 28, 
        "model": {
            "L2_reg": 0.003943184168730902, 
            "conv_width": 10, 
            "fp_depth": 2, 
            "fp_length": 718, 
            "h1_size": 61, 
            "net_type": "morgan_plus_net"
        }, 
        "num_records": 20, 
        "task": {
            "name": "delaney", 
            "test_slices": [
                [
                    224, 
                    449
                ]
            ], 
            "train_slices": [
                [
                    0, 
                    224
                ], 
                [
                    674, 
                    899
                ], 
                [
                    899, 
                    1124
                ]
            ]
        }, 
        "train": {
            "batch_size": 100, 
            "init_scale": 0.029866812729940385, 
            "num_iters": 10000, 
            "seed": 2, 
            "step_size": 0.0009279116143062864
        }, 
        "varied_params": {
            "conv_width": 9.676938229911539, 
            "fp_depth": 2.3032498766743625, 
            "fp_length": 717.9142367259832, 
            "h1_size": 61.370731398666166, 
            "log_L2_reg": -5.535766717408995, 
            "log_init_scale": -3.5110073571699236, 
            "log_step_size": -6.982574072918428
        }
    }, 
    {
        "host_name": "papaschlumpf", 
        "minutes_duration": 3.114841719468435, 
        "timestamp": "2021-08-06 00:47:48.005421", 
        "training_curve": [
            [
                0, 
                4.625196546357794, 
                3.794966029350188
            ], 
            [
                526, 
                0.11579707881049196, 
                1.5938885984494209
            ], 
            [
                1052, 
                0.14578816563075342, 
                1.8100722511227003
            ], 
            [
                1578, 
                0.22986521161321596, 
                2.04783756995941
            ], 
            [
                2105, 
                0.3570345563914783, 
                2.352322189870165
            ], 
            [
                2631, 
                0.47693083196200303, 
                2.6070807662093123
            ], 
            [
                3157, 
                0.5378179841884658, 
                2.715138638002349
            ], 
            [
                3683, 
                0.5780074673793788, 
                2.8091653580954343
            ], 
            [
                4210, 
                0.5907799409251024, 
                2.826584778508682
            ], 
            [
                4736, 
                0.5847154791795386, 
                2.810221187660062
            ], 
            [
                5262, 
                0.5868449594871108, 
                2.79989199396906
            ], 
            [
                5788, 
                0.5814869948501401, 
                2.7912808538021547
            ], 
            [
                6315, 
                0.5710774274216441, 
                2.7621971490376422
            ], 
            [
                6841, 
                0.5822566294376508, 
                2.753428551731602
            ], 
            [
                7367, 
                0.5670005594495904, 
                2.7248600763900677
            ], 
            [
                7893, 
                0.5719508794324103, 
                2.7106502169401314
            ], 
            [
                8420, 
                0.5638744292514368, 
                2.6936710446827274
            ], 
            [
                8946, 
                0.555542189342386, 
                2.665827049131149
            ], 
            [
                9472, 
                0.5435356563191394, 
                2.6475401682637854
            ], 
            [
                9999, 
                0.5373719857756156, 
                2.6360900162918757
            ]
        ]
    }
]