[
    {
        "jobnum": 28, 
        "model": {
            "L2_reg": 0.003943184168730902, 
            "conv_width": 10, 
            "fp_depth": 2, 
            "fp_length": 718, 
            "h1_size": 61, 
            "net_type": "morgan_plus_net"
        }, 
        "num_records": 20, 
        "task": {
            "name": "malaria", 
            "test_slices": [
                [
                    2000, 
                    4000
                ]
            ], 
            "train_slices": [
                [
                    0, 
                    2000
                ], 
                [
                    6000, 
                    8000
                ], 
                [
                    8000, 
                    10000
                ]
            ]
        }, 
        "train": {
            "batch_size": 100, 
            "init_scale": 0.029866812729940385, 
            "num_iters": 10000, 
            "seed": 2, 
            "step_size": 0.0009279116143062864
        }, 
        "varied_params": {
            "conv_width": 9.676938229911539, 
            "fp_depth": 2.3032498766743625, 
            "fp_length": 717.9142367259832, 
            "h1_size": 61.370731398666166, 
            "log_L2_reg": -5.535766717408995, 
            "log_init_scale": -3.5110073571699236, 
            "log_step_size": -6.982574072918428
        }
    }, 
    {
        "host_name": "handy", 
        "minutes_duration": 4.026444697380066, 
        "timestamp": "2021-09-01 01:33:44.284524", 
        "training_curve": [
            [
                0, 
                1.4807684047068976, 
                1.560002587765862
            ], 
            [
                526, 
                0.4949815514172046, 
                1.1690629728700836
            ], 
            [
                1052, 
                0.18740067341769573, 
                1.1891096006124162
            ], 
            [
                1578, 
                0.08326566664187127, 
                1.227261679359877
            ], 
            [
                2105, 
                0.05743759917911037, 
                1.2885510441325674
            ], 
            [
                2631, 
                0.06386918233179517, 
                1.345952376216891
            ], 
            [
                3157, 
                0.13038553378135664, 
                1.4160635486197692
            ], 
            [
                3683, 
                0.1594995377943185, 
                1.403356418195308
            ], 
            [
                4210, 
                0.07525240084740245, 
                1.3766737837119736
            ], 
            [
                4736, 
                0.08260284416289801, 
                1.3621248949844773
            ], 
            [
                5262, 
                0.14347062129371405, 
                1.4285796023974304
            ], 
            [
                5788, 
                0.10272644481165359, 
                1.3792480486278833
            ], 
            [
                6315, 
                0.0707273467411047, 
                1.3631978795954955
            ], 
            [
                6841, 
                0.1206299416780281, 
                1.3941365240856878
            ], 
            [
                7367, 
                0.2219823551556149, 
                1.4760300367457229
            ], 
            [
                7893, 
                0.08527050664795978, 
                1.3373633307368755
            ], 
            [
                8420, 
                0.08534325544495482, 
                1.3532399590160173
            ], 
            [
                8946, 
                0.10648047266392917, 
                1.4032488849468998
            ], 
            [
                9472, 
                0.1428309209171819, 
                1.3846596138151273
            ], 
            [
                9999, 
                0.11927202503583267, 
                1.3886025323956916
            ]
        ]
    }
]