[
    {
        "jobnum": 28, 
        "model": {
            "L2_reg": 0.003943184168730902, 
            "conv_width": 10, 
            "fp_depth": 2, 
            "fp_length": 94, 
            "h1_size": 61, 
            "net_type": "conv_plus_linear"
        }, 
        "num_records": 20, 
        "task": {
            "name": "delaney", 
            "test_slices": [
                [
                    224, 
                    449
                ]
            ], 
            "train_slices": [
                [
                    0, 
                    224
                ], 
                [
                    674, 
                    899
                ], 
                [
                    899, 
                    1124
                ]
            ]
        }, 
        "train": {
            "batch_size": 100, 
            "init_scale": 0.029866812729940385, 
            "num_iters": 10000, 
            "seed": 2, 
            "step_size": 0.0009279116143062864
        }, 
        "varied_params": {
            "conv_width": 9.676938229911539, 
            "fp_depth": 2.3032498766743625, 
            "fp_length": 93.99047074733146, 
            "h1_size": 61.370731398666166, 
            "log_L2_reg": -5.535766717408995, 
            "log_init_scale": -3.5110073571699236, 
            "log_step_size": -6.982574072918428
        }
    }, 
    {
        "host_name": "schlaubi", 
        "minutes_duration": 34.32826081514359, 
        "timestamp": "2021-08-05 23:12:18.525819", 
        "training_curve": [
            [
                0, 
                4.991243473659207, 
                4.078076480484138
            ], 
            [
                526, 
                1.0520068461738181, 
                0.9795934674216422
            ], 
            [
                1052, 
                0.6072590119322795, 
                0.6674865310144138
            ], 
            [
                1578, 
                0.4601864624928867, 
                0.6875393713284819
            ], 
            [
                2105, 
                0.3991670300828506, 
                0.7273996452143738
            ], 
            [
                2631, 
                0.3584188971320908, 
                0.772570507796557
            ], 
            [
                3157, 
                0.3252388455839588, 
                0.796101812498642
            ], 
            [
                3683, 
                0.29942902958168366, 
                0.8119104443277307
            ], 
            [
                4210, 
                0.2776845546409431, 
                0.8332554218081887
            ], 
            [
                4736, 
                0.2590680150170483, 
                0.868470471888589
            ], 
            [
                5262, 
                0.24329506326619196, 
                0.9017819591644022
            ], 
            [
                5788, 
                0.22766258626851255, 
                0.935418098071882
            ], 
            [
                6315, 
                0.2091722659228315, 
                0.9559230152332466
            ], 
            [
                6841, 
                0.1927004096759083, 
                0.9956974073369619
            ], 
            [
                7367, 
                0.18124390024547843, 
                1.03499570118131
            ], 
            [
                7893, 
                0.17074501930805686, 
                1.055984439759776
            ], 
            [
                8420, 
                0.16284321966449095, 
                1.0769961814825484
            ], 
            [
                8946, 
                0.1594297196874806, 
                1.0801433988291964
            ], 
            [
                9472, 
                0.1608167198425482, 
                1.098570348952991
            ], 
            [
                9999, 
                0.15348531612540045, 
                1.1144133247168073
            ]
        ]
    }
]