[
    {
        "jobnum": 28, 
        "model": {
            "L2_reg": 0.003943184168730902, 
            "conv_width": 10, 
            "fp_depth": 2, 
            "fp_length": 718, 
            "h1_size": 61, 
            "net_type": "mean"
        }, 
        "num_records": 20, 
        "task": {
            "name": "delaney", 
            "test_slices": [
                [
                    224, 
                    449
                ]
            ], 
            "train_slices": [
                [
                    0, 
                    224
                ], 
                [
                    674, 
                    899
                ], 
                [
                    899, 
                    1124
                ]
            ]
        }, 
        "train": {
            "batch_size": 100, 
            "init_scale": 0.029866812729940385, 
            "num_iters": 10000, 
            "seed": 2, 
            "step_size": 0.0009279116143062864
        }, 
        "varied_params": {
            "conv_width": 9.676938229911539, 
            "fp_depth": 2.3032498766743625, 
            "fp_length": 717.9142367259832, 
            "h1_size": 61.370731398666166, 
            "log_L2_reg": -5.535766717408995, 
            "log_init_scale": -3.5110073571699236, 
            "log_step_size": -6.982574072918428
        }
    }, 
    {
        "host_name": "handy", 
        "minutes_duration": 0.0499974528948466, 
        "timestamp": "2021-08-06 00:59:31.867248", 
        "training_curve": [
            [
                0, 
                4.629570013985745, 
                3.78937473651148
            ], 
            [
                526, 
                4.628924115828774, 
                3.787595641718421
            ], 
            [
                1052, 
                4.628928506306632, 
                3.7875917909372006
            ], 
            [
                1578, 
                4.628929972907395, 
                3.7875905581723255
            ], 
            [
                2105, 
                4.628931185779461, 
                3.7875895580120473
            ], 
            [
                2631, 
                4.628929845836291, 
                3.7875906639618475
            ], 
            [
                3157, 
                4.628932278262183, 
                3.787588671748337
            ], 
            [
                3683, 
                4.628927936558677, 
                3.78759227689307
            ], 
            [
                4210, 
                4.628929964329895, 
                3.787590565307245
            ], 
            [
                4736, 
                4.628932162899592, 
                3.787588764689567
            ], 
            [
                5262, 
                4.628931181415525, 
                3.787589561579812
            ], 
            [
                5788, 
                4.628929843386153, 
                3.787590666003531
            ], 
            [
                6315, 
                4.628927935636426, 
                3.787592277682928
            ], 
            [
                6841, 
                4.628928506166118, 
                3.7875917910565597
            ], 
            [
                7367, 
                4.6289299638353025, 
                3.7875905657186832
            ], 
            [
                7893, 
                4.628932162634302, 
                3.7875887649034707
            ], 
            [
                8420, 
                4.628929843293419, 
                3.787590666080805
            ], 
            [
                8946, 
                4.628932276890007, 
                3.787588672852934
            ], 
            [
                9472, 
                4.628927935569975, 
                3.7875922777398388
            ], 
            [
                9999, 
                4.628929963815271, 
                3.787590565735347
            ]
        ]
    }
]