[
    {
        "jobnum": 29, 
        "model": {
            "L2_reg": 0.004245044619110333, 
            "conv_width": 12, 
            "fp_depth": 3, 
            "fp_length": 76, 
            "h1_size": 59, 
            "net_type": "conv_plus_linear"
        }, 
        "num_records": 20, 
        "task": {
            "name": "malaria", 
            "test_slices": [
                [
                    2000, 
                    4000
                ]
            ], 
            "train_slices": [
                [
                    0, 
                    2000
                ], 
                [
                    6000, 
                    8000
                ], 
                [
                    8000, 
                    10000
                ]
            ]
        }, 
        "train": {
            "batch_size": 100, 
            "init_scale": 0.0037474293821238764, 
            "num_iters": 10000, 
            "seed": 2, 
            "step_size": 0.0003702674089650885
        }, 
        "varied_params": {
            "conv_width": 11.80545266834068, 
            "fp_depth": 3.038178320495702, 
            "fp_length": 76.09687164417689, 
            "h1_size": 58.980183877981744, 
            "log_L2_reg": -5.462002948294011, 
            "log_init_scale": -5.586685172161369, 
            "log_step_size": -7.901285086434675
        }
    }, 
    {
        "host_name": "schlumpfine", 
        "minutes_duration": 45.58848359982173, 
        "timestamp": "2021-08-31 23:07:36.344241", 
        "training_curve": [
            [
                0, 
                1.4861346039043681, 
                1.5685338413815053
            ], 
            [
                526, 
                1.3795781085753458, 
                1.4665074942738197
            ], 
            [
                1052, 
                1.256662476586176, 
                1.331078871831756
            ], 
            [
                1578, 
                1.2180766659984226, 
                1.3060279440708007
            ], 
            [
                2105, 
                1.1960983580471667, 
                1.2959117158152176
            ], 
            [
                2631, 
                1.1764022800116414, 
                1.2720676035868919
            ], 
            [
                3157, 
                1.1713491703320669, 
                1.25484340188856
            ], 
            [
                3683, 
                1.1415797385850115, 
                1.2385703745567467
            ], 
            [
                4210, 
                1.1394460763520124, 
                1.2583510878178013
            ], 
            [
                4736, 
                1.124478011059977, 
                1.2447058839339114
            ], 
            [
                5262, 
                1.1094097649459733, 
                1.2181154445933227
            ], 
            [
                5788, 
                1.1072644379859216, 
                1.2153040479411383
            ], 
            [
                6315, 
                1.0971102245730942, 
                1.2231892520117345
            ], 
            [
                6841, 
                1.102471959650547, 
                1.245563399360708
            ], 
            [
                7367, 
                1.0897816886893847, 
                1.2203203051528964
            ], 
            [
                7893, 
                1.0878922473116497, 
                1.2084026243242005
            ], 
            [
                8420, 
                1.07745923261826, 
                1.2101170538108859
            ], 
            [
                8946, 
                1.0856320927509175, 
                1.2437063756957503
            ], 
            [
                9472, 
                1.0719189235800308, 
                1.218385333745362
            ], 
            [
                9999, 
                1.0772372733131501, 
                1.2113875670011702
            ]
        ]
    }
]