[
    {
        "jobnum": 29, 
        "model": {
            "L2_reg": 0.004245044619110333, 
            "conv_width": 12, 
            "fp_depth": 3, 
            "fp_length": 557, 
            "h1_size": 59, 
            "net_type": "morgan_plus_net"
        }, 
        "num_records": 20, 
        "task": {
            "name": "delaney", 
            "test_slices": [
                [
                    224, 
                    449
                ]
            ], 
            "train_slices": [
                [
                    0, 
                    224
                ], 
                [
                    674, 
                    899
                ], 
                [
                    899, 
                    1124
                ]
            ]
        }, 
        "train": {
            "batch_size": 100, 
            "init_scale": 0.0037474293821238764, 
            "num_iters": 10000, 
            "seed": 2, 
            "step_size": 0.0003702674089650885
        }, 
        "varied_params": {
            "conv_width": 11.80545266834068, 
            "fp_depth": 3.038178320495702, 
            "fp_length": 556.871844797592, 
            "h1_size": 58.980183877981744, 
            "log_L2_reg": -5.462002948294011, 
            "log_init_scale": -5.586685172161369, 
            "log_step_size": -7.901285086434675
        }
    }, 
    {
        "host_name": "hefty", 
        "minutes_duration": 2.163656481107076, 
        "timestamp": "2021-08-06 00:48:58.954774", 
        "training_curve": [
            [
                0, 
                4.628318982465654, 
                3.787460763037264
            ], 
            [
                526, 
                0.35141987038363215, 
                1.7137123173774391
            ], 
            [
                1052, 
                0.12980319746914715, 
                1.8709321263923888
            ], 
            [
                1578, 
                0.0867716445840251, 
                2.0089149806539868
            ], 
            [
                2105, 
                0.08120344532719097, 
                2.0995444518211213
            ], 
            [
                2631, 
                0.08113959720308311, 
                2.147985617017125
            ], 
            [
                3157, 
                0.08671874330259065, 
                2.2030882720501475
            ], 
            [
                3683, 
                0.09354518936340062, 
                2.2708190903865773
            ], 
            [
                4210, 
                0.09939504462391673, 
                2.3454992995160793
            ], 
            [
                4736, 
                0.10610754093908055, 
                2.4117693977066432
            ], 
            [
                5262, 
                0.1128518383813913, 
                2.4617803396476807
            ], 
            [
                5788, 
                0.1186660254107568, 
                2.502893897539033
            ], 
            [
                6315, 
                0.12297115153159627, 
                2.5258670927715188
            ], 
            [
                6841, 
                0.12440177173856852, 
                2.5344350413690364
            ], 
            [
                7367, 
                0.12726733609531277, 
                2.5348715629121905
            ], 
            [
                7893, 
                0.1260629306860238, 
                2.5361040883645014
            ], 
            [
                8420, 
                0.12655624167555785, 
                2.529633408610909
            ], 
            [
                8946, 
                0.1273436350898958, 
                2.5278719978409487
            ], 
            [
                9472, 
                0.1263335685002256, 
                2.5355501291323463
            ], 
            [
                9999, 
                0.12797362802166298, 
                2.518924895421191
            ]
        ]
    }
]