[
    {
        "jobnum": 29, 
        "model": {
            "L2_reg": 0.004245044619110333, 
            "conv_width": 12, 
            "fp_depth": 3, 
            "fp_length": 76, 
            "h1_size": 59, 
            "net_type": "conv_plus_net"
        }, 
        "num_records": 20, 
        "task": {
            "name": "delaney", 
            "test_slices": [
                [
                    224, 
                    449
                ]
            ], 
            "train_slices": [
                [
                    0, 
                    224
                ], 
                [
                    674, 
                    899
                ], 
                [
                    899, 
                    1124
                ]
            ]
        }, 
        "train": {
            "batch_size": 100, 
            "init_scale": 0.0037474293821238764, 
            "num_iters": 10000, 
            "seed": 2, 
            "step_size": 0.0003702674089650885
        }, 
        "varied_params": {
            "conv_width": 11.80545266834068, 
            "fp_depth": 3.038178320495702, 
            "fp_length": 76.09687164417689, 
            "h1_size": 58.980183877981744, 
            "log_L2_reg": -5.462002948294011, 
            "log_init_scale": -5.586685172161369, 
            "log_step_size": -7.901285086434675
        }
    }, 
    {
        "host_name": "schlaubi", 
        "minutes_duration": 38.45220383405685, 
        "timestamp": "2021-08-05 18:58:48.517298", 
        "training_curve": [
            [
                0, 
                4.629331413181011, 
                3.7878226569901803
            ], 
            [
                526, 
                0.9182423783678646, 
                0.9391447220111202
            ], 
            [
                1052, 
                0.5526816011863751, 
                0.6985039688066995
            ], 
            [
                1578, 
                0.43435407949759375, 
                0.6524842178336558
            ], 
            [
                2105, 
                0.36247459719703334, 
                0.6456320986568875
            ], 
            [
                2631, 
                0.3086221088621493, 
                0.6206791141080341
            ], 
            [
                3157, 
                0.27062801780622453, 
                0.594711677506283
            ], 
            [
                3683, 
                0.24032850642631395, 
                0.5813676205650222
            ], 
            [
                4210, 
                0.21803500004281856, 
                0.5806728075155343
            ], 
            [
                4736, 
                0.2026496622507693, 
                0.5895360275868974
            ], 
            [
                5262, 
                0.19158976098023497, 
                0.6126048785289608
            ], 
            [
                5788, 
                0.1869277436945878, 
                0.6509014064268278
            ], 
            [
                6315, 
                0.1708845599975931, 
                0.6768239187106383
            ], 
            [
                6841, 
                0.16388383032994336, 
                0.7008813835694272
            ], 
            [
                7367, 
                0.15815925390339128, 
                0.7029410355831414
            ], 
            [
                7893, 
                0.153744683343576, 
                0.738811372927638
            ], 
            [
                8420, 
                0.14840837522471995, 
                0.7453971181625358
            ], 
            [
                8946, 
                0.14302365366780964, 
                0.7671894970463807
            ], 
            [
                9472, 
                0.1444173355052406, 
                0.7985411743637375
            ], 
            [
                9999, 
                0.13767035802265515, 
                0.8049328606327187
            ]
        ]
    }
]