[
    {
        "jobnum": 2, 
        "model": {
            "L2_reg": 0.002913929338489009, 
            "conv_width": 17, 
            "fp_depth": 3, 
            "fp_length": 113, 
            "h1_size": 54, 
            "net_type": "conv_plus_net"
        }, 
        "num_records": 20, 
        "task": {
            "name": "delaney", 
            "test_slices": [
                [
                    224, 
                    449
                ]
            ], 
            "train_slices": [
                [
                    0, 
                    224
                ], 
                [
                    674, 
                    899
                ], 
                [
                    899, 
                    1124
                ]
            ]
        }, 
        "train": {
            "batch_size": 100, 
            "init_scale": 0.002700081371236293, 
            "num_iters": 10000, 
            "seed": 2, 
            "step_size": 0.00047533877329982853
        }, 
        "varied_params": {
            "conv_width": 16.67235126424776, 
            "fp_depth": 3.497859536643814, 
            "fp_length": 113.44136060364374, 
            "h1_size": 53.55180290989435, 
            "log_L2_reg": -5.838252820477394, 
            "log_init_scale": -5.914473368931056, 
            "log_step_size": -7.651482801193837
        }
    }, 
    {
        "host_name": "hefty", 
        "minutes_duration": 31.99041984875997, 
        "timestamp": "2021-08-05 16:49:50.789296", 
        "training_curve": [
            [
                0, 
                4.628276663417962, 
                3.7874059490152567
            ], 
            [
                526, 
                0.7970011508140319, 
                0.8233562901412069
            ], 
            [
                1052, 
                0.4820095595434116, 
                0.6852989893181434
            ], 
            [
                1578, 
                0.3414815406678503, 
                0.6102553058492645
            ], 
            [
                2105, 
                0.2713662112188514, 
                0.6175824714809401
            ], 
            [
                2631, 
                0.23079301673850033, 
                0.6200695962451488
            ], 
            [
                3157, 
                0.20075200923761727, 
                0.6413840835611219
            ], 
            [
                3683, 
                0.18499315263926008, 
                0.6912062329985612
            ], 
            [
                4210, 
                0.1669964517026199, 
                0.7564674071374541
            ], 
            [
                4736, 
                0.155378607256319, 
                0.8094233466651323
            ], 
            [
                5262, 
                0.14514056487664545, 
                0.8281975330718193
            ], 
            [
                5788, 
                0.14633684250654838, 
                0.8526889054069144
            ], 
            [
                6315, 
                0.14006664314953915, 
                0.9198904330745997
            ], 
            [
                6841, 
                0.12887445059593722, 
                0.9087962781379201
            ], 
            [
                7367, 
                0.13091991955206553, 
                0.9349253722450024
            ], 
            [
                7893, 
                0.1286116693866091, 
                0.9545558603512657
            ], 
            [
                8420, 
                0.12098089583177825, 
                1.0050017957277724
            ], 
            [
                8946, 
                0.12542628814898663, 
                0.9955909050589355
            ], 
            [
                9472, 
                0.1248355865749655, 
                1.0110863942322674
            ], 
            [
                9999, 
                0.13124774296225208, 
                1.0266693346441282
            ]
        ]
    }
]