[
    {
        "jobnum": 2, 
        "model": {
            "L2_reg": 0.002913929338489009, 
            "conv_width": 17, 
            "fp_depth": 3, 
            "fp_length": 893, 
            "h1_size": 54, 
            "net_type": "morgan_plus_net"
        }, 
        "num_records": 20, 
        "task": {
            "name": "delaney", 
            "test_slices": [
                [
                    224, 
                    449
                ]
            ], 
            "train_slices": [
                [
                    0, 
                    224
                ], 
                [
                    674, 
                    899
                ], 
                [
                    899, 
                    1124
                ]
            ]
        }, 
        "train": {
            "batch_size": 100, 
            "init_scale": 0.002700081371236293, 
            "num_iters": 10000, 
            "seed": 2, 
            "step_size": 0.00047533877329982853
        }, 
        "varied_params": {
            "conv_width": 16.67235126424776, 
            "fp_depth": 3.497859536643814, 
            "fp_length": 892.9722454327937, 
            "h1_size": 53.55180290989435, 
            "log_L2_reg": -5.838252820477394, 
            "log_init_scale": -5.914473368931056, 
            "log_step_size": -7.651482801193837
        }
    }, 
    {
        "host_name": "handy", 
        "minutes_duration": 2.5868441144625347, 
        "timestamp": "2021-08-06 00:32:15.701165", 
        "training_curve": [
            [
                0, 
                4.628936606542977, 
                3.788115683744792
            ], 
            [
                526, 
                0.17519403641584713, 
                1.3125075246161628
            ], 
            [
                1052, 
                0.0966121514535813, 
                1.3940110625583966
            ], 
            [
                1578, 
                0.09273755498948373, 
                1.4450071674390907
            ], 
            [
                2105, 
                0.101628678274089, 
                1.498732577366984
            ], 
            [
                2631, 
                0.11212113949042982, 
                1.5636674246921758
            ], 
            [
                3157, 
                0.12361201455050017, 
                1.6455594479462754
            ], 
            [
                3683, 
                0.1333940682640134, 
                1.720854315658071
            ], 
            [
                4210, 
                0.13217478263339083, 
                1.8084068008165373
            ], 
            [
                4736, 
                0.13424416455967944, 
                1.8765583712362948
            ], 
            [
                5262, 
                0.13621395470002667, 
                1.8885101715742778
            ], 
            [
                5788, 
                0.13710949944053996, 
                1.8992526878505238
            ], 
            [
                6315, 
                0.13707129858021233, 
                1.89965949019333
            ], 
            [
                6841, 
                0.1379850792262923, 
                1.886345871770665
            ], 
            [
                7367, 
                0.13711200652957345, 
                1.8765691804653963
            ], 
            [
                7893, 
                0.13634280492807815, 
                1.8726525414418318
            ], 
            [
                8420, 
                0.13679337823428567, 
                1.8653528736153062
            ], 
            [
                8946, 
                0.13702036602650844, 
                1.8605089074808359
            ], 
            [
                9472, 
                0.13554169093923504, 
                1.8444767184012736
            ], 
            [
                9999, 
                0.13563675541016035, 
                1.8480122934625114
            ]
        ]
    }
]