[
    {
        "jobnum": 30, 
        "model": {
            "L2_reg": 0.49888764185923123, 
            "conv_width": 5, 
            "fp_depth": 2, 
            "fp_length": 780, 
            "h1_size": 100, 
            "net_type": "mean"
        }, 
        "num_records": 20, 
        "task": {
            "name": "delaney", 
            "test_slices": [
                [
                    224, 
                    449
                ]
            ], 
            "train_slices": [
                [
                    0, 
                    224
                ], 
                [
                    674, 
                    899
                ], 
                [
                    899, 
                    1124
                ]
            ]
        }, 
        "train": {
            "batch_size": 100, 
            "init_scale": 0.037625675473512116, 
            "num_iters": 10000, 
            "seed": 2, 
            "step_size": 0.0007987903297989221
        }, 
        "varied_params": {
            "conv_width": 5.30976499198593, 
            "fp_depth": 1.789967130211452, 
            "fp_length": 780.4456830668306, 
            "h1_size": 99.51694736983521, 
            "log_L2_reg": -0.6953743751991937, 
            "log_init_scale": -3.2800686032898714, 
            "log_step_size": -7.132412062406104
        }
    }, 
    {
        "host_name": "hefty", 
        "minutes_duration": 0.05293036699295044, 
        "timestamp": "2021-08-06 00:59:33.746462", 
        "training_curve": [
            [
                0, 
                4.6299910259674135, 
                3.7900195750298615
            ], 
            [
                526, 
                4.628918529723067, 
                3.787600917427228
            ], 
            [
                1052, 
                4.628928650545229, 
                3.7875916685427313
            ], 
            [
                1578, 
                4.628930012924299, 
                3.7875905248970865
            ], 
            [
                2105, 
                4.628931057059709, 
                3.7875896633406523
            ], 
            [
                2631, 
                4.628929903623705, 
                3.7875906158287362
            ], 
            [
                3157, 
                4.628931995998177, 
                3.787588899421077
            ], 
            [
                3683, 
                4.628928257934996, 
                3.7875920022906877
            ], 
            [
                4210, 
                4.628930005407105, 
                3.787590531146406
            ], 
            [
                4736, 
                4.628931896519307, 
                3.7875889798768854
            ], 
            [
                5262, 
                4.628931052625285, 
                3.7875896669726767
            ], 
            [
                5788, 
                4.628929901091786, 
                3.787590617936825
            ], 
            [
                6315, 
                4.6289282569868115, 
                3.787592003099001
            ], 
            [
                6841, 
                4.628928749047819, 
                3.7875915851035584
            ], 
            [
                7367, 
                4.628930004901845, 
                3.787590531566472
            ], 
            [
                7893, 
                4.628931896252669, 
                3.7875889800926874
            ], 
            [
                8420, 
                4.628929900996166, 
                3.7875906180164414
            ], 
            [
                8946, 
                4.6289319946164165, 
                3.7875889005378323
            ], 
            [
                9472, 
                4.628928256918535, 
                3.787592003157207
            ], 
            [
                9999, 
                4.628930004881389, 
                3.7875905315834775
            ]
        ]
    }
]