[
    {
        "jobnum": 30, 
        "model": {
            "L2_reg": 0.49888764185923123, 
            "conv_width": 5, 
            "fp_depth": 2, 
            "fp_length": 101, 
            "h1_size": 100, 
            "net_type": "conv_plus_net"
        }, 
        "num_records": 20, 
        "task": {
            "name": "delaney", 
            "test_slices": [
                [
                    224, 
                    449
                ]
            ], 
            "train_slices": [
                [
                    0, 
                    224
                ], 
                [
                    674, 
                    899
                ], 
                [
                    899, 
                    1124
                ]
            ]
        }, 
        "train": {
            "batch_size": 100, 
            "init_scale": 0.037625675473512116, 
            "num_iters": 10000, 
            "seed": 2, 
            "step_size": 0.0007987903297989221
        }, 
        "varied_params": {
            "conv_width": 5.30976499198593, 
            "fp_depth": 1.789967130211452, 
            "fp_length": 100.93840922964785, 
            "h1_size": 99.51694736983521, 
            "log_L2_reg": -0.6953743751991937, 
            "log_init_scale": -3.2800686032898714, 
            "log_step_size": -7.132412062406104
        }
    }, 
    {
        "host_name": "clumsy", 
        "minutes_duration": 29.21164421637853, 
        "timestamp": "2021-08-05 18:55:36.557840", 
        "training_curve": [
            [
                0, 
                4.686846192817546, 
                3.8307741859776465
            ], 
            [
                526, 
                0.7566612978102493, 
                0.7791627279392781
            ], 
            [
                1052, 
                0.48879740549398726, 
                0.6712372506650088
            ], 
            [
                1578, 
                0.3520288086320756, 
                0.5906887485286272
            ], 
            [
                2105, 
                0.288010303315609, 
                0.5766820506342554
            ], 
            [
                2631, 
                0.2497402246472934, 
                0.5749466195251064
            ], 
            [
                3157, 
                0.23072580464772158, 
                0.5717337877898102
            ], 
            [
                3683, 
                0.21560835571270154, 
                0.5721016485419576
            ], 
            [
                4210, 
                0.2025952518177142, 
                0.5607396118273846
            ], 
            [
                4736, 
                0.1924554663627416, 
                0.5609567533187282
            ], 
            [
                5262, 
                0.18361325856423688, 
                0.564009075002063
            ], 
            [
                5788, 
                0.17635462402459037, 
                0.5702661134351455
            ], 
            [
                6315, 
                0.16920554571368102, 
                0.5620662587573735
            ], 
            [
                6841, 
                0.1658081175131405, 
                0.561087300996968
            ], 
            [
                7367, 
                0.1602024761575623, 
                0.5662586089251603
            ], 
            [
                7893, 
                0.15764590448312532, 
                0.5749787815009032
            ], 
            [
                8420, 
                0.1540257685707052, 
                0.5865752170967435
            ], 
            [
                8946, 
                0.15003895785770172, 
                0.5845735639870654
            ], 
            [
                9472, 
                0.14956448982939705, 
                0.5915516071069582
            ], 
            [
                9999, 
                0.14642972967095746, 
                0.5785034558869507
            ]
        ]
    }
]