[
    {
        "jobnum": 30, 
        "model": {
            "L2_reg": 0.49888764185923123, 
            "conv_width": 5, 
            "fp_depth": 2, 
            "fp_length": 780, 
            "h1_size": 100, 
            "net_type": "morgan_plus_linear"
        }, 
        "num_records": 20, 
        "task": {
            "name": "cep", 
            "test_slices": [
                [
                    4000, 
                    8000
                ]
            ], 
            "train_slices": [
                [
                    0, 
                    4000
                ], 
                [
                    12000, 
                    16000
                ], 
                [
                    16000, 
                    20000
                ]
            ]
        }, 
        "train": {
            "batch_size": 100, 
            "init_scale": 0.037625675473512116, 
            "num_iters": 10000, 
            "seed": 2, 
            "step_size": 0.0007987903297989221
        }, 
        "varied_params": {
            "conv_width": 5.30976499198593, 
            "fp_depth": 1.789967130211452, 
            "fp_length": 780.4456830668306, 
            "h1_size": 99.51694736983521, 
            "log_L2_reg": -0.6953743751991937, 
            "log_init_scale": -3.2800686032898714, 
            "log_step_size": -7.132412062406104
        }
    }, 
    {
        "host_name": "clumsy", 
        "minutes_duration": 2.205419731140137, 
        "timestamp": "2021-09-05 12:46:23.712978", 
        "training_curve": [
            [
                0, 
                7.421686058064816, 
                7.250210963507776
            ], 
            [
                526, 
                2.7364529376098843, 
                2.8671565046893357
            ], 
            [
                1052, 
                2.567638173447053, 
                2.7541665193990807
            ], 
            [
                1578, 
                2.494234672924411, 
                2.698788703932705
            ], 
            [
                2105, 
                2.4537769476366216, 
                2.6794932249645402
            ], 
            [
                2631, 
                2.427843972520572, 
                2.670722912386919
            ], 
            [
                3157, 
                2.410526078887635, 
                2.6562089800978055
            ], 
            [
                3683, 
                2.419258561243198, 
                2.6813738500501723
            ], 
            [
                4210, 
                2.391329442959405, 
                2.6524599647882225
            ], 
            [
                4736, 
                2.3848434651548813, 
                2.6485117631767654
            ], 
            [
                5262, 
                2.383529181403194, 
                2.658079730195415
            ], 
            [
                5788, 
                2.3764961976061945, 
                2.643030049120669
            ], 
            [
                6315, 
                2.3729428134916004, 
                2.648894386659967
            ], 
            [
                6841, 
                2.3703646196970944, 
                2.6488033448887607
            ], 
            [
                7367, 
                2.3669137936340077, 
                2.6448981511513696
            ], 
            [
                7893, 
                2.3647276795144063, 
                2.6517410438141935
            ], 
            [
                8420, 
                2.366030900466866, 
                2.642137912692361
            ], 
            [
                8946, 
                2.363317755358087, 
                2.6469478210516413
            ], 
            [
                9472, 
                2.3621974851418535, 
                2.6509616887046024
            ], 
            [
                9999, 
                2.360250267820397, 
                2.644542929996188
            ]
        ]
    }
]