[
    {
        "jobnum": 31, 
        "model": {
            "L2_reg": 1.9124547797990932, 
            "conv_width": 18, 
            "fp_depth": 3, 
            "fp_length": 47, 
            "h1_size": 69, 
            "net_type": "conv_plus_linear"
        }, 
        "num_records": 20, 
        "task": {
            "name": "delaney", 
            "test_slices": [
                [
                    224, 
                    449
                ]
            ], 
            "train_slices": [
                [
                    0, 
                    224
                ], 
                [
                    674, 
                    899
                ], 
                [
                    899, 
                    1124
                ]
            ]
        }, 
        "train": {
            "batch_size": 100, 
            "init_scale": 0.005559832285515376, 
            "num_iters": 10000, 
            "seed": 2, 
            "step_size": 0.0035290324263775666
        }, 
        "varied_params": {
            "conv_width": 18.08975983171093, 
            "fp_depth": 2.8869455307734464, 
            "fp_length": 46.63670789935121, 
            "h1_size": 69.1731947085949, 
            "log_L2_reg": 0.6483876418895234, 
            "log_init_scale": -5.192187335650255, 
            "log_step_size": -5.646731545785578
        }
    }, 
    {
        "host_name": "handy", 
        "minutes_duration": 29.012212749322256, 
        "timestamp": "2021-08-05 23:21:46.453868", 
        "training_curve": [
            [
                0, 
                4.776100730257868, 
                3.9035760373117196
            ], 
            [
                526, 
                0.39668716944067517, 
                0.77125289547956
            ], 
            [
                1052, 
                0.2530085954161007, 
                0.8529998879812989
            ], 
            [
                1578, 
                0.2011723362955561, 
                0.7892208727368799
            ], 
            [
                2105, 
                0.17030418237662345, 
                0.8385980899526259
            ], 
            [
                2631, 
                0.18679029842988337, 
                0.8707864573079175
            ], 
            [
                3157, 
                0.1643223928108587, 
                0.8826148083781075
            ], 
            [
                3683, 
                0.13019316189031213, 
                0.8333167659091781
            ], 
            [
                4210, 
                0.11733574255418336, 
                0.8715376966666202
            ], 
            [
                4736, 
                0.14538973841929279, 
                0.877473527854386
            ], 
            [
                5262, 
                0.14324647760285786, 
                0.9415899795315048
            ], 
            [
                5788, 
                0.12669704121152456, 
                0.9339730623622352
            ], 
            [
                6315, 
                0.0961079582931583, 
                0.8920923289020942
            ], 
            [
                6841, 
                0.13472912406188534, 
                0.9135585742432701
            ], 
            [
                7367, 
                0.125365125495905, 
                0.9936225611168846
            ], 
            [
                7893, 
                0.10478010747640529, 
                0.980413042826597
            ], 
            [
                8420, 
                0.09220023368637033, 
                0.9962855868918574
            ], 
            [
                8946, 
                0.08535973356269794, 
                0.9793933850628392
            ], 
            [
                9472, 
                0.08925929917573668, 
                0.986811286590478
            ], 
            [
                9999, 
                0.08835868359686873, 
                0.9552236790645432
            ]
        ]
    }
]