[
    {
        "jobnum": 32, 
        "model": {
            "L2_reg": 0.6064737765383194, 
            "conv_width": 19, 
            "fp_depth": 2, 
            "fp_length": 753, 
            "h1_size": 59, 
            "net_type": "morgan_plus_net"
        }, 
        "num_records": 20, 
        "task": {
            "name": "delaney", 
            "test_slices": [
                [
                    224, 
                    449
                ]
            ], 
            "train_slices": [
                [
                    0, 
                    224
                ], 
                [
                    674, 
                    899
                ], 
                [
                    899, 
                    1124
                ]
            ]
        }, 
        "train": {
            "batch_size": 100, 
            "init_scale": 0.04900825280898925, 
            "num_iters": 10000, 
            "seed": 2, 
            "step_size": 0.015163965262588588
        }, 
        "varied_params": {
            "conv_width": 19.210558857333865, 
            "fp_depth": 1.6465230313406753, 
            "fp_length": 752.7026532243191, 
            "h1_size": 59.28179721529761, 
            "log_L2_reg": -0.5000937888974777, 
            "log_init_scale": -3.0157665703801033, 
            "log_step_size": -4.188833372112222
        }
    }, 
    {
        "host_name": "clumsy", 
        "minutes_duration": 1.9116955161094666, 
        "timestamp": "2021-08-06 00:50:06.317462", 
        "training_curve": [
            [
                0, 
                4.756591575162243, 
                3.9225249954064885
            ], 
            [
                526, 
                0.20912571281255257, 
                1.3750341117061746
            ], 
            [
                1052, 
                0.18663163538887986, 
                1.3906237087887714
            ], 
            [
                1578, 
                0.36444545232747977, 
                1.6631631264197424
            ], 
            [
                2105, 
                0.1881009593618862, 
                1.5057755056128836
            ], 
            [
                2631, 
                0.2595530691061691, 
                1.4527723844689748
            ], 
            [
                3157, 
                0.1850469073380352, 
                1.508712630177356
            ], 
            [
                3683, 
                0.27847471049549116, 
                1.6191065802170892
            ], 
            [
                4210, 
                0.22982930856612271, 
                1.546725529416398
            ], 
            [
                4736, 
                0.1709177507565779, 
                1.5356208601787418
            ], 
            [
                5262, 
                0.16832830609482055, 
                1.536715656741942
            ], 
            [
                5788, 
                0.16731316369252053, 
                1.5505489061925544
            ], 
            [
                6315, 
                0.1669702872875828, 
                1.5761675119029164
            ], 
            [
                6841, 
                0.17024211278522766, 
                1.5248959566193383
            ], 
            [
                7367, 
                0.18020694028674442, 
                1.6071954616102215
            ], 
            [
                7893, 
                0.17772420681957785, 
                1.5763804054379853
            ], 
            [
                8420, 
                0.16144059191094656, 
                1.5331107126703696
            ], 
            [
                8946, 
                0.1661115100492226, 
                1.5402456434266873
            ], 
            [
                9472, 
                0.36828206639349653, 
                1.8704480470346976
            ], 
            [
                9999, 
                0.17843015277478808, 
                1.6567803720535494
            ]
        ]
    }
]