[
    {
        "jobnum": 33, 
        "model": {
            "L2_reg": 0.003043648692201047, 
            "conv_width": 11, 
            "fp_depth": 2, 
            "fp_length": 58, 
            "h1_size": 61, 
            "net_type": "conv_plus_linear"
        }, 
        "num_records": 20, 
        "task": {
            "name": "cep", 
            "test_slices": [
                [
                    4000, 
                    8000
                ]
            ], 
            "train_slices": [
                [
                    0, 
                    4000
                ], 
                [
                    12000, 
                    16000
                ], 
                [
                    16000, 
                    20000
                ]
            ]
        }, 
        "train": {
            "batch_size": 100, 
            "init_scale": 0.021188394054711204, 
            "num_iters": 10000, 
            "seed": 2, 
            "step_size": 0.002665943782512829
        }, 
        "varied_params": {
            "conv_width": 11.370282031272595, 
            "fp_depth": 1.6224102263233282, 
            "fp_length": 57.90703779743326, 
            "h1_size": 60.6655988683741, 
            "log_L2_reg": -5.794698255563747, 
            "log_init_scale": -3.854301697459243, 
            "log_step_size": -5.927197144277347
        }
    }, 
    {
        "host_name": "handy", 
        "minutes_duration": 40.52365761597951, 
        "timestamp": "2021-09-05 18:28:49.594104", 
        "training_curve": [
            [
                0, 
                8.15508618698005, 
                7.9551093233710075
            ], 
            [
                526, 
                3.521726673398379, 
                3.4773654383744157
            ], 
            [
                1052, 
                3.282973493193196, 
                3.2678149184958993
            ], 
            [
                1578, 
                3.2219794617354807, 
                3.2204687360089994
            ], 
            [
                2105, 
                3.2145118091766194, 
                3.221428436379066
            ], 
            [
                2631, 
                3.2152549920376376, 
                3.2542942536761466
            ], 
            [
                3157, 
                3.135115814823508, 
                3.1666340224730503
            ], 
            [
                3683, 
                3.1625129634502227, 
                3.2251155474252493
            ], 
            [
                4210, 
                3.1680639246003763, 
                3.1936642051101027
            ], 
            [
                4736, 
                3.0969493977997895, 
                3.1149904072132486
            ], 
            [
                5262, 
                3.2036785620763295, 
                3.2321145519469496
            ], 
            [
                5788, 
                3.1413861471001, 
                3.192392959636959
            ], 
            [
                6315, 
                3.0629590842380368, 
                3.111161306369675
            ], 
            [
                6841, 
                3.053165451058637, 
                3.1037860583902286
            ], 
            [
                7367, 
                3.126402986654346, 
                3.1561888982369375
            ], 
            [
                7893, 
                3.0638624482488037, 
                3.1111586450476314
            ], 
            [
                8420, 
                3.02258298938005, 
                3.0632087636215353
            ], 
            [
                8946, 
                3.021114195378009, 
                3.068825446587382
            ], 
            [
                9472, 
                3.0356731121468474, 
                3.1136152818013927
            ], 
            [
                9999, 
                2.9880835076586165, 
                3.0634007345529364
            ]
        ]
    }
]