[
    {
        "jobnum": 34, 
        "model": {
            "L2_reg": 2.486422293646347, 
            "conv_width": 13, 
            "fp_depth": 1, 
            "fp_length": 149, 
            "h1_size": 64, 
            "net_type": "morgan_plus_net"
        }, 
        "num_records": 20, 
        "task": {
            "name": "delaney", 
            "test_slices": [
                [
                    224, 
                    449
                ]
            ], 
            "train_slices": [
                [
                    0, 
                    224
                ], 
                [
                    674, 
                    899
                ], 
                [
                    899, 
                    1124
                ]
            ]
        }, 
        "train": {
            "batch_size": 100, 
            "init_scale": 0.00769304407897736, 
            "num_iters": 10000, 
            "seed": 2, 
            "step_size": 0.0035074618800669663
        }, 
        "varied_params": {
            "conv_width": 12.760686607311712, 
            "fp_depth": 1.3525955678860992, 
            "fp_length": 149.12465119591454, 
            "h1_size": 63.88143531473659, 
            "log_L2_reg": 0.9108448473858513, 
            "log_init_scale": -4.867438724770375, 
            "log_step_size": -5.652862614167325
        }
    }, 
    {
        "host_name": "papaschlumpf", 
        "minutes_duration": 1.2087618192036946, 
        "timestamp": "2021-08-06 00:51:01.429387", 
        "training_curve": [
            [
                0, 
                4.630597871929463, 
                3.7904203513895536
            ], 
            [
                526, 
                0.21962275112403062, 
                1.8243139751250972
            ], 
            [
                1052, 
                0.21351111273197074, 
                1.9096964058063541
            ], 
            [
                1578, 
                0.25748061366585945, 
                1.9672453300609862
            ], 
            [
                2105, 
                0.23189273030971932, 
                2.0391346099570744
            ], 
            [
                2631, 
                0.33087621702169095, 
                2.023461561662379
            ], 
            [
                3157, 
                0.2488053525642607, 
                2.136872603208966
            ], 
            [
                3683, 
                0.2765625665075678, 
                2.038605292475316
            ], 
            [
                4210, 
                0.2507552927974229, 
                2.094564790825591
            ], 
            [
                4736, 
                0.3496867590966863, 
                2.152307621564414
            ], 
            [
                5262, 
                0.2569592925401175, 
                2.095758209186899
            ], 
            [
                5788, 
                0.2761926111574221, 
                2.182879320383548
            ], 
            [
                6315, 
                0.262980392412353, 
                2.110762704943682
            ], 
            [
                6841, 
                0.32291092437389063, 
                2.143487587349837
            ], 
            [
                7367, 
                0.27183659890491507, 
                2.1463075482552645
            ], 
            [
                7893, 
                0.3154297995823478, 
                2.130317169435749
            ], 
            [
                8420, 
                0.26499539661936056, 
                2.126796006138758
            ], 
            [
                8946, 
                0.27542615944543525, 
                2.1281671699943665
            ], 
            [
                9472, 
                0.30253654918242684, 
                2.1326389438526796
            ], 
            [
                9999, 
                0.3056988996103264, 
                2.143033896303852
            ]
        ]
    }
]