[
    {
        "jobnum": 35, 
        "model": {
            "L2_reg": 0.010740202768968962, 
            "conv_width": 12, 
            "fp_depth": 1, 
            "fp_length": 374, 
            "h1_size": 70, 
            "net_type": "morgan_plus_net"
        }, 
        "num_records": 20, 
        "task": {
            "name": "delaney", 
            "test_slices": [
                [
                    224, 
                    449
                ]
            ], 
            "train_slices": [
                [
                    0, 
                    224
                ], 
                [
                    674, 
                    899
                ], 
                [
                    899, 
                    1124
                ]
            ]
        }, 
        "train": {
            "batch_size": 100, 
            "init_scale": 0.0031456718683447325, 
            "num_iters": 10000, 
            "seed": 2, 
            "step_size": 0.0032201905229250023
        }, 
        "varied_params": {
            "conv_width": 12.320844209734318, 
            "fp_depth": 1.4345432780301317, 
            "fp_length": 374.45763975275526, 
            "h1_size": 69.80298514036468, 
            "log_L2_reg": -4.533761310287371, 
            "log_init_scale": -5.761727781011253, 
            "log_step_size": -5.738314752565964
        }
    }, 
    {
        "host_name": "clumsy", 
        "minutes_duration": 1.2061904668807983, 
        "timestamp": "2021-08-06 00:51:21.796389", 
        "training_curve": [
            [
                0, 
                4.6289365359334695, 
                3.7882872579618723
            ], 
            [
                526, 
                0.23070740724135205, 
                2.115556802507217
            ], 
            [
                1052, 
                0.2982476397649527, 
                2.524889394695669
            ], 
            [
                1578, 
                0.37263622093126714, 
                2.736472572115063
            ], 
            [
                2105, 
                0.4080731919344344, 
                2.8377843336684867
            ], 
            [
                2631, 
                0.43303723730695226, 
                2.938725746821873
            ], 
            [
                3157, 
                0.4388141601016705, 
                2.923523393121386
            ], 
            [
                3683, 
                0.44913889712416494, 
                2.9739769508457568
            ], 
            [
                4210, 
                0.44142095538046566, 
                2.9020027459702034
            ], 
            [
                4736, 
                0.44178582208821676, 
                2.9381065839670404
            ], 
            [
                5262, 
                0.44987432578418785, 
                2.9126598929980365
            ], 
            [
                5788, 
                0.42983873866093936, 
                2.8335707649155912
            ], 
            [
                6315, 
                0.4484468330377807, 
                2.848732447377378
            ], 
            [
                6841, 
                0.4418688286939084, 
                2.8434719300329325
            ], 
            [
                7367, 
                0.44993881890287396, 
                2.8534645467971593
            ], 
            [
                7893, 
                0.44368754365515856, 
                2.8049278055057796
            ], 
            [
                8420, 
                0.44187035345894665, 
                2.8043340909395225
            ], 
            [
                8946, 
                0.44303676504907263, 
                2.745098403891251
            ], 
            [
                9472, 
                0.43790621389283846, 
                2.7496695678898377
            ], 
            [
                9999, 
                0.4693110346483133, 
                2.7428664968179466
            ]
        ]
    }
]