[
    {
        "jobnum": 36, 
        "model": {
            "L2_reg": 3.4204014183300524, 
            "conv_width": 13, 
            "fp_depth": 1, 
            "fp_length": 605, 
            "h1_size": 88, 
            "net_type": "morgan_plus_net"
        }, 
        "num_records": 20, 
        "task": {
            "name": "delaney", 
            "test_slices": [
                [
                    224, 
                    449
                ]
            ], 
            "train_slices": [
                [
                    0, 
                    224
                ], 
                [
                    674, 
                    899
                ], 
                [
                    899, 
                    1124
                ]
            ]
        }, 
        "train": {
            "batch_size": 100, 
            "init_scale": 0.002886399174221437, 
            "num_iters": 10000, 
            "seed": 2, 
            "step_size": 0.006702025260349436
        }, 
        "varied_params": {
            "conv_width": 13.282887048836098, 
            "fp_depth": 1.2502673063260556, 
            "fp_length": 605.1518775074151, 
            "h1_size": 88.26626269034827, 
            "log_L2_reg": 1.2297579179674676, 
            "log_init_scale": -5.847745514188916, 
            "log_step_size": -5.00534552059781
        }
    }, 
    {
        "host_name": "handy", 
        "minutes_duration": 4.125769301255544, 
        "timestamp": "2021-08-06 00:54:18.838599", 
        "training_curve": [
            [
                0, 
                4.62855778816517, 
                3.7873151372839144
            ], 
            [
                526, 
                0.251764080492284, 
                1.5465381014625568
            ], 
            [
                1052, 
                0.25915137242782516, 
                1.6400988054373875
            ], 
            [
                1578, 
                0.48857882747637416, 
                1.8944351108873692
            ], 
            [
                2105, 
                0.3200499844445279, 
                1.9135908227375558
            ], 
            [
                2631, 
                0.3224295759984956, 
                1.8772779504843418
            ], 
            [
                3157, 
                0.3380444233494944, 
                1.9527316063386824
            ], 
            [
                3683, 
                0.4031053627566926, 
                2.05322689046959
            ], 
            [
                4210, 
                0.35144729281126924, 
                1.9186304725009586
            ], 
            [
                4736, 
                0.422431451397022, 
                2.1161700528848955
            ], 
            [
                5262, 
                0.398061798371213, 
                2.0459015369783957
            ], 
            [
                5788, 
                0.39896391150668964, 
                2.004322098435329
            ], 
            [
                6315, 
                0.3403524080269002, 
                1.9306801334435855
            ], 
            [
                6841, 
                0.35885492390569834, 
                2.0069266665087855
            ], 
            [
                7367, 
                0.35717077401723635, 
                1.998822717459545
            ], 
            [
                7893, 
                0.3767018748926953, 
                2.0156840447307127
            ], 
            [
                8420, 
                0.4622930105249582, 
                2.131433162947474
            ], 
            [
                8946, 
                0.3621983049648109, 
                1.9473590535183818
            ], 
            [
                9472, 
                0.4272229727899373, 
                2.1393619144991884
            ], 
            [
                9999, 
                0.3707780605434953, 
                2.02466445376225
            ]
        ]
    }
]