[
    {
        "jobnum": 36, 
        "model": {
            "L2_reg": 3.4204014183300524, 
            "conv_width": 13, 
            "fp_depth": 1, 
            "fp_length": 81, 
            "h1_size": 88, 
            "net_type": "conv_plus_net"
        }, 
        "num_records": 20, 
        "task": {
            "name": "delaney", 
            "test_slices": [
                [
                    224, 
                    449
                ]
            ], 
            "train_slices": [
                [
                    0, 
                    224
                ], 
                [
                    674, 
                    899
                ], 
                [
                    899, 
                    1124
                ]
            ]
        }, 
        "train": {
            "batch_size": 100, 
            "init_scale": 0.002886399174221437, 
            "num_iters": 10000, 
            "seed": 2, 
            "step_size": 0.006702025260349436
        }, 
        "varied_params": {
            "conv_width": 13.282887048836098, 
            "fp_depth": 1.2502673063260556, 
            "fp_length": 81.46131972304612, 
            "h1_size": 88.26626269034827, 
            "log_L2_reg": 1.2297579179674676, 
            "log_init_scale": -5.847745514188916, 
            "log_step_size": -5.00534552059781
        }
    }, 
    {
        "host_name": "schlumpfine", 
        "minutes_duration": 113.65462591648102, 
        "timestamp": "2021-07-09 23:24:41.784572", 
        "training_curve": [
            [
                0, 
                4.629145256052605, 
                3.788358235465292
            ], 
            [
                526, 
                0.26222612381347876, 
                0.5510263942855511
            ], 
            [
                1052, 
                0.18338148879701893, 
                0.538206315994519
            ], 
            [
                1578, 
                0.15058907637481783, 
                0.48621540419251974
            ], 
            [
                2105, 
                0.21634758245919058, 
                0.5156646809339169
            ], 
            [
                2631, 
                0.11905913971070889, 
                0.528101501404948
            ], 
            [
                3157, 
                0.11474450785939597, 
                0.5059910325880158
            ], 
            [
                3683, 
                0.12981470889320162, 
                0.561459336620883
            ], 
            [
                4210, 
                0.13672357910038377, 
                0.5820696122057769
            ], 
            [
                4736, 
                0.09015614604666311, 
                0.534911656302092
            ], 
            [
                5262, 
                0.1001728650904594, 
                0.5409558558595765
            ], 
            [
                5788, 
                0.13113158848888679, 
                0.5258764826526631
            ], 
            [
                6315, 
                0.1009182513542836, 
                0.5761430547707473
            ], 
            [
                6841, 
                0.09380167065902364, 
                0.544298434170523
            ], 
            [
                7367, 
                0.09151745203909083, 
                0.5829307426784037
            ], 
            [
                7893, 
                0.0942005135194921, 
                0.5593947644740875
            ], 
            [
                8420, 
                0.11581563089175513, 
                0.526920096122746
            ], 
            [
                8946, 
                0.1006647311948871, 
                0.5711473151918023
            ], 
            [
                9472, 
                0.09940900615457215, 
                0.5881378437531303
            ], 
            [
                9999, 
                0.08611228457803663, 
                0.5611617020453159
            ]
        ]
    }
]