[
    {
        "jobnum": 36, 
        "model": {
            "L2_reg": 3.4204014183300524, 
            "conv_width": 13, 
            "fp_depth": 1, 
            "fp_length": 81, 
            "h1_size": 88, 
            "net_type": "conv_plus_linear"
        }, 
        "num_records": 20, 
        "task": {
            "name": "cep", 
            "test_slices": [
                [
                    4000, 
                    8000
                ]
            ], 
            "train_slices": [
                [
                    0, 
                    4000
                ], 
                [
                    12000, 
                    16000
                ], 
                [
                    16000, 
                    20000
                ]
            ]
        }, 
        "train": {
            "batch_size": 100, 
            "init_scale": 0.002886399174221437, 
            "num_iters": 10000, 
            "seed": 2, 
            "step_size": 0.006702025260349436
        }, 
        "varied_params": {
            "conv_width": 13.282887048836098, 
            "fp_depth": 1.2502673063260556, 
            "fp_length": 81.46131972304612, 
            "h1_size": 88.26626269034827, 
            "log_L2_reg": 1.2297579179674676, 
            "log_init_scale": -5.847745514188916, 
            "log_step_size": -5.00534552059781
        }
    }, 
    {
        "host_name": "hefty", 
        "minutes_duration": 21.148962485790253, 
        "timestamp": "2021-09-05 18:32:56.782697", 
        "training_curve": [
            [
                0, 
                6.457870766593741, 
                6.304257353045999
            ], 
            [
                526, 
                3.496414343512637, 
                3.458169584311229
            ], 
            [
                1052, 
                3.2735037386646364, 
                3.2755988661230213
            ], 
            [
                1578, 
                3.2975820017451363, 
                3.277954390719832
            ], 
            [
                2105, 
                3.216349132562562, 
                3.2288212606396156
            ], 
            [
                2631, 
                3.216255573777323, 
                3.2251374041586898
            ], 
            [
                3157, 
                3.2736232043512907, 
                3.310071084810929
            ], 
            [
                3683, 
                3.370374810593988, 
                3.4099216181273557
            ], 
            [
                4210, 
                3.2841097483272157, 
                3.2956122723766343
            ], 
            [
                4736, 
                3.1747533827416454, 
                3.180416025683402
            ], 
            [
                5262, 
                3.1842595418817394, 
                3.199029422533117
            ], 
            [
                5788, 
                3.1548069102363514, 
                3.1758946633841014
            ], 
            [
                6315, 
                3.492312801035814, 
                3.4948702160913276
            ], 
            [
                6841, 
                3.1677400317215954, 
                3.1945124565203287
            ], 
            [
                7367, 
                3.218398624006704, 
                3.21023814693289
            ], 
            [
                7893, 
                3.2254753819841007, 
                3.2539933281579594
            ], 
            [
                8420, 
                3.337694524451554, 
                3.3308456625120177
            ], 
            [
                8946, 
                3.187228503461754, 
                3.190234570073275
            ], 
            [
                9472, 
                3.150236820166386, 
                3.1746681119640705
            ], 
            [
                9999, 
                3.1657083912631605, 
                3.1929273548031953
            ]
        ]
    }
]