[
    {
        "jobnum": 37, 
        "model": {
            "L2_reg": 0.005529552096832446, 
            "conv_width": 19, 
            "fp_depth": 1, 
            "fp_length": 691, 
            "h1_size": 65, 
            "net_type": "morgan_plus_linear"
        }, 
        "num_records": 20, 
        "task": {
            "name": "cep", 
            "test_slices": [
                [
                    4000, 
                    8000
                ]
            ], 
            "train_slices": [
                [
                    0, 
                    4000
                ], 
                [
                    12000, 
                    16000
                ], 
                [
                    16000, 
                    20000
                ]
            ]
        }, 
        "train": {
            "batch_size": 100, 
            "init_scale": 0.005854107964092415, 
            "num_iters": 10000, 
            "seed": 2, 
            "step_size": 0.0008790358462989377
        }, 
        "varied_params": {
            "conv_width": 18.942939751882857, 
            "fp_depth": 1.0492888887744227, 
            "fp_length": 691.2758789636373, 
            "h1_size": 64.60737633962745, 
            "log_L2_reg": -5.1976484618760175, 
            "log_init_scale": -5.140611648092551, 
            "log_step_size": -7.036684880338212
        }
    }, 
    {
        "host_name": "clumsy", 
        "minutes_duration": 1.7725657184918722, 
        "timestamp": "2021-09-05 12:48:27.893182", 
        "training_curve": [
            [
                0, 
                6.49384063499637, 
                6.3420568010687255
            ], 
            [
                526, 
                3.082916094931881, 
                3.0534535195804033
            ], 
            [
                1052, 
                3.009922600385693, 
                2.996843646820662
            ], 
            [
                1578, 
                2.9776735803616385, 
                2.964448700511369
            ], 
            [
                2105, 
                2.959732825768054, 
                2.943713385250617
            ], 
            [
                2631, 
                2.9489194667997842, 
                2.9359871135539324
            ], 
            [
                3157, 
                2.943064367233555, 
                2.92620738350346
            ], 
            [
                3683, 
                2.9543477341737785, 
                2.937003968215744
            ], 
            [
                4210, 
                2.936475428906042, 
                2.9193358134971725
            ], 
            [
                4736, 
                2.934966297405294, 
                2.9134334154391444
            ], 
            [
                5262, 
                2.9341544218645215, 
                2.917357658681206
            ], 
            [
                5788, 
                2.9326346141600674, 
                2.9122251583956777
            ], 
            [
                6315, 
                2.93211724185877, 
                2.9109615437853806
            ], 
            [
                6841, 
                2.9314163625125134, 
                2.9140266473153815
            ], 
            [
                7367, 
                2.930973000434439, 
                2.9099256502058677
            ], 
            [
                7893, 
                2.9312298307515836, 
                2.912561169754446
            ], 
            [
                8420, 
                2.9319998634756126, 
                2.911134278434074
            ], 
            [
                8946, 
                2.930283404333329, 
                2.9084784719389054
            ], 
            [
                9472, 
                2.9295300582327717, 
                2.912476924783727
            ], 
            [
                9999, 
                2.9293675701242847, 
                2.9096732119206843
            ]
        ]
    }
]