[
    {
        "jobnum": 37, 
        "model": {
            "L2_reg": 0.005529552096832446, 
            "conv_width": 19, 
            "fp_depth": 1, 
            "fp_length": 691, 
            "h1_size": 65, 
            "net_type": "morgan_plus_net"
        }, 
        "num_records": 20, 
        "task": {
            "name": "delaney", 
            "test_slices": [
                [
                    224, 
                    449
                ]
            ], 
            "train_slices": [
                [
                    0, 
                    224
                ], 
                [
                    674, 
                    899
                ], 
                [
                    899, 
                    1124
                ]
            ]
        }, 
        "train": {
            "batch_size": 100, 
            "init_scale": 0.005854107964092415, 
            "num_iters": 10000, 
            "seed": 2, 
            "step_size": 0.0008790358462989377
        }, 
        "varied_params": {
            "conv_width": 18.942939751882857, 
            "fp_depth": 1.0492888887744227, 
            "fp_length": 691.2758789636373, 
            "h1_size": 64.60737633962745, 
            "log_L2_reg": -5.1976484618760175, 
            "log_init_scale": -5.140611648092551, 
            "log_step_size": -7.036684880338212
        }
    }, 
    {
        "host_name": "papaschlumpf", 
        "minutes_duration": 1.8873188336690268, 
        "timestamp": "2021-08-06 00:52:57.278552", 
        "training_curve": [
            [
                0, 
                4.628437976956107, 
                3.788470431604105
            ], 
            [
                526, 
                0.2848067968988638, 
                1.3960311277298094
            ], 
            [
                1052, 
                0.23428982704710277, 
                1.5239933587548589
            ], 
            [
                1578, 
                0.2507180525925936, 
                1.6742431179405837
            ], 
            [
                2105, 
                0.3093457960311063, 
                1.8680670385026354
            ], 
            [
                2631, 
                0.3817550626361325, 
                2.122224933755873
            ], 
            [
                3157, 
                0.43177941901435746, 
                2.3465682782549093
            ], 
            [
                3683, 
                0.4512229070793197, 
                2.5124924324965376
            ], 
            [
                4210, 
                0.47440728030371293, 
                2.5999765505285652
            ], 
            [
                4736, 
                0.4867038834957746, 
                2.6507247019513764
            ], 
            [
                5262, 
                0.49161875467529137, 
                2.6721643385447447
            ], 
            [
                5788, 
                0.4962695951899114, 
                2.6759771933226766
            ], 
            [
                6315, 
                0.4940111569242504, 
                2.6755701970526644
            ], 
            [
                6841, 
                0.4904625406140823, 
                2.6680725201066995
            ], 
            [
                7367, 
                0.48513786339082193, 
                2.660140244740568
            ], 
            [
                7893, 
                0.49225264753172104, 
                2.6674066451544305
            ], 
            [
                8420, 
                0.48409001916925654, 
                2.6413462572168362
            ], 
            [
                8946, 
                0.475107001409135, 
                2.637915472801922
            ], 
            [
                9472, 
                0.4828748744741551, 
                2.6298021102454303
            ], 
            [
                9999, 
                0.48041393440563734, 
                2.6154109746127285
            ]
        ]
    }
]