[
    {
        "jobnum": 38, 
        "model": {
            "L2_reg": 0.004134628195343046, 
            "conv_width": 20, 
            "fp_depth": 2, 
            "fp_length": 900, 
            "h1_size": 64, 
            "net_type": "mean"
        }, 
        "num_records": 20, 
        "task": {
            "name": "cep", 
            "test_slices": [
                [
                    4000, 
                    8000
                ]
            ], 
            "train_slices": [
                [
                    0, 
                    4000
                ], 
                [
                    12000, 
                    16000
                ], 
                [
                    16000, 
                    20000
                ]
            ]
        }, 
        "train": {
            "batch_size": 100, 
            "init_scale": 0.03499200026945039, 
            "num_iters": 10000, 
            "seed": 2, 
            "step_size": 0.003502216114611105
        }, 
        "varied_params": {
            "conv_width": 19.662427096166702, 
            "fp_depth": 2.4568827878038686, 
            "fp_length": 899.5172872791235, 
            "h1_size": 64.08650528769745, 
            "log_L2_reg": -5.488357871032151, 
            "log_init_scale": -3.3526358073473825, 
            "log_step_size": -5.654359335254693
        }
    }, 
    {
        "host_name": "clumsy", 
        "minutes_duration": 0.04500713348388672, 
        "timestamp": "2021-09-05 21:06:54.095821", 
        "training_curve": [
            [
                0, 
                6.449566189674988, 
                6.295718344438629
            ], 
            [
                526, 
                6.448845648801072, 
                6.294607543361461
            ], 
            [
                1052, 
                6.45040881181112, 
                6.2937126834620996
            ], 
            [
                1578, 
                6.448501766789418, 
                6.2939929468607145
            ], 
            [
                2105, 
                6.448670027465012, 
                6.294306173946354
            ], 
            [
                2631, 
                6.449418278973716, 
                6.293131188878621
            ], 
            [
                3157, 
                6.4485288306513, 
                6.294045623095351
            ], 
            [
                3683, 
                6.4484013592743405, 
                6.292812322085167
            ], 
            [
                4210, 
                6.4483623058151, 
                6.293698388758672
            ], 
            [
                4736, 
                6.4485618377112015, 
                6.294108500155074
            ], 
            [
                5262, 
                6.449928755402854, 
                6.293415973480882
            ], 
            [
                5788, 
                6.448344227881954, 
                6.293655973581779
            ], 
            [
                6315, 
                6.448640169794518, 
                6.294252740928685
            ], 
            [
                6841, 
                6.448260861194735, 
                6.292883397089907
            ], 
            [
                7367, 
                6.44887420964845, 
                6.294654862786366
            ], 
            [
                7893, 
                6.45055897226727, 
                6.293809678860056
            ], 
            [
                8420, 
                6.4485061158177235, 
                6.294001485696915
            ], 
            [
                8946, 
                6.448639838801353, 
                6.2942521442272135
            ], 
            [
                9472, 
                6.449267403986371, 
                6.293055774867007
            ], 
            [
                9999, 
                6.44859169645954, 
                6.2941642417411785
            ]
        ]
    }
]