[
    {
        "jobnum": 38, 
        "model": {
            "L2_reg": 0.004134628195343046, 
            "conv_width": 20, 
            "fp_depth": 2, 
            "fp_length": 900, 
            "h1_size": 64, 
            "net_type": "mean"
        }, 
        "num_records": 20, 
        "task": {
            "name": "malaria", 
            "test_slices": [
                [
                    2000, 
                    4000
                ]
            ], 
            "train_slices": [
                [
                    0, 
                    2000
                ], 
                [
                    6000, 
                    8000
                ], 
                [
                    8000, 
                    10000
                ]
            ]
        }, 
        "train": {
            "batch_size": 100, 
            "init_scale": 0.03499200026945039, 
            "num_iters": 10000, 
            "seed": 2, 
            "step_size": 0.003502216114611105
        }, 
        "varied_params": {
            "conv_width": 19.662427096166702, 
            "fp_depth": 2.4568827878038686, 
            "fp_length": 899.5172872791235, 
            "h1_size": 64.08650528769745, 
            "log_L2_reg": -5.488357871032151, 
            "log_init_scale": -3.3526358073473825, 
            "log_step_size": -5.654359335254693
        }
    }, 
    {
        "host_name": "hefty", 
        "minutes_duration": 0.040807485580444336, 
        "timestamp": "2021-09-01 01:46:01.906412", 
        "training_curve": [
            [
                0, 
                1.48058292514011, 
                1.5607447319115222
            ], 
            [
                526, 
                1.4803970868256715, 
                1.5607016995395129
            ], 
            [
                1052, 
                1.480282900672181, 
                1.560927433354606
            ], 
            [
                1578, 
                1.480343922934236, 
                1.5610971693463398
            ], 
            [
                2105, 
                1.480282523980655, 
                1.5609259542192815
            ], 
            [
                2631, 
                1.4803842498601403, 
                1.5607018318736403
            ], 
            [
                3157, 
                1.4803117178886345, 
                1.560722621987177
            ], 
            [
                3683, 
                1.4803363999117105, 
                1.5610797333296145
            ], 
            [
                4210, 
                1.4803215363275557, 
                1.561043526115014
            ], 
            [
                4736, 
                1.4802990133727774, 
                1.560733277037586
            ], 
            [
                5262, 
                1.4804044740625109, 
                1.5607019152340948
            ], 
            [
                5788, 
                1.480299985529896, 
                1.5609847745211771
            ], 
            [
                6315, 
                1.4803245430922325, 
                1.5610510694640938
            ], 
            [
                6841, 
                1.4802721479249874, 
                1.560875597032268
            ], 
            [
                7367, 
                1.4804004151549899, 
                1.5607017719685787
            ], 
            [
                7893, 
                1.480274705388085, 
                1.5608906563106664
            ], 
            [
                8420, 
                1.4803464772698158, 
                1.5611029766345244
            ], 
            [
                8946, 
                1.4802856168423584, 
                1.560937714976941
            ], 
            [
                9472, 
                1.480364754588291, 
                1.5607034914566311
            ], 
            [
                9999, 
                1.4803784741175356, 
                1.5607021248610549
            ]
        ]
    }
]