[
    {
        "jobnum": 39, 
        "model": {
            "L2_reg": 4.9261146767779325, 
            "conv_width": 17, 
            "fp_depth": 4, 
            "fp_length": 87, 
            "h1_size": 98, 
            "net_type": "conv_plus_net"
        }, 
        "num_records": 20, 
        "task": {
            "name": "cep", 
            "test_slices": [
                [
                    4000, 
                    8000
                ]
            ], 
            "train_slices": [
                [
                    0, 
                    4000
                ], 
                [
                    12000, 
                    16000
                ], 
                [
                    16000, 
                    20000
                ]
            ]
        }, 
        "train": {
            "batch_size": 100, 
            "init_scale": 0.004098427700521392, 
            "num_iters": 10000, 
            "seed": 2, 
            "step_size": 0.0008475222256352551
        }, 
        "varied_params": {
            "conv_width": 16.988038810285875, 
            "fp_depth": 3.824133114119496, 
            "fp_length": 86.6101689290806, 
            "h1_size": 98.07850772707494, 
            "log_L2_reg": 1.5945505793254515, 
            "log_init_scale": -5.497151866499788, 
            "log_step_size": -7.073193494115182
        }
    }, 
    {
        "host_name": "clumsy", 
        "minutes_duration": 92.03205131689707, 
        "timestamp": "2021-09-05 12:03:21.585515", 
        "training_curve": [
            [
                0, 
                6.448514961920283, 
                6.29373708201686
            ], 
            [
                526, 
                3.026345525083484, 
                2.9870065610696317
            ], 
            [
                1052, 
                3.006012338219294, 
                2.9685611827234624
            ], 
            [
                1578, 
                2.8774831536206724, 
                2.837477707775243
            ], 
            [
                2105, 
                2.818437416416418, 
                2.783094692990495
            ], 
            [
                2631, 
                2.719939395437823, 
                2.6823369281101415
            ], 
            [
                3157, 
                2.6333975492641755, 
                2.6025365614443876
            ], 
            [
                3683, 
                2.5191117000521683, 
                2.493040553515239
            ], 
            [
                4210, 
                2.3594654818172622, 
                2.353890405611057
            ], 
            [
                4736, 
                2.248912140062662, 
                2.243724639188747
            ], 
            [
                5262, 
                2.2087273360442916, 
                2.225878848203419
            ], 
            [
                5788, 
                2.1443185699677785, 
                2.155323254504995
            ], 
            [
                6315, 
                2.1113298866584014, 
                2.1325378269857653
            ], 
            [
                6841, 
                2.0773310959362927, 
                2.102351010006956
            ], 
            [
                7367, 
                2.0414678699083084, 
                2.0554863153408722
            ], 
            [
                7893, 
                2.010028921959173, 
                2.0312289740584064
            ], 
            [
                8420, 
                1.9885599786628405, 
                2.0115302740212004
            ], 
            [
                8946, 
                2.00131125033568, 
                2.0295280173544845
            ], 
            [
                9472, 
                1.9907955416895238, 
                2.034261787994193
            ], 
            [
                9999, 
                1.9451797802943929, 
                1.9644972546804211
            ]
        ]
    }
]