[
    {
        "jobnum": 39, 
        "model": {
            "L2_reg": 4.9261146767779325, 
            "conv_width": 17, 
            "fp_depth": 4, 
            "fp_length": 651, 
            "h1_size": 98, 
            "net_type": "morgan_plus_linear"
        }, 
        "num_records": 20, 
        "task": {
            "name": "delaney", 
            "test_slices": [
                [
                    224, 
                    449
                ]
            ], 
            "train_slices": [
                [
                    0, 
                    224
                ], 
                [
                    674, 
                    899
                ], 
                [
                    899, 
                    1124
                ]
            ]
        }, 
        "train": {
            "batch_size": 100, 
            "init_scale": 0.004098427700521392, 
            "num_iters": 10000, 
            "seed": 2, 
            "step_size": 0.0008475222256352551
        }, 
        "varied_params": {
            "conv_width": 16.988038810285875, 
            "fp_depth": 3.824133114119496, 
            "fp_length": 651.4915203617254, 
            "h1_size": 98.07850772707494, 
            "log_L2_reg": 1.5945505793254515, 
            "log_init_scale": -5.497151866499788, 
            "log_step_size": -7.073193494115182
        }
    }, 
    {
        "host_name": "papaschlumpf", 
        "minutes_duration": 2.39695428609848, 
        "timestamp": "2021-07-09 22:50:47.191646", 
        "training_curve": [
            [
                0, 
                4.623564198411841, 
                3.794526218006632
            ], 
            [
                526, 
                0.8323616340366139, 
                1.681734057296394
            ], 
            [
                1052, 
                0.5499746538847826, 
                1.6872282782604877
            ], 
            [
                1578, 
                0.4645718008787472, 
                1.6841146183630338
            ], 
            [
                2105, 
                0.43154611633525775, 
                1.6775878284350725
            ], 
            [
                2631, 
                0.417197980199767, 
                1.6749324326697803
            ], 
            [
                3157, 
                0.41053260785972095, 
                1.6753738408855556
            ], 
            [
                3683, 
                0.407184245775978, 
                1.6754313899452138
            ], 
            [
                4210, 
                0.4054509783942565, 
                1.6757626459976611
            ], 
            [
                4736, 
                0.4044624945819252, 
                1.6756966742508543
            ], 
            [
                5262, 
                0.4038440914370579, 
                1.6742914572841903
            ], 
            [
                5788, 
                0.4034420354142624, 
                1.6732290594033414
            ], 
            [
                6315, 
                0.4032932524650419, 
                1.6733767420133903
            ], 
            [
                6841, 
                0.4031964734288312, 
                1.6734638465267155
            ], 
            [
                7367, 
                0.4031048587306165, 
                1.6731090301378684
            ], 
            [
                7893, 
                0.40303816855825664, 
                1.673181418137644
            ], 
            [
                8420, 
                0.4028921777242116, 
                1.6715095538670055
            ], 
            [
                8946, 
                0.4029204720438246, 
                1.6720810859989734
            ], 
            [
                9472, 
                0.4029097652359784, 
                1.6718686705942598
            ], 
            [
                9999, 
                0.40293730080907186, 
                1.6722596285850237
            ]
        ]
    }
]