[
    {
        "jobnum": 39, 
        "model": {
            "L2_reg": 4.9261146767779325, 
            "conv_width": 17, 
            "fp_depth": 4, 
            "fp_length": 651, 
            "h1_size": 98, 
            "net_type": "mean"
        }, 
        "num_records": 20, 
        "task": {
            "name": "delaney", 
            "test_slices": [
                [
                    224, 
                    449
                ]
            ], 
            "train_slices": [
                [
                    0, 
                    224
                ], 
                [
                    674, 
                    899
                ], 
                [
                    899, 
                    1124
                ]
            ]
        }, 
        "train": {
            "batch_size": 100, 
            "init_scale": 0.004098427700521392, 
            "num_iters": 10000, 
            "seed": 2, 
            "step_size": 0.0008475222256352551
        }, 
        "varied_params": {
            "conv_width": 16.988038810285875, 
            "fp_depth": 3.824133114119496, 
            "fp_length": 651.4915203617254, 
            "h1_size": 98.07850772707494, 
            "log_L2_reg": 1.5945505793254515, 
            "log_init_scale": -5.497151866499788, 
            "log_step_size": -7.073193494115182
        }
    }, 
    {
        "host_name": "handy", 
        "minutes_duration": 0.0493791659673055, 
        "timestamp": "2021-08-06 00:59:49.386403", 
        "training_curve": [
            [
                0, 
                4.628866354022193, 
                3.787927713948481
            ], 
            [
                526, 
                4.628925651484512, 
                3.787594266696032
            ], 
            [
                1052, 
                4.6289286557371785, 
                3.787591664141806
            ], 
            [
                1578, 
                4.628929998501034, 
                3.787590536888267
            ], 
            [
                2105, 
                4.628931105752473, 
                3.7875896234737785
            ], 
            [
                2631, 
                4.6289298817821996, 
                3.7875906340166026
            ], 
            [
                3157, 
                4.628932102554105, 
                3.7875888133669227
            ], 
            [
                3683, 
                4.628928136516147, 
                3.787592105888378
            ], 
            [
                4210, 
                4.628929989899693, 
                3.787590544040405
            ], 
            [
                4736, 
                4.628931997012761, 
                3.787588898601091
            ], 
            [
                5262, 
                4.628931101218676, 
                3.787589627184631
            ], 
            [
                5788, 
                4.628929879305851, 
                3.7875906360790657
            ], 
            [
                6315, 
                4.628928135626457, 
                3.7875921066481553
            ], 
            [
                6841, 
                4.6289286573397375, 
                3.7875916627834725
            ], 
            [
                7367, 
                4.628929989401712, 
                3.78759054445451
            ], 
            [
                7893, 
                4.628931996731716, 
                3.7875888988282296
            ], 
            [
                8420, 
                4.628929879212272, 
                3.7875906361570055
            ], 
            [
                8946, 
                4.628932101093254, 
                3.787588814545825
            ], 
            [
                9472, 
                4.628928135562386, 
                3.7875921067028693
            ], 
            [
                9999, 
                4.628929989381549, 
                3.7875905444712776
            ]
        ]
    }
]