[
    {
        "jobnum": 3, 
        "model": {
            "L2_reg": 1.2766422771624293, 
            "conv_width": 15, 
            "fp_depth": 1, 
            "fp_length": 161, 
            "h1_size": 90, 
            "net_type": "morgan_plus_linear"
        }, 
        "num_records": 20, 
        "task": {
            "name": "delaney", 
            "test_slices": [
                [
                    224, 
                    449
                ]
            ], 
            "train_slices": [
                [
                    0, 
                    224
                ], 
                [
                    674, 
                    899
                ], 
                [
                    899, 
                    1124
                ]
            ]
        }, 
        "train": {
            "batch_size": 100, 
            "init_scale": 0.0030928086020533207, 
            "num_iters": 10000, 
            "seed": 2, 
            "step_size": 0.0021247894773660262
        }, 
        "varied_params": {
            "conv_width": 14.598815319912857, 
            "fp_depth": 1.3548232776067997, 
            "fp_length": 160.50011370831876, 
            "h1_size": 89.95792821083617, 
            "log_L2_reg": 0.2442334102916437, 
            "log_init_scale": -5.778675668198336, 
            "log_step_size": -6.154082550988273
        }
    }, 
    {
        "host_name": "handy", 
        "minutes_duration": 0.29335519870122273, 
        "timestamp": "2021-07-09 22:39:37.924645", 
        "training_curve": [
            [
                0, 
                4.64161496930907, 
                3.7965772264294113
            ], 
            [
                526, 
                1.7325770779526681, 
                2.1194044468557998
            ], 
            [
                1052, 
                1.6178136274445498, 
                2.0983990384298368
            ], 
            [
                1578, 
                1.5994028776023048, 
                2.094429944748057
            ], 
            [
                2105, 
                1.5951367725872299, 
                2.0896400292299067
            ], 
            [
                2631, 
                1.5937605350735045, 
                2.088517469139091
            ], 
            [
                3157, 
                1.593395993742939, 
                2.088944879964527
            ], 
            [
                3683, 
                1.5932751637925862, 
                2.090275802776048
            ], 
            [
                4210, 
                1.59321754663812, 
                2.0906772814722747
            ], 
            [
                4736, 
                1.5932276777131236, 
                2.0878603240566402
            ], 
            [
                5262, 
                1.593199037050358, 
                2.087737712414396
            ], 
            [
                5788, 
                1.593065377769545, 
                2.087632623476423
            ], 
            [
                6315, 
                1.5931675540210724, 
                2.090116743136818
            ], 
            [
                6841, 
                1.5931999696276014, 
                2.0906320639303178
            ], 
            [
                7367, 
                1.5931724572930932, 
                2.0906058040715254
            ], 
            [
                7893, 
                1.5932085570882588, 
                2.0878216327706114
            ], 
            [
                8420, 
                1.5930616178467347, 
                2.087624712344843
            ], 
            [
                8946, 
                1.5931258523086351, 
                2.0885438796049463
            ], 
            [
                9472, 
                1.5931659649470564, 
                2.090114790538815
            ], 
            [
                9999, 
                1.593172150164049, 
                2.0906055005444064
            ]
        ]
    }
]