[
    {
        "jobnum": 40, 
        "model": {
            "L2_reg": 0.347501441890816, 
            "conv_width": 10, 
            "fp_depth": 1, 
            "fp_length": 165, 
            "h1_size": 65, 
            "net_type": "mean"
        }, 
        "num_records": 20, 
        "task": {
            "name": "cep", 
            "test_slices": [
                [
                    4000, 
                    8000
                ]
            ], 
            "train_slices": [
                [
                    0, 
                    4000
                ], 
                [
                    12000, 
                    16000
                ], 
                [
                    16000, 
                    20000
                ]
            ]
        }, 
        "train": {
            "batch_size": 100, 
            "init_scale": 0.002665622782230825, 
            "num_iters": 10000, 
            "seed": 2, 
            "step_size": 0.010009448533327012
        }, 
        "varied_params": {
            "conv_width": 10.208502768983294, 
            "fp_depth": 1.0397105732766985, 
            "fp_length": 165.32598783575034, 
            "h1_size": 64.65101422538984, 
            "log_L2_reg": -1.0569864646598095, 
            "log_init_scale": -5.927317559273012, 
            "log_step_size": -4.604225778748328
        }
    }, 
    {
        "host_name": "hefty", 
        "minutes_duration": 0.041369346777598064, 
        "timestamp": "2021-09-05 21:06:53.829096", 
        "training_curve": [
            [
                0, 
                6.448202813598368, 
                6.2931961148598425
            ], 
            [
                526, 
                6.449110238860575, 
                6.2950328545803504
            ], 
            [
                1052, 
                6.466218704237429, 
                6.306568740600002
            ], 
            [
                1578, 
                6.451246458082992, 
                6.298015454102989
            ], 
            [
                2105, 
                6.44857147598188, 
                6.294126604683111
            ], 
            [
                2631, 
                6.44843502892544, 
                6.292807805700048
            ], 
            [
                3157, 
                6.448330740014401, 
                6.2936233519465015
            ], 
            [
                3683, 
                6.453729005867982, 
                6.2961067857646835
            ], 
            [
                4210, 
                6.455040829480494, 
                6.302741334263126
            ], 
            [
                4736, 
                6.448272413493678, 
                6.293468475535706
            ], 
            [
                5262, 
                6.452279354336908, 
                6.295012196026446
            ], 
            [
                5788, 
                6.44821030696295, 
                6.293241202805817
            ], 
            [
                6315, 
                6.448624503950503, 
                6.294224388926677
            ], 
            [
                6841, 
                6.451466409935463, 
                6.298301670314712
            ], 
            [
                7367, 
                6.4491871123321625, 
                6.295151894802544
            ], 
            [
                7893, 
                6.465924617418491, 
                6.306311907781725
            ], 
            [
                8420, 
                6.4503369182349575, 
                6.296802439349539
            ], 
            [
                8946, 
                6.44851918372579, 
                6.294026969976738
            ], 
            [
                9472, 
                6.448253487876273, 
                6.292891850162793
            ], 
            [
                9999, 
                6.4484482160520855, 
                6.293885143914093
            ]
        ]
    }
]