[
    {
        "jobnum": 41, 
        "model": {
            "L2_reg": 0.4130362701006451, 
            "conv_width": 7, 
            "fp_depth": 2, 
            "fp_length": 108, 
            "h1_size": 74, 
            "net_type": "conv_plus_net"
        }, 
        "num_records": 20, 
        "task": {
            "name": "delaney", 
            "test_slices": [
                [
                    224, 
                    449
                ]
            ], 
            "train_slices": [
                [
                    0, 
                    224
                ], 
                [
                    674, 
                    899
                ], 
                [
                    899, 
                    1124
                ]
            ]
        }, 
        "train": {
            "batch_size": 100, 
            "init_scale": 0.06333028377240815, 
            "num_iters": 10000, 
            "seed": 2, 
            "step_size": 0.0024530220174919805
        }, 
        "varied_params": {
            "conv_width": 7.053504075283984, 
            "fp_depth": 2.1057538183888527, 
            "fp_length": 108.0771861177555, 
            "h1_size": 73.9185153519994, 
            "log_L2_reg": -0.8842198688102112, 
            "log_init_scale": -2.759391647611032, 
            "log_step_size": -6.010434538005349
        }
    }, 
    {
        "host_name": "hefty", 
        "minutes_duration": 29.212641298770905, 
        "timestamp": "2021-08-05 19:29:03.770036", 
        "training_curve": [
            [
                0, 
                4.453632535121793, 
                3.648164014518559
            ], 
            [
                526, 
                0.32886294140437855, 
                0.4823948703787605
            ], 
            [
                1052, 
                0.21230235569921882, 
                0.5210197574378248
            ], 
            [
                1578, 
                0.1698083694519751, 
                0.5187075605767074
            ], 
            [
                2105, 
                0.1528379694203269, 
                0.5668657362820545
            ], 
            [
                2631, 
                0.15622539284243966, 
                0.6033046926347975
            ], 
            [
                3157, 
                0.13085836035696163, 
                0.5713894495974982
            ], 
            [
                3683, 
                0.14006206900181603, 
                0.6603245197074722
            ], 
            [
                4210, 
                0.1059915679061719, 
                0.6150228233033497
            ], 
            [
                4736, 
                0.10212948378145573, 
                0.6301391810690056
            ], 
            [
                5262, 
                0.1057157230619945, 
                0.6499068611608143
            ], 
            [
                5788, 
                0.10577988858088141, 
                0.6773525224123416
            ], 
            [
                6315, 
                0.09326879221139306, 
                0.7254294320450173
            ], 
            [
                6841, 
                0.10429124345967365, 
                0.7644614578152464
            ], 
            [
                7367, 
                0.11562464645243782, 
                0.7934711976732102
            ], 
            [
                7893, 
                0.11463310515483476, 
                0.7225441741025258
            ], 
            [
                8420, 
                0.10005140287201134, 
                0.7333696052534866
            ], 
            [
                8946, 
                0.09425994775125233, 
                0.7520145808201256
            ], 
            [
                9472, 
                0.11105906624415739, 
                0.8381796310517742
            ], 
            [
                9999, 
                0.10539965222028626, 
                0.7527405047667026
            ]
        ]
    }
]