[
    {
        "jobnum": 42, 
        "model": {
            "L2_reg": 0.005422251607555463, 
            "conv_width": 20, 
            "fp_depth": 4, 
            "fp_length": 985, 
            "h1_size": 76, 
            "net_type": "morgan_plus_net"
        }, 
        "num_records": 20, 
        "task": {
            "name": "malaria", 
            "test_slices": [
                [
                    2000, 
                    4000
                ]
            ], 
            "train_slices": [
                [
                    0, 
                    2000
                ], 
                [
                    6000, 
                    8000
                ], 
                [
                    8000, 
                    10000
                ]
            ]
        }, 
        "train": {
            "batch_size": 100, 
            "init_scale": 0.003602158618800242, 
            "num_iters": 10000, 
            "seed": 2, 
            "step_size": 0.0008228539084001822
        }, 
        "varied_params": {
            "conv_width": 19.593792335346954, 
            "fp_depth": 3.58657455226505, 
            "fp_length": 984.5213353275042, 
            "h1_size": 75.5659491273228, 
            "log_L2_reg": -5.217244124047728, 
            "log_init_scale": -5.626221996884716, 
            "log_step_size": -7.102731884101043
        }
    }, 
    {
        "host_name": "hefty", 
        "minutes_duration": 3.715283183256785, 
        "timestamp": "2021-09-01 01:43:47.988020", 
        "training_curve": [
            [
                0, 
                1.4801786069849132, 
                1.5606984896783276
            ], 
            [
                526, 
                0.44850196017057137, 
                1.2663514875476662
            ], 
            [
                1052, 
                0.1139962369217127, 
                1.3102965252271843
            ], 
            [
                1578, 
                0.05240453766751115, 
                1.3794446357919323
            ], 
            [
                2105, 
                0.07786594373093157, 
                1.4399159548009366
            ], 
            [
                2631, 
                0.13416326524189148, 
                1.4440262449823595
            ], 
            [
                3157, 
                0.08346251506938039, 
                1.3976877686399591
            ], 
            [
                3683, 
                0.16341431645285076, 
                1.4716740705712799
            ], 
            [
                4210, 
                0.0785650806131911, 
                1.422761299394219
            ], 
            [
                4736, 
                0.0668582691668435, 
                1.40728190391401
            ], 
            [
                5262, 
                0.0864536083062217, 
                1.434826976509236
            ], 
            [
                5788, 
                0.19075895505100568, 
                1.492882434308905
            ], 
            [
                6315, 
                0.0787747676414744, 
                1.3711158419628782
            ], 
            [
                6841, 
                0.07619748004621205, 
                1.4257602925424897
            ], 
            [
                7367, 
                0.11099925353109324, 
                1.4297705246207246
            ], 
            [
                7893, 
                0.19714281594619204, 
                1.5419332047827137
            ], 
            [
                8420, 
                0.2323142759496327, 
                1.5252210737553848
            ], 
            [
                8946, 
                0.13772039246826065, 
                1.49813420796288
            ], 
            [
                9472, 
                0.07684538822223676, 
                1.409166365111606
            ], 
            [
                9999, 
                0.09766190557644353, 
                1.4169645500461894
            ]
        ]
    }
]