[
    {
        "jobnum": 42, 
        "model": {
            "L2_reg": 0.005422251607555463, 
            "conv_width": 20, 
            "fp_depth": 4, 
            "fp_length": 124, 
            "h1_size": 76, 
            "net_type": "conv_plus_linear"
        }, 
        "num_records": 20, 
        "task": {
            "name": "malaria", 
            "test_slices": [
                [
                    2000, 
                    4000
                ]
            ], 
            "train_slices": [
                [
                    0, 
                    2000
                ], 
                [
                    6000, 
                    8000
                ], 
                [
                    8000, 
                    10000
                ]
            ]
        }, 
        "train": {
            "batch_size": 100, 
            "init_scale": 0.003602158618800242, 
            "num_iters": 10000, 
            "seed": 2, 
            "step_size": 0.0008228539084001822
        }, 
        "varied_params": {
            "conv_width": 19.593792335346954, 
            "fp_depth": 3.58657455226505, 
            "fp_length": 123.61348170305602, 
            "h1_size": 75.5659491273228, 
            "log_L2_reg": -5.217244124047728, 
            "log_init_scale": -5.626221996884716, 
            "log_step_size": -7.102731884101043
        }
    }, 
    {
        "host_name": "papaschlumpf", 
        "minutes_duration": 88.72369233369827, 
        "timestamp": "2021-09-01 01:28:33.354975", 
        "training_curve": [
            [
                0, 
                1.480233295753651, 
                1.560800209338879
            ], 
            [
                526, 
                1.223033724103512, 
                1.298337624571307
            ], 
            [
                1052, 
                1.1507810746347555, 
                1.23236733732021
            ], 
            [
                1578, 
                1.1295122227280143, 
                1.216037619413562
            ], 
            [
                2105, 
                1.1071860910547355, 
                1.2607016959394008
            ], 
            [
                2631, 
                1.0704805592319193, 
                1.2207317437884044
            ], 
            [
                3157, 
                1.057128148280028, 
                1.1989904087492251
            ], 
            [
                3683, 
                1.0314272944509382, 
                1.192806172974435
            ], 
            [
                4210, 
                1.0115328059705242, 
                1.201141992455607
            ], 
            [
                4736, 
                1.0013881047240873, 
                1.2111017990890431
            ], 
            [
                5262, 
                0.9874406990132496, 
                1.1847890636717038
            ], 
            [
                5788, 
                0.9863060805293491, 
                1.2050489066167747
            ], 
            [
                6315, 
                0.9448167752285013, 
                1.1594519277934223
            ], 
            [
                6841, 
                0.9566709733469008, 
                1.2059845245183565
            ], 
            [
                7367, 
                0.9509170115013335, 
                1.1988049035093424
            ], 
            [
                7893, 
                0.9079772959639343, 
                1.155743516383454
            ], 
            [
                8420, 
                0.9087183780549754, 
                1.1684902624549145
            ], 
            [
                8946, 
                0.918146630941111, 
                1.2064755412330963
            ], 
            [
                9472, 
                0.8867740522618672, 
                1.186155396173022
            ], 
            [
                9999, 
                0.8838463911142556, 
                1.185747436113701
            ]
        ]
    }
]