[
    {
        "jobnum": 42, 
        "model": {
            "L2_reg": 0.005422251607555463, 
            "conv_width": 20, 
            "fp_depth": 4, 
            "fp_length": 985, 
            "h1_size": 76, 
            "net_type": "morgan_plus_net"
        }, 
        "num_records": 20, 
        "task": {
            "name": "cep", 
            "test_slices": [
                [
                    4000, 
                    8000
                ]
            ], 
            "train_slices": [
                [
                    0, 
                    4000
                ], 
                [
                    12000, 
                    16000
                ], 
                [
                    16000, 
                    20000
                ]
            ]
        }, 
        "train": {
            "batch_size": 100, 
            "init_scale": 0.003602158618800242, 
            "num_iters": 10000, 
            "seed": 2, 
            "step_size": 0.0008228539084001822
        }, 
        "varied_params": {
            "conv_width": 19.593792335346954, 
            "fp_depth": 3.58657455226505, 
            "fp_length": 984.5213353275042, 
            "h1_size": 75.5659491273228, 
            "log_L2_reg": -5.217244124047728, 
            "log_init_scale": -5.626221996884716, 
            "log_step_size": -7.102731884101043
        }
    }, 
    {
        "host_name": "papaschlumpf", 
        "minutes_duration": 6.564204565684, 
        "timestamp": "2021-09-05 21:02:55.385780", 
        "training_curve": [
            [
                0, 
                6.4479242293288745, 
                6.293043777277926
            ], 
            [
                526, 
                1.8183660892685796, 
                2.413556126166631
            ], 
            [
                1052, 
                1.3289206221660579, 
                2.3004973046625765
            ], 
            [
                1578, 
                0.9213672359245364, 
                2.2376762258853575
            ], 
            [
                2105, 
                0.5187641919069169, 
                2.283555085250512
            ], 
            [
                2631, 
                0.32297186727240934, 
                2.386412412359328
            ], 
            [
                3157, 
                0.2678640512073164, 
                2.4751687274101912
            ], 
            [
                3683, 
                0.33549829774110335, 
                2.5852066879591358
            ], 
            [
                4210, 
                0.9746235274708384, 
                3.0940819373505866
            ], 
            [
                4736, 
                0.31185221644401084, 
                2.472980369460086
            ], 
            [
                5262, 
                0.350702722633112, 
                2.546575068083588
            ], 
            [
                5788, 
                0.5037722992407034, 
                2.682807568751561
            ], 
            [
                6315, 
                0.5471405855004288, 
                2.7432587825954764
            ], 
            [
                6841, 
                0.5506447521911915, 
                2.678638881538725
            ], 
            [
                7367, 
                0.3556300111496169, 
                2.509576666834714
            ], 
            [
                7893, 
                0.29691294659515516, 
                2.504307260025609
            ], 
            [
                8420, 
                0.387471716915677, 
                2.5597341356856425
            ], 
            [
                8946, 
                0.43459204460347733, 
                2.589673525669957
            ], 
            [
                9472, 
                0.44341370644875844, 
                2.5870633092367825
            ], 
            [
                9999, 
                0.3202476058213448, 
                2.4387397873794514
            ]
        ]
    }
]