[
    {
        "jobnum": 42, 
        "model": {
            "L2_reg": 0.005422251607555463, 
            "conv_width": 20, 
            "fp_depth": 4, 
            "fp_length": 124, 
            "h1_size": 76, 
            "net_type": "conv_plus_net"
        }, 
        "num_records": 20, 
        "task": {
            "name": "delaney", 
            "test_slices": [
                [
                    224, 
                    449
                ]
            ], 
            "train_slices": [
                [
                    0, 
                    224
                ], 
                [
                    674, 
                    899
                ], 
                [
                    899, 
                    1124
                ]
            ]
        }, 
        "train": {
            "batch_size": 100, 
            "init_scale": 0.003602158618800242, 
            "num_iters": 10000, 
            "seed": 2, 
            "step_size": 0.0008228539084001822
        }, 
        "varied_params": {
            "conv_width": 19.593792335346954, 
            "fp_depth": 3.58657455226505, 
            "fp_length": 123.61348170305602, 
            "h1_size": 75.5659491273228, 
            "log_L2_reg": -5.217244124047728, 
            "log_init_scale": -5.626221996884716, 
            "log_step_size": -7.102731884101043
        }
    }, 
    {
        "host_name": "handy", 
        "minutes_duration": 59.86352721452713, 
        "timestamp": "2021-08-05 20:01:43.383739", 
        "training_curve": [
            [
                0, 
                4.627984892040532, 
                3.7866467675424236
            ], 
            [
                526, 
                0.4499421557915426, 
                0.6850883447045856
            ], 
            [
                1052, 
                0.28421507510073546, 
                0.6101678967695168
            ], 
            [
                1578, 
                0.21105605957815285, 
                0.6690159566662737
            ], 
            [
                2105, 
                0.1777054804356245, 
                0.6598200180937481
            ], 
            [
                2631, 
                0.14880304646573814, 
                0.731795936143738
            ], 
            [
                3157, 
                0.12785340177775684, 
                0.7404728152010608
            ], 
            [
                3683, 
                0.12408091674110865, 
                0.7881171683908443
            ], 
            [
                4210, 
                0.11980066931988362, 
                0.7777805088413786
            ], 
            [
                4736, 
                0.1165541264892203, 
                0.7917175916033004
            ], 
            [
                5262, 
                0.11139065040712061, 
                0.8220398959164069
            ], 
            [
                5788, 
                0.11148939387617852, 
                0.8194120854341383
            ], 
            [
                6315, 
                0.11003852799833347, 
                0.8502074685387203
            ], 
            [
                6841, 
                0.12310002955970216, 
                0.9031192851626941
            ], 
            [
                7367, 
                0.12125210167950111, 
                0.8993578673606827
            ], 
            [
                7893, 
                0.11013440524174643, 
                0.8777999701621588
            ], 
            [
                8420, 
                0.10324946312356223, 
                0.8419075986235793
            ], 
            [
                8946, 
                0.10392883000205577, 
                0.8995568968660022
            ], 
            [
                9472, 
                0.10116623126432907, 
                0.8870544711945875
            ], 
            [
                9999, 
                0.10180150567430551, 
                0.9183983708699384
            ]
        ]
    }
]