[
    {
        "jobnum": 43, 
        "model": {
            "L2_reg": 0.004742509371469441, 
            "conv_width": 8, 
            "fp_depth": 2, 
            "fp_length": 31, 
            "h1_size": 89, 
            "net_type": "conv_plus_linear"
        }, 
        "num_records": 20, 
        "task": {
            "name": "delaney", 
            "test_slices": [
                [
                    224, 
                    449
                ]
            ], 
            "train_slices": [
                [
                    0, 
                    224
                ], 
                [
                    674, 
                    899
                ], 
                [
                    899, 
                    1124
                ]
            ]
        }, 
        "train": {
            "batch_size": 100, 
            "init_scale": 0.10929455225786909, 
            "num_iters": 10000, 
            "seed": 2, 
            "step_size": 0.0012716762182269788
        }, 
        "varied_params": {
            "conv_width": 8.48351213256414, 
            "fp_depth": 2.221723514241422, 
            "fp_length": 30.838615092894095, 
            "h1_size": 88.70236663493193, 
            "log_L2_reg": -5.351188880096026, 
            "log_init_scale": -2.213708727147301, 
            "log_step_size": -6.667419391885432
        }
    }, 
    {
        "host_name": "papaschlumpf", 
        "minutes_duration": 12.594065833091737, 
        "timestamp": "2021-08-05 23:56:47.488717", 
        "training_curve": [
            [
                0, 
                15.652129811985798, 
                16.27720529514937
            ], 
            [
                526, 
                0.8588150640440406, 
                0.926012471910403
            ], 
            [
                1052, 
                0.5508007308378962, 
                0.7786668641591026
            ], 
            [
                1578, 
                0.4495100969533056, 
                0.7394498238049608
            ], 
            [
                2105, 
                0.4013249605061372, 
                0.7508641252432974
            ], 
            [
                2631, 
                0.367027242753607, 
                0.7726887636990031
            ], 
            [
                3157, 
                0.3388710817826059, 
                0.7888885265266711
            ], 
            [
                3683, 
                0.31470401476030885, 
                0.8088379819370906
            ], 
            [
                4210, 
                0.2913144562156572, 
                0.8388693780558809
            ], 
            [
                4736, 
                0.27007293450387415, 
                0.8925055968520994
            ], 
            [
                5262, 
                0.24858316929566937, 
                0.9214657677437226
            ], 
            [
                5788, 
                0.22916394513808103, 
                0.9578181154805667
            ], 
            [
                6315, 
                0.216646328586678, 
                1.0018863709105676
            ], 
            [
                6841, 
                0.2056721673773696, 
                1.0142587639932208
            ], 
            [
                7367, 
                0.18909908976655465, 
                1.0346319684661263
            ], 
            [
                7893, 
                0.18406280403363393, 
                1.0712216768775378
            ], 
            [
                8420, 
                0.17948044471079497, 
                1.08347299856468
            ], 
            [
                8946, 
                0.1726983672536916, 
                1.0900791623435575
            ], 
            [
                9472, 
                0.16402056246334584, 
                1.1059848749580523
            ], 
            [
                9999, 
                0.16237030158622168, 
                1.1196883736132317
            ]
        ]
    }
]