[
    {
        "jobnum": 44, 
        "model": {
            "L2_reg": 1.1789756733155383, 
            "conv_width": 6, 
            "fp_depth": 1, 
            "fp_length": 26, 
            "h1_size": 86, 
            "net_type": "conv_plus_net"
        }, 
        "num_records": 20, 
        "task": {
            "name": "malaria", 
            "test_slices": [
                [
                    2000, 
                    4000
                ]
            ], 
            "train_slices": [
                [
                    0, 
                    2000
                ], 
                [
                    6000, 
                    8000
                ], 
                [
                    8000, 
                    10000
                ]
            ]
        }, 
        "train": {
            "batch_size": 100, 
            "init_scale": 0.009203317800811987, 
            "num_iters": 10000, 
            "seed": 2, 
            "step_size": 0.00035115242640550056
        }, 
        "varied_params": {
            "conv_width": 6.192831238801336, 
            "fp_depth": 1.440839936201125, 
            "fp_length": 26.035539834723803, 
            "h1_size": 86.27971821052894, 
            "log_L2_reg": 0.16464598802220998, 
            "log_init_scale": -4.688191229415658, 
            "log_step_size": -7.954290165499875
        }
    }, 
    {
        "host_name": "papaschlumpf", 
        "minutes_duration": 19.075183979670207, 
        "timestamp": "2021-08-31 17:03:25.569069", 
        "training_curve": [
            [
                0, 
                1.4801317033152617, 
                1.5607040145775355
            ], 
            [
                526, 
                1.4431116727104376, 
                1.5231952023296862
            ], 
            [
                1052, 
                1.269625217862392, 
                1.343940907833253
            ], 
            [
                1578, 
                1.2408310933461695, 
                1.303522881776913
            ], 
            [
                2105, 
                1.2280565426382475, 
                1.2877966486438617
            ], 
            [
                2631, 
                1.2166651684833825, 
                1.2760058292168588
            ], 
            [
                3157, 
                1.2070395867220114, 
                1.2634542932620423
            ], 
            [
                3683, 
                1.1985763896682047, 
                1.2562174556380117
            ], 
            [
                4210, 
                1.193350721897766, 
                1.2541179440450314
            ], 
            [
                4736, 
                1.184475126474858, 
                1.2489160051035484
            ], 
            [
                5262, 
                1.1864981712277822, 
                1.2550533728526443
            ], 
            [
                5788, 
                1.1714064246960083, 
                1.240094744361658
            ], 
            [
                6315, 
                1.168459159574708, 
                1.2407888176427442
            ], 
            [
                6841, 
                1.1634644345831533, 
                1.2432309388701348
            ], 
            [
                7367, 
                1.1600607594137613, 
                1.2455316165093928
            ], 
            [
                7893, 
                1.147970833426997, 
                1.2333183625340252
            ], 
            [
                8420, 
                1.145176517178555, 
                1.2355140457144393
            ], 
            [
                8946, 
                1.1396749338543897, 
                1.2408131202052193
            ], 
            [
                9472, 
                1.1338852588609567, 
                1.237286537188204
            ], 
            [
                9999, 
                1.134221077751439, 
                1.2417115559879701
            ]
        ]
    }
]