[
    {
        "jobnum": 45, 
        "model": {
            "L2_reg": 0.2141561902048797, 
            "conv_width": 16, 
            "fp_depth": 4, 
            "fp_length": 288, 
            "h1_size": 62, 
            "net_type": "mean"
        }, 
        "num_records": 20, 
        "task": {
            "name": "delaney", 
            "test_slices": [
                [
                    224, 
                    449
                ]
            ], 
            "train_slices": [
                [
                    0, 
                    224
                ], 
                [
                    674, 
                    899
                ], 
                [
                    899, 
                    1124
                ]
            ]
        }, 
        "train": {
            "batch_size": 100, 
            "init_scale": 0.07998379741249519, 
            "num_iters": 10000, 
            "seed": 2, 
            "step_size": 0.001803831738055543
        }, 
        "varied_params": {
            "conv_width": 15.905663940669925, 
            "fp_depth": 3.5816535214863814, 
            "fp_length": 288.49052848062433, 
            "h1_size": 62.26836049264224, 
            "log_L2_reg": -1.5410496694086646, 
            "log_init_scale": -2.5259311971645104, 
            "log_step_size": -6.317842133279607
        }
    }, 
    {
        "host_name": "papaschlumpf", 
        "minutes_duration": 0.044736202557881674, 
        "timestamp": "2021-08-06 00:59:54.943707", 
        "training_curve": [
            [
                0, 
                4.633996186676057, 
                3.7952466766399735
            ], 
            [
                526, 
                4.628925824161285, 
                3.7875941140096265
            ], 
            [
                1052, 
                4.628926890545823, 
                3.7875931795502846
            ], 
            [
                1578, 
                4.628929694242649, 
                3.7875907904184243
            ], 
            [
                2105, 
                4.628932062664192, 
                3.787588845566689
            ], 
            [
                2631, 
                4.628929455592549, 
                3.787590990052194
            ], 
            [
                3157, 
                4.628934205424535, 
                3.787587141252111
            ], 
            [
                3683, 
                4.628925773757139, 
                3.787594158538788
            ], 
            [
                4210, 
                4.628929685959968, 
                3.787590797335581
            ], 
            [
                4736, 
                4.628933982733836, 
                3.7875873159984437
            ], 
            [
                5262, 
                4.628932059153835, 
                3.787588848401173
            ], 
            [
                5788, 
                4.628929453317262, 
                3.7875909919587816
            ], 
            [
                6315, 
                4.628925772647941, 
                3.787594159519069
            ], 
            [
                6841, 
                4.628926867552382, 
                3.7875931995465817
            ], 
            [
                7367, 
                4.6289296854780835, 
                3.787590797738045
            ], 
            [
                7893, 
                4.628933982547137, 
                3.787587316145175
            ], 
            [
                8420, 
                4.628929453230617, 
                3.7875909920313884
            ], 
            [
                8946, 
                4.628934204502098, 
                3.7875871419748295
            ], 
            [
                9472, 
                4.628925772567893, 
                3.787594159589814
            ], 
            [
                9999, 
                4.628929685458544, 
                3.787590797754363
            ]
        ]
    }
]