[
    {
        "jobnum": 45, 
        "model": {
            "L2_reg": 0.2141561902048797, 
            "conv_width": 16, 
            "fp_depth": 4, 
            "fp_length": 288, 
            "h1_size": 62, 
            "net_type": "morgan_plus_linear"
        }, 
        "num_records": 20, 
        "task": {
            "name": "delaney", 
            "test_slices": [
                [
                    224, 
                    449
                ]
            ], 
            "train_slices": [
                [
                    0, 
                    224
                ], 
                [
                    674, 
                    899
                ], 
                [
                    899, 
                    1124
                ]
            ]
        }, 
        "train": {
            "batch_size": 100, 
            "init_scale": 0.07998379741249519, 
            "num_iters": 10000, 
            "seed": 2, 
            "step_size": 0.001803831738055543
        }, 
        "varied_params": {
            "conv_width": 15.905663940669925, 
            "fp_depth": 3.5816535214863814, 
            "fp_length": 288.49052848062433, 
            "h1_size": 62.26836049264224, 
            "log_L2_reg": -1.5410496694086646, 
            "log_init_scale": -2.5259311971645104, 
            "log_step_size": -6.317842133279607
        }
    }, 
    {
        "host_name": "clumsy", 
        "minutes_duration": 1.0054980357487997, 
        "timestamp": "2021-07-09 22:51:23.710241", 
        "training_curve": [
            [
                0, 
                5.418115201603506, 
                4.97066081989831
            ], 
            [
                526, 
                0.988556866780193, 
                2.0624483960130493
            ], 
            [
                1052, 
                0.8751478341214173, 
                2.1787753913758228
            ], 
            [
                1578, 
                0.8492691282045943, 
                2.3021508236234878
            ], 
            [
                2105, 
                0.8410303944623674, 
                2.3816038311244103
            ], 
            [
                2631, 
                0.8380717990657706, 
                2.4232228073623556
            ], 
            [
                3157, 
                0.8369643978234188, 
                2.441393879747532
            ], 
            [
                3683, 
                0.8365862254404153, 
                2.4475584037878835
            ], 
            [
                4210, 
                0.8363955356020619, 
                2.4514927789884466
            ], 
            [
                4736, 
                0.8361405619852875, 
                2.4570846431179274
            ], 
            [
                5262, 
                0.8360090969745907, 
                2.4588667383317686
            ], 
            [
                5788, 
                0.835912965864835, 
                2.461037323604502
            ], 
            [
                6315, 
                0.8360943822294732, 
                2.455666793926876
            ], 
            [
                6841, 
                0.8361783702175445, 
                2.4545338719390313
            ], 
            [
                7367, 
                0.8361299311652852, 
                2.4550230906327437
            ], 
            [
                7893, 
                0.8359926336686505, 
                2.458515006101839
            ], 
            [
                8420, 
                0.8358641521063096, 
                2.4611520249876544
            ], 
            [
                8946, 
                0.8359248832332884, 
                2.459230405055721
            ], 
            [
                9472, 
                0.8360635585683387, 
                2.4556015069620925
            ], 
            [
                9999, 
                0.8361183304925891, 
                2.454929110439304
            ]
        ]
    }
]