[
    {
        "jobnum": 45, 
        "model": {
            "L2_reg": 0.2141561902048797, 
            "conv_width": 16, 
            "fp_depth": 4, 
            "fp_length": 288, 
            "h1_size": 62, 
            "net_type": "morgan_plus_linear"
        }, 
        "num_records": 20, 
        "task": {
            "name": "malaria", 
            "test_slices": [
                [
                    2000, 
                    4000
                ]
            ], 
            "train_slices": [
                [
                    0, 
                    2000
                ], 
                [
                    6000, 
                    8000
                ], 
                [
                    8000, 
                    10000
                ]
            ]
        }, 
        "train": {
            "batch_size": 100, 
            "init_scale": 0.07998379741249519, 
            "num_iters": 10000, 
            "seed": 2, 
            "step_size": 0.001803831738055543
        }, 
        "varied_params": {
            "conv_width": 15.905663940669925, 
            "fp_depth": 3.5816535214863814, 
            "fp_length": 288.49052848062433, 
            "h1_size": 62.26836049264224, 
            "log_L2_reg": -1.5410496694086646, 
            "log_init_scale": -2.5259311971645104, 
            "log_step_size": -6.317842133279607
        }
    }, 
    {
        "host_name": "papaschlumpf", 
        "minutes_duration": 0.655715282758077, 
        "timestamp": "2021-08-31 17:58:19.734077", 
        "training_curve": [
            [
                0, 
                1.959051679759531, 
                2.059653147892768
            ], 
            [
                526, 
                1.2056725793659446, 
                1.3609630825765262
            ], 
            [
                1052, 
                1.187601839102111, 
                1.345127587834706
            ], 
            [
                1578, 
                1.1909748011165773, 
                1.3487233702017132
            ], 
            [
                2105, 
                1.1881242543037984, 
                1.3522760274729613
            ], 
            [
                2631, 
                1.187659486154464, 
                1.3500754317278116
            ], 
            [
                3157, 
                1.2027588765935566, 
                1.3554974729881393
            ], 
            [
                3683, 
                1.1873970546335402, 
                1.3476391829485732
            ], 
            [
                4210, 
                1.1885160484739272, 
                1.3527368271139073
            ], 
            [
                4736, 
                1.1871690487860198, 
                1.348730204176309
            ], 
            [
                5262, 
                1.187201937671165, 
                1.3489519539829122
            ], 
            [
                5788, 
                1.1871485440373706, 
                1.3469471914117808
            ], 
            [
                6315, 
                1.1880492614720297, 
                1.3481066251269267
            ], 
            [
                6841, 
                1.190525423625478, 
                1.3565284832376807
            ], 
            [
                7367, 
                1.195350310037309, 
                1.361817522271414
            ], 
            [
                7893, 
                1.1874372049092883, 
                1.346473525074263
            ], 
            [
                8420, 
                1.1906540308967377, 
                1.3486063220845017
            ], 
            [
                8946, 
                1.1875237314450657, 
                1.3510937346690222
            ], 
            [
                9472, 
                1.1871467123063995, 
                1.349012556017431
            ], 
            [
                9999, 
                1.1977169006352686, 
                1.3516419966082593
            ]
        ]
    }
]