[
    {
        "jobnum": 46, 
        "model": {
            "L2_reg": 0.020180170682639154, 
            "conv_width": 15, 
            "fp_depth": 2, 
            "fp_length": 717, 
            "h1_size": 53, 
            "net_type": "mean"
        }, 
        "num_records": 20, 
        "task": {
            "name": "cep", 
            "test_slices": [
                [
                    4000, 
                    8000
                ]
            ], 
            "train_slices": [
                [
                    0, 
                    4000
                ], 
                [
                    12000, 
                    16000
                ], 
                [
                    16000, 
                    20000
                ]
            ]
        }, 
        "train": {
            "batch_size": 100, 
            "init_scale": 0.04353999289632197, 
            "num_iters": 10000, 
            "seed": 2, 
            "step_size": 0.0011209200450781197
        }, 
        "varied_params": {
            "conv_width": 15.249220033215206, 
            "fp_depth": 2.3684217004014387, 
            "fp_length": 717.190449203968, 
            "h1_size": 52.768716021059895, 
            "log_L2_reg": -3.903054806082574, 
            "log_init_scale": -3.1340753863286666, 
            "log_step_size": -6.79360546207623
        }
    }, 
    {
        "host_name": "papaschlumpf", 
        "minutes_duration": 0.04606168667475383, 
        "timestamp": "2021-09-05 21:07:24.214473", 
        "training_curve": [
            [
                0, 
                6.450318014192361, 
                6.296776602028992
            ], 
            [
                526, 
                6.448258241264725, 
                6.293425673382489
            ], 
            [
                1052, 
                6.4483190805926185, 
                6.292839274357744
            ], 
            [
                1578, 
                6.448198201313938, 
                6.293157903992259
            ], 
            [
                2105, 
                6.44828608056777, 
                6.293507361262241
            ], 
            [
                2631, 
                6.448344368301921, 
                6.292827913194671
            ], 
            [
                3157, 
                6.44821224814924, 
                6.293251260766497
            ], 
            [
                3683, 
                6.44819486051858, 
                6.2930902306724725
            ], 
            [
                4210, 
                6.448194858641598, 
                6.293094465241285
            ], 
            [
                4736, 
                6.4482497823626534, 
                6.293398575140251
            ], 
            [
                5262, 
                6.448334753179081, 
                6.292831837847298
            ], 
            [
                5788, 
                6.4481962129210215, 
                6.29313342009716
            ], 
            [
                6315, 
                6.448307279231398, 
                6.293564189618246
            ], 
            [
                6841, 
                6.448229503993537, 
                6.292927853475435
            ], 
            [
                7367, 
                6.4482606483337515, 
                6.293433153466332
            ], 
            [
                7893, 
                6.448335617777507, 
                6.292831466274751
            ], 
            [
                8420, 
                6.4481989839641525, 
                6.293165553231483
            ], 
            [
                8946, 
                6.448284064381037, 
                6.293501749798853
            ], 
            [
                9472, 
                6.448333833371615, 
                6.292832237347584
            ], 
            [
                9999, 
                6.448219369948274, 
                6.293284830139487
            ]
        ]
    }
]