[
    {
        "jobnum": 47, 
        "model": {
            "L2_reg": 1.3611965082644966, 
            "conv_width": 15, 
            "fp_depth": 1, 
            "fp_length": 801, 
            "h1_size": 69, 
            "net_type": "mean"
        }, 
        "num_records": 20, 
        "task": {
            "name": "malaria", 
            "test_slices": [
                [
                    2000, 
                    4000
                ]
            ], 
            "train_slices": [
                [
                    0, 
                    2000
                ], 
                [
                    6000, 
                    8000
                ], 
                [
                    8000, 
                    10000
                ]
            ]
        }, 
        "train": {
            "batch_size": 100, 
            "init_scale": 0.006038315193652891, 
            "num_iters": 10000, 
            "seed": 2, 
            "step_size": 0.0006923657835521159
        }, 
        "varied_params": {
            "conv_width": 15.45495862587481, 
            "fp_depth": 1.170544229299721, 
            "fp_length": 800.9249591086322, 
            "h1_size": 68.99634779500602, 
            "log_L2_reg": 0.3083640984521496, 
            "log_init_scale": -5.109630247395012, 
            "log_step_size": -7.275396153052387
        }
    }, 
    {
        "host_name": "schlumpfine", 
        "minutes_duration": 0.04208701451619466, 
        "timestamp": "2021-09-01 01:46:19.647289", 
        "training_curve": [
            [
                0, 
                1.4802774916463113, 
                1.5607675836569512
            ], 
            [
                526, 
                1.4802726931931456, 
                1.5607834161073861
            ], 
            [
                1052, 
                1.4802690921336619, 
                1.5608497258960148
            ], 
            [
                1578, 
                1.4802702763384104, 
                1.5608616889498275
            ], 
            [
                2105, 
                1.4802682330035026, 
                1.560834394309524
            ], 
            [
                2631, 
                1.480272474990258, 
                1.560784352314613
            ], 
            [
                3157, 
                1.480269038788858, 
                1.5608061299520377
            ], 
            [
                3683, 
                1.4802705381924965, 
                1.5608638862858886
            ], 
            [
                4210, 
                1.4802691919270672, 
                1.5608509282340228
            ], 
            [
                4736, 
                1.4802697275935663, 
                1.5607999083802149
            ], 
            [
                5262, 
                1.4802720171606425, 
                1.560786414630041
            ], 
            [
                5788, 
                1.48026961061098, 
                1.5608554920246047
            ], 
            [
                6315, 
                1.4802694580710072, 
                1.5608539062465907
            ], 
            [
                6841, 
                1.4802681210981776, 
                1.5608280495716833
            ], 
            [
                7367, 
                1.480272402951195, 
                1.560784667721501
            ], 
            [
                7893, 
                1.4802687230352243, 
                1.5608446821821016
            ], 
            [
                8420, 
                1.4802705760367068, 
                1.5608641950186621
            ], 
            [
                8946, 
                1.4802682871693211, 
                1.5608360586565277
            ], 
            [
                9472, 
                1.480271885300599, 
                1.5607870357310052
            ], 
            [
                9999, 
                1.4802710788274558, 
                1.5607911537574335
            ]
        ]
    }
]