[
    {
        "jobnum": 47, 
        "model": {
            "L2_reg": 1.3611965082644966, 
            "conv_width": 15, 
            "fp_depth": 1, 
            "fp_length": 801, 
            "h1_size": 69, 
            "net_type": "morgan_plus_linear"
        }, 
        "num_records": 20, 
        "task": {
            "name": "cep", 
            "test_slices": [
                [
                    4000, 
                    8000
                ]
            ], 
            "train_slices": [
                [
                    0, 
                    4000
                ], 
                [
                    12000, 
                    16000
                ], 
                [
                    16000, 
                    20000
                ]
            ]
        }, 
        "train": {
            "batch_size": 100, 
            "init_scale": 0.006038315193652891, 
            "num_iters": 10000, 
            "seed": 2, 
            "step_size": 0.0006923657835521159
        }, 
        "varied_params": {
            "conv_width": 15.45495862587481, 
            "fp_depth": 1.170544229299721, 
            "fp_length": 800.9249591086322, 
            "h1_size": 68.99634779500602, 
            "log_L2_reg": 0.3083640984521496, 
            "log_init_scale": -5.109630247395012, 
            "log_step_size": -7.275396153052387
        }
    }, 
    {
        "host_name": "hefty", 
        "minutes_duration": 1.8313652356465657, 
        "timestamp": "2021-09-05 12:52:00.768706", 
        "training_curve": [
            [
                0, 
                6.432040487191151, 
                6.270737059196778
            ], 
            [
                526, 
                3.1746279089984393, 
                3.1298346629736518
            ], 
            [
                1052, 
                3.0497455029455134, 
                3.027449422645272
            ], 
            [
                1578, 
                3.0066899679155954, 
                2.987771594994453
            ], 
            [
                2105, 
                2.983631348822073, 
                2.9642671016738364
            ], 
            [
                2631, 
                2.969041234427947, 
                2.9524915931553903
            ], 
            [
                3157, 
                2.959823309426934, 
                2.9420080435030855
            ], 
            [
                3683, 
                2.9646171119293405, 
                2.945227925446939
            ], 
            [
                4210, 
                2.9493810510799565, 
                2.9316143684934106
            ], 
            [
                4736, 
                2.9461492921209236, 
                2.9254004204431987
            ], 
            [
                5262, 
                2.943704327369372, 
                2.925792644615423
            ], 
            [
                5788, 
                2.94227668090624, 
                2.9232943814109844
            ], 
            [
                6315, 
                2.940877024157482, 
                2.9205652569144465
            ], 
            [
                6841, 
                2.9398919537255486, 
                2.922846603556538
            ], 
            [
                7367, 
                2.9386591503200967, 
                2.9196223065991562
            ], 
            [
                7893, 
                2.9407791696657903, 
                2.9217623698291715
            ], 
            [
                8420, 
                2.93889540785139, 
                2.9203213912831174
            ], 
            [
                8946, 
                2.9376620619323592, 
                2.918213967308742
            ], 
            [
                9472, 
                2.936440539863578, 
                2.9199214837849885
            ], 
            [
                9999, 
                2.936002740753175, 
                2.9186611171655477
            ]
        ]
    }
]