[
    {
        "jobnum": 47, 
        "model": {
            "L2_reg": 1.3611965082644966, 
            "conv_width": 15, 
            "fp_depth": 1, 
            "fp_length": 103, 
            "h1_size": 69, 
            "net_type": "conv_plus_net"
        }, 
        "num_records": 20, 
        "task": {
            "name": "delaney", 
            "test_slices": [
                [
                    224, 
                    449
                ]
            ], 
            "train_slices": [
                [
                    0, 
                    224
                ], 
                [
                    674, 
                    899
                ], 
                [
                    899, 
                    1124
                ]
            ]
        }, 
        "train": {
            "batch_size": 100, 
            "init_scale": 0.006038315193652891, 
            "num_iters": 10000, 
            "seed": 2, 
            "step_size": 0.0006923657835521159
        }, 
        "varied_params": {
            "conv_width": 15.45495862587481, 
            "fp_depth": 1.170544229299721, 
            "fp_length": 103.21388434540359, 
            "h1_size": 68.99634779500602, 
            "log_L2_reg": 0.3083640984521496, 
            "log_init_scale": -5.109630247395012, 
            "log_step_size": -7.275396153052387
        }
    }, 
    {
        "host_name": "hefty", 
        "minutes_duration": 17.382496082782744, 
        "timestamp": "2021-08-05 19:46:58.397901", 
        "training_curve": [
            [
                0, 
                4.628614087145015, 
                3.78771646945041
            ], 
            [
                526, 
                0.7265682116087325, 
                0.7704619134332034
            ], 
            [
                1052, 
                0.43450419448360367, 
                0.5756790689494377
            ], 
            [
                1578, 
                0.33452390593472076, 
                0.5458405393535343
            ], 
            [
                2105, 
                0.2877639181662836, 
                0.5402444947458127
            ], 
            [
                2631, 
                0.25762311822015543, 
                0.5530597874492261
            ], 
            [
                3157, 
                0.23765992868412417, 
                0.5575294619302084
            ], 
            [
                3683, 
                0.22224830116226063, 
                0.5624964345792833
            ], 
            [
                4210, 
                0.2114995876709956, 
                0.5646538901701194
            ], 
            [
                4736, 
                0.20333593909347897, 
                0.5761181234617975
            ], 
            [
                5262, 
                0.1967046156802571, 
                0.5912985660342227
            ], 
            [
                5788, 
                0.19131673538731214, 
                0.5951409056137155
            ], 
            [
                6315, 
                0.1863467324717564, 
                0.5928436622657665
            ], 
            [
                6841, 
                0.18112041799374776, 
                0.5962547537095014
            ], 
            [
                7367, 
                0.17604040386768527, 
                0.5983187680483422
            ], 
            [
                7893, 
                0.17066019669678156, 
                0.6104500149629507
            ], 
            [
                8420, 
                0.16583318440492553, 
                0.6197873042838022
            ], 
            [
                8946, 
                0.16072393223998754, 
                0.6272949017432039
            ], 
            [
                9472, 
                0.1554417202288082, 
                0.6274377133763995
            ], 
            [
                9999, 
                0.1525530703795975, 
                0.6356635936600153
            ]
        ]
    }
]