[
    {
        "jobnum": 47, 
        "model": {
            "L2_reg": 1.3611965082644966, 
            "conv_width": 15, 
            "fp_depth": 1, 
            "fp_length": 801, 
            "h1_size": 69, 
            "net_type": "morgan_plus_linear"
        }, 
        "num_records": 20, 
        "task": {
            "name": "delaney", 
            "test_slices": [
                [
                    224, 
                    449
                ]
            ], 
            "train_slices": [
                [
                    0, 
                    224
                ], 
                [
                    674, 
                    899
                ], 
                [
                    899, 
                    1124
                ]
            ]
        }, 
        "train": {
            "batch_size": 100, 
            "init_scale": 0.006038315193652891, 
            "num_iters": 10000, 
            "seed": 2, 
            "step_size": 0.0006923657835521159
        }, 
        "varied_params": {
            "conv_width": 15.45495862587481, 
            "fp_depth": 1.170544229299721, 
            "fp_length": 800.9249591086322, 
            "h1_size": 68.99634779500602, 
            "log_L2_reg": 0.3083640984521496, 
            "log_init_scale": -5.109630247395012, 
            "log_step_size": -7.275396153052387
        }
    }, 
    {
        "host_name": "hefty", 
        "minutes_duration": 3.6369011680285137, 
        "timestamp": "2021-07-09 22:54:01.585838", 
        "training_curve": [
            [
                0, 
                4.648482098883324, 
                3.813570250397842
            ], 
            [
                526, 
                1.6511837910425817, 
                1.9210138983406149
            ], 
            [
                1052, 
                1.1534190908242525, 
                1.772795818927562
            ], 
            [
                1578, 
                0.9623010758329146, 
                1.734320566981154
            ], 
            [
                2105, 
                0.8684202093909564, 
                1.7271057859682315
            ], 
            [
                2631, 
                0.816784633482411, 
                1.7334885926162071
            ], 
            [
                3157, 
                0.7861459643595133, 
                1.744587861181621
            ], 
            [
                3683, 
                0.7668881884297837, 
                1.7564360046205163
            ], 
            [
                4210, 
                0.7542301679789983, 
                1.7676004854053164
            ], 
            [
                4736, 
                0.7456795241590206, 
                1.7769237996360425
            ], 
            [
                5262, 
                0.7397260752744869, 
                1.7848704944327816
            ], 
            [
                5788, 
                0.7354815005175656, 
                1.791456329294051
            ], 
            [
                6315, 
                0.7324314877737245, 
                1.7971439634508104
            ], 
            [
                6841, 
                0.7301839000421549, 
                1.8020935517794583
            ], 
            [
                7367, 
                0.7285029204776168, 
                1.8059388817442883
            ], 
            [
                7893, 
                0.727241398496649, 
                1.8089164659341517
            ], 
            [
                8420, 
                0.7262449301719264, 
                1.811258377925097
            ], 
            [
                8946, 
                0.7255028744545601, 
                1.813415636937202
            ], 
            [
                9472, 
                0.7249053653857062, 
                1.8152354374210113
            ], 
            [
                9999, 
                0.7244298698818897, 
                1.8170465752721656
            ]
        ]
    }
]