[
    {
        "jobnum": 47, 
        "model": {
            "L2_reg": 1.3611965082644966, 
            "conv_width": 15, 
            "fp_depth": 1, 
            "fp_length": 801, 
            "h1_size": 69, 
            "net_type": "morgan_plus_net"
        }, 
        "num_records": 20, 
        "task": {
            "name": "delaney", 
            "test_slices": [
                [
                    224, 
                    449
                ]
            ], 
            "train_slices": [
                [
                    0, 
                    224
                ], 
                [
                    674, 
                    899
                ], 
                [
                    899, 
                    1124
                ]
            ]
        }, 
        "train": {
            "batch_size": 100, 
            "init_scale": 0.006038315193652891, 
            "num_iters": 10000, 
            "seed": 2, 
            "step_size": 0.0006923657835521159
        }, 
        "varied_params": {
            "conv_width": 15.45495862587481, 
            "fp_depth": 1.170544229299721, 
            "fp_length": 800.9249591086322, 
            "h1_size": 68.99634779500602, 
            "log_L2_reg": 0.3083640984521496, 
            "log_init_scale": -5.109630247395012, 
            "log_step_size": -7.275396153052387
        }
    }, 
    {
        "host_name": "schlaubi", 
        "minutes_duration": 4.104828119277954, 
        "timestamp": "2021-08-06 01:01:01.612709", 
        "training_curve": [
            [
                0, 
                4.6287664252513725, 
                3.7887700120997323
            ], 
            [
                526, 
                0.34411740610276204, 
                1.4449344172524323
            ], 
            [
                1052, 
                0.240821450481486, 
                1.615465117809548
            ], 
            [
                1578, 
                0.23446730819303413, 
                1.7533906854205823
            ], 
            [
                2105, 
                0.2505246073290653, 
                1.8663321712693546
            ], 
            [
                2631, 
                0.2830032559957333, 
                1.9797846270107797
            ], 
            [
                3157, 
                0.31867193300066665, 
                2.1187813708411345
            ], 
            [
                3683, 
                0.36331232150845216, 
                2.2624704654700145
            ], 
            [
                4210, 
                0.38850041229421806, 
                2.3870941871433966
            ], 
            [
                4736, 
                0.42454929812606096, 
                2.5165643887556577
            ], 
            [
                5262, 
                0.43662432491717273, 
                2.5693063863181043
            ], 
            [
                5788, 
                0.44434252679939895, 
                2.6325034958715827
            ], 
            [
                6315, 
                0.45517387071332577, 
                2.6567022755360763
            ], 
            [
                6841, 
                0.45964074422397416, 
                2.647468569510018
            ], 
            [
                7367, 
                0.45895769872879, 
                2.649577046106418
            ], 
            [
                7893, 
                0.46220669447922874, 
                2.6648663778107244
            ], 
            [
                8420, 
                0.4681797160702796, 
                2.6535144378811184
            ], 
            [
                8946, 
                0.45772842338441494, 
                2.6522092562582853
            ], 
            [
                9472, 
                0.4577729340338835, 
                2.6334089837909214
            ], 
            [
                9999, 
                0.47265287376904686, 
                2.6317215317501996
            ]
        ]
    }
]