[
    {
        "jobnum": 47, 
        "model": {
            "L2_reg": 1.3611965082644966, 
            "conv_width": 15, 
            "fp_depth": 1, 
            "fp_length": 801, 
            "h1_size": 69, 
            "net_type": "morgan_plus_net"
        }, 
        "num_records": 20, 
        "task": {
            "name": "malaria", 
            "test_slices": [
                [
                    2000, 
                    4000
                ]
            ], 
            "train_slices": [
                [
                    0, 
                    2000
                ], 
                [
                    6000, 
                    8000
                ], 
                [
                    8000, 
                    10000
                ]
            ]
        }, 
        "train": {
            "batch_size": 100, 
            "init_scale": 0.006038315193652891, 
            "num_iters": 10000, 
            "seed": 2, 
            "step_size": 0.0006923657835521159
        }, 
        "varied_params": {
            "conv_width": 15.45495862587481, 
            "fp_depth": 1.170544229299721, 
            "fp_length": 800.9249591086322, 
            "h1_size": 68.99634779500602, 
            "log_L2_reg": 0.3083640984521496, 
            "log_init_scale": -5.109630247395012, 
            "log_step_size": -7.275396153052387
        }
    }, 
    {
        "host_name": "papaschlumpf", 
        "minutes_duration": 4.047047301133474, 
        "timestamp": "2021-09-01 01:46:48.989138", 
        "training_curve": [
            [
                0, 
                1.4802935091123546, 
                1.5606663855644682
            ], 
            [
                526, 
                0.7516677709372825, 
                1.1436186504304715
            ], 
            [
                1052, 
                0.5326213176699541, 
                1.163686294291689
            ], 
            [
                1578, 
                0.36324134196001173, 
                1.2074958878595683
            ], 
            [
                2105, 
                0.25318175272241406, 
                1.2709497706269846
            ], 
            [
                2631, 
                0.18493545588828272, 
                1.3292283861541707
            ], 
            [
                3157, 
                0.1402831082773402, 
                1.370825446215474
            ], 
            [
                3683, 
                0.11597636438441503, 
                1.4052249814748146
            ], 
            [
                4210, 
                0.1003175020370302, 
                1.454496428456469
            ], 
            [
                4736, 
                0.09252223376448032, 
                1.5026401087588341
            ], 
            [
                5262, 
                0.0884201117466748, 
                1.531850866151969
            ], 
            [
                5788, 
                0.10088952087234626, 
                1.5600462803784558
            ], 
            [
                6315, 
                0.20025831046760906, 
                1.6212829469329333
            ], 
            [
                6841, 
                0.08527806827628152, 
                1.5837375923716004
            ], 
            [
                7367, 
                0.125729088357761, 
                1.667793096917961
            ], 
            [
                7893, 
                0.24676226261310416, 
                1.6927097049407043
            ], 
            [
                8420, 
                0.08687895538163597, 
                1.5748232654948944
            ], 
            [
                8946, 
                0.08522356334221907, 
                1.6141749601701507
            ], 
            [
                9472, 
                0.09715652763589931, 
                1.6392355236281229
            ], 
            [
                9999, 
                0.113199869713154, 
                1.62828205708553
            ]
        ]
    }
]