[
    {
        "jobnum": 48, 
        "model": {
            "L2_reg": 0.27274910970183186, 
            "conv_width": 11, 
            "fp_depth": 2, 
            "fp_length": 38, 
            "h1_size": 63, 
            "net_type": "conv_plus_net"
        }, 
        "num_records": 20, 
        "task": {
            "name": "delaney", 
            "test_slices": [
                [
                    224, 
                    449
                ]
            ], 
            "train_slices": [
                [
                    0, 
                    224
                ], 
                [
                    674, 
                    899
                ], 
                [
                    899, 
                    1124
                ]
            ]
        }, 
        "train": {
            "batch_size": 100, 
            "init_scale": 0.021505995225448587, 
            "num_iters": 10000, 
            "seed": 2, 
            "step_size": 0.0014963186088583652
        }, 
        "varied_params": {
            "conv_width": 10.56279198826833, 
            "fp_depth": 1.818465707273401, 
            "fp_length": 38.07007938079164, 
            "h1_size": 62.97112821726775, 
            "log_L2_reg": -1.2992029184288878, 
            "log_init_scale": -3.8394235350240296, 
            "log_step_size": -6.504747448269754
        }
    }, 
    {
        "host_name": "hefty", 
        "minutes_duration": 19.832161446412403, 
        "timestamp": "2021-08-05 20:07:10.450424", 
        "training_curve": [
            [
                0, 
                4.652839481503834, 
                3.8066173286557468
            ], 
            [
                526, 
                0.3600129741761126, 
                0.5192448592321643
            ], 
            [
                1052, 
                0.2095749015058704, 
                0.5076756970277109
            ], 
            [
                1578, 
                0.1662169321112441, 
                0.5382149367788822
            ], 
            [
                2105, 
                0.15474585668256427, 
                0.6108473880799036
            ], 
            [
                2631, 
                0.14999966106085036, 
                0.6489662333072099
            ], 
            [
                3157, 
                0.12510934680572663, 
                0.6371761977780531
            ], 
            [
                3683, 
                0.12075656281457067, 
                0.6435857523421916
            ], 
            [
                4210, 
                0.11238149835543815, 
                0.6529006826860311
            ], 
            [
                4736, 
                0.12356483994737058, 
                0.6531939924023484
            ], 
            [
                5262, 
                0.10397474399065652, 
                0.692935660725312
            ], 
            [
                5788, 
                0.11066555307780732, 
                0.6830432602667748
            ], 
            [
                6315, 
                0.11132690150812957, 
                0.7438996423195409
            ], 
            [
                6841, 
                0.10457000577673216, 
                0.7521049837269493
            ], 
            [
                7367, 
                0.09471012966632875, 
                0.7156656762772861
            ], 
            [
                7893, 
                0.09573375570148933, 
                0.7444326189666491
            ], 
            [
                8420, 
                0.10956678758281807, 
                0.712958134927348
            ], 
            [
                8946, 
                0.09768398521824602, 
                0.731282746169482
            ], 
            [
                9472, 
                0.09850241490941504, 
                0.7471653002987604
            ], 
            [
                9999, 
                0.09388501747703722, 
                0.7672004936646389
            ]
        ]
    }
]