[
    {
        "jobnum": 49, 
        "model": {
            "L2_reg": 0.004587828667129028, 
            "conv_width": 10, 
            "fp_depth": 3, 
            "fp_length": 598, 
            "h1_size": 52, 
            "net_type": "mean"
        }, 
        "num_records": 20, 
        "task": {
            "name": "cep", 
            "test_slices": [
                [
                    4000, 
                    8000
                ]
            ], 
            "train_slices": [
                [
                    0, 
                    4000
                ], 
                [
                    12000, 
                    16000
                ], 
                [
                    16000, 
                    20000
                ]
            ]
        }, 
        "train": {
            "batch_size": 100, 
            "init_scale": 0.002915443393109303, 
            "num_iters": 10000, 
            "seed": 2, 
            "step_size": 0.008223030517877953
        }, 
        "varied_params": {
            "conv_width": 9.602151493177942, 
            "fp_depth": 2.5565054464945782, 
            "fp_length": 598.1632924220264, 
            "h1_size": 52.2306150627057, 
            "log_L2_reg": -5.384348424106938, 
            "log_init_scale": -5.837733363333701, 
            "log_step_size": -4.8008164617175275
        }
    }, 
    {
        "host_name": "handy", 
        "minutes_duration": 0.04575206836064657, 
        "timestamp": "2021-09-05 21:07:54.125085", 
        "training_curve": [
            [
                0, 
                6.448204375131355, 
                6.293206632097501
            ], 
            [
                526, 
                6.449115553866379, 
                6.2950411406491344
            ], 
            [
                1052, 
                6.461430714736026, 
                6.302431329013878
            ], 
            [
                1578, 
                6.451101362118971, 
                6.297825329693864
            ], 
            [
                2105, 
                6.448543973756698, 
                6.2940746451085525
            ], 
            [
                2631, 
                6.449023100526806, 
                6.292945970140027
            ], 
            [
                3157, 
                6.448542838675246, 
                6.2940724802745125
            ], 
            [
                3683, 
                6.451729302040286, 
                6.29461318432993
            ], 
            [
                4210, 
                6.452852641446482, 
                6.300062227312852
            ], 
            [
                4736, 
                6.448320470681028, 
                6.293597868583609
            ], 
            [
                5262, 
                6.4526243940464045, 
                6.295267648908064
            ], 
            [
                5788, 
                6.448430851925788, 
                6.293848975271566
            ], 
            [
                6315, 
                6.448573067479898, 
                6.294129583686785
            ], 
            [
                6841, 
                6.449569622762005, 
                6.295723346732741
            ], 
            [
                7367, 
                6.449164252058082, 
                6.295116671316033
            ], 
            [
                7893, 
                6.4614643460518355, 
                6.302460012316875
            ], 
            [
                8420, 
                6.45049851864117, 
                6.297022102361256
            ], 
            [
                8946, 
                6.448497743725203, 
                6.293985021506792
            ], 
            [
                9472, 
                6.448683400480164, 
                6.292832420589673
            ], 
            [
                9999, 
                6.448644392271265, 
                6.294260344418019
            ]
        ]
    }
]