[
    {
        "jobnum": 49, 
        "model": {
            "L2_reg": 0.004587828667129028, 
            "conv_width": 10, 
            "fp_depth": 3, 
            "fp_length": 81, 
            "h1_size": 52, 
            "net_type": "conv_plus_net"
        }, 
        "num_records": 20, 
        "task": {
            "name": "cep", 
            "test_slices": [
                [
                    4000, 
                    8000
                ]
            ], 
            "train_slices": [
                [
                    0, 
                    4000
                ], 
                [
                    12000, 
                    16000
                ], 
                [
                    16000, 
                    20000
                ]
            ]
        }, 
        "train": {
            "batch_size": 100, 
            "init_scale": 0.002915443393109303, 
            "num_iters": 10000, 
            "seed": 2, 
            "step_size": 0.008223030517877953
        }, 
        "varied_params": {
            "conv_width": 9.602151493177942, 
            "fp_depth": 2.5565054464945782, 
            "fp_length": 80.68481026911405, 
            "h1_size": 52.2306150627057, 
            "log_L2_reg": -5.384348424106938, 
            "log_init_scale": -5.837733363333701, 
            "log_step_size": -4.8008164617175275
        }
    }, 
    {
        "host_name": "hefty", 
        "minutes_duration": 41.18844021558762, 
        "timestamp": "2021-09-05 12:45:00.419549", 
        "training_curve": [
            [
                0, 
                6.4480573789957925, 
                6.292828355324188
            ], 
            [
                526, 
                2.6899505032539346, 
                2.634286341731775
            ], 
            [
                1052, 
                2.327332748621322, 
                2.32035309880988
            ], 
            [
                1578, 
                2.1233172642451184, 
                2.0724043995128976
            ], 
            [
                2105, 
                1.9885810914837878, 
                2.00817874625202
            ], 
            [
                2631, 
                1.8503931544963144, 
                1.910930291911723
            ], 
            [
                3157, 
                1.6130283708071886, 
                1.715941069780272
            ], 
            [
                3683, 
                1.5568782237085113, 
                1.6991457649596
            ], 
            [
                4210, 
                1.4920582257633326, 
                1.618010873690234
            ], 
            [
                4736, 
                1.5172205884821541, 
                1.5959052009909624
            ], 
            [
                5262, 
                1.404432738441604, 
                1.6242029200607726
            ], 
            [
                5788, 
                1.2862820438129468, 
                1.4594392766356277
            ], 
            [
                6315, 
                1.2554856730423192, 
                1.4912260377340776
            ], 
            [
                6841, 
                1.1870594890372714, 
                1.485505874474435
            ], 
            [
                7367, 
                1.1509726042247725, 
                1.3796097031541112
            ], 
            [
                7893, 
                1.2053998741572094, 
                1.4327366207612469
            ], 
            [
                8420, 
                1.0926897049104058, 
                1.3535027412270386
            ], 
            [
                8946, 
                1.1304714808429426, 
                1.4218335207831714
            ], 
            [
                9472, 
                1.1724952831591504, 
                1.583445671331723
            ], 
            [
                9999, 
                1.0224426024048108, 
                1.3582078159508637
            ]
        ]
    }
]