[
    {
        "jobnum": 49, 
        "model": {
            "L2_reg": 0.004587828667129028, 
            "conv_width": 10, 
            "fp_depth": 3, 
            "fp_length": 598, 
            "h1_size": 52, 
            "net_type": "morgan_plus_linear"
        }, 
        "num_records": 20, 
        "task": {
            "name": "delaney", 
            "test_slices": [
                [
                    224, 
                    449
                ]
            ], 
            "train_slices": [
                [
                    0, 
                    224
                ], 
                [
                    674, 
                    899
                ], 
                [
                    899, 
                    1124
                ]
            ]
        }, 
        "train": {
            "batch_size": 100, 
            "init_scale": 0.002915443393109303, 
            "num_iters": 10000, 
            "seed": 2, 
            "step_size": 0.008223030517877953
        }, 
        "varied_params": {
            "conv_width": 9.602151493177942, 
            "fp_depth": 2.5565054464945782, 
            "fp_length": 598.1632924220264, 
            "h1_size": 52.2306150627057, 
            "log_L2_reg": -5.384348424106938, 
            "log_init_scale": -5.837733363333701, 
            "log_step_size": -4.8008164617175275
        }
    }, 
    {
        "host_name": "papaschlumpf", 
        "minutes_duration": 2.598373583952586, 
        "timestamp": "2021-07-09 22:53:29.593275", 
        "training_curve": [
            [
                0, 
                4.608855480399944, 
                3.769571580846948
            ], 
            [
                526, 
                0.20969520518817555, 
                4.492278360962272
            ], 
            [
                1052, 
                0.1552424226570128, 
                6.543176230486531
            ], 
            [
                1578, 
                0.1390781636178533, 
                7.943323410078459
            ], 
            [
                2105, 
                0.1305709586700712, 
                9.018554750658518
            ], 
            [
                2631, 
                0.12554564491267592, 
                9.859660789227046
            ], 
            [
                3157, 
                0.1221495988818663, 
                10.559625532015872
            ], 
            [
                3683, 
                0.11984456794074923, 
                11.159236780620692
            ], 
            [
                4210, 
                0.117650770141656, 
                11.713534314966129
            ], 
            [
                4736, 
                0.11628443114043972, 
                12.18626971267446
            ], 
            [
                5262, 
                0.11446901780844392, 
                12.660639154654476
            ], 
            [
                5788, 
                0.11333412031309832, 
                13.041818835274857
            ], 
            [
                6315, 
                0.16067102078968293, 
                13.57784645945229
            ], 
            [
                6841, 
                0.11155740725943365, 
                13.792055977546164
            ], 
            [
                7367, 
                0.11166799313153121, 
                14.187455171713616
            ], 
            [
                7893, 
                0.11024226444147447, 
                14.468770799035601
            ], 
            [
                8420, 
                0.10932611586786356, 
                14.787225820195049
            ], 
            [
                8946, 
                0.10882611213310667, 
                15.062738467023992
            ], 
            [
                9472, 
                0.10851572798021056, 
                15.3385268148796
            ], 
            [
                9999, 
                0.1079697309981909, 
                15.617237703364367
            ]
        ]
    }
]