[
    {
        "jobnum": 49, 
        "model": {
            "L2_reg": 0.004587828667129028, 
            "conv_width": 10, 
            "fp_depth": 3, 
            "fp_length": 81, 
            "h1_size": 52, 
            "net_type": "conv_plus_net"
        }, 
        "num_records": 20, 
        "task": {
            "name": "delaney", 
            "test_slices": [
                [
                    224, 
                    449
                ]
            ], 
            "train_slices": [
                [
                    0, 
                    224
                ], 
                [
                    674, 
                    899
                ], 
                [
                    899, 
                    1124
                ]
            ]
        }, 
        "train": {
            "batch_size": 100, 
            "init_scale": 0.002915443393109303, 
            "num_iters": 10000, 
            "seed": 2, 
            "step_size": 0.008223030517877953
        }, 
        "varied_params": {
            "conv_width": 9.602151493177942, 
            "fp_depth": 2.5565054464945782, 
            "fp_length": 80.68481026911405, 
            "h1_size": 52.2306150627057, 
            "log_L2_reg": -5.384348424106938, 
            "log_init_scale": -5.837733363333701, 
            "log_step_size": -4.8008164617175275
        }
    }, 
    {
        "host_name": "clumsy", 
        "minutes_duration": 27.9666326324145, 
        "timestamp": "2021-08-05 20:16:48.820389", 
        "training_curve": [
            [
                0, 
                4.62956147737692, 
                3.7882202197250665
            ], 
            [
                526, 
                0.18105399022238952, 
                0.4674133989658398
            ], 
            [
                1052, 
                0.14167794464652175, 
                0.5537351732581332
            ], 
            [
                1578, 
                0.13586612607402954, 
                0.6923450285864088
            ], 
            [
                2105, 
                0.11051599622410269, 
                0.6842705428757101
            ], 
            [
                2631, 
                0.11943886738278316, 
                0.7120778157008136
            ], 
            [
                3157, 
                0.10060714214931875, 
                0.7885739818396986
            ], 
            [
                3683, 
                0.09834646986603704, 
                0.7432437632677513
            ], 
            [
                4210, 
                0.07499793313669922, 
                0.7615489773427252
            ], 
            [
                4736, 
                0.08897081976779968, 
                0.7820127762991524
            ], 
            [
                5262, 
                0.09435336268939477, 
                0.7882553822332544
            ], 
            [
                5788, 
                0.08312716173326472, 
                0.7365757104661081
            ], 
            [
                6315, 
                0.09529674312267665, 
                0.6844073520925301
            ], 
            [
                6841, 
                0.08490132304626846, 
                0.770820143147491
            ], 
            [
                7367, 
                0.0816312521964042, 
                0.738368820165063
            ], 
            [
                7893, 
                0.09804965469985724, 
                0.7884731517498987
            ], 
            [
                8420, 
                0.09817021334097742, 
                0.7507494193794635
            ], 
            [
                8946, 
                0.08046727101458366, 
                0.7642507746068116
            ], 
            [
                9472, 
                0.10199893611023941, 
                0.752089066974927
            ], 
            [
                9999, 
                0.08472163488724581, 
                0.694091528431434
            ]
        ]
    }
]