[
    {
        "jobnum": 4, 
        "model": {
            "L2_reg": 0.020577539713676856, 
            "conv_width": 12, 
            "fp_depth": 3, 
            "fp_length": 589, 
            "h1_size": 76, 
            "net_type": "morgan_plus_net"
        }, 
        "num_records": 20, 
        "task": {
            "name": "delaney", 
            "test_slices": [
                [
                    224, 
                    449
                ]
            ], 
            "train_slices": [
                [
                    0, 
                    224
                ], 
                [
                    674, 
                    899
                ], 
                [
                    899, 
                    1124
                ]
            ]
        }, 
        "train": {
            "batch_size": 100, 
            "init_scale": 0.12553644028183322, 
            "num_iters": 10000, 
            "seed": 2, 
            "step_size": 0.0017619180890440656
        }, 
        "varied_params": {
            "conv_width": 11.842254983248228, 
            "fp_depth": 3.32270106830265, 
            "fp_length": 588.9814204595976, 
            "h1_size": 76.09241608750358, 
            "log_L2_reg": -3.8835551031629842, 
            "log_init_scale": -2.0751592017454206, 
            "log_step_size": -6.341352240037906
        }
    }, 
    {
        "host_name": "papaschlumpf", 
        "minutes_duration": 3.5616481343905133, 
        "timestamp": "2021-08-06 00:35:16.456766", 
        "training_curve": [
            [
                0, 
                4.750068776583213, 
                3.7588235714108182
            ], 
            [
                526, 
                0.05994556859487407, 
                1.6444911761274823
            ], 
            [
                1052, 
                0.08029044127572542, 
                1.740956225405182
            ], 
            [
                1578, 
                0.08875081739622181, 
                1.7608539863377777
            ], 
            [
                2105, 
                0.09322787451945128, 
                1.767069413254667
            ], 
            [
                2631, 
                0.09326189503162982, 
                1.7515411917846722
            ], 
            [
                3157, 
                0.09322224082412083, 
                1.7246334021543401
            ], 
            [
                3683, 
                0.0959441301494935, 
                1.68405759284244
            ], 
            [
                4210, 
                0.09153764453721981, 
                1.6598829822519054
            ], 
            [
                4736, 
                0.09845426212455127, 
                1.7056551814674843
            ], 
            [
                5262, 
                0.09229614856230517, 
                1.6805955200463076
            ], 
            [
                5788, 
                0.09134940297880113, 
                1.6889114868861506
            ], 
            [
                6315, 
                0.09091264248888309, 
                1.6846117385863832
            ], 
            [
                6841, 
                0.09084640943616068, 
                1.6835159557114785
            ], 
            [
                7367, 
                0.09417925716154564, 
                1.6561387683207163
            ], 
            [
                7893, 
                0.09194108883288513, 
                1.66120795748182
            ], 
            [
                8420, 
                0.09074633672652065, 
                1.670311274320799
            ], 
            [
                8946, 
                0.08944209964290667, 
                1.6674081221643469
            ], 
            [
                9472, 
                0.088909345706648, 
                1.665855469707099
            ], 
            [
                9999, 
                0.08844435808656259, 
                1.6673778561687782
            ]
        ]
    }
]