[
    {
        "jobnum": 4, 
        "model": {
            "L2_reg": 0.020577539713676856, 
            "conv_width": 12, 
            "fp_depth": 3, 
            "fp_length": 80, 
            "h1_size": 76, 
            "net_type": "conv_plus_linear"
        }, 
        "num_records": 20, 
        "task": {
            "name": "delaney", 
            "test_slices": [
                [
                    224, 
                    449
                ]
            ], 
            "train_slices": [
                [
                    0, 
                    224
                ], 
                [
                    674, 
                    899
                ], 
                [
                    899, 
                    1124
                ]
            ]
        }, 
        "train": {
            "batch_size": 100, 
            "init_scale": 0.12553644028183322, 
            "num_iters": 10000, 
            "seed": 2, 
            "step_size": 0.0017619180890440656
        }, 
        "varied_params": {
            "conv_width": 11.842254983248228, 
            "fp_depth": 3.32270106830265, 
            "fp_length": 79.66460227328864, 
            "h1_size": 76.09241608750358, 
            "log_L2_reg": -3.8835551031629842, 
            "log_init_scale": -2.0751592017454206, 
            "log_step_size": -6.341352240037906
        }
    }, 
    {
        "host_name": "clumsy", 
        "minutes_duration": 30.003518199920656, 
        "timestamp": "2021-08-05 20:47:21.303441", 
        "training_curve": [
            [
                0, 
                19.518894721759615, 
                18.108727786538708
            ], 
            [
                526, 
                0.4899199550080462, 
                0.7135411510042199
            ], 
            [
                1052, 
                0.28311341494717746, 
                0.789104829051901
            ], 
            [
                1578, 
                0.22302718243927114, 
                0.8049441162878841
            ], 
            [
                2105, 
                0.18316253036226487, 
                0.8529793278821166
            ], 
            [
                2631, 
                0.16614347528727283, 
                0.8767405276426319
            ], 
            [
                3157, 
                0.16252841707571858, 
                0.9391576929858021
            ], 
            [
                3683, 
                0.14281561792057432, 
                0.9093949568278824
            ], 
            [
                4210, 
                0.16359349629119604, 
                0.9456781538481649
            ], 
            [
                4736, 
                0.12439442659138734, 
                0.9962272402345441
            ], 
            [
                5262, 
                0.154183307727667, 
                0.9967164014853914
            ], 
            [
                5788, 
                0.12403895381915861, 
                1.054053477436319
            ], 
            [
                6315, 
                0.11429946140913931, 
                1.0318060723064009
            ], 
            [
                6841, 
                0.10415921248129857, 
                1.0774830327601688
            ], 
            [
                7367, 
                0.10457413576081506, 
                1.0641144620737628
            ], 
            [
                7893, 
                0.10217689843581654, 
                1.0745325966713741
            ], 
            [
                8420, 
                0.10833852902916033, 
                1.120440272398944
            ], 
            [
                8946, 
                0.10743138139711374, 
                1.1162991072485688
            ], 
            [
                9472, 
                0.10068345325741786, 
                1.1327782129421666
            ], 
            [
                9999, 
                0.09927356629776218, 
                1.116227892686282
            ]
        ]
    }
]