[
    {
        "jobnum": 5, 
        "model": {
            "L2_reg": 0.3448905960977021, 
            "conv_width": 15, 
            "fp_depth": 4, 
            "fp_length": 56, 
            "h1_size": 81, 
            "net_type": "conv_plus_linear"
        }, 
        "num_records": 20, 
        "task": {
            "name": "delaney", 
            "test_slices": [
                [
                    224, 
                    449
                ]
            ], 
            "train_slices": [
                [
                    0, 
                    224
                ], 
                [
                    674, 
                    899
                ], 
                [
                    899, 
                    1124
                ]
            ]
        }, 
        "train": {
            "batch_size": 100, 
            "init_scale": 0.02356181666386867, 
            "num_iters": 10000, 
            "seed": 2, 
            "step_size": 0.0038811758811447094
        }, 
        "varied_params": {
            "conv_width": 15.227304486552251, 
            "fp_depth": 3.8312442355438723, 
            "fp_length": 56.26488486426403, 
            "h1_size": 80.88177485379386, 
            "log_L2_reg": -1.0645280250019447, 
            "log_init_scale": -3.748127815197366, 
            "log_step_size": -5.551617109110314
        }
    }, 
    {
        "host_name": "hefty", 
        "minutes_duration": 38.48667741616567, 
        "timestamp": "2021-08-05 20:57:50.149630", 
        "training_curve": [
            [
                0, 
                4.322199593544832, 
                3.6296899384949857
            ], 
            [
                526, 
                0.36496984931693977, 
                0.8235900149235201
            ], 
            [
                1052, 
                0.18385508442881265, 
                0.9125316041379444
            ], 
            [
                1578, 
                0.1477582021730355, 
                0.9856919957530521
            ], 
            [
                2105, 
                0.15021064107725385, 
                0.9902913653510202
            ], 
            [
                2631, 
                0.1162824492339369, 
                1.050547098572449
            ], 
            [
                3157, 
                0.10398268081325275, 
                1.0230978101893535
            ], 
            [
                3683, 
                0.09097590733883372, 
                1.002539076412807
            ], 
            [
                4210, 
                0.10182558869418289, 
                1.0771377025560431
            ], 
            [
                4736, 
                0.08290229688249406, 
                1.0099061006745875
            ], 
            [
                5262, 
                0.09607730700816802, 
                1.1007368085508156
            ], 
            [
                5788, 
                0.10000281949403805, 
                1.10205010102217
            ], 
            [
                6315, 
                0.06988239776911037, 
                1.0539661652237404
            ], 
            [
                6841, 
                0.06913745486899198, 
                1.060371762883865
            ], 
            [
                7367, 
                0.0758157112534656, 
                1.0596218042241943
            ], 
            [
                7893, 
                0.09177939015403828, 
                1.0585127679546997
            ], 
            [
                8420, 
                0.062248335924648596, 
                1.0200452000931028
            ], 
            [
                8946, 
                0.1053819333649234, 
                1.0337091051705785
            ], 
            [
                9472, 
                0.08887756110744385, 
                1.0106786997079569
            ], 
            [
                9999, 
                0.07016370416100576, 
                0.9442788756575533
            ]
        ]
    }
]