[
    {
        "jobnum": 5, 
        "model": {
            "L2_reg": 0.3448905960977021, 
            "conv_width": 15, 
            "fp_depth": 4, 
            "fp_length": 378, 
            "h1_size": 81, 
            "net_type": "mean"
        }, 
        "num_records": 20, 
        "task": {
            "name": "delaney", 
            "test_slices": [
                [
                    224, 
                    449
                ]
            ], 
            "train_slices": [
                [
                    0, 
                    224
                ], 
                [
                    674, 
                    899
                ], 
                [
                    899, 
                    1124
                ]
            ]
        }, 
        "train": {
            "batch_size": 100, 
            "init_scale": 0.02356181666386867, 
            "num_iters": 10000, 
            "seed": 2, 
            "step_size": 0.0038811758811447094
        }, 
        "varied_params": {
            "conv_width": 15.227304486552251, 
            "fp_depth": 3.8312442355438723, 
            "fp_length": 378.3839637783763, 
            "h1_size": 80.88177485379386, 
            "log_L2_reg": -1.0645280250019447, 
            "log_init_scale": -3.748127815197366, 
            "log_step_size": -5.551617109110314
        }
    }, 
    {
        "host_name": "hefty", 
        "minutes_duration": 0.05493113199869792, 
        "timestamp": "2021-08-06 00:58:46.132172", 
        "training_curve": [
            [
                0, 
                4.6292991820957035, 
                3.7889220190178263
            ], 
            [
                526, 
                4.628920825358823, 
                3.787598695512189
            ], 
            [
                1052, 
                4.628923065749604, 
                3.7875966000472405
            ], 
            [
                1578, 
                4.628929035227269, 
                3.787591343356563
            ], 
            [
                2105, 
                4.628934172953842, 
                3.7875871666980983
            ], 
            [
                2631, 
                4.628928539608418, 
                3.7875917626562337
            ], 
            [
                3157, 
                4.628938865785632, 
                3.7875836056815513
            ], 
            [
                3683, 
                4.628920762268489, 
                3.7875987555478305
            ], 
            [
                4210, 
                4.6289290273457215, 
                3.787591350001124
            ], 
            [
                4736, 
                4.628938388842373, 
                3.787583957143798
            ], 
            [
                5262, 
                4.628934169503012, 
                3.7875871694030554
            ], 
            [
                5788, 
                4.628928537761974, 
                3.7875917642239396
            ], 
            [
                6315, 
                4.628920761218666, 
                3.7875987565473084
            ], 
            [
                6841, 
                4.6289230444922085, 
                3.7875966196018114
            ], 
            [
                7367, 
                4.628929026883614, 
                3.7875913503907284
            ], 
            [
                7893, 
                4.628938388632237, 
                3.787583957299157
            ], 
            [
                8420, 
                4.628928537691509, 
                3.7875917642837673
            ], 
            [
                8946, 
                4.62893886476875, 
                3.787583606428452
            ], 
            [
                9472, 
                4.62892076114289, 
                3.7875987566194493
            ], 
            [
                9999, 
                4.6289290268648715, 
                3.787591350406531
            ]
        ]
    }
]