[
    {
        "jobnum": 6, 
        "model": {
            "L2_reg": 0.5138282175772946, 
            "conv_width": 8, 
            "fp_depth": 3, 
            "fp_length": 30, 
            "h1_size": 85, 
            "net_type": "conv_plus_linear"
        }, 
        "num_records": 20, 
        "task": {
            "name": "malaria", 
            "test_slices": [
                [
                    2000, 
                    4000
                ]
            ], 
            "train_slices": [
                [
                    0, 
                    2000
                ], 
                [
                    6000, 
                    8000
                ], 
                [
                    8000, 
                    10000
                ]
            ]
        }, 
        "train": {
            "batch_size": 100, 
            "init_scale": 0.03832267951172023, 
            "num_iters": 10000, 
            "seed": 2, 
            "step_size": 0.00042684136961778653
        }, 
        "varied_params": {
            "conv_width": 8.155738416107614, 
            "fp_depth": 3.0119136088544782, 
            "fp_length": 30.43974533734357, 
            "h1_size": 84.88155979636323, 
            "log_L2_reg": -0.6658662764346586, 
            "log_init_scale": -3.2617134036967355, 
            "log_step_size": -7.759098113482921
        }
    }, 
    {
        "host_name": "handy", 
        "minutes_duration": 47.06243221759796, 
        "timestamp": "2021-08-31 19:35:10.371782", 
        "training_curve": [
            [
                0, 
                4.2069652636443715, 
                4.232522492219276
            ], 
            [
                526, 
                1.4529622151415285, 
                1.5340325497043488
            ], 
            [
                1052, 
                1.3464944542813717, 
                1.4283557315821878
            ], 
            [
                1578, 
                1.2669469990797537, 
                1.3454978380033886
            ], 
            [
                2105, 
                1.2173212865761238, 
                1.3027142822308242
            ], 
            [
                2631, 
                1.1926424406130383, 
                1.2844118763673746
            ], 
            [
                3157, 
                1.1905705245524052, 
                1.2770020752788653
            ], 
            [
                3683, 
                1.157036242258638, 
                1.256732314879504
            ], 
            [
                4210, 
                1.1483933486969027, 
                1.255272276729318
            ], 
            [
                4736, 
                1.1389858721480843, 
                1.2505118802802688
            ], 
            [
                5262, 
                1.1294951795347703, 
                1.2367802256982003
            ], 
            [
                5788, 
                1.1244408003051485, 
                1.2341394700681707
            ], 
            [
                6315, 
                1.1177745033685855, 
                1.2343980151604572
            ], 
            [
                6841, 
                1.1169290245927779, 
                1.2443166028873511
            ], 
            [
                7367, 
                1.1145302089029743, 
                1.2409944375423279
            ], 
            [
                7893, 
                1.1027795271916305, 
                1.2215759200040912
            ], 
            [
                8420, 
                1.0965105596222335, 
                1.2215767282549355
            ], 
            [
                8946, 
                1.096157008344985, 
                1.2340589417881034
            ], 
            [
                9472, 
                1.0905169417812413, 
                1.2271697845416198
            ], 
            [
                9999, 
                1.1001449554712088, 
                1.2269597138668997
            ]
        ]
    }
]