[
    {
        "jobnum": 6, 
        "model": {
            "L2_reg": 0.5138282175772946, 
            "conv_width": 8, 
            "fp_depth": 3, 
            "fp_length": 146, 
            "h1_size": 85, 
            "net_type": "mean"
        }, 
        "num_records": 20, 
        "task": {
            "name": "delaney", 
            "test_slices": [
                [
                    224, 
                    449
                ]
            ], 
            "train_slices": [
                [
                    0, 
                    224
                ], 
                [
                    674, 
                    899
                ], 
                [
                    899, 
                    1124
                ]
            ]
        }, 
        "train": {
            "batch_size": 100, 
            "init_scale": 0.03832267951172023, 
            "num_iters": 10000, 
            "seed": 2, 
            "step_size": 0.00042684136961778653
        }, 
        "varied_params": {
            "conv_width": 8.155738416107614, 
            "fp_depth": 3.0119136088544782, 
            "fp_length": 145.95770803609213, 
            "h1_size": 84.88155979636323, 
            "log_L2_reg": -0.6658662764346586, 
            "log_init_scale": -3.2617134036967355, 
            "log_step_size": -7.759098113482921
        }
    }, 
    {
        "host_name": "papaschlumpf", 
        "minutes_duration": 0.04175380071004232, 
        "timestamp": "2021-08-06 00:58:48.957213", 
        "training_curve": [
            [
                0, 
                4.630033585280832, 
                3.7900822414137476
            ], 
            [
                526, 
                4.628868372022805, 
                3.7876847439270636
            ], 
            [
                1052, 
                4.628921040601308, 
                3.7875984911206775
            ], 
            [
                1578, 
                4.628929240305534, 
                3.7875911707285312
            ], 
            [
                2105, 
                4.628930595856529, 
                3.7875900423187154
            ], 
            [
                2631, 
                4.628930061229072, 
                3.787590484755553
            ], 
            [
                3157, 
                4.628931184866002, 
                3.7875895587588335
            ], 
            [
                3683, 
                4.628929187208593, 
                3.787591215375073
            ], 
            [
                4210, 
                4.628930123815743, 
                3.7875904327868164
            ], 
            [
                4736, 
                4.6289311319402, 
                3.787589602044145
            ], 
            [
                5262, 
                4.628930682510745, 
                3.7875899709238148
            ], 
            [
                5788, 
                4.6289300676193585, 
                3.787590479447261
            ], 
            [
                6315, 
                4.628929186254544, 
                3.787591216177596
            ], 
            [
                6841, 
                4.628929450601709, 
                3.7875909942343746
            ], 
            [
                7367, 
                4.6289301232478035, 
                3.7875904332581953
            ], 
            [
                7893, 
                4.628931131629938, 
                3.787589602297989
            ], 
            [
                8420, 
                4.6289300675077305, 
                3.7875904795399844
            ], 
            [
                8946, 
                4.628931184197256, 
                3.787589559305564
            ], 
            [
                9472, 
                4.62892918617925, 
                3.7875912162409318
            ], 
            [
                9999, 
                4.628930123224498, 
                3.7875904332775385
            ]
        ]
    }
]