[
    {
        "jobnum": 7, 
        "model": {
            "L2_reg": 0.08281153693764436, 
            "conv_width": 7, 
            "fp_depth": 4, 
            "fp_length": 227, 
            "h1_size": 68, 
            "net_type": "morgan_plus_linear"
        }, 
        "num_records": 20, 
        "task": {
            "name": "delaney", 
            "test_slices": [
                [
                    224, 
                    449
                ]
            ], 
            "train_slices": [
                [
                    0, 
                    224
                ], 
                [
                    674, 
                    899
                ], 
                [
                    899, 
                    1124
                ]
            ]
        }, 
        "train": {
            "batch_size": 100, 
            "init_scale": 0.07098845139778812, 
            "num_iters": 10000, 
            "seed": 2, 
            "step_size": 0.0032822933188357143
        }, 
        "varied_params": {
            "conv_width": 6.530672161220421, 
            "fp_depth": 3.9651215141776786, 
            "fp_length": 226.54777014359337, 
            "h1_size": 68.18553854713113, 
            "log_L2_reg": -2.4911878923014372, 
            "log_init_scale": -2.645238071539985, 
            "log_step_size": -5.719212918328481
        }
    }, 
    {
        "host_name": "handy", 
        "minutes_duration": 0.34653373559316, 
        "timestamp": "2021-07-09 22:41:41.684993", 
        "training_curve": [
            [
                0, 
                5.096133120906, 
                4.371858463749479
            ], 
            [
                526, 
                1.1991981321187575, 
                2.0749167460201186
            ], 
            [
                1052, 
                1.1661374060279366, 
                2.2370735589549318
            ], 
            [
                1578, 
                1.1625292777670952, 
                2.2918190754586636
            ], 
            [
                2105, 
                1.162175585278499, 
                2.3082876322268224
            ], 
            [
                2631, 
                1.16174717866158, 
                2.3160546917378046
            ], 
            [
                3157, 
                1.1618697507589975, 
                2.318732302264153
            ], 
            [
                3683, 
                1.16207566444334, 
                2.3234172345719637
            ], 
            [
                4210, 
                1.1619681192365254, 
                2.321085687451397
            ], 
            [
                4736, 
                1.162110849590836, 
                2.317568528375714
            ], 
            [
                5262, 
                1.1620773948134484, 
                2.3177981597584276
            ], 
            [
                5788, 
                1.1617192898706141, 
                2.3191919355631874
            ], 
            [
                6315, 
                1.1620749766546379, 
                2.3237840177907083
            ], 
            [
                6841, 
                1.1621873083607388, 
                2.3255707651602284
            ], 
            [
                7367, 
                1.1619672962941552, 
                2.321212860180394
            ], 
            [
                7893, 
                1.1621110124678735, 
                2.31761003704702
            ], 
            [
                8420, 
                1.1617191838181895, 
                2.31919851417368
            ], 
            [
                8946, 
                1.161862326023515, 
                2.3197678315518706
            ], 
            [
                9472, 
                1.1620751153263376, 
                2.3237880136686564
            ], 
            [
                9999, 
                1.161967301123119, 
                2.3212137375248556
            ]
        ]
    }
]