[
    {
        "jobnum": 7, 
        "model": {
            "L2_reg": 0.08281153693764436, 
            "conv_width": 7, 
            "fp_depth": 4, 
            "fp_length": 227, 
            "h1_size": 68, 
            "net_type": "mean"
        }, 
        "num_records": 20, 
        "task": {
            "name": "delaney", 
            "test_slices": [
                [
                    224, 
                    449
                ]
            ], 
            "train_slices": [
                [
                    0, 
                    224
                ], 
                [
                    674, 
                    899
                ], 
                [
                    899, 
                    1124
                ]
            ]
        }, 
        "train": {
            "batch_size": 100, 
            "init_scale": 0.07098845139778812, 
            "num_iters": 10000, 
            "seed": 2, 
            "step_size": 0.0032822933188357143
        }, 
        "varied_params": {
            "conv_width": 6.530672161220421, 
            "fp_depth": 3.9651215141776786, 
            "fp_length": 226.54777014359337, 
            "h1_size": 68.18553854713113, 
            "log_L2_reg": -2.4911878923014372, 
            "log_init_scale": -2.645238071539985, 
            "log_step_size": -5.719212918328481
        }
    }, 
    {
        "host_name": "hefty", 
        "minutes_duration": 0.0528718630472819, 
        "timestamp": "2021-08-06 00:58:51.431628", 
        "training_curve": [
            [
                0, 
                4.632904354358658, 
                3.7938953478974478
            ], 
            [
                526, 
                4.628922259397564, 
                3.7875973461591235
            ], 
            [
                1052, 
                4.628924160661556, 
                3.787595601133361
            ], 
            [
                1578, 
                4.628929225069743, 
                3.7875911835360645
            ], 
            [
                2105, 
                4.628933560175911, 
                3.78758764908373
            ], 
            [
                2631, 
                4.628928802347782, 
                3.7875915400036675
            ], 
            [
                3157, 
                4.6289375092904566, 
                3.7875846113701743
            ], 
            [
                3683, 
                4.628922190004467, 
                3.787597410788478
            ], 
            [
                4210, 
                4.62892921699866, 
                3.787591190321923
            ], 
            [
                4736, 
                4.62893710554854, 
                3.7875849143481153
            ], 
            [
                5262, 
                4.628933556943303, 
                3.7875876516394773
            ], 
            [
                5788, 
                4.628928800338689, 
                3.7875915417030397
            ], 
            [
                6315, 
                4.628922188851938, 
                3.787597411862454
            ], 
            [
                6841, 
                4.6289241375095465, 
                3.7875956220884586
            ], 
            [
                7367, 
                4.628929216525852, 
                3.7875911907194664
            ], 
            [
                7893, 
                4.628937105374629, 
                3.7875849144789875
            ], 
            [
                8420, 
                4.628928800262039, 
                3.787591541767874
            ], 
            [
                8946, 
                4.628937508463865, 
                3.787584611988746
            ], 
            [
                9472, 
                4.628922188768762, 
                3.7875974119399607
            ], 
            [
                9999, 
                4.628929216506677, 
                3.787591190735589
            ]
        ]
    }
]