[
    {
        "jobnum": 7, 
        "model": {
            "L2_reg": 0.08281153693764436, 
            "conv_width": 7, 
            "fp_depth": 4, 
            "fp_length": 39, 
            "h1_size": 68, 
            "net_type": "conv_plus_linear"
        }, 
        "num_records": 20, 
        "task": {
            "name": "malaria", 
            "test_slices": [
                [
                    2000, 
                    4000
                ]
            ], 
            "train_slices": [
                [
                    0, 
                    2000
                ], 
                [
                    6000, 
                    8000
                ], 
                [
                    8000, 
                    10000
                ]
            ]
        }, 
        "train": {
            "batch_size": 100, 
            "init_scale": 0.07098845139778812, 
            "num_iters": 10000, 
            "seed": 2, 
            "step_size": 0.0032822933188357143
        }, 
        "varied_params": {
            "conv_width": 6.530672161220421, 
            "fp_depth": 3.9651215141776786, 
            "fp_length": 39.394196682621484, 
            "h1_size": 68.18553854713113, 
            "log_L2_reg": -2.4911878923014372, 
            "log_init_scale": -2.645238071539985, 
            "log_step_size": -5.719212918328481
        }
    }, 
    {
        "host_name": "papaschlumpf", 
        "minutes_duration": 51.78759239912033, 
        "timestamp": "2021-08-31 19:58:40.171585", 
        "training_curve": [
            [
                0, 
                1.531402073939676, 
                1.618098363480251
            ], 
            [
                526, 
                1.3448645718353203, 
                1.4088527998419607
            ], 
            [
                1052, 
                1.0964389909172008, 
                1.19204402279952
            ], 
            [
                1578, 
                1.1135809301693465, 
                1.2263969786612567
            ], 
            [
                2105, 
                1.0549495601440169, 
                1.205106212321662
            ], 
            [
                2631, 
                1.118334357574289, 
                1.2814859023500171
            ], 
            [
                3157, 
                1.0923610440331688, 
                1.2338972345132782
            ], 
            [
                3683, 
                1.0356453884846923, 
                1.1897069660106854
            ], 
            [
                4210, 
                0.9901571924125573, 
                1.1681289172232796
            ], 
            [
                4736, 
                0.996650939359272, 
                1.1958315971598963
            ], 
            [
                5262, 
                1.2140551599766882, 
                1.4127486883589295
            ], 
            [
                5788, 
                0.9916466966147255, 
                1.1846313440394352
            ], 
            [
                6315, 
                0.9554072542869677, 
                1.1701409002040355
            ], 
            [
                6841, 
                0.9690269282301065, 
                1.2202873084802972
            ], 
            [
                7367, 
                1.1565756416749098, 
                1.3904659492034428
            ], 
            [
                7893, 
                0.9249195502384583, 
                1.1836311263894086
            ], 
            [
                8420, 
                0.9297056243592605, 
                1.180371670857442
            ], 
            [
                8946, 
                0.939585947441604, 
                1.253269271789843
            ], 
            [
                9472, 
                1.0848436461599946, 
                1.384208283654696
            ], 
            [
                9999, 
                0.8982490029997623, 
                1.2358214455029164
            ]
        ]
    }
]