[
    {
        "jobnum": 7, 
        "model": {
            "L2_reg": 0.08281153693764436, 
            "conv_width": 7, 
            "fp_depth": 4, 
            "fp_length": 227, 
            "h1_size": 68, 
            "net_type": "morgan_plus_net"
        }, 
        "num_records": 20, 
        "task": {
            "name": "delaney", 
            "test_slices": [
                [
                    224, 
                    449
                ]
            ], 
            "train_slices": [
                [
                    0, 
                    224
                ], 
                [
                    674, 
                    899
                ], 
                [
                    899, 
                    1124
                ]
            ]
        }, 
        "train": {
            "batch_size": 100, 
            "init_scale": 0.07098845139778812, 
            "num_iters": 10000, 
            "seed": 2, 
            "step_size": 0.0032822933188357143
        }, 
        "varied_params": {
            "conv_width": 6.530672161220421, 
            "fp_depth": 3.9651215141776786, 
            "fp_length": 226.54777014359337, 
            "h1_size": 68.18553854713113, 
            "log_L2_reg": -2.4911878923014372, 
            "log_init_scale": -2.645238071539985, 
            "log_step_size": -5.719212918328481
        }
    }, 
    {
        "host_name": "hefty", 
        "minutes_duration": 1.4764930168787638, 
        "timestamp": "2021-08-06 00:35:26.304509", 
        "training_curve": [
            [
                0, 
                4.617068649116477, 
                3.79132520288018
            ], 
            [
                526, 
                0.052831208526872266, 
                1.6435793662885574
            ], 
            [
                1052, 
                0.057174260821732346, 
                1.6643842546012113
            ], 
            [
                1578, 
                0.06382971381408856, 
                1.6911659591554538
            ], 
            [
                2105, 
                0.06576798552218413, 
                1.713093305061989
            ], 
            [
                2631, 
                0.0673431940882138, 
                1.7105250383515396
            ], 
            [
                3157, 
                0.07827329803481091, 
                1.716850503335268
            ], 
            [
                3683, 
                0.0855760763566889, 
                1.7358077028092547
            ], 
            [
                4210, 
                0.06232439729888869, 
                1.7098716004006493
            ], 
            [
                4736, 
                0.062465766284919594, 
                1.7110086668961488
            ], 
            [
                5262, 
                0.06291255511870943, 
                1.7071942743903947
            ], 
            [
                5788, 
                0.06244878348469093, 
                1.7106049143353452
            ], 
            [
                6315, 
                0.06233041530196436, 
                1.711386973349332
            ], 
            [
                6841, 
                0.06197517080908838, 
                1.7123594315312225
            ], 
            [
                7367, 
                0.062226641676701444, 
                1.716469206465366
            ], 
            [
                7893, 
                0.06166608022359762, 
                1.7186525708624794
            ], 
            [
                8420, 
                0.06130026764297079, 
                1.7242511381831178
            ], 
            [
                8946, 
                0.061452986734299754, 
                1.7263448312264404
            ], 
            [
                9472, 
                0.06129502861804773, 
                1.7279336910071592
            ], 
            [
                9999, 
                0.06103648864465123, 
                1.7300343294168372
            ]
        ]
    }
]