[
    {
        "jobnum": 8, 
        "model": {
            "L2_reg": 0.1033624209054227, 
            "conv_width": 7, 
            "fp_depth": 2, 
            "fp_length": 127, 
            "h1_size": 83, 
            "net_type": "mean"
        }, 
        "num_records": 20, 
        "task": {
            "name": "delaney", 
            "test_slices": [
                [
                    224, 
                    449
                ]
            ], 
            "train_slices": [
                [
                    0, 
                    224
                ], 
                [
                    674, 
                    899
                ], 
                [
                    899, 
                    1124
                ]
            ]
        }, 
        "train": {
            "batch_size": 100, 
            "init_scale": 0.009800534461929696, 
            "num_iters": 10000, 
            "seed": 2, 
            "step_size": 0.0009239675649184034
        }, 
        "varied_params": {
            "conv_width": 7.384543754682795, 
            "fp_depth": 1.7332767760048082, 
            "fp_length": 127.25814229361957, 
            "h1_size": 82.65541627326992, 
            "log_L2_reg": -2.2695138171495497, 
            "log_init_scale": -4.625318357861094, 
            "log_step_size": -6.986833589840872
        }
    }, 
    {
        "host_name": "papaschlumpf", 
        "minutes_duration": 0.04048983256022135, 
        "timestamp": "2021-08-06 00:58:53.557671", 
        "training_curve": [
            [
                0, 
                4.628930071512901, 
                3.788155924980388
            ], 
            [
                526, 
                4.6289258645724, 
                3.787594078332411
            ], 
            [
                1052, 
                4.628928522473723, 
                3.7875917772058854
            ], 
            [
                1578, 
                4.628929974184503, 
                3.7875905571100783
            ], 
            [
                2105, 
                4.628931181929272, 
                3.7875895611597823
            ], 
            [
                2631, 
                4.628929847584402, 
                3.787590662505204
            ], 
            [
                3157, 
                4.628932269689103, 
                3.787588678649987
            ], 
            [
                3683, 
                4.628927946331114, 
                3.7875922685241585
            ], 
            [
                4210, 
                4.628929965582384, 
                3.7875905642653476
            ], 
            [
                4736, 
                4.628932154766211, 
                3.7875887712478944
            ], 
            [
                5262, 
                4.628931177482393, 
                3.7875895647955593
            ], 
            [
                5788, 
                4.628929845147366, 
                3.7875906645359176
            ], 
            [
                6315, 
                4.628927945440259, 
                3.787592269287019
            ], 
            [
                6841, 
                4.628928513578893, 
                3.7875917847602025
            ], 
            [
                7367, 
                4.62892996508948, 
                3.7875905646753747
            ], 
            [
                7893, 
                4.628932154490829, 
                3.7875887714699616
            ], 
            [
                8420, 
                4.62892984505515, 
                3.7875906646127593
            ], 
            [
                8946, 
                4.62893226826088, 
                3.7875886797998404
            ], 
            [
                9472, 
                4.628927945376078, 
                3.7875922693419786
            ], 
            [
                9999, 
                4.628929965069517, 
                3.7875905646919796
            ]
        ]
    }
]