[
    {
        "jobnum": 8, 
        "model": {
            "L2_reg": 0.1033624209054227, 
            "conv_width": 7, 
            "fp_depth": 2, 
            "fp_length": 127, 
            "h1_size": 83, 
            "net_type": "morgan_plus_net"
        }, 
        "num_records": 20, 
        "task": {
            "name": "delaney", 
            "test_slices": [
                [
                    224, 
                    449
                ]
            ], 
            "train_slices": [
                [
                    0, 
                    224
                ], 
                [
                    674, 
                    899
                ], 
                [
                    899, 
                    1124
                ]
            ]
        }, 
        "train": {
            "batch_size": 100, 
            "init_scale": 0.009800534461929696, 
            "num_iters": 10000, 
            "seed": 2, 
            "step_size": 0.0009239675649184034
        }, 
        "varied_params": {
            "conv_width": 7.384543754682795, 
            "fp_depth": 1.7332767760048082, 
            "fp_length": 127.25814229361957, 
            "h1_size": 82.65541627326992, 
            "log_L2_reg": -2.2695138171495497, 
            "log_init_scale": -4.625318357861094, 
            "log_step_size": -6.986833589840872
        }
    }, 
    {
        "host_name": "handy", 
        "minutes_duration": 0.9857510685920715, 
        "timestamp": "2021-08-06 00:35:59.106425", 
        "training_curve": [
            [
                0, 
                4.629348894972582, 
                3.789498306033633
            ], 
            [
                526, 
                0.32583675267108003, 
                1.5914432918410173
            ], 
            [
                1052, 
                0.14843385106511234, 
                1.7579418478033102
            ], 
            [
                1578, 
                0.14452346879276556, 
                1.8414888307379096
            ], 
            [
                2105, 
                0.1648117815607444, 
                1.907864211114027
            ], 
            [
                2631, 
                0.1923755079522897, 
                1.9905612825286125
            ], 
            [
                3157, 
                0.22334341117002576, 
                2.031627771251944
            ], 
            [
                3683, 
                0.2599103191553913, 
                2.0886065658094917
            ], 
            [
                4210, 
                0.2827805631508136, 
                2.1374676221822444
            ], 
            [
                4736, 
                0.3075074204788922, 
                2.1844150447044726
            ], 
            [
                5262, 
                0.3220550376485299, 
                2.222075175907565
            ], 
            [
                5788, 
                0.34256078662509565, 
                2.2404638297747463
            ], 
            [
                6315, 
                0.35144367220310624, 
                2.2725911965121655
            ], 
            [
                6841, 
                0.36502090349725025, 
                2.2838202936469245
            ], 
            [
                7367, 
                0.35354945108565194, 
                2.2913549388596572
            ], 
            [
                7893, 
                0.3574853291191394, 
                2.3034057132384604
            ], 
            [
                8420, 
                0.3510963836508012, 
                2.2804804950513837
            ], 
            [
                8946, 
                0.3731239450695237, 
                2.2927299482389927
            ], 
            [
                9472, 
                0.36595323685976655, 
                2.310841251906478
            ], 
            [
                9999, 
                0.3552196905561854, 
                2.296299156739445
            ]
        ]
    }
]