[
    {
        "jobnum": 9, 
        "model": {
            "L2_reg": 0.04734951819904932, 
            "conv_width": 6, 
            "fp_depth": 3, 
            "fp_length": 110, 
            "h1_size": 57, 
            "net_type": "conv_plus_net"
        }, 
        "num_records": 20, 
        "task": {
            "name": "malaria", 
            "test_slices": [
                [
                    2000, 
                    4000
                ]
            ], 
            "train_slices": [
                [
                    0, 
                    2000
                ], 
                [
                    6000, 
                    8000
                ], 
                [
                    8000, 
                    10000
                ]
            ]
        }, 
        "train": {
            "batch_size": 100, 
            "init_scale": 0.09214483636189319, 
            "num_iters": 10000, 
            "seed": 2, 
            "step_size": 0.0007364490129727654
        }, 
        "varied_params": {
            "conv_width": 6.456519136895919, 
            "fp_depth": 3.4629796895438054, 
            "fp_length": 109.84982963986604, 
            "h1_size": 56.90914756743069, 
            "log_L2_reg": -3.050198634712287, 
            "log_init_scale": -2.3843936315758523, 
            "log_step_size": -7.213670553279786
        }
    }, 
    {
        "host_name": "clumsy", 
        "minutes_duration": 78.05027398268382, 
        "timestamp": "2021-08-31 12:36:41.763324", 
        "training_curve": [
            [
                0, 
                1.5943985630341535, 
                1.6796850514496686
            ], 
            [
                526, 
                1.2506364099407876, 
                1.3280104834720272
            ], 
            [
                1052, 
                1.1625894567477262, 
                1.2289737152588494
            ], 
            [
                1578, 
                1.132275746247317, 
                1.2136752569194729
            ], 
            [
                2105, 
                1.1174184081667742, 
                1.2291130557422005
            ], 
            [
                2631, 
                1.094421330243274, 
                1.2159570328975573
            ], 
            [
                3157, 
                1.0818264774702375, 
                1.210335863409031
            ], 
            [
                3683, 
                1.0663380031000176, 
                1.2068869442913748
            ], 
            [
                4210, 
                1.060313551095891, 
                1.221319354871416
            ], 
            [
                4736, 
                1.0465719586618185, 
                1.226218647136294
            ], 
            [
                5262, 
                1.0464537342895073, 
                1.2391344765178467
            ], 
            [
                5788, 
                1.0199158996581734, 
                1.2196585085739804
            ], 
            [
                6315, 
                1.0171672963871836, 
                1.2227597800921621
            ], 
            [
                6841, 
                1.0207233196176684, 
                1.250729323212021
            ], 
            [
                7367, 
                1.0091086864858079, 
                1.2442360354340507
            ], 
            [
                7893, 
                0.9908246173005786, 
                1.224566193280251
            ], 
            [
                8420, 
                0.9970516175241619, 
                1.2273922479657875
            ], 
            [
                8946, 
                0.9908679208120487, 
                1.2495470406805682
            ], 
            [
                9472, 
                0.9797905511686975, 
                1.2385196140130175
            ], 
            [
                9999, 
                0.9782735467961211, 
                1.240615800800591
            ]
        ]
    }
]