[
    {
        "jobnum": 9, 
        "model": {
            "L2_reg": 0.04734951819904932, 
            "conv_width": 6, 
            "fp_depth": 3, 
            "fp_length": 110, 
            "h1_size": 57, 
            "net_type": "conv_plus_linear"
        }, 
        "num_records": 20, 
        "task": {
            "name": "cep", 
            "test_slices": [
                [
                    4000, 
                    8000
                ]
            ], 
            "train_slices": [
                [
                    0, 
                    4000
                ], 
                [
                    12000, 
                    16000
                ], 
                [
                    16000, 
                    20000
                ]
            ]
        }, 
        "train": {
            "batch_size": 100, 
            "init_scale": 0.09214483636189319, 
            "num_iters": 10000, 
            "seed": 2, 
            "step_size": 0.0007364490129727654
        }, 
        "varied_params": {
            "conv_width": 6.456519136895919, 
            "fp_depth": 3.4629796895438054, 
            "fp_length": 109.84982963986604, 
            "h1_size": 56.90914756743069, 
            "log_L2_reg": -3.050198634712287, 
            "log_init_scale": -2.3843936315758523, 
            "log_step_size": -7.213670553279786
        }
    }, 
    {
        "host_name": "papaschlumpf", 
        "minutes_duration": 77.04411353270213, 
        "timestamp": "2021-09-05 15:17:01.587109", 
        "training_curve": [
            [
                0, 
                6.811102130552163, 
                6.669392373738614
            ], 
            [
                526, 
                3.924871390056319, 
                3.900893775802692
            ], 
            [
                1052, 
                3.4111629856610226, 
                3.3801053701713446
            ], 
            [
                1578, 
                3.280679517097646, 
                3.264178482770724
            ], 
            [
                2105, 
                3.2923219752224693, 
                3.296187586302062
            ], 
            [
                2631, 
                3.208756574869817, 
                3.237725668645189
            ], 
            [
                3157, 
                3.1850455403011493, 
                3.212352483950625
            ], 
            [
                3683, 
                3.2094319008247747, 
                3.2437223178384054
            ], 
            [
                4210, 
                3.147268436150101, 
                3.175469329126653
            ], 
            [
                4736, 
                3.1508916367547464, 
                3.166663883671614
            ], 
            [
                5262, 
                3.1525895640928865, 
                3.1831688512767395
            ], 
            [
                5788, 
                3.124230007399789, 
                3.1502673470882114
            ], 
            [
                6315, 
                3.1794789565124835, 
                3.207725025473289
            ], 
            [
                6841, 
                3.1068793720006034, 
                3.147080398647026
            ], 
            [
                7367, 
                3.1159902327938824, 
                3.135731444252523
            ], 
            [
                7893, 
                3.098005939093343, 
                3.1405590211637544
            ], 
            [
                8420, 
                3.083645923230221, 
                3.1076142123357804
            ], 
            [
                8946, 
                3.0968887405129633, 
                3.132740960961233
            ], 
            [
                9472, 
                3.0938503904032446, 
                3.1422432765149044
            ], 
            [
                9999, 
                3.055754991351811, 
                3.0987050244285794
            ]
        ]
    }
]