[
    {
        "jobnum": 0, 
        "model": {
            "L2_reg": 0.30792686009670756, 
            "conv_width": 11, 
            "fp_depth": 3, 
            "fp_length": 88, 
            "h1_size": 77, 
            "net_type": "conv_plus_linear"
        }, 
        "num_records": 20, 
        "task": {
            "name": "cep", 
            "test_slices": [
                [
                    8000, 
                    12000
                ]
            ], 
            "train_slices": [
                [
                    0, 
                    4000
                ], 
                [
                    4000, 
                    8000
                ], 
                [
                    16000, 
                    20000
                ]
            ]
        }, 
        "train": {
            "batch_size": 100, 
            "init_scale": 0.02350954323756658, 
            "num_iters": 10000, 
            "seed": 3, 
            "step_size": 0.005862128392003446
        }, 
        "varied_params": {
            "conv_width": 11.354821990083572, 
            "fp_depth": 2.6346495489906907, 
            "fp_length": 88.34014066346549, 
            "h1_size": 77.44067519636624, 
            "log_L2_reg": -1.177892991426849, 
            "log_init_scale": -3.75034884505077, 
            "log_step_size": -5.139242534510322
        }
    }, 
    {
        "host_name": "schlaubi", 
        "minutes_duration": 49.90780378182729, 
        "timestamp": "2021-09-09 13:34:47.019231", 
        "training_curve": [
            [
                0, 
                7.73617942868348, 
                7.772280272818502
            ], 
            [
                526, 
                3.5776761862631563, 
                3.6052519536209617
            ], 
            [
                1052, 
                3.223788864515826, 
                3.2653703975763353
            ], 
            [
                1578, 
                3.321854309305157, 
                3.345306700170543
            ], 
            [
                2105, 
                3.1857794868489244, 
                3.2365413226078097
            ], 
            [
                2631, 
                3.002594623521562, 
                3.0881774327768508
            ], 
            [
                3157, 
                3.066891707771072, 
                3.166284697675275
            ], 
            [
                3683, 
                2.880075379274669, 
                2.9807090623424246
            ], 
            [
                4210, 
                2.8560291850287722, 
                2.925690624667117
            ], 
            [
                4736, 
                2.972760476174954, 
                3.0548858738155578
            ], 
            [
                5262, 
                2.8814287522546245, 
                2.949133106401299
            ], 
            [
                5788, 
                2.820401782253924, 
                2.9046302573326264
            ], 
            [
                6315, 
                2.800520308185347, 
                2.8957246314785974
            ], 
            [
                6841, 
                3.0251063485912284, 
                3.14221188553889
            ], 
            [
                7367, 
                2.8166571298399576, 
                2.9654475083137424
            ], 
            [
                7893, 
                2.7224623363915605, 
                2.857532751743048
            ], 
            [
                8420, 
                2.896838856438206, 
                3.030647623438348
            ], 
            [
                8946, 
                2.6979630088362345, 
                2.8275483161203656
            ], 
            [
                9472, 
                2.6881591308118944, 
                2.834637558427118
            ], 
            [
                9999, 
                2.7030703996243894, 
                2.8408797589267563
            ]
        ]
    }
]