[
    {
        "jobnum": 0, 
        "model": {
            "L2_reg": 0.30792686009670756, 
            "conv_width": 11, 
            "fp_depth": 3, 
            "fp_length": 667, 
            "h1_size": 77, 
            "net_type": "morgan_plus_linear"
        }, 
        "num_records": 20, 
        "task": {
            "name": "delaney", 
            "test_slices": [
                [
                    449, 
                    674
                ]
            ], 
            "train_slices": [
                [
                    0, 
                    224
                ], 
                [
                    224, 
                    449
                ], 
                [
                    899, 
                    1124
                ]
            ]
        }, 
        "train": {
            "batch_size": 100, 
            "init_scale": 0.02350954323756658, 
            "num_iters": 10000, 
            "seed": 3, 
            "step_size": 0.005862128392003446
        }, 
        "varied_params": {
            "conv_width": 11.354821990083572, 
            "fp_depth": 2.6346495489906907, 
            "fp_length": 667.0612659711894, 
            "h1_size": 77.44067519636624, 
            "log_L2_reg": -1.177892991426849, 
            "log_init_scale": -3.75034884505077, 
            "log_step_size": -5.139242534510322
        }
    }, 
    {
        "host_name": "hefty", 
        "minutes_duration": 0.35689271688461305, 
        "timestamp": "2021-08-06 05:22:47.811048", 
        "training_curve": [
            [
                0, 
                4.339952773365011, 
                4.383791294864885
            ], 
            [
                526, 
                0.21929259144526825, 
                3.606825514320432
            ], 
            [
                1052, 
                0.16332900276671655, 
                4.414416344041346
            ], 
            [
                1578, 
                0.14707503868467892, 
                4.776367331834115
            ], 
            [
                2105, 
                0.1460775858868967, 
                4.870494117329564
            ], 
            [
                2631, 
                0.1388012216740007, 
                4.973987344871825
            ], 
            [
                3157, 
                0.13770418788809155, 
                4.991051360525819
            ], 
            [
                3683, 
                0.1371600625712652, 
                4.995276932928676
            ], 
            [
                4210, 
                0.1369878533536208, 
                4.997567865389256
            ], 
            [
                4736, 
                0.13675590778399987, 
                4.999556451840886
            ], 
            [
                5262, 
                0.1365974813355164, 
                4.998922027144709
            ], 
            [
                5788, 
                0.13650257089159, 
                5.0060460762689765
            ], 
            [
                6315, 
                0.1365316216274358, 
                4.9963110388681065
            ], 
            [
                6841, 
                0.1366908120785325, 
                4.992643329351838
            ], 
            [
                7367, 
                0.1365443214255052, 
                4.997356738773352
            ], 
            [
                7893, 
                0.1364758121176358, 
                4.998648568986937
            ], 
            [
                8420, 
                0.13639417814748875, 
                5.003292316456715
            ], 
            [
                8946, 
                0.13641093722180747, 
                4.998343580821813
            ], 
            [
                9472, 
                0.13644484658780337, 
                4.997289307684057
            ], 
            [
                9999, 
                0.13652710046174388, 
                4.99750076477795
            ]
        ]
    }
]