[
    {
        "jobnum": 0, 
        "model": {
            "L2_reg": 0.30792686009670756, 
            "conv_width": 11, 
            "fp_depth": 3, 
            "fp_length": 667, 
            "h1_size": 77, 
            "net_type": "mean"
        }, 
        "num_records": 20, 
        "task": {
            "name": "delaney", 
            "test_slices": [
                [
                    449, 
                    674
                ]
            ], 
            "train_slices": [
                [
                    0, 
                    224
                ], 
                [
                    224, 
                    449
                ], 
                [
                    899, 
                    1124
                ]
            ]
        }, 
        "train": {
            "batch_size": 100, 
            "init_scale": 0.02350954323756658, 
            "num_iters": 10000, 
            "seed": 3, 
            "step_size": 0.005862128392003446
        }, 
        "varied_params": {
            "conv_width": 11.354821990083572, 
            "fp_depth": 2.6346495489906907, 
            "fp_length": 667.0612659711894, 
            "h1_size": 77.44067519636624, 
            "log_L2_reg": -1.177892991426849, 
            "log_init_scale": -3.75034884505077, 
            "log_step_size": -5.139242534510322
        }
    }, 
    {
        "host_name": "hefty", 
        "minutes_duration": 0.052378348509470624, 
        "timestamp": "2021-08-06 10:26:13.950955", 
        "training_curve": [
            [
                0, 
                4.265385502194095, 
                4.316717711068919
            ], 
            [
                526, 
                4.257912662401944, 
                4.3071083113306186
            ], 
            [
                1052, 
                4.257914138885328, 
                4.307112432027393
            ], 
            [
                1578, 
                4.257914766935104, 
                4.307114174510142
            ], 
            [
                2105, 
                4.257923277256594, 
                4.307137229204338
            ], 
            [
                2631, 
                4.257920567870015, 
                4.307129996109362
            ], 
            [
                3157, 
                4.2579383122037555, 
                4.307175843249676
            ], 
            [
                3683, 
                4.25791252961182, 
                4.307107939024753
            ], 
            [
                4210, 
                4.257914746968947, 
                4.307114119208547
            ], 
            [
                4736, 
                4.257921038542242, 
                4.307131259437533
            ], 
            [
                5262, 
                4.257923268686901, 
                4.307137206473182
            ], 
            [
                5788, 
                4.257920563347472, 
                4.307129983956268
            ], 
            [
                6315, 
                4.257912527378125, 
                4.307107932759667
            ], 
            [
                6841, 
                4.257914092522234, 
                4.3071123031546685
            ], 
            [
                7367, 
                4.2579147457955004, 
                4.307114115958184
            ], 
            [
                7893, 
                4.257921037948237, 
                4.3071312578450005
            ], 
            [
                8420, 
                4.257920563174641, 
                4.307129983491829
            ], 
            [
                8946, 
                4.2579383100165815, 
                4.307175837798607
            ], 
            [
                9472, 
                4.257912527216865, 
                4.307107932307358
            ], 
            [
                9999, 
                4.257914745747927, 
                4.307114115826408
            ]
        ]
    }
]