[
    {
        "jobnum": 0, 
        "model": {
            "L2_reg": 0.30792686009670756, 
            "conv_width": 11, 
            "fp_depth": 3, 
            "fp_length": 667, 
            "h1_size": 77, 
            "net_type": "morgan_plus_net"
        }, 
        "num_records": 20, 
        "task": {
            "name": "malaria", 
            "test_slices": [
                [
                    4000, 
                    6000
                ]
            ], 
            "train_slices": [
                [
                    0, 
                    2000
                ], 
                [
                    2000, 
                    4000
                ], 
                [
                    8000, 
                    10000
                ]
            ]
        }, 
        "train": {
            "batch_size": 100, 
            "init_scale": 0.02350954323756658, 
            "num_iters": 10000, 
            "seed": 3, 
            "step_size": 0.005862128392003446
        }, 
        "varied_params": {
            "conv_width": 11.354821990083572, 
            "fp_depth": 2.6346495489906907, 
            "fp_length": 667.0612659711894, 
            "h1_size": 77.44067519636624, 
            "log_L2_reg": -1.177892991426849, 
            "log_init_scale": -3.75034884505077, 
            "log_step_size": -5.139242534510322
        }
    }, 
    {
        "host_name": "hefty", 
        "minutes_duration": 2.7862624327341714, 
        "timestamp": "2021-09-01 15:15:32.086932", 
        "training_curve": [
            [
                0, 
                1.4985213840495462, 
                1.3864911508780353
            ], 
            [
                526, 
                0.2669727520007217, 
                1.348386544752826
            ], 
            [
                1052, 
                0.23673486600749272, 
                1.343149158800715
            ], 
            [
                1578, 
                0.22340829747925242, 
                1.3208884124982732
            ], 
            [
                2105, 
                0.21579063544489854, 
                1.3792064856835815
            ], 
            [
                2631, 
                0.2817462173429527, 
                1.389638198430242
            ], 
            [
                3157, 
                0.10412946463038862, 
                1.2451332309319747
            ], 
            [
                3683, 
                0.16774978875372573, 
                1.3772633567286985
            ], 
            [
                4210, 
                0.21113340340988773, 
                1.3164408461155945
            ], 
            [
                4736, 
                0.14744995322148843, 
                1.291816435325925
            ], 
            [
                5262, 
                0.20577052453444272, 
                1.3938024014291455
            ], 
            [
                5788, 
                0.1792763519244669, 
                1.3097226995873985
            ], 
            [
                6315, 
                0.2177244763047701, 
                1.3328915809344433
            ], 
            [
                6841, 
                0.14515307713462006, 
                1.2837347165955237
            ], 
            [
                7367, 
                0.07858268431070602, 
                1.240208566043865
            ], 
            [
                7893, 
                0.14120522426382193, 
                1.3034015721559753
            ], 
            [
                8420, 
                0.15066555574395593, 
                1.319478153786667
            ], 
            [
                8946, 
                0.14074071221928297, 
                1.2943770466184739
            ], 
            [
                9472, 
                0.2913201303109683, 
                1.3974596475604522
            ], 
            [
                9999, 
                0.12138633765740216, 
                1.2693454161729867
            ]
        ]
    }
]