[
    {
        "jobnum": 10, 
        "model": {
            "L2_reg": 6.1354823978170945, 
            "conv_width": 16, 
            "fp_depth": 3, 
            "fp_length": 20, 
            "h1_size": 99, 
            "net_type": "conv_plus_linear"
        }, 
        "num_records": 20, 
        "task": {
            "name": "cep", 
            "test_slices": [
                [
                    8000, 
                    12000
                ]
            ], 
            "train_slices": [
                [
                    0, 
                    4000
                ], 
                [
                    4000, 
                    8000
                ], 
                [
                    16000, 
                    20000
                ]
            ]
        }, 
        "train": {
            "batch_size": 100, 
            "init_scale": 0.04366415128338205, 
            "num_iters": 10000, 
            "seed": 3, 
            "step_size": 0.0021866268069066185
        }, 
        "varied_params": {
            "conv_width": 16.088953690974527, 
            "fp_depth": 2.8145365592351377, 
            "fp_length": 20.389032732483916, 
            "h1_size": 98.82297325066979, 
            "log_L2_reg": 1.814088705522697, 
            "log_init_scale": -3.1312278503056383, 
            "log_step_size": -6.125395193409194
        }
    }, 
    {
        "host_name": "schlaubi", 
        "minutes_duration": 47.551790614922844, 
        "timestamp": "2021-09-09 15:27:15.640792", 
        "training_curve": [
            [
                0, 
                9.209681580004121, 
                9.187061802396233
            ], 
            [
                526, 
                3.3013255662159264, 
                3.296456736908398
            ], 
            [
                1052, 
                3.1780661433282313, 
                3.205859027432093
            ], 
            [
                1578, 
                3.1688715318085343, 
                3.1927428476442334
            ], 
            [
                2105, 
                3.1378712588623783, 
                3.161369645864492
            ], 
            [
                2631, 
                3.055182256111749, 
                3.1104756414096237
            ], 
            [
                3157, 
                2.9745019584197157, 
                3.0153034544728987
            ], 
            [
                3683, 
                2.9034943074588853, 
                2.9513251234208524
            ], 
            [
                4210, 
                2.921478133043633, 
                2.963163018994992
            ], 
            [
                4736, 
                2.932814418751482, 
                3.0079937436305255
            ], 
            [
                5262, 
                2.9400086177286386, 
                2.9759772903255755
            ], 
            [
                5788, 
                2.8864376347043916, 
                2.9607668332293033
            ], 
            [
                6315, 
                2.7753685705822853, 
                2.8386529571755124
            ], 
            [
                6841, 
                2.7651856223003004, 
                2.862227368685178
            ], 
            [
                7367, 
                2.7517020268528842, 
                2.8552335971917864
            ], 
            [
                7893, 
                2.7143427854517306, 
                2.8204976912011515
            ], 
            [
                8420, 
                2.7858232530121283, 
                2.8788711040167865
            ], 
            [
                8946, 
                2.6507308123118594, 
                2.7774160535003936
            ], 
            [
                9472, 
                2.6597011069330687, 
                2.776073961947126
            ], 
            [
                9999, 
                2.659454855421399, 
                2.7759892227501424
            ]
        ]
    }
]