[
    {
        "jobnum": 11, 
        "model": {
            "L2_reg": 0.006408191094856293, 
            "conv_width": 11, 
            "fp_depth": 2, 
            "fp_length": 23, 
            "h1_size": 56, 
            "net_type": "conv_plus_linear"
        }, 
        "num_records": 20, 
        "task": {
            "name": "delaney", 
            "test_slices": [
                [
                    449, 
                    674
                ]
            ], 
            "train_slices": [
                [
                    0, 
                    224
                ], 
                [
                    224, 
                    449
                ], 
                [
                    899, 
                    1124
                ]
            ]
        }, 
        "train": {
            "batch_size": 100, 
            "init_scale": 0.008481325966056948, 
            "num_iters": 10000, 
            "seed": 3, 
            "step_size": 0.001096711403860304
        }, 
        "varied_params": {
            "conv_width": 11.213944917720049, 
            "fp_depth": 1.953949538181928, 
            "fp_length": 23.184519591063847, 
            "h1_size": 56.00982806065844, 
            "log_L2_reg": -5.050178248366048, 
            "log_init_scale": -4.769888477480079, 
            "log_step_size": -6.81543920991142
        }
    }, 
    {
        "host_name": "clumsy", 
        "minutes_duration": 20.62469211816788, 
        "timestamp": "2021-08-06 06:53:48.795355", 
        "training_curve": [
            [
                0, 
                4.096862738473078, 
                4.120253304293725
            ], 
            [
                526, 
                0.7439663096798096, 
                0.7584057172261539
            ], 
            [
                1052, 
                0.5080396584938156, 
                0.6460881044695658
            ], 
            [
                1578, 
                0.4230021515005226, 
                0.606869598216081
            ], 
            [
                2105, 
                0.3736998209865269, 
                0.5895792106084606
            ], 
            [
                2631, 
                0.33615503170182087, 
                0.600186630515407
            ], 
            [
                3157, 
                0.30303082262125774, 
                0.6350637456292295
            ], 
            [
                3683, 
                0.2757990808060647, 
                0.6533682820161807
            ], 
            [
                4210, 
                0.25410556849560245, 
                0.6734397418285089
            ], 
            [
                4736, 
                0.23491346615936776, 
                0.6801037027147464
            ], 
            [
                5262, 
                0.2158409743288842, 
                0.6855138093942165
            ], 
            [
                5788, 
                0.20039242486191985, 
                0.7089783240643055
            ], 
            [
                6315, 
                0.18891004745793094, 
                0.7313550777667727
            ], 
            [
                6841, 
                0.18430707519255515, 
                0.7229825601136891
            ], 
            [
                7367, 
                0.18197108208671442, 
                0.8038302066233791
            ], 
            [
                7893, 
                0.18254183502876017, 
                0.7905672881074806
            ], 
            [
                8420, 
                0.17096839943474215, 
                0.8345743922916704
            ], 
            [
                8946, 
                0.1721049221374885, 
                0.826592625139331
            ], 
            [
                9472, 
                0.17294130256998222, 
                0.9298310398789383
            ], 
            [
                9999, 
                0.1617254777583548, 
                0.9313912155629026
            ]
        ]
    }
]