[
    {
        "jobnum": 11, 
        "model": {
            "L2_reg": 0.006408191094856293, 
            "conv_width": 11, 
            "fp_depth": 2, 
            "fp_length": 81, 
            "h1_size": 56, 
            "net_type": "mean"
        }, 
        "num_records": 20, 
        "task": {
            "name": "cep", 
            "test_slices": [
                [
                    8000, 
                    12000
                ]
            ], 
            "train_slices": [
                [
                    0, 
                    4000
                ], 
                [
                    4000, 
                    8000
                ], 
                [
                    16000, 
                    20000
                ]
            ]
        }, 
        "train": {
            "batch_size": 100, 
            "init_scale": 0.008481325966056948, 
            "num_iters": 10000, 
            "seed": 3, 
            "step_size": 0.001096711403860304
        }, 
        "varied_params": {
            "conv_width": 11.213944917720049, 
            "fp_depth": 1.953949538181928, 
            "fp_length": 80.66067631957463, 
            "h1_size": 56.00982806065844, 
            "log_L2_reg": -5.050178248366048, 
            "log_init_scale": -4.769888477480079, 
            "log_step_size": -6.81543920991142
        }
    }, 
    {
        "host_name": "schlaubi", 
        "minutes_duration": 0.04819876750310262, 
        "timestamp": "2021-09-09 22:38:16.233127", 
        "training_curve": [
            [
                0, 
                6.369081691110036, 
                6.382299991718131
            ], 
            [
                526, 
                6.367683254694244, 
                6.381480552559861
            ], 
            [
                1052, 
                6.36772851774809, 
                6.381291869944077
            ], 
            [
                1578, 
                6.367617122486054, 
                6.381323565603705
            ], 
            [
                2105, 
                6.367766121155974, 
                6.381613992152231
            ], 
            [
                2631, 
                6.367753298077703, 
                6.381302799138715
            ], 
            [
                3157, 
                6.367618972136251, 
                6.381334577785343
            ], 
            [
                3683, 
                6.36761839492097, 
                6.381295835697164
            ], 
            [
                4210, 
                6.367616360365964, 
                6.381309535556433
            ], 
            [
                4736, 
                6.367779484168471, 
                6.381634013168327
            ], 
            [
                5262, 
                6.367731630787462, 
                6.381293164163008
            ], 
            [
                5788, 
                6.367616991068319, 
                6.3813022070171375
            ], 
            [
                6315, 
                6.367643949808868, 
                6.3814047924742265
            ], 
            [
                6841, 
                6.3676489370404115, 
                6.381273124188812
            ], 
            [
                7367, 
                6.36770169539432, 
                6.38151218544499
            ], 
            [
                7893, 
                6.3677407483101645, 
                6.381297091547544
            ], 
            [
                8420, 
                6.367617191968008, 
                6.381324111188529
            ], 
            [
                8946, 
                6.36775306185644, 
                6.38159413255668
            ], 
            [
                9472, 
                6.367743977655447, 
                6.381298528467373
            ], 
            [
                9999, 
                6.367621635453574, 
                6.38134568897331
            ]
        ]
    }
]