[
    {
        "jobnum": 12, 
        "model": {
            "L2_reg": 0.16299828947213768, 
            "conv_width": 14, 
            "fp_depth": 1, 
            "fp_length": 120, 
            "h1_size": 78, 
            "net_type": "conv_plus_linear"
        }, 
        "num_records": 20, 
        "task": {
            "name": "delaney", 
            "test_slices": [
                [
                    449, 
                    674
                ]
            ], 
            "train_slices": [
                [
                    0, 
                    224
                ], 
                [
                    224, 
                    449
                ], 
                [
                    899, 
                    1124
                ]
            ]
        }, 
        "train": {
            "batch_size": 100, 
            "init_scale": 0.0378442657541654, 
            "num_iters": 10000, 
            "seed": 3, 
            "step_size": 0.0009697793018287504
        }, 
        "varied_params": {
            "conv_width": 13.639197433342689, 
            "fp_depth": 1.281821532275325, 
            "fp_length": 120.08117412853598, 
            "h1_size": 78.33007271032875, 
            "log_L2_reg": -1.8140155722664026, 
            "log_init_scale": -3.2742758098052946, 
            "log_step_size": -6.938442036242218
        }
    }, 
    {
        "host_name": "schlaubi", 
        "minutes_duration": 24.49409601688385, 
        "timestamp": "2021-08-06 06:58:47.784845", 
        "training_curve": [
            [
                0, 
                4.394465598488478, 
                4.460399184904627
            ], 
            [
                526, 
                1.096541795039211, 
                1.0618991183796698
            ], 
            [
                1052, 
                0.6565185364031748, 
                0.6993758717638832
            ], 
            [
                1578, 
                0.5581369885403019, 
                0.6326822255003791
            ], 
            [
                2105, 
                0.5078702281149403, 
                0.6095722402519945
            ], 
            [
                2631, 
                0.4719549834412677, 
                0.5970006911782851
            ], 
            [
                3157, 
                0.44068112612755617, 
                0.5865431820488854
            ], 
            [
                3683, 
                0.41439224739131225, 
                0.5857588653991433
            ], 
            [
                4210, 
                0.39334056911510923, 
                0.5953551625022032
            ], 
            [
                4736, 
                0.3756337311900273, 
                0.6050913539373985
            ], 
            [
                5262, 
                0.36109780708134254, 
                0.6141143243363335
            ], 
            [
                5788, 
                0.34789632420079364, 
                0.6191740030171501
            ], 
            [
                6315, 
                0.3307450297933532, 
                0.6439318063289657
            ], 
            [
                6841, 
                0.3149183282711169, 
                0.6765200310558694
            ], 
            [
                7367, 
                0.3032483529423476, 
                0.709743640372185
            ], 
            [
                7893, 
                0.2928137809024945, 
                0.7374024383560241
            ], 
            [
                8420, 
                0.28471203240893306, 
                0.772929723645065
            ], 
            [
                8946, 
                0.2768419592890401, 
                0.7966077974200066
            ], 
            [
                9472, 
                0.27255956370533124, 
                0.8086180255705214
            ], 
            [
                9999, 
                0.2642355488876355, 
                0.8310134296034628
            ]
        ]
    }
]