[
    {
        "jobnum": 12, 
        "model": {
            "L2_reg": 0.16299828947213768, 
            "conv_width": 14, 
            "fp_depth": 1, 
            "fp_length": 120, 
            "h1_size": 78, 
            "net_type": "conv_plus_net"
        }, 
        "num_records": 20, 
        "task": {
            "name": "malaria", 
            "test_slices": [
                [
                    4000, 
                    6000
                ]
            ], 
            "train_slices": [
                [
                    0, 
                    2000
                ], 
                [
                    2000, 
                    4000
                ], 
                [
                    8000, 
                    10000
                ]
            ]
        }, 
        "train": {
            "batch_size": 100, 
            "init_scale": 0.0378442657541654, 
            "num_iters": 10000, 
            "seed": 3, 
            "step_size": 0.0009697793018287504
        }, 
        "varied_params": {
            "conv_width": 13.639197433342689, 
            "fp_depth": 1.281821532275325, 
            "fp_length": 120.08117412853598, 
            "h1_size": 78.33007271032875, 
            "log_L2_reg": -1.8140155722664026, 
            "log_init_scale": -3.2742758098052946, 
            "log_step_size": -6.938442036242218
        }
    }, 
    {
        "host_name": "papaschlumpf", 
        "minutes_duration": 37.18755575021108, 
        "timestamp": "2021-09-01 03:54:28.296912", 
        "training_curve": [
            [
                0, 
                1.5070854823830464, 
                1.3894342155248738
            ], 
            [
                526, 
                1.2288120015673172, 
                1.2272816358132537
            ], 
            [
                1052, 
                1.1821860033046863, 
                1.2064098207280836
            ], 
            [
                1578, 
                1.1504173039731416, 
                1.1886122781569237
            ], 
            [
                2105, 
                1.1300688404033934, 
                1.18320303627675
            ], 
            [
                2631, 
                1.111541087147658, 
                1.1678728257930397
            ], 
            [
                3157, 
                1.1054811506770172, 
                1.1573603069587248
            ], 
            [
                3683, 
                1.0944923678978968, 
                1.160930287619064
            ], 
            [
                4210, 
                1.0767526793570745, 
                1.1557164164293867
            ], 
            [
                4736, 
                1.067752631184145, 
                1.1498080922843863
            ], 
            [
                5262, 
                1.0727991258824465, 
                1.1400613786037526
            ], 
            [
                5788, 
                1.0512797604775261, 
                1.143932215808907
            ], 
            [
                6315, 
                1.0426881611735708, 
                1.1417020883898885
            ], 
            [
                6841, 
                1.039546656198365, 
                1.1375839343228367
            ], 
            [
                7367, 
                1.0279910832733277, 
                1.1166444200283827
            ], 
            [
                7893, 
                1.0303525581201132, 
                1.1387068482910188
            ], 
            [
                8420, 
                1.0275313159513324, 
                1.139984235094733
            ], 
            [
                8946, 
                1.0198826924653355, 
                1.1380656649693432
            ], 
            [
                9472, 
                1.0123959946311176, 
                1.1262521857762542
            ], 
            [
                9999, 
                1.0230332231411443, 
                1.1227724019357592
            ]
        ]
    }
]