[
    {
        "jobnum": 12, 
        "model": {
            "L2_reg": 0.16299828947213768, 
            "conv_width": 14, 
            "fp_depth": 1, 
            "fp_length": 120, 
            "h1_size": 78, 
            "net_type": "conv_plus_linear"
        }, 
        "num_records": 20, 
        "task": {
            "name": "malaria", 
            "test_slices": [
                [
                    4000, 
                    6000
                ]
            ], 
            "train_slices": [
                [
                    0, 
                    2000
                ], 
                [
                    2000, 
                    4000
                ], 
                [
                    8000, 
                    10000
                ]
            ]
        }, 
        "train": {
            "batch_size": 100, 
            "init_scale": 0.0378442657541654, 
            "num_iters": 10000, 
            "seed": 3, 
            "step_size": 0.0009697793018287504
        }, 
        "varied_params": {
            "conv_width": 13.639197433342689, 
            "fp_depth": 1.281821532275325, 
            "fp_length": 120.08117412853598, 
            "h1_size": 78.33007271032875, 
            "log_L2_reg": -1.8140155722664026, 
            "log_init_scale": -3.2742758098052946, 
            "log_step_size": -6.938442036242218
        }
    }, 
    {
        "host_name": "handy", 
        "minutes_duration": 42.45591860214869, 
        "timestamp": "2021-09-01 11:01:28.466707", 
        "training_curve": [
            [
                0, 
                1.5078959720048988, 
                1.3931241486440666
            ], 
            [
                526, 
                1.393492705394415, 
                1.3202400512511328
            ], 
            [
                1052, 
                1.2778665261488045, 
                1.2539578072285433
            ], 
            [
                1578, 
                1.2131482235063789, 
                1.2109542513442815
            ], 
            [
                2105, 
                1.1945609499244718, 
                1.201019389127342
            ], 
            [
                2631, 
                1.1783221507899746, 
                1.1912929815630569
            ], 
            [
                3157, 
                1.1769652617923343, 
                1.196004391926965
            ], 
            [
                3683, 
                1.1582785589993738, 
                1.1820769007220322
            ], 
            [
                4210, 
                1.1520579396996231, 
                1.181400893325696
            ], 
            [
                4736, 
                1.1426292405695526, 
                1.1757951104744588
            ], 
            [
                5262, 
                1.147458224754349, 
                1.1832146227072313
            ], 
            [
                5788, 
                1.1301608570033514, 
                1.1692901454946532
            ], 
            [
                6315, 
                1.1289934253752711, 
                1.1748191841207067
            ], 
            [
                6841, 
                1.1263728784436386, 
                1.1755721446789769
            ], 
            [
                7367, 
                1.11777079930333, 
                1.1665107721563508
            ], 
            [
                7893, 
                1.1215875841986105, 
                1.1732793662320231
            ], 
            [
                8420, 
                1.1061606177434615, 
                1.1621757254776695
            ], 
            [
                8946, 
                1.1071679633007585, 
                1.167439706284879
            ], 
            [
                9472, 
                1.0991080561689326, 
                1.1596350253894112
            ], 
            [
                9999, 
                1.0983222820280019, 
                1.1591251079950988
            ]
        ]
    }
]