[
    {
        "jobnum": 13, 
        "model": {
            "L2_reg": 0.7638511282981276, 
            "conv_width": 8, 
            "fp_depth": 2, 
            "fp_length": 607, 
            "h1_size": 83, 
            "net_type": "morgan_plus_net"
        }, 
        "num_records": 20, 
        "task": {
            "name": "delaney", 
            "test_slices": [
                [
                    449, 
                    674
                ]
            ], 
            "train_slices": [
                [
                    0, 
                    224
                ], 
                [
                    224, 
                    449
                ], 
                [
                    899, 
                    1124
                ]
            ]
        }, 
        "train": {
            "batch_size": 100, 
            "init_scale": 0.12487648068455114, 
            "num_iters": 10000, 
            "seed": 3, 
            "step_size": 0.0005683298702230949
        }, 
        "varied_params": {
            "conv_width": 7.747870430106753, 
            "fp_depth": 1.8682182788416033, 
            "fp_length": 607.2050382885639, 
            "h1_size": 83.37051899818408, 
            "log_L2_reg": -0.26938236705147567, 
            "log_init_scale": -2.080430184749974, 
            "log_step_size": -7.472808550382432
        }
    }, 
    {
        "host_name": "clumsy", 
        "minutes_duration": 3.97357995112737, 
        "timestamp": "2021-08-06 10:09:53.221068", 
        "training_curve": [
            [
                0, 
                4.627569904489771, 
                4.752143844466029
            ], 
            [
                526, 
                0.14060400408956214, 
                1.7107051407173621
            ], 
            [
                1052, 
                0.0872355452337616, 
                1.7461018360668576
            ], 
            [
                1578, 
                0.09759977661211312, 
                1.7988407663085764
            ], 
            [
                2105, 
                0.11651021791036734, 
                1.8597785637683613
            ], 
            [
                2631, 
                0.13996183118542685, 
                1.9171590483411263
            ], 
            [
                3157, 
                0.16425620010590242, 
                1.969143134100495
            ], 
            [
                3683, 
                0.17306151016486038, 
                1.9632177343604449
            ], 
            [
                4210, 
                0.17776034488257764, 
                1.9508652909685567
            ], 
            [
                4736, 
                0.1901009433668848, 
                1.9760455119597853
            ], 
            [
                5262, 
                0.1835110275377162, 
                1.9192636827726295
            ], 
            [
                5788, 
                0.19110513599916343, 
                1.9384702727581404
            ], 
            [
                6315, 
                0.1856525857789316, 
                1.8963484674315523
            ], 
            [
                6841, 
                0.19079834050115038, 
                1.9021315876437748
            ], 
            [
                7367, 
                0.18944978288778275, 
                1.8825077894755324
            ], 
            [
                7893, 
                0.18819972029152063, 
                1.8741034631085216
            ], 
            [
                8420, 
                0.190426884926784, 
                1.8777290309752137
            ], 
            [
                8946, 
                0.19605829251989448, 
                1.856195899628293
            ], 
            [
                9472, 
                0.19698566621190494, 
                1.8764502533260985
            ], 
            [
                9999, 
                0.1928452655191525, 
                1.8651047491856656
            ]
        ]
    }
]