[
    {
        "jobnum": 14, 
        "model": {
            "L2_reg": 0.5613179907412793, 
            "conv_width": 16, 
            "fp_depth": 2, 
            "fp_length": 124, 
            "h1_size": 91, 
            "net_type": "conv_plus_linear"
        }, 
        "num_records": 20, 
        "task": {
            "name": "delaney", 
            "test_slices": [
                [
                    449, 
                    674
                ]
            ], 
            "train_slices": [
                [
                    0, 
                    224
                ], 
                [
                    224, 
                    449
                ], 
                [
                    899, 
                    1124
                ]
            ]
        }, 
        "train": {
            "batch_size": 100, 
            "init_scale": 0.05003599792599834, 
            "num_iters": 10000, 
            "seed": 3, 
            "step_size": 0.0003418227961038568
        }, 
        "varied_params": {
            "conv_width": 16.027910331838925, 
            "fp_depth": 1.8100239195764947, 
            "fp_length": 123.76511705315308, 
            "h1_size": 91.44700146086817, 
            "log_L2_reg": -0.5774677056301591, 
            "log_init_scale": -2.995012574079832, 
            "log_step_size": -7.981218095229812
        }
    }, 
    {
        "host_name": "papaschlumpf", 
        "minutes_duration": 24.53779303630193, 
        "timestamp": "2021-08-06 07:14:55.315151", 
        "training_curve": [
            [
                0, 
                4.02197764639246, 
                3.996039041996346
            ], 
            [
                526, 
                1.701007419501625, 
                1.7113166364777455
            ], 
            [
                1052, 
                0.8853242914187763, 
                0.9012149249416418
            ], 
            [
                1578, 
                0.6522007558215737, 
                0.7253611878186716
            ], 
            [
                2105, 
                0.5373624377208872, 
                0.6430035852746139
            ], 
            [
                2631, 
                0.4711392148250569, 
                0.5975807698674616
            ], 
            [
                3157, 
                0.42875935593679837, 
                0.578175449039962
            ], 
            [
                3683, 
                0.3974652274552394, 
                0.5724189087407777
            ], 
            [
                4210, 
                0.3740805292643336, 
                0.5720364411278168
            ], 
            [
                4736, 
                0.35549354774337155, 
                0.5756266650669192
            ], 
            [
                5262, 
                0.33883966321405357, 
                0.5784566366295204
            ], 
            [
                5788, 
                0.32348642571698866, 
                0.58114322295257
            ], 
            [
                6315, 
                0.30890218053973456, 
                0.5837593736470889
            ], 
            [
                6841, 
                0.29605482506264524, 
                0.5875757291039746
            ], 
            [
                7367, 
                0.28426446775092123, 
                0.5880949077929054
            ], 
            [
                7893, 
                0.2731588572220678, 
                0.5932820524015208
            ], 
            [
                8420, 
                0.26229654451715745, 
                0.6017891511669549
            ], 
            [
                8946, 
                0.25146351672738526, 
                0.6079716528856334
            ], 
            [
                9472, 
                0.24090722172653092, 
                0.6187148072415384
            ], 
            [
                9999, 
                0.23049771611105005, 
                0.6357006075773962
            ]
        ]
    }
]