[
    {
        "jobnum": 14, 
        "model": {
            "L2_reg": 0.5613179907412793, 
            "conv_width": 16, 
            "fp_depth": 2, 
            "fp_length": 986, 
            "h1_size": 91, 
            "net_type": "mean"
        }, 
        "num_records": 20, 
        "task": {
            "name": "delaney", 
            "test_slices": [
                [
                    449, 
                    674
                ]
            ], 
            "train_slices": [
                [
                    0, 
                    224
                ], 
                [
                    224, 
                    449
                ], 
                [
                    899, 
                    1124
                ]
            ]
        }, 
        "train": {
            "batch_size": 100, 
            "init_scale": 0.05003599792599834, 
            "num_iters": 10000, 
            "seed": 3, 
            "step_size": 0.0003418227961038568
        }, 
        "varied_params": {
            "conv_width": 16.027910331838925, 
            "fp_depth": 1.8100239195764947, 
            "fp_length": 985.8860534783778, 
            "h1_size": 91.44700146086817, 
            "log_L2_reg": -0.5774677056301591, 
            "log_init_scale": -2.995012574079832, 
            "log_step_size": -7.981218095229812
        }
    }, 
    {
        "host_name": "hefty", 
        "minutes_duration": 0.05261613130569458, 
        "timestamp": "2021-08-06 10:27:12.210496", 
        "training_curve": [
            [
                0, 
                4.291960111573536, 
                4.345930275576661
            ], 
            [
                526, 
                4.259965123940193, 
                4.310196599680673
            ], 
            [
                1052, 
                4.258074503459367, 
                4.307466333495452
            ], 
            [
                1578, 
                4.257939627477454, 
                4.3071791134228015
            ], 
            [
                2105, 
                4.2579236062035735, 
                4.307138101049564
            ], 
            [
                2631, 
                4.257920904569114, 
                4.307130900137687
            ], 
            [
                3157, 
                4.257921466924445, 
                4.307132406734595
            ], 
            [
                3683, 
                4.257919948645252, 
                4.3071283295823966
            ], 
            [
                4210, 
                4.257920074440676, 
                4.30712866855135
            ], 
            [
                4736, 
                4.257920444231339, 
                4.307129663766845
            ], 
            [
                5262, 
                4.257920570344576, 
                4.307130002758953
            ], 
            [
                5788, 
                4.257920413044179, 
                4.307129579903301
            ], 
            [
                6315, 
                4.257919933220032, 
                4.307128288002912
            ], 
            [
                6841, 
                4.2579200314598165, 
                4.30712855275877
            ], 
            [
                7367, 
                4.257920070829334, 
                4.3071286588231645
            ], 
            [
                7893, 
                4.257920443207543, 
                4.307129661014021
            ], 
            [
                8420, 
                4.257920412794395, 
                4.30712957923157
            ], 
            [
                8946, 
                4.257921387857886, 
                4.307132195157445
            ], 
            [
                9472, 
                4.257919933005672, 
                4.307128287425068
            ], 
            [
                9999, 
                4.257920070763801, 
                4.307128658646633
            ]
        ]
    }
]