[
    {
        "jobnum": 15, 
        "model": {
            "L2_reg": 0.24123474988499183, 
            "conv_width": 19, 
            "fp_depth": 2, 
            "fp_length": 66, 
            "h1_size": 79, 
            "net_type": "conv_plus_net"
        }, 
        "num_records": 20, 
        "task": {
            "name": "delaney", 
            "test_slices": [
                [
                    449, 
                    674
                ]
            ], 
            "train_slices": [
                [
                    0, 
                    224
                ], 
                [
                    224, 
                    449
                ], 
                [
                    899, 
                    1124
                ]
            ]
        }, 
        "train": {
            "batch_size": 100, 
            "init_scale": 0.004581931293729009, 
            "num_iters": 10000, 
            "seed": 3, 
            "step_size": 0.003582006090948924
        }, 
        "varied_params": {
            "conv_width": 19.291235172754774, 
            "fp_depth": 1.669244897921855, 
            "fp_length": 66.07804240517427, 
            "h1_size": 78.80786672089184, 
            "log_L2_reg": -1.421984753673013, 
            "log_init_scale": -5.385634689884512, 
            "log_step_size": -5.631832274912644
        }
    }, 
    {
        "host_name": "schlaubi", 
        "minutes_duration": 28.276970450083414, 
        "timestamp": "2021-08-06 02:45:36.294495", 
        "training_curve": [
            [
                0, 
                4.257527600326962, 
                4.3066280057663215
            ], 
            [
                526, 
                0.25477411098459934, 
                0.4371264400396361
            ], 
            [
                1052, 
                0.1644844819027892, 
                0.5447705632921732
            ], 
            [
                1578, 
                0.1475304140129421, 
                0.5468545943477771
            ], 
            [
                2105, 
                0.13611758940965815, 
                0.610218753844476
            ], 
            [
                2631, 
                0.09867517898609333, 
                0.6506818545374348
            ], 
            [
                3157, 
                0.10557675898878187, 
                0.7022707309524033
            ], 
            [
                3683, 
                0.08420539629029121, 
                0.7255568299956638
            ], 
            [
                4210, 
                0.11360958949767154, 
                0.6891242078172637
            ], 
            [
                4736, 
                0.1024656551876733, 
                0.7274376932086446
            ], 
            [
                5262, 
                0.09170690374466786, 
                0.7694991611738777
            ], 
            [
                5788, 
                0.0914540624185809, 
                0.7175305881623162
            ], 
            [
                6315, 
                0.0919797683855339, 
                0.7460694616280724
            ], 
            [
                6841, 
                0.07187667985958883, 
                0.754620112074353
            ], 
            [
                7367, 
                0.08451259561271042, 
                0.7806164663424897
            ], 
            [
                7893, 
                0.06932383951243715, 
                0.7672796243470811
            ], 
            [
                8420, 
                0.06706790512610329, 
                0.7604546409862137
            ], 
            [
                8946, 
                0.07727528165511444, 
                0.7626617737132625
            ], 
            [
                9472, 
                0.07395024769995662, 
                0.7594888136781994
            ], 
            [
                9999, 
                0.07620361068212303, 
                0.7998596191212143
            ]
        ]
    }
]