[
    {
        "jobnum": 16, 
        "model": {
            "L2_reg": 1.665928386655229, 
            "conv_width": 18, 
            "fp_depth": 2, 
            "fp_length": 602, 
            "h1_size": 85, 
            "net_type": "mean"
        }, 
        "num_records": 20, 
        "task": {
            "name": "cep", 
            "test_slices": [
                [
                    8000, 
                    12000
                ]
            ], 
            "train_slices": [
                [
                    0, 
                    4000
                ], 
                [
                    4000, 
                    8000
                ], 
                [
                    16000, 
                    20000
                ]
            ]
        }, 
        "train": {
            "batch_size": 100, 
            "init_scale": 0.003978137844587124, 
            "num_iters": 10000, 
            "seed": 3, 
            "step_size": 0.0011024148396445355
        }, 
        "varied_params": {
            "conv_width": 18.216547956667423, 
            "fp_depth": 2.189517222540954, 
            "fp_length": 601.9230556169456, 
            "h1_size": 84.97396376587523, 
            "log_L2_reg": 0.5103825576198178, 
            "log_init_scale": -5.526941447419411, 
            "log_step_size": -6.810252196579466
        }
    }, 
    {
        "host_name": "hefty", 
        "minutes_duration": 0.04199781815210978, 
        "timestamp": "2021-09-09 22:38:45.559088", 
        "training_curve": [
            [
                0, 
                6.367938716426542, 
                6.381410307348202
            ], 
            [
                526, 
                6.367684607562121, 
                6.38148293071033
            ], 
            [
                1052, 
                6.367729999656667, 
                6.381292482929469
            ], 
            [
                1578, 
                6.367617147642234, 
                6.381323765457772
            ], 
            [
                2105, 
                6.367767615273892, 
                6.381616245062006
            ], 
            [
                2631, 
                6.367754772413228, 
                6.381303490617187
            ], 
            [
                3157, 
                6.367619026917721, 
                6.381334841485666
            ], 
            [
                3683, 
                6.367618452184552, 
                6.381295646356322
            ], 
            [
                4210, 
                6.3676163579100535, 
                6.381309622683469
            ], 
            [
                4736, 
                6.367781244862359, 
                6.381636630461366
            ], 
            [
                5262, 
                6.367732990791045, 
                6.3812937372862475
            ], 
            [
                5788, 
                6.367616983596923, 
                6.381302256964328
            ], 
            [
                6315, 
                6.367644136871789, 
                6.381405200950272
            ], 
            [
                6841, 
                6.367649224109237, 
                6.381273098694933
            ], 
            [
                7367, 
                6.367702702456702, 
                6.38151386968094
            ], 
            [
                7893, 
                6.36774230389209, 
                6.381297780847255
            ], 
            [
                8420, 
                6.367617218026673, 
                6.3813243108301165
            ], 
            [
                8946, 
                6.367754389810175, 
                6.381596166433289
            ], 
            [
                9472, 
                6.367745329147717, 
                6.38129913656067
            ], 
            [
                9999, 
                6.367621728029801, 
                6.381346030901976
            ]
        ]
    }
]