[
    {
        "jobnum": 16, 
        "model": {
            "L2_reg": 1.665928386655229, 
            "conv_width": 18, 
            "fp_depth": 2, 
            "fp_length": 602, 
            "h1_size": 85, 
            "net_type": "mean"
        }, 
        "num_records": 20, 
        "task": {
            "name": "delaney", 
            "test_slices": [
                [
                    449, 
                    674
                ]
            ], 
            "train_slices": [
                [
                    0, 
                    224
                ], 
                [
                    224, 
                    449
                ], 
                [
                    899, 
                    1124
                ]
            ]
        }, 
        "train": {
            "batch_size": 100, 
            "init_scale": 0.003978137844587124, 
            "num_iters": 10000, 
            "seed": 3, 
            "step_size": 0.0011024148396445355
        }, 
        "varied_params": {
            "conv_width": 18.216547956667423, 
            "fp_depth": 2.189517222540954, 
            "fp_length": 601.9230556169456, 
            "h1_size": 84.97396376587523, 
            "log_L2_reg": 0.5103825576198178, 
            "log_init_scale": -5.526941447419411, 
            "log_step_size": -6.810252196579466
        }
    }, 
    {
        "host_name": "clumsy", 
        "minutes_duration": 0.050177220503489176, 
        "timestamp": "2021-08-06 10:27:18.168538", 
        "training_curve": [
            [
                0, 
                4.258072378321448, 
                4.307462263141869
            ], 
            [
                526, 
                4.257919068683365, 
                4.307125952455979
            ], 
            [
                1052, 
                4.2579192461172815, 
                4.307126432622821
            ], 
            [
                1578, 
                4.257919348131037, 
                4.3071267084949465
            ], 
            [
                2105, 
                4.2579209466524475, 
                4.30713101302548
            ], 
            [
                2631, 
                4.257920434665795, 
                4.3071296380460815
            ], 
            [
                3157, 
                4.257923603362953, 
                4.307138093526477
            ], 
            [
                3683, 
                4.2579188884179695, 
                4.307125464184598
            ], 
            [
                4210, 
                4.257919328057149, 
                4.307126654221063
            ], 
            [
                4736, 
                4.257920526213269, 
                4.307129884158058
            ], 
            [
                5262, 
                4.257920936122402, 
                4.307130984781
            ], 
            [
                5788, 
                4.257920428908825, 
                4.307129622565594
            ], 
            [
                6315, 
                4.2579188864527815, 
                4.307125458859179
            ], 
            [
                6841, 
                4.25791920037876, 
                4.30712630888767
            ], 
            [
                7367, 
                4.257919326905567, 
                4.30712665110736
            ], 
            [
                7893, 
                4.257920525548136, 
                4.307129882370346
            ], 
            [
                8420, 
                4.257920428690437, 
                4.3071296219783415
            ], 
            [
                8946, 
                4.257923599910558, 
                4.307138084383034
            ], 
            [
                9472, 
                4.257918886311121, 
                4.307125458475294
            ], 
            [
                9999, 
                4.257919326858908, 
                4.307126650981201
            ]
        ]
    }
]