[
    {
        "jobnum": 17, 
        "model": {
            "L2_reg": 0.13677679100455933, 
            "conv_width": 15, 
            "fp_depth": 4, 
            "fp_length": 63, 
            "h1_size": 85, 
            "net_type": "conv_plus_net"
        }, 
        "num_records": 20, 
        "task": {
            "name": "delaney", 
            "test_slices": [
                [
                    449, 
                    674
                ]
            ], 
            "train_slices": [
                [
                    0, 
                    224
                ], 
                [
                    224, 
                    449
                ], 
                [
                    899, 
                    1124
                ]
            ]
        }, 
        "train": {
            "batch_size": 100, 
            "init_scale": 0.011967353760268416, 
            "num_iters": 10000, 
            "seed": 3, 
            "step_size": 0.006102950838691979
        }, 
        "varied_params": {
            "conv_width": 14.65985298844456, 
            "fp_depth": 3.8682509041696718, 
            "fp_length": 63.47176543851612, 
            "h1_size": 84.6265795038883, 
            "log_L2_reg": -1.989404944586382, 
            "log_init_scale": -4.425572856511698, 
            "log_step_size": -5.098982880721438
        }
    }, 
    {
        "host_name": "handy", 
        "minutes_duration": 40.939446433385214, 
        "timestamp": "2021-08-06 03:04:13.270055", 
        "training_curve": [
            [
                0, 
                4.257970057992285, 
                4.306773000212774
            ], 
            [
                526, 
                0.1982995592936772, 
                0.47037037378781843
            ], 
            [
                1052, 
                0.11873933468115357, 
                0.5727442799946445
            ], 
            [
                1578, 
                0.09746540074553645, 
                0.5369078396273149
            ], 
            [
                2105, 
                0.08932500104706811, 
                0.5676451032137282
            ], 
            [
                2631, 
                0.09468994480606119, 
                0.6046244086469286
            ], 
            [
                3157, 
                0.11423397182237288, 
                0.6714094250016202
            ], 
            [
                3683, 
                0.11003870877924528, 
                0.6281346805119988
            ], 
            [
                4210, 
                0.09361024378715035, 
                0.6698272109147532
            ], 
            [
                4736, 
                0.10709191631929517, 
                0.6068083605660276
            ], 
            [
                5262, 
                0.09305010405448574, 
                0.6262821877969246
            ], 
            [
                5788, 
                0.08680224081079022, 
                0.6606598016253225
            ], 
            [
                6315, 
                0.0735083617470544, 
                0.674673732287572
            ], 
            [
                6841, 
                0.07591145972246209, 
                0.6293389074657257
            ], 
            [
                7367, 
                0.08604147392075077, 
                0.6414678416983106
            ], 
            [
                7893, 
                0.08274466084560982, 
                0.6509277949960448
            ], 
            [
                8420, 
                0.07722336772156148, 
                0.6310375867814046
            ], 
            [
                8946, 
                0.07248877279699555, 
                0.6441536817018171
            ], 
            [
                9472, 
                0.08350222981521119, 
                0.6341483020377395
            ], 
            [
                9999, 
                0.1621999259017579, 
                0.711089619919301
            ]
        ]
    }
]