[
    {
        "jobnum": 18, 
        "model": {
            "L2_reg": 0.48742848338307015, 
            "conv_width": 14, 
            "fp_depth": 2, 
            "fp_length": 64, 
            "h1_size": 51, 
            "net_type": "conv_plus_net"
        }, 
        "num_records": 20, 
        "task": {
            "name": "malaria", 
            "test_slices": [
                [
                    4000, 
                    6000
                ]
            ], 
            "train_slices": [
                [
                    0, 
                    2000
                ], 
                [
                    2000, 
                    4000
                ], 
                [
                    8000, 
                    10000
                ]
            ]
        }, 
        "train": {
            "batch_size": 100, 
            "init_scale": 0.07871699054062835, 
            "num_iters": 10000, 
            "seed": 3, 
            "step_size": 0.0011208132587385696
        }, 
        "varied_params": {
            "conv_width": 14.270231434982623, 
            "fp_depth": 1.8702328216313322, 
            "fp_length": 64.0220945059258, 
            "h1_size": 50.95965991546667, 
            "log_L2_reg": -0.7186117000585197, 
            "log_init_scale": -2.541896256889801, 
            "log_step_size": -6.793700733301803
        }
    }, 
    {
        "host_name": "hefty", 
        "minutes_duration": 27.355567582448323, 
        "timestamp": "2021-09-01 04:35:52.208749", 
        "training_curve": [
            [
                0, 
                1.5060093725229922, 
                1.3861253256102162
            ], 
            [
                526, 
                1.186190588352847, 
                1.1877359004167563
            ], 
            [
                1052, 
                1.1438320863568616, 
                1.1698617801129974
            ], 
            [
                1578, 
                1.1144482232761332, 
                1.161299106127433
            ], 
            [
                2105, 
                1.0952995200678515, 
                1.1779221023601298
            ], 
            [
                2631, 
                1.0567927562046193, 
                1.1423821677123183
            ], 
            [
                3157, 
                1.0415588231798687, 
                1.1188921323658325
            ], 
            [
                3683, 
                1.0283546622069475, 
                1.1285522642684518
            ], 
            [
                4210, 
                1.0124669783651743, 
                1.1524231523519803
            ], 
            [
                4736, 
                0.9858284141265142, 
                1.1236001118528818
            ], 
            [
                5262, 
                0.9910508087057508, 
                1.1103216736769659
            ], 
            [
                5788, 
                0.9595301686186966, 
                1.1195751135257783
            ], 
            [
                6315, 
                0.9422660666632633, 
                1.1340047758670593
            ], 
            [
                6841, 
                0.9494180230410605, 
                1.1519241710964048
            ], 
            [
                7367, 
                0.9175349241166313, 
                1.098983463036199
            ], 
            [
                7893, 
                0.9045982220443253, 
                1.1160872068959276
            ], 
            [
                8420, 
                0.8932781411579341, 
                1.1383944480929789
            ], 
            [
                8946, 
                0.9048796286117553, 
                1.186751004375144
            ], 
            [
                9472, 
                0.8744631423004267, 
                1.1287673486726986
            ], 
            [
                9999, 
                0.907808416105736, 
                1.1553243380155822
            ]
        ]
    }
]