[
    {
        "jobnum": 18, 
        "model": {
            "L2_reg": 0.48742848338307015, 
            "conv_width": 14, 
            "fp_depth": 2, 
            "fp_length": 448, 
            "h1_size": 51, 
            "net_type": "morgan_plus_net"
        }, 
        "num_records": 20, 
        "task": {
            "name": "delaney", 
            "test_slices": [
                [
                    449, 
                    674
                ]
            ], 
            "train_slices": [
                [
                    0, 
                    224
                ], 
                [
                    224, 
                    449
                ], 
                [
                    899, 
                    1124
                ]
            ]
        }, 
        "train": {
            "batch_size": 100, 
            "init_scale": 0.07871699054062835, 
            "num_iters": 10000, 
            "seed": 3, 
            "step_size": 0.0011208132587385696
        }, 
        "varied_params": {
            "conv_width": 14.270231434982623, 
            "fp_depth": 1.8702328216313322, 
            "fp_length": 448.19885055333225, 
            "h1_size": 50.95965991546667, 
            "log_L2_reg": -0.7186117000585197, 
            "log_init_scale": -2.541896256889801, 
            "log_step_size": -6.793700733301803
        }
    }, 
    {
        "host_name": "hefty", 
        "minutes_duration": 2.132583733399709, 
        "timestamp": "2021-08-06 10:13:13.889772", 
        "training_curve": [
            [
                0, 
                4.361991077192052, 
                4.37968761334776
            ], 
            [
                526, 
                0.10310940034196112, 
                1.7395141180162348
            ], 
            [
                1052, 
                0.08713651004462997, 
                1.8424635659491964
            ], 
            [
                1578, 
                0.11285105582766103, 
                1.9144212337687123
            ], 
            [
                2105, 
                0.1479300339966767, 
                1.9778534639047467
            ], 
            [
                2631, 
                0.16542658490258047, 
                2.0229510300208573
            ], 
            [
                3157, 
                0.17865758460058878, 
                2.0295723250894033
            ], 
            [
                3683, 
                0.18285628075508553, 
                2.0260589737350148
            ], 
            [
                4210, 
                0.18619176024941317, 
                2.024205296062897
            ], 
            [
                4736, 
                0.18101181859470736, 
                1.9976255667590694
            ], 
            [
                5262, 
                0.18427225871381675, 
                2.018172602664075
            ], 
            [
                5788, 
                0.18429958708870225, 
                1.9968984780682328
            ], 
            [
                6315, 
                0.1767646526456339, 
                1.9983215728299766
            ], 
            [
                6841, 
                0.17920603751777656, 
                1.9940316627118289
            ], 
            [
                7367, 
                0.1861361492809024, 
                2.0007221304300056
            ], 
            [
                7893, 
                0.17238990033503623, 
                1.986540700981704
            ], 
            [
                8420, 
                0.176814400484412, 
                1.9664074928466917
            ], 
            [
                8946, 
                0.17616519841913236, 
                1.989657723131052
            ], 
            [
                9472, 
                0.1699888205791574, 
                1.9838402721229855
            ], 
            [
                9999, 
                0.17865607918935558, 
                1.9874590249714816
            ]
        ]
    }
]