[
    {
        "jobnum": 18, 
        "model": {
            "L2_reg": 0.48742848338307015, 
            "conv_width": 14, 
            "fp_depth": 2, 
            "fp_length": 448, 
            "h1_size": 51, 
            "net_type": "morgan_plus_linear"
        }, 
        "num_records": 20, 
        "task": {
            "name": "delaney", 
            "test_slices": [
                [
                    449, 
                    674
                ]
            ], 
            "train_slices": [
                [
                    0, 
                    224
                ], 
                [
                    224, 
                    449
                ], 
                [
                    899, 
                    1124
                ]
            ]
        }, 
        "train": {
            "batch_size": 100, 
            "init_scale": 0.07871699054062835, 
            "num_iters": 10000, 
            "seed": 3, 
            "step_size": 0.0011208132587385696
        }, 
        "varied_params": {
            "conv_width": 14.270231434982623, 
            "fp_depth": 1.8702328216313322, 
            "fp_length": 448.19885055333225, 
            "h1_size": 50.95965991546667, 
            "log_L2_reg": -0.7186117000585197, 
            "log_init_scale": -2.541896256889801, 
            "log_step_size": -6.793700733301803
        }
    }, 
    {
        "host_name": "papaschlumpf", 
        "minutes_duration": 0.2702118674914042, 
        "timestamp": "2021-08-06 05:26:39.893974", 
        "training_curve": [
            [
                0, 
                4.9296717813697555, 
                5.20252718936345
            ], 
            [
                526, 
                1.1341070983784567, 
                2.142011658626186
            ], 
            [
                1052, 
                0.8298587894045351, 
                2.3717752598231234
            ], 
            [
                1578, 
                0.7175915793841154, 
                2.594593561039667
            ], 
            [
                2105, 
                0.6624157164152965, 
                2.741224544884856
            ], 
            [
                2631, 
                0.6308405626432022, 
                2.834797375436779
            ], 
            [
                3157, 
                0.6109957373969968, 
                2.897438077053027
            ], 
            [
                3683, 
                0.5977850147065985, 
                2.9420999369407954
            ], 
            [
                4210, 
                0.5886604799335446, 
                2.9747020191775966
            ], 
            [
                4736, 
                0.5822236825697966, 
                2.998225480925988
            ], 
            [
                5262, 
                0.5775899177949791, 
                3.015297506040059
            ], 
            [
                5788, 
                0.5741892492941573, 
                3.028339176800016
            ], 
            [
                6315, 
                0.5717565190514867, 
                3.0394883691023065
            ], 
            [
                6841, 
                0.5699192872180942, 
                3.0466723741248027
            ], 
            [
                7367, 
                0.5685150747169005, 
                3.051924389119908
            ], 
            [
                7893, 
                0.5674480757839828, 
                3.054886285098505
            ], 
            [
                8420, 
                0.5665824832345253, 
                3.056075523068263
            ], 
            [
                8946, 
                0.5659883239792661, 
                3.0581325836470645
            ], 
            [
                9472, 
                0.5655325070072347, 
                3.0600465486157016
            ], 
            [
                9999, 
                0.5651615805989191, 
                3.060954109410159
            ]
        ]
    }
]