[
    {
        "jobnum": 18, 
        "model": {
            "L2_reg": 0.48742848338307015, 
            "conv_width": 14, 
            "fp_depth": 2, 
            "fp_length": 448, 
            "h1_size": 51, 
            "net_type": "mean"
        }, 
        "num_records": 20, 
        "task": {
            "name": "malaria", 
            "test_slices": [
                [
                    4000, 
                    6000
                ]
            ], 
            "train_slices": [
                [
                    0, 
                    2000
                ], 
                [
                    2000, 
                    4000
                ], 
                [
                    8000, 
                    10000
                ]
            ]
        }, 
        "train": {
            "batch_size": 100, 
            "init_scale": 0.07871699054062835, 
            "num_iters": 10000, 
            "seed": 3, 
            "step_size": 0.0011208132587385696
        }, 
        "varied_params": {
            "conv_width": 14.270231434982623, 
            "fp_depth": 1.8702328216313322, 
            "fp_length": 448.19885055333225, 
            "h1_size": 50.95965991546667, 
            "log_L2_reg": -0.7186117000585197, 
            "log_init_scale": -2.541896256889801, 
            "log_step_size": -6.793700733301803
        }
    }, 
    {
        "host_name": "hefty", 
        "minutes_duration": 0.04228370189666748, 
        "timestamp": "2021-09-01 16:03:05.283460", 
        "training_curve": [
            [
                0, 
                1.526557586382293, 
                1.407517893637549
            ], 
            [
                526, 
                1.4968857721454134, 
                1.3824091841599153
            ], 
            [
                1052, 
                1.496884312471527, 
                1.3823767846243058
            ], 
            [
                1578, 
                1.4968869257418742, 
                1.3823360127216113
            ], 
            [
                2105, 
                1.4968852332797926, 
                1.3823515962204238
            ], 
            [
                2631, 
                1.4968895285894415, 
                1.38244123202832
            ], 
            [
                3157, 
                1.496889153630952, 
                1.3824386576946461
            ], 
            [
                3683, 
                1.4968877666116922, 
                1.3823304896284034
            ], 
            [
                4210, 
                1.496887139520312, 
                1.3823345216825156
            ], 
            [
                4736, 
                1.496885516256146, 
                1.3824060095931325
            ], 
            [
                5262, 
                1.4968905127074779, 
                1.3824476383289321
            ], 
            [
                5788, 
                1.496886855070681, 
                1.3823365208649367
            ], 
            [
                6315, 
                1.4968863042002705, 
                1.3823407897342228
            ], 
            [
                6841, 
                1.4968849683786811, 
                1.382355266718525
            ], 
            [
                7367, 
                1.4968895990850153, 
                1.3824417070960284
            ], 
            [
                7893, 
                1.4968844240446109, 
                1.3823848713845386
            ], 
            [
                8420, 
                1.496886890523383, 
                1.3823362649599371
            ], 
            [
                8946, 
                1.496885312904384, 
                1.3823506076802803
            ], 
            [
                9472, 
                1.4968886110136366, 
                1.3824347754694581
            ], 
            [
                9999, 
                1.4968907137907561, 
                1.3824488929927505
            ]
        ]
    }
]