[
    {
        "jobnum": 19, 
        "model": {
            "L2_reg": 0.2799853748054875, 
            "conv_width": 15, 
            "fp_depth": 3, 
            "fp_length": 673, 
            "h1_size": 65, 
            "net_type": "mean"
        }, 
        "num_records": 20, 
        "task": {
            "name": "malaria", 
            "test_slices": [
                [
                    4000, 
                    6000
                ]
            ], 
            "train_slices": [
                [
                    0, 
                    2000
                ], 
                [
                    2000, 
                    4000
                ], 
                [
                    8000, 
                    10000
                ]
            ]
        }, 
        "train": {
            "batch_size": 100, 
            "init_scale": 0.024096859896253434, 
            "num_iters": 10000, 
            "seed": 3, 
            "step_size": 0.003279250603624976
        }, 
        "varied_params": {
            "conv_width": 14.798012297857005, 
            "fp_depth": 2.7229757465487365, 
            "fp_length": 673.3200961617024, 
            "h1_size": 64.91411629780154, 
            "log_L2_reg": -1.2730179100146142, 
            "log_init_scale": -3.725673741735896, 
            "log_step_size": -5.720140357194941
        }
    }, 
    {
        "host_name": "papaschlumpf", 
        "minutes_duration": 0.0486756165822347, 
        "timestamp": "2021-09-01 16:03:08.264937", 
        "training_curve": [
            [
                0, 
                1.4996649812322935, 
                1.3837694745510338
            ], 
            [
                526, 
                1.4969324984652923, 
                1.3826067202872114
            ], 
            [
                1052, 
                1.4968853805792817, 
                1.382404199625389
            ], 
            [
                1578, 
                1.4969117563060872, 
                1.3822655685512828
            ], 
            [
                2105, 
                1.4969005156470385, 
                1.3822862449982343
            ], 
            [
                2631, 
                1.4969278560382697, 
                1.3825930590161324
            ], 
            [
                3157, 
                1.4969412532818407, 
                1.382631371170989
            ], 
            [
                3683, 
                1.4969131869811942, 
                1.3822634529770697
            ], 
            [
                4210, 
                1.4969199066715178, 
                1.3822545848214614
            ], 
            [
                4736, 
                1.4968905948163624, 
                1.3824481526828383
            ], 
            [
                5262, 
                1.4969507109605185, 
                1.3826566805647436
            ], 
            [
                5788, 
                1.4969009433888127, 
                1.3822852842565252
            ], 
            [
                6315, 
                1.496907540609088, 
                1.3822723778752375
            ], 
            [
                6841, 
                1.496896316600772, 
                1.3822967925856946
            ], 
            [
                7367, 
                1.4969346363836529, 
                1.382612865011916
            ], 
            [
                7893, 
                1.4968882200301707, 
                1.3824318453620974
            ], 
            [
                8420, 
                1.4969085680900147, 
                1.3822706317595759
            ], 
            [
                8946, 
                1.4969011502601048, 
                1.3822848260147897
            ], 
            [
                9472, 
                1.4969182842092315, 
                1.3825632265049785
            ], 
            [
                9999, 
                1.4969556071361148, 
                1.3826693390759612
            ]
        ]
    }
]