[
    {
        "jobnum": 19, 
        "model": {
            "L2_reg": 0.2799853748054875, 
            "conv_width": 15, 
            "fp_depth": 3, 
            "fp_length": 673, 
            "h1_size": 65, 
            "net_type": "morgan_plus_linear"
        }, 
        "num_records": 20, 
        "task": {
            "name": "delaney", 
            "test_slices": [
                [
                    449, 
                    674
                ]
            ], 
            "train_slices": [
                [
                    0, 
                    224
                ], 
                [
                    224, 
                    449
                ], 
                [
                    899, 
                    1124
                ]
            ]
        }, 
        "train": {
            "batch_size": 100, 
            "init_scale": 0.024096859896253434, 
            "num_iters": 10000, 
            "seed": 3, 
            "step_size": 0.003279250603624976
        }, 
        "varied_params": {
            "conv_width": 14.798012297857005, 
            "fp_depth": 2.7229757465487365, 
            "fp_length": 673.3200961617024, 
            "h1_size": 64.91411629780154, 
            "log_L2_reg": -1.2730179100146142, 
            "log_init_scale": -3.725673741735896, 
            "log_step_size": -5.720140357194941
        }
    }, 
    {
        "host_name": "hefty", 
        "minutes_duration": 0.3608519832293193, 
        "timestamp": "2021-08-06 05:26:51.574890", 
        "training_curve": [
            [
                0, 
                4.605117495912807, 
                4.688982300962334
            ], 
            [
                526, 
                0.3830522108446655, 
                2.9294747294813743
            ], 
            [
                1052, 
                0.25461783043244895, 
                3.7471298478141306
            ], 
            [
                1578, 
                0.20719705624932747, 
                4.345533331324651
            ], 
            [
                2105, 
                0.1837714896374469, 
                4.764146216146671
            ], 
            [
                2631, 
                0.17080887000623174, 
                5.042874521403859
            ], 
            [
                3157, 
                0.16332528110733244, 
                5.2248820259905555
            ], 
            [
                3683, 
                0.15882214168109918, 
                5.345601432546747
            ], 
            [
                4210, 
                0.15594640477856916, 
                5.426154517526805
            ], 
            [
                4736, 
                0.1541602562000754, 
                5.485626644262383
            ], 
            [
                5262, 
                0.1529039235153533, 
                5.52715244984273
            ], 
            [
                5788, 
                0.15201841851028594, 
                5.558999970349209
            ], 
            [
                6315, 
                0.15157304740683678, 
                5.579188373936104
            ], 
            [
                6841, 
                0.1512377540320405, 
                5.592778944329839
            ], 
            [
                7367, 
                0.15086534717959807, 
                5.605664383620523
            ], 
            [
                7893, 
                0.15069874984914214, 
                5.617343718794101
            ], 
            [
                8420, 
                0.1504212903103862, 
                5.626968078850028
            ], 
            [
                8946, 
                0.15036271768586548, 
                5.631546713672591
            ], 
            [
                9472, 
                0.1503431868980114, 
                5.634611271141578
            ], 
            [
                9999, 
                0.15024964848977454, 
                5.635231775338426
            ]
        ]
    }
]