[
    {
        "jobnum": 1, 
        "model": {
            "L2_reg": 0.05326542476477831, 
            "conv_width": 13, 
            "fp_depth": 3, 
            "fp_length": 589, 
            "h1_size": 95, 
            "net_type": "mean"
        }, 
        "num_records": 20, 
        "task": {
            "name": "cep", 
            "test_slices": [
                [
                    8000, 
                    12000
                ]
            ], 
            "train_slices": [
                [
                    0, 
                    4000
                ], 
                [
                    4000, 
                    8000
                ], 
                [
                    16000, 
                    20000
                ]
            ]
        }, 
        "train": {
            "batch_size": 100, 
            "init_scale": 0.003337989654124867, 
            "num_iters": 10000, 
            "seed": 3, 
            "step_size": 0.01583790822219237
        }, 
        "varied_params": {
            "conv_width": 12.933423796293567, 
            "fp_depth": 3.3751751142479938, 
            "fp_length": 588.5889175826837, 
            "h1_size": 94.58865003910398, 
            "log_L2_reg": -2.9324678493937784, 
            "log_init_scale": -5.702386553170644, 
            "log_step_size": -4.145348957995883
        }
    }, 
    {
        "host_name": "schlumpfine", 
        "minutes_duration": 0.04263608455657959, 
        "timestamp": "2021-09-09 22:35:14.947761", 
        "training_curve": [
            [
                0, 
                6.367843309708724, 
                6.381350906973339
            ], 
            [
                526, 
                6.377299484007514, 
                6.392221137317491
            ], 
            [
                1052, 
                6.379166011777481, 
                6.39152206966939
            ], 
            [
                1578, 
                6.367673501882879, 
                6.381463078976672
            ], 
            [
                2105, 
                6.367711144781002, 
                6.381285146848162
            ], 
            [
                2631, 
                6.368427275928278, 
                6.382477508271825
            ], 
            [
                3157, 
                6.367690862829801, 
                6.381493799631367
            ], 
            [
                3683, 
                6.381147541249614, 
                6.393393256444618
            ], 
            [
                4210, 
                6.372320502801963, 
                6.386870586702783
            ], 
            [
                4736, 
                6.3737312637116625, 
                6.388401121350522
            ], 
            [
                5262, 
                6.367938274158378, 
                6.381857227285367
            ], 
            [
                5788, 
                6.370168061776007, 
                6.383233893624797
            ], 
            [
                6315, 
                6.379096770236359, 
                6.391456848757312
            ], 
            [
                6841, 
                6.3729158967926995, 
                6.387518460318254
            ], 
            [
                7367, 
                6.379011461682601, 
                6.394037110448769
            ], 
            [
                7893, 
                6.3775063653429775, 
                6.389962378804028
            ], 
            [
                8420, 
                6.367649196481862, 
                6.3812731010889845
            ], 
            [
                8946, 
                6.3681562374086305, 
                6.381562018862449
            ], 
            [
                9472, 
                6.368712349300828, 
                6.382820269398227
            ], 
            [
                9999, 
                6.368124093677938, 
                6.382100257756983
            ]
        ]
    }
]