[
    {
        "jobnum": 1, 
        "model": {
            "L2_reg": 0.05326542476477831, 
            "conv_width": 13, 
            "fp_depth": 3, 
            "fp_length": 589, 
            "h1_size": 95, 
            "net_type": "morgan_plus_linear"
        }, 
        "num_records": 20, 
        "task": {
            "name": "delaney", 
            "test_slices": [
                [
                    449, 
                    674
                ]
            ], 
            "train_slices": [
                [
                    0, 
                    224
                ], 
                [
                    224, 
                    449
                ], 
                [
                    899, 
                    1124
                ]
            ]
        }, 
        "train": {
            "batch_size": 100, 
            "init_scale": 0.003337989654124867, 
            "num_iters": 10000, 
            "seed": 3, 
            "step_size": 0.01583790822219237
        }, 
        "varied_params": {
            "conv_width": 12.933423796293567, 
            "fp_depth": 3.3751751142479938, 
            "fp_length": 588.5889175826837, 
            "h1_size": 94.58865003910398, 
            "log_L2_reg": -2.9324678493937784, 
            "log_init_scale": -5.702386553170644, 
            "log_step_size": -4.145348957995883
        }
    }, 
    {
        "host_name": "hefty", 
        "minutes_duration": 0.4176221013069153, 
        "timestamp": "2021-08-06 05:23:14.971356", 
        "training_curve": [
            [
                0, 
                4.240118044552852, 
                4.299964598031144
            ], 
            [
                526, 
                0.9837532374342715, 
                6.1128345641993835
            ], 
            [
                1052, 
                0.23318527097806752, 
                7.035118479850981
            ], 
            [
                1578, 
                0.34749688500523246, 
                8.358772506497223
            ], 
            [
                2105, 
                0.22725465907474596, 
                9.119331007699346
            ], 
            [
                2631, 
                0.17595342038285872, 
                9.810120948366173
            ], 
            [
                3157, 
                0.1725696699765735, 
                10.327264261283094
            ], 
            [
                3683, 
                0.1701494692030475, 
                10.737916799545358
            ], 
            [
                4210, 
                0.18579743856542935, 
                11.112557938735034
            ], 
            [
                4736, 
                0.1668401067726866, 
                11.315328318621924
            ], 
            [
                5262, 
                0.16565790206823303, 
                11.53680939178067
            ], 
            [
                5788, 
                0.17180418605308995, 
                11.74752034873084
            ], 
            [
                6315, 
                0.16420104115866146, 
                11.850123601806631
            ], 
            [
                6841, 
                0.16364872160594357, 
                11.970444151303704
            ], 
            [
                7367, 
                0.16325252193590387, 
                12.070193248508255
            ], 
            [
                7893, 
                0.16287729868660256, 
                12.15027493060271
            ], 
            [
                8420, 
                0.29415216812521866, 
                12.491912644530998
            ], 
            [
                8946, 
                0.1622885618839013, 
                12.286520560422323
            ], 
            [
                9472, 
                0.16210658865411734, 
                12.334809843240018
            ], 
            [
                9999, 
                0.16204537954219558, 
                12.372971357739745
            ]
        ]
    }
]