[
    {
        "jobnum": 1, 
        "model": {
            "L2_reg": 0.05326542476477831, 
            "conv_width": 13, 
            "fp_depth": 3, 
            "fp_length": 589, 
            "h1_size": 95, 
            "net_type": "morgan_plus_net"
        }, 
        "num_records": 20, 
        "task": {
            "name": "cep", 
            "test_slices": [
                [
                    8000, 
                    12000
                ]
            ], 
            "train_slices": [
                [
                    0, 
                    4000
                ], 
                [
                    4000, 
                    8000
                ], 
                [
                    16000, 
                    20000
                ]
            ]
        }, 
        "train": {
            "batch_size": 100, 
            "init_scale": 0.003337989654124867, 
            "num_iters": 10000, 
            "seed": 3, 
            "step_size": 0.01583790822219237
        }, 
        "varied_params": {
            "conv_width": 12.933423796293567, 
            "fp_depth": 3.3751751142479938, 
            "fp_length": 588.5889175826837, 
            "h1_size": 94.58865003910398, 
            "log_L2_reg": -2.9324678493937784, 
            "log_init_scale": -5.702386553170644, 
            "log_step_size": -4.145348957995883
        }
    }, 
    {
        "host_name": "schlumpfine", 
        "minutes_duration": 3.680287198225657, 
        "timestamp": "2021-09-09 21:48:51.027065", 
        "training_curve": [
            [
                0, 
                6.367613127659752, 
                6.381156086192985
            ], 
            [
                526, 
                1.5281337609755872, 
                2.6437051078541978
            ], 
            [
                1052, 
                1.2460127510820702, 
                2.890122765841683
            ], 
            [
                1578, 
                1.1955658894561412, 
                2.9289373555522094
            ], 
            [
                2105, 
                1.2987626472527434, 
                3.3269596939869794
            ], 
            [
                2631, 
                0.848989310210505, 
                2.8079843045044974
            ], 
            [
                3157, 
                1.309129701455693, 
                3.3055616488960893
            ], 
            [
                3683, 
                2.821099558904749, 
                4.895961935030129
            ], 
            [
                4210, 
                1.5230354481286392, 
                3.4187662706934896
            ], 
            [
                4736, 
                0.6894428701198323, 
                2.850318077502492
            ], 
            [
                5262, 
                1.0490308267358792, 
                3.170432668827089
            ], 
            [
                5788, 
                1.5637276373180518, 
                3.4361261835148236
            ], 
            [
                6315, 
                0.8239259388245955, 
                2.864531037058085
            ], 
            [
                6841, 
                0.7653549221341203, 
                2.869335401476255
            ], 
            [
                7367, 
                1.402527968073088, 
                3.5466046593147285
            ], 
            [
                7893, 
                1.1995851349860636, 
                3.323558721593302
            ], 
            [
                8420, 
                1.0641334352627676, 
                3.168965634360297
            ], 
            [
                8946, 
                0.7926479532654899, 
                2.9692586289309073
            ], 
            [
                9472, 
                0.6876930205057986, 
                2.885810062525529
            ], 
            [
                9999, 
                1.431363059373002, 
                3.603174890870486
            ]
        ]
    }
]