[
    {
        "jobnum": 1, 
        "model": {
            "L2_reg": 0.05326542476477831, 
            "conv_width": 13, 
            "fp_depth": 3, 
            "fp_length": 80, 
            "h1_size": 95, 
            "net_type": "conv_plus_linear"
        }, 
        "num_records": 20, 
        "task": {
            "name": "delaney", 
            "test_slices": [
                [
                    449, 
                    674
                ]
            ], 
            "train_slices": [
                [
                    0, 
                    224
                ], 
                [
                    224, 
                    449
                ], 
                [
                    899, 
                    1124
                ]
            ]
        }, 
        "train": {
            "batch_size": 100, 
            "init_scale": 0.003337989654124867, 
            "num_iters": 10000, 
            "seed": 3, 
            "step_size": 0.01583790822219237
        }, 
        "varied_params": {
            "conv_width": 12.933423796293567, 
            "fp_depth": 3.3751751142479938, 
            "fp_length": 79.62099084252043, 
            "h1_size": 94.58865003910398, 
            "log_L2_reg": -2.9324678493937784, 
            "log_init_scale": -5.702386553170644, 
            "log_step_size": -4.145348957995883
        }
    }, 
    {
        "host_name": "handy", 
        "minutes_duration": 36.59222489992778, 
        "timestamp": "2021-08-06 06:06:51.409334", 
        "training_curve": [
            [
                0, 
                4.352960789715118, 
                4.414671972137546
            ], 
            [
                526, 
                0.2798851010106154, 
                0.728060824236118
            ], 
            [
                1052, 
                0.39351908114272294, 
                0.8784128249818531
            ], 
            [
                1578, 
                0.3719602465912314, 
                0.9628498054187873
            ], 
            [
                2105, 
                0.16165976530281348, 
                0.841400527515211
            ], 
            [
                2631, 
                0.38657329194251033, 
                1.1373745399850057
            ], 
            [
                3157, 
                0.36086418588430363, 
                0.8940835858796775
            ], 
            [
                3683, 
                0.3381336998581988, 
                1.0923506074540905
            ], 
            [
                4210, 
                0.22558128373790354, 
                0.949974492464659
            ], 
            [
                4736, 
                0.17678650493607184, 
                0.9132818872299348
            ], 
            [
                5262, 
                0.3281377271648887, 
                1.1280117752473207
            ], 
            [
                5788, 
                0.311899182026537, 
                1.0908330855932278
            ], 
            [
                6315, 
                0.40327245607985057, 
                1.2784244459335963
            ], 
            [
                6841, 
                0.23366740411949294, 
                0.9965668025012795
            ], 
            [
                7367, 
                0.375759902947828, 
                1.1513052276759845
            ], 
            [
                7893, 
                0.39525951837999174, 
                1.0577896574140835
            ], 
            [
                8420, 
                0.14437877738990967, 
                0.9607259154551366
            ], 
            [
                8946, 
                0.3155647935881928, 
                1.18714584249318
            ], 
            [
                9472, 
                0.09373914409163804, 
                0.8625333238949141
            ], 
            [
                9999, 
                0.24205795721893106, 
                1.0010777888992821
            ]
        ]
    }
]