[
    {
        "jobnum": 1, 
        "model": {
            "L2_reg": 0.05326542476477831, 
            "conv_width": 13, 
            "fp_depth": 3, 
            "fp_length": 80, 
            "h1_size": 95, 
            "net_type": "conv_plus_net"
        }, 
        "num_records": 20, 
        "task": {
            "name": "delaney", 
            "test_slices": [
                [
                    449, 
                    674
                ]
            ], 
            "train_slices": [
                [
                    0, 
                    224
                ], 
                [
                    224, 
                    449
                ], 
                [
                    899, 
                    1124
                ]
            ]
        }, 
        "train": {
            "batch_size": 100, 
            "init_scale": 0.003337989654124867, 
            "num_iters": 10000, 
            "seed": 3, 
            "step_size": 0.01583790822219237
        }, 
        "varied_params": {
            "conv_width": 12.933423796293567, 
            "fp_depth": 3.3751751142479938, 
            "fp_length": 79.62099084252043, 
            "h1_size": 94.58865003910398, 
            "log_L2_reg": -2.9324678493937784, 
            "log_init_scale": -5.702386553170644, 
            "log_step_size": -4.145348957995883
        }
    }, 
    {
        "host_name": "hefty", 
        "minutes_duration": 31.96921795209249, 
        "timestamp": "2021-08-06 01:32:00.444902", 
        "training_curve": [
            [
                0, 
                4.25819784140308, 
                4.307281297448457
            ], 
            [
                526, 
                0.1518497847228058, 
                0.47973372705710166
            ], 
            [
                1052, 
                0.17300158314489666, 
                0.6378352674217592
            ], 
            [
                1578, 
                0.15457216865308915, 
                0.5823267719887942
            ], 
            [
                2105, 
                0.1324522643886103, 
                0.6089114292919526
            ], 
            [
                2631, 
                0.10640226784995073, 
                0.5999408482749492
            ], 
            [
                3157, 
                0.16867112327543274, 
                0.627987778392121
            ], 
            [
                3683, 
                0.14409944813452744, 
                0.5936054671643332
            ], 
            [
                4210, 
                0.12551234900391184, 
                0.5816225620311251
            ], 
            [
                4736, 
                0.20582859699814632, 
                0.5818063960120949
            ], 
            [
                5262, 
                0.1298922919548208, 
                0.5853680915531254
            ], 
            [
                5788, 
                0.2686721361147474, 
                0.7205946508736116
            ], 
            [
                6315, 
                0.3050907975697691, 
                0.7588645515295338
            ], 
            [
                6841, 
                0.11890744902318846, 
                0.5787348705888933
            ], 
            [
                7367, 
                0.1257781926658234, 
                0.5783465653595348
            ], 
            [
                7893, 
                0.12948368391999776, 
                0.5713899039104503
            ], 
            [
                8420, 
                0.133863943469527, 
                0.5701700316684608
            ], 
            [
                8946, 
                0.1980802765687219, 
                0.6082998283117553
            ], 
            [
                9472, 
                0.11534649807956085, 
                0.5334690122817699
            ], 
            [
                9999, 
                0.17295341312265836, 
                0.6036116796086662
            ]
        ]
    }
]