[
    {
        "jobnum": 20, 
        "model": {
            "L2_reg": 0.08101826970128459, 
            "conv_width": 17, 
            "fp_depth": 4, 
            "fp_length": 726, 
            "h1_size": 95, 
            "net_type": "mean"
        }, 
        "num_records": 20, 
        "task": {
            "name": "cep", 
            "test_slices": [
                [
                    8000, 
                    12000
                ]
            ], 
            "train_slices": [
                [
                    0, 
                    4000
                ], 
                [
                    4000, 
                    8000
                ], 
                [
                    16000, 
                    20000
                ]
            ]
        }, 
        "train": {
            "batch_size": 100, 
            "init_scale": 0.0906356596274393, 
            "num_iters": 10000, 
            "seed": 3, 
            "step_size": 0.001459366969517237
        }, 
        "varied_params": {
            "conv_width": 17.092909835691287, 
            "fp_depth": 3.675770065047016, 
            "fp_length": 725.5196922086892, 
            "h1_size": 94.82732979255314, 
            "log_L2_reg": -2.5130805978749855, 
            "log_init_scale": -2.4009075492492045, 
            "log_step_size": -6.529752519808413
        }
    }, 
    {
        "host_name": "hefty", 
        "minutes_duration": 0.041299283504486084, 
        "timestamp": "2021-09-09 22:39:15.476937", 
        "training_curve": [
            [
                0, 
                6.5349623420843175, 
                6.543559717167547
            ], 
            [
                526, 
                6.367712207027652, 
                6.381529580397182
            ], 
            [
                1052, 
                6.367821293399247, 
                6.381338228522059
            ], 
            [
                1578, 
                6.367619871852328, 
                6.381338674191034
            ], 
            [
                2105, 
                6.367865091539736, 
                6.381756994190022
            ], 
            [
                2631, 
                6.367858122480798, 
                6.381359690200909
            ], 
            [
                3157, 
                6.367624251932019, 
                6.3813546764750955
            ], 
            [
                3683, 
                6.367625089060338, 
                6.3812835553781895
            ], 
            [
                4210, 
                6.367616573558187, 
                6.381318073279106
            ], 
            [
                4736, 
                6.367909228070486, 
                6.381817855915271
            ], 
            [
                5262, 
                6.367837052291846, 
                6.3813472556262
            ], 
            [
                5788, 
                6.367616444491833, 
                6.381307575518539
            ], 
            [
                6315, 
                6.367653995056091, 
                6.381425825900629
            ], 
            [
                6841, 
                6.367667432423704, 
                6.381273694921321
            ], 
            [
                7367, 
                6.367779551254569, 
                6.381634112977088
            ], 
            [
                7893, 
                6.367866083899909, 
                6.38136448717657
            ], 
            [
                8420, 
                6.367620430758174, 
                6.381341015805843
            ], 
            [
                8946, 
                6.367845735836025, 
                6.3817298369010365
            ], 
            [
                9472, 
                6.367842880813986, 
                6.381350655547545
            ], 
            [
                9999, 
                6.367630105068136, 
                6.38137170662049
            ]
        ]
    }
]