[
    {
        "jobnum": 20, 
        "model": {
            "L2_reg": 0.08101826970128459, 
            "conv_width": 17, 
            "fp_depth": 4, 
            "fp_length": 726, 
            "h1_size": 95, 
            "net_type": "morgan_plus_linear"
        }, 
        "num_records": 20, 
        "task": {
            "name": "malaria", 
            "test_slices": [
                [
                    4000, 
                    6000
                ]
            ], 
            "train_slices": [
                [
                    0, 
                    2000
                ], 
                [
                    2000, 
                    4000
                ], 
                [
                    8000, 
                    10000
                ]
            ]
        }, 
        "train": {
            "batch_size": 100, 
            "init_scale": 0.0906356596274393, 
            "num_iters": 10000, 
            "seed": 3, 
            "step_size": 0.001459366969517237
        }, 
        "varied_params": {
            "conv_width": 17.092909835691287, 
            "fp_depth": 3.675770065047016, 
            "fp_length": 725.5196922086892, 
            "h1_size": 94.82732979255314, 
            "log_L2_reg": -2.5130805978749855, 
            "log_init_scale": -2.4009075492492045, 
            "log_step_size": -6.529752519808413
        }
    }, 
    {
        "host_name": "papaschlumpf", 
        "minutes_duration": 1.1915483514467875, 
        "timestamp": "2021-09-01 08:26:34.125531", 
        "training_curve": [
            [
                0, 
                2.3175998617220355, 
                2.235966669829388
            ], 
            [
                526, 
                1.0527799790677366, 
                1.2585400797037045
            ], 
            [
                1052, 
                1.0078446987680578, 
                1.2530313023321056
            ], 
            [
                1578, 
                0.9970680953954814, 
                1.2599269277013583
            ], 
            [
                2105, 
                0.9940287956416197, 
                1.2648304818866163
            ], 
            [
                2631, 
                0.9940814910754185, 
                1.2693387635832805
            ], 
            [
                3157, 
                0.9957198129511039, 
                1.2725733679336864
            ], 
            [
                3683, 
                0.9929632843867288, 
                1.2712587674439635
            ], 
            [
                4210, 
                0.9928943283201638, 
                1.2692030823692106
            ], 
            [
                4736, 
                0.994869890889999, 
                1.2729672809457826
            ], 
            [
                5262, 
                0.9934200951574897, 
                1.2721802181749218
            ], 
            [
                5788, 
                0.9938370047541789, 
                1.2725264954494817
            ], 
            [
                6315, 
                0.9953260596293653, 
                1.2714472058551929
            ], 
            [
                6841, 
                0.9951881192398445, 
                1.2737003908366227
            ], 
            [
                7367, 
                0.9950103793658113, 
                1.2736628855746446
            ], 
            [
                7893, 
                0.9971666069798493, 
                1.2753750685375458
            ], 
            [
                8420, 
                0.993156190261864, 
                1.2716106829759815
            ], 
            [
                8946, 
                0.9924881385733106, 
                1.2694457540927737
            ], 
            [
                9472, 
                0.9932982072822204, 
                1.271345289036795
            ], 
            [
                9999, 
                0.9928858493951149, 
                1.271353775120799
            ]
        ]
    }
]