[
    {
        "jobnum": 20, 
        "model": {
            "L2_reg": 0.08101826970128459, 
            "conv_width": 17, 
            "fp_depth": 4, 
            "fp_length": 726, 
            "h1_size": 95, 
            "net_type": "morgan_plus_linear"
        }, 
        "num_records": 20, 
        "task": {
            "name": "delaney", 
            "test_slices": [
                [
                    449, 
                    674
                ]
            ], 
            "train_slices": [
                [
                    0, 
                    224
                ], 
                [
                    224, 
                    449
                ], 
                [
                    899, 
                    1124
                ]
            ]
        }, 
        "train": {
            "batch_size": 100, 
            "init_scale": 0.0906356596274393, 
            "num_iters": 10000, 
            "seed": 3, 
            "step_size": 0.001459366969517237
        }, 
        "varied_params": {
            "conv_width": 17.092909835691287, 
            "fp_depth": 3.675770065047016, 
            "fp_length": 725.5196922086892, 
            "h1_size": 94.82732979255314, 
            "log_L2_reg": -2.5130805978749855, 
            "log_init_scale": -2.4009075492492045, 
            "log_step_size": -6.529752519808413
        }
    }, 
    {
        "host_name": "handy", 
        "minutes_duration": 0.33174668153127035, 
        "timestamp": "2021-08-06 05:26:50.621872", 
        "training_curve": [
            [
                0, 
                4.976941564788015, 
                4.949578217287359
            ], 
            [
                526, 
                0.5481585203698198, 
                2.429816249566904
            ], 
            [
                1052, 
                0.2906695336607939, 
                3.022154231768185
            ], 
            [
                1578, 
                0.19752340312999786, 
                3.6648998442421297
            ], 
            [
                2105, 
                0.14677071773872413, 
                4.310695629657636
            ], 
            [
                2631, 
                0.11501799795282268, 
                4.930409553831274
            ], 
            [
                3157, 
                0.09352993195141708, 
                5.512792798754211
            ], 
            [
                3683, 
                0.07812323000459039, 
                6.057852785751979
            ], 
            [
                4210, 
                0.06670778537281251, 
                6.57210139205135
            ], 
            [
                4736, 
                0.0580547059491329, 
                7.058367072286458
            ], 
            [
                5262, 
                0.05140377426643631, 
                7.51597144543603
            ], 
            [
                5788, 
                0.04628100090808666, 
                7.940088153744387
            ], 
            [
                6315, 
                0.04235327935094079, 
                8.3221005181138
            ], 
            [
                6841, 
                0.03930277729655963, 
                8.659656878716333
            ], 
            [
                7367, 
                0.036979532969252875, 
                8.949573098502368
            ], 
            [
                7893, 
                0.03516321758896432, 
                9.194444011034625
            ], 
            [
                8420, 
                0.033745057232175545, 
                9.398799169391944
            ], 
            [
                8946, 
                0.03274007999733979, 
                9.56027188399426
            ], 
            [
                9472, 
                0.031891580010080266, 
                9.686607033164332
            ], 
            [
                9999, 
                0.03125436142839569, 
                9.787416740605343
            ]
        ]
    }
]