[
    {
        "jobnum": 20, 
        "model": {
            "L2_reg": 0.08101826970128459, 
            "conv_width": 17, 
            "fp_depth": 4, 
            "fp_length": 95, 
            "h1_size": 95, 
            "net_type": "conv_plus_linear"
        }, 
        "num_records": 20, 
        "task": {
            "name": "delaney", 
            "test_slices": [
                [
                    449, 
                    674
                ]
            ], 
            "train_slices": [
                [
                    0, 
                    224
                ], 
                [
                    224, 
                    449
                ], 
                [
                    899, 
                    1124
                ]
            ]
        }, 
        "train": {
            "batch_size": 100, 
            "init_scale": 0.0906356596274393, 
            "num_iters": 10000, 
            "seed": 3, 
            "step_size": 0.001459366969517237
        }, 
        "varied_params": {
            "conv_width": 17.092909835691287, 
            "fp_depth": 3.675770065047016, 
            "fp_length": 94.83552135652103, 
            "h1_size": 94.82732979255314, 
            "log_L2_reg": -2.5130805978749855, 
            "log_init_scale": -2.4009075492492045, 
            "log_step_size": -6.529752519808413
        }
    }, 
    {
        "host_name": "clumsy", 
        "minutes_duration": 53.24069683154424, 
        "timestamp": "2021-08-06 08:16:07.366291", 
        "training_curve": [
            [
                0, 
                4.785108705700477, 
                4.707717372978477
            ], 
            [
                526, 
                0.34746600766315605, 
                0.5479799375647486
            ], 
            [
                1052, 
                0.22097146573299506, 
                0.603289269373419
            ], 
            [
                1578, 
                0.16995588691330715, 
                0.677364021840001
            ], 
            [
                2105, 
                0.13402425571529503, 
                0.7460657576379388
            ], 
            [
                2631, 
                0.12213291591385365, 
                0.7897249855027035
            ], 
            [
                3157, 
                0.1196730721348912, 
                0.817477904256783
            ], 
            [
                3683, 
                0.0963433733777971, 
                0.8427279040260366
            ], 
            [
                4210, 
                0.087566619442296, 
                0.8348082649251825
            ], 
            [
                4736, 
                0.08602218348975399, 
                0.8405925996750059
            ], 
            [
                5262, 
                0.10437449908048385, 
                0.8627502245403583
            ], 
            [
                5788, 
                0.0814288386289488, 
                0.8547922525606694
            ], 
            [
                6315, 
                0.08555867821122112, 
                0.867062015137913
            ], 
            [
                6841, 
                0.16857743411197362, 
                0.9438384487012872
            ], 
            [
                7367, 
                0.09006548258579625, 
                0.8617582900487426
            ], 
            [
                7893, 
                0.09433637718616886, 
                0.8720268908850052
            ], 
            [
                8420, 
                0.10085103139086418, 
                0.8662038272617711
            ], 
            [
                8946, 
                0.09078798854755714, 
                0.8591175020797813
            ], 
            [
                9472, 
                0.08410882030498508, 
                0.8600188629857533
            ], 
            [
                9999, 
                0.08896575603007181, 
                0.8384255746043686
            ]
        ]
    }
]