[
    {
        "jobnum": 20, 
        "model": {
            "L2_reg": 0.08101826970128459, 
            "conv_width": 17, 
            "fp_depth": 4, 
            "fp_length": 95, 
            "h1_size": 95, 
            "net_type": "conv_plus_net"
        }, 
        "num_records": 20, 
        "task": {
            "name": "cep", 
            "test_slices": [
                [
                    8000, 
                    12000
                ]
            ], 
            "train_slices": [
                [
                    0, 
                    4000
                ], 
                [
                    4000, 
                    8000
                ], 
                [
                    16000, 
                    20000
                ]
            ]
        }, 
        "train": {
            "batch_size": 100, 
            "init_scale": 0.0906356596274393, 
            "num_iters": 10000, 
            "seed": 3, 
            "step_size": 0.001459366969517237
        }, 
        "varied_params": {
            "conv_width": 17.092909835691287, 
            "fp_depth": 3.675770065047016, 
            "fp_length": 94.83552135652103, 
            "h1_size": 94.82732979255314, 
            "log_L2_reg": -2.5130805978749855, 
            "log_init_scale": -2.4009075492492045, 
            "log_step_size": -6.529752519808413
        }
    }, 
    {
        "host_name": "schlaubi", 
        "minutes_duration": 99.86386981805165, 
        "timestamp": "2021-09-06 01:38:46.925215", 
        "training_curve": [
            [
                0, 
                6.3197569248751995, 
                6.329692099424062
            ], 
            [
                526, 
                2.825422822536633, 
                2.832870370386551
            ], 
            [
                1052, 
                2.4395874558518287, 
                2.394714362044897
            ], 
            [
                1578, 
                2.211544653154969, 
                2.16541086644957
            ], 
            [
                2105, 
                1.936522305054415, 
                1.9517503258213227
            ], 
            [
                2631, 
                1.652667286839795, 
                1.724702309138374
            ], 
            [
                3157, 
                1.5323405582765979, 
                1.6568407249515906
            ], 
            [
                3683, 
                1.3101174918736798, 
                1.4401460622589957
            ], 
            [
                4210, 
                1.3707578832068494, 
                1.5356425475655946
            ], 
            [
                4736, 
                1.2979672472587402, 
                1.5421117798340516
            ], 
            [
                5262, 
                1.1803181613641052, 
                1.3863835099908886
            ], 
            [
                5788, 
                1.0829883049148858, 
                1.3168302449098634
            ], 
            [
                6315, 
                1.1414738821709947, 
                1.4709773417336185
            ], 
            [
                6841, 
                1.0534965872274225, 
                1.3872394885916313
            ], 
            [
                7367, 
                0.9870914744735013, 
                1.384108959754602
            ], 
            [
                7893, 
                1.0192171072652199, 
                1.3651346154176434
            ], 
            [
                8420, 
                0.9405007131859435, 
                1.3229514085617549
            ], 
            [
                8946, 
                0.9426698348495945, 
                1.3596526464044592
            ], 
            [
                9472, 
                0.903549966215052, 
                1.3951081712277782
            ], 
            [
                9999, 
                0.8941865532934022, 
                1.4105645281756949
            ]
        ]
    }
]