[
    {
        "jobnum": 21, 
        "model": {
            "L2_reg": 7.321213204376401, 
            "conv_width": 18, 
            "fp_depth": 1, 
            "fp_length": 180, 
            "h1_size": 96, 
            "net_type": "morgan_plus_linear"
        }, 
        "num_records": 20, 
        "task": {
            "name": "delaney", 
            "test_slices": [
                [
                    449, 
                    674
                ]
            ], 
            "train_slices": [
                [
                    0, 
                    224
                ], 
                [
                    224, 
                    449
                ], 
                [
                    899, 
                    1124
                ]
            ]
        }, 
        "train": {
            "batch_size": 100, 
            "init_scale": 0.011536512686277006, 
            "num_iters": 10000, 
            "seed": 3, 
            "step_size": 0.005839939733487496
        }, 
        "varied_params": {
            "conv_width": 18.021890860523214, 
            "fp_depth": 1.4483449139739812, 
            "fp_length": 179.7928781537858, 
            "h1_size": 95.97413068723367, 
            "log_L2_reg": 1.990776052542932, 
            "log_init_scale": -4.462238257135377, 
            "log_step_size": -5.143034801803554
        }
    }, 
    {
        "host_name": "papaschlumpf", 
        "minutes_duration": 0.208563498655955, 
        "timestamp": "2021-08-06 05:26:54.456977", 
        "training_curve": [
            [
                0, 
                4.251908414579715, 
                4.325710669654022
            ], 
            [
                526, 
                1.9372964988682009, 
                2.2357956898504385
            ], 
            [
                1052, 
                1.935328360524497, 
                2.233233990548457
            ], 
            [
                1578, 
                1.934388728018341, 
                2.231343264515002
            ], 
            [
                2105, 
                1.9347924832368737, 
                2.2314270197083514
            ], 
            [
                2631, 
                1.9347336200576521, 
                2.2321275216317344
            ], 
            [
                3157, 
                1.935463596972146, 
                2.2340941358413975
            ], 
            [
                3683, 
                1.9355864414402744, 
                2.233042916932814
            ], 
            [
                4210, 
                1.9343641471012245, 
                2.2312952094797263
            ], 
            [
                4736, 
                1.9345459412973613, 
                2.2319835169986018
            ], 
            [
                5262, 
                1.9347901246862653, 
                2.2314276546031686
            ], 
            [
                5788, 
                1.9347332171719966, 
                2.2321323787504843
            ], 
            [
                6315, 
                1.9355847941586484, 
                2.233029955987418
            ], 
            [
                6841, 
                1.9352889543984473, 
                2.2331667860767843
            ], 
            [
                7367, 
                1.9343626194526335, 
                2.231292123216766
            ], 
            [
                7893, 
                1.9345453510511366, 
                2.2319825662071677
            ], 
            [
                8420, 
                1.934733213341709, 
                2.2321325778464
            ], 
            [
                8946, 
                1.9354628478041258, 
                2.234134177406146
            ], 
            [
                9472, 
                1.935584674649617, 
                2.233038898985931
            ], 
            [
                9999, 
                1.9343625587178617, 
                2.2312920038451636
            ]
        ]
    }
]