[
    {
        "jobnum": 21, 
        "model": {
            "L2_reg": 7.321213204376401, 
            "conv_width": 18, 
            "fp_depth": 1, 
            "fp_length": 34, 
            "h1_size": 96, 
            "net_type": "conv_plus_net"
        }, 
        "num_records": 20, 
        "task": {
            "name": "malaria", 
            "test_slices": [
                [
                    4000, 
                    6000
                ]
            ], 
            "train_slices": [
                [
                    0, 
                    2000
                ], 
                [
                    2000, 
                    4000
                ], 
                [
                    8000, 
                    10000
                ]
            ]
        }, 
        "train": {
            "batch_size": 100, 
            "init_scale": 0.011536512686277006, 
            "num_iters": 10000, 
            "seed": 3, 
            "step_size": 0.005839939733487496
        }, 
        "varied_params": {
            "conv_width": 18.021890860523214, 
            "fp_depth": 1.4483449139739812, 
            "fp_length": 34.19920868375398, 
            "h1_size": 95.97413068723367, 
            "log_L2_reg": 1.990776052542932, 
            "log_init_scale": -4.462238257135377, 
            "log_step_size": -5.143034801803554
        }
    }, 
    {
        "host_name": "hefty", 
        "minutes_duration": 14.479114798704783, 
        "timestamp": "2021-09-01 04:50:25.097832", 
        "training_curve": [
            [
                0, 
                1.4972208976586174, 
                1.3827672778841353
            ], 
            [
                526, 
                1.1689985172407062, 
                1.2063905787862441
            ], 
            [
                1052, 
                1.1201279265316197, 
                1.1860928164137705
            ], 
            [
                1578, 
                1.0819088247650275, 
                1.1605171053092405
            ], 
            [
                2105, 
                1.0895621574845327, 
                1.19319897012417
            ], 
            [
                2631, 
                1.0528509751907447, 
                1.1819514011218353
            ], 
            [
                3157, 
                1.0292468427726775, 
                1.1842496082671685
            ], 
            [
                3683, 
                1.007416843540094, 
                1.1653296000031903
            ], 
            [
                4210, 
                0.9896820577610675, 
                1.1812759795222572
            ], 
            [
                4736, 
                0.9788780736155405, 
                1.1833876465504638
            ], 
            [
                5262, 
                0.9660729538772532, 
                1.1963851283828801
            ], 
            [
                5788, 
                0.9546913484736452, 
                1.1685842771234913
            ], 
            [
                6315, 
                0.9529555429349141, 
                1.1905189754745023
            ], 
            [
                6841, 
                0.9270387984563849, 
                1.2005855209100456
            ], 
            [
                7367, 
                0.9071767607351263, 
                1.164339247144289
            ], 
            [
                7893, 
                0.9110548074146008, 
                1.1627537252308093
            ], 
            [
                8420, 
                0.8775589320207956, 
                1.156178852674193
            ], 
            [
                8946, 
                0.9064788584879122, 
                1.2035015373293834
            ], 
            [
                9472, 
                0.8803091180671363, 
                1.1750752842258918
            ], 
            [
                9999, 
                0.9157631268162748, 
                1.1930528981302115
            ]
        ]
    }
]