[
    {
        "jobnum": 22, 
        "model": {
            "L2_reg": 1.5817813834259178, 
            "conv_width": 11, 
            "fp_depth": 3, 
            "fp_length": 24, 
            "h1_size": 56, 
            "net_type": "conv_plus_net"
        }, 
        "num_records": 20, 
        "task": {
            "name": "delaney", 
            "test_slices": [
                [
                    449, 
                    674
                ]
            ], 
            "train_slices": [
                [
                    0, 
                    224
                ], 
                [
                    224, 
                    449
                ], 
                [
                    899, 
                    1124
                ]
            ]
        }, 
        "train": {
            "batch_size": 100, 
            "init_scale": 0.008314826000126603, 
            "num_iters": 10000, 
            "seed": 3, 
            "step_size": 0.009972070109487014
        }, 
        "varied_params": {
            "conv_width": 11.107749458389995, 
            "fp_depth": 2.70730221584378, 
            "fp_length": 23.746703490975463, 
            "h1_size": 56.19099914247207, 
            "log_L2_reg": 0.45855166980008555, 
            "log_init_scale": -4.789715092578255, 
            "log_step_size": -4.607967082711062
        }
    }, 
    {
        "host_name": "clumsy", 
        "minutes_duration": 20.3824501991272, 
        "timestamp": "2021-08-06 03:18:45.612070", 
        "training_curve": [
            [
                0, 
                4.25917597809175, 
                4.307502194624028
            ], 
            [
                526, 
                0.2969444994570246, 
                0.6272076114494584
            ], 
            [
                1052, 
                0.19711215831558046, 
                0.615332658615131
            ], 
            [
                1578, 
                0.14389179391843848, 
                0.5544601989703363
            ], 
            [
                2105, 
                0.09613266702540813, 
                0.5779124795914342
            ], 
            [
                2631, 
                0.09033565593765412, 
                0.6207781917317364
            ], 
            [
                3157, 
                0.09864279090066369, 
                0.5911437564715396
            ], 
            [
                3683, 
                0.08871797399886394, 
                0.6303739036070182
            ], 
            [
                4210, 
                0.10160278685168558, 
                0.6285546516690239
            ], 
            [
                4736, 
                0.09368762399904336, 
                0.6485182236079216
            ], 
            [
                5262, 
                0.10714785077439955, 
                0.639240321254242
            ], 
            [
                5788, 
                0.08671602427863775, 
                0.6680545832432803
            ], 
            [
                6315, 
                0.08700881610768027, 
                0.6525870269376899
            ], 
            [
                6841, 
                0.08968243222133493, 
                0.6935955280865151
            ], 
            [
                7367, 
                0.09675141898345901, 
                0.6543505917569966
            ], 
            [
                7893, 
                0.09086857633391827, 
                0.6818496105857395
            ], 
            [
                8420, 
                0.10316380584599452, 
                0.6684766932142578
            ], 
            [
                8946, 
                0.07408636495384564, 
                0.6865011868314446
            ], 
            [
                9472, 
                0.09526291839045599, 
                0.6269910154858751
            ], 
            [
                9999, 
                0.0851910490872502, 
                0.6836633053742454
            ]
        ]
    }
]