[
    {
        "jobnum": 22, 
        "model": {
            "L2_reg": 1.5817813834259178, 
            "conv_width": 11, 
            "fp_depth": 3, 
            "fp_length": 24, 
            "h1_size": 56, 
            "net_type": "conv_plus_linear"
        }, 
        "num_records": 20, 
        "task": {
            "name": "delaney", 
            "test_slices": [
                [
                    449, 
                    674
                ]
            ], 
            "train_slices": [
                [
                    0, 
                    224
                ], 
                [
                    224, 
                    449
                ], 
                [
                    899, 
                    1124
                ]
            ]
        }, 
        "train": {
            "batch_size": 100, 
            "init_scale": 0.008314826000126603, 
            "num_iters": 10000, 
            "seed": 3, 
            "step_size": 0.009972070109487014
        }, 
        "varied_params": {
            "conv_width": 11.107749458389995, 
            "fp_depth": 2.70730221584378, 
            "fp_length": 23.746703490975463, 
            "h1_size": 56.19099914247207, 
            "log_L2_reg": 0.45855166980008555, 
            "log_init_scale": -4.789715092578255, 
            "log_step_size": -4.607967082711062
        }
    }, 
    {
        "host_name": "schlaubi", 
        "minutes_duration": 27.6562336007754, 
        "timestamp": "2021-08-06 08:00:17.032584", 
        "training_curve": [
            [
                0, 
                4.083478314907477, 
                4.104082332214836
            ], 
            [
                526, 
                0.36729649779747664, 
                0.817153670225623
            ], 
            [
                1052, 
                0.3150531426101023, 
                0.9933185594397616
            ], 
            [
                1578, 
                0.26350830423114663, 
                1.1196877904721179
            ], 
            [
                2105, 
                0.2551045939900979, 
                1.1737604557219923
            ], 
            [
                2631, 
                0.17976025640884172, 
                1.0769556861962677
            ], 
            [
                3157, 
                0.21196775942788268, 
                1.1060710605132984
            ], 
            [
                3683, 
                0.200668904854401, 
                1.0934749700019304
            ], 
            [
                4210, 
                0.20759800482026056, 
                1.1792409920196105
            ], 
            [
                4736, 
                0.21979863195758836, 
                1.1342235965505971
            ], 
            [
                5262, 
                0.2161141734019311, 
                1.2113202180470335
            ], 
            [
                5788, 
                0.16633583750477668, 
                1.1769288088859537
            ], 
            [
                6315, 
                0.2013031409447588, 
                1.210724365684191
            ], 
            [
                6841, 
                0.1887011195562453, 
                1.1100995866691472
            ], 
            [
                7367, 
                0.13574170536210198, 
                1.0509573543011328
            ], 
            [
                7893, 
                0.11600141533510185, 
                1.1851449207506972
            ], 
            [
                8420, 
                0.12434385684826392, 
                1.09177998389036
            ], 
            [
                8946, 
                0.2313278492775889, 
                1.1279004695406345
            ], 
            [
                9472, 
                0.19202628853415765, 
                1.3124395546581413
            ], 
            [
                9999, 
                0.25382162293907445, 
                1.2464232141295775
            ]
        ]
    }
]