[
    {
        "jobnum": 23, 
        "model": {
            "L2_reg": 2.537193648511954, 
            "conv_width": 18, 
            "fp_depth": 4, 
            "fp_length": 17, 
            "h1_size": 73, 
            "net_type": "conv_plus_linear"
        }, 
        "num_records": 20, 
        "task": {
            "name": "malaria", 
            "test_slices": [
                [
                    4000, 
                    6000
                ]
            ], 
            "train_slices": [
                [
                    0, 
                    2000
                ], 
                [
                    2000, 
                    4000
                ], 
                [
                    8000, 
                    10000
                ]
            ]
        }, 
        "train": {
            "batch_size": 100, 
            "init_scale": 0.03206749887368721, 
            "num_iters": 10000, 
            "seed": 3, 
            "step_size": 0.006025362700774759
        }, 
        "varied_params": {
            "conv_width": 17.837050135889164, 
            "fp_depth": 3.9265645150086574, 
            "fp_length": 17.31197742872022, 
            "h1_size": 72.67713413390345, 
            "log_L2_reg": 0.9310586074290335, 
            "log_init_scale": -3.4399122579134556, 
            "log_step_size": -5.111777602118608
        }
    }, 
    {
        "host_name": "handy", 
        "minutes_duration": 63.183127931753795, 
        "timestamp": "2021-09-01 12:52:19.659822", 
        "training_curve": [
            [
                0, 
                3.433209739572533, 
                3.3445639205001707
            ], 
            [
                526, 
                1.1476275681098853, 
                1.179225186512427
            ], 
            [
                1052, 
                1.0713533143372316, 
                1.1578804576901234
            ], 
            [
                1578, 
                1.0848181614183525, 
                1.2102502393444474
            ], 
            [
                2105, 
                0.9621579712941007, 
                1.1692673079364604
            ], 
            [
                2631, 
                0.8935718557734132, 
                1.1547734816757385
            ], 
            [
                3157, 
                0.8708162848263853, 
                1.1746890959977923
            ], 
            [
                3683, 
                0.859905774073035, 
                1.2132752540606615
            ], 
            [
                4210, 
                0.8158771435667691, 
                1.2314905882993346
            ], 
            [
                4736, 
                0.7686828562041487, 
                1.2988678044022866
            ], 
            [
                5262, 
                0.776635941905591, 
                1.2699964282785379
            ], 
            [
                5788, 
                0.7257520890494479, 
                1.2770063677960566
            ], 
            [
                6315, 
                0.7789292273295828, 
                1.3717565696201723
            ], 
            [
                6841, 
                0.651951633409816, 
                1.261470357444769
            ], 
            [
                7367, 
                0.7006848612583089, 
                1.3704676898937054
            ], 
            [
                7893, 
                0.6919159168153222, 
                1.3502473825565877
            ], 
            [
                8420, 
                0.687232383442946, 
                1.3456621177547252
            ], 
            [
                8946, 
                0.6822952790197991, 
                1.3929069422412166
            ], 
            [
                9472, 
                0.6719584579131682, 
                1.3493208868202755
            ], 
            [
                9999, 
                0.7403747393581568, 
                1.3954190641759419
            ]
        ]
    }
]