[
    {
        "jobnum": 23, 
        "model": {
            "L2_reg": 2.537193648511954, 
            "conv_width": 18, 
            "fp_depth": 4, 
            "fp_length": 17, 
            "h1_size": 73, 
            "net_type": "conv_plus_linear"
        }, 
        "num_records": 20, 
        "task": {
            "name": "delaney", 
            "test_slices": [
                [
                    449, 
                    674
                ]
            ], 
            "train_slices": [
                [
                    0, 
                    224
                ], 
                [
                    224, 
                    449
                ], 
                [
                    899, 
                    1124
                ]
            ]
        }, 
        "train": {
            "batch_size": 100, 
            "init_scale": 0.03206749887368721, 
            "num_iters": 10000, 
            "seed": 3, 
            "step_size": 0.006025362700774759
        }, 
        "varied_params": {
            "conv_width": 17.837050135889164, 
            "fp_depth": 3.9265645150086574, 
            "fp_length": 17.31197742872022, 
            "h1_size": 72.67713413390345, 
            "log_L2_reg": 0.9310586074290335, 
            "log_init_scale": -3.4399122579134556, 
            "log_step_size": -5.111777602118608
        }
    }, 
    {
        "host_name": "hefty", 
        "minutes_duration": 27.731805531183877, 
        "timestamp": "2021-08-06 08:06:09.139327", 
        "training_curve": [
            [
                0, 
                6.668765321071943, 
                6.952508904627777
            ], 
            [
                526, 
                0.39416746943703745, 
                0.7781470202971319
            ], 
            [
                1052, 
                0.2454902957701973, 
                0.8537679913298533
            ], 
            [
                1578, 
                0.12175401548054916, 
                0.8010199547220915
            ], 
            [
                2105, 
                0.12336200190614326, 
                0.7979460532428492
            ], 
            [
                2631, 
                0.1366628654573493, 
                0.8467428217933689
            ], 
            [
                3157, 
                0.1372973414565514, 
                0.7546471021140413
            ], 
            [
                3683, 
                0.140609874435249, 
                0.7489651856124194
            ], 
            [
                4210, 
                0.1559830651344584, 
                0.7703765024115655
            ], 
            [
                4736, 
                0.15436690672246833, 
                0.7839356147562264
            ], 
            [
                5262, 
                0.11782462527762562, 
                0.7428597319358838
            ], 
            [
                5788, 
                0.12855276084888473, 
                0.7446650077642074
            ], 
            [
                6315, 
                0.11153628744124185, 
                0.798048045230388
            ], 
            [
                6841, 
                0.159397644271545, 
                0.7821685651415679
            ], 
            [
                7367, 
                0.1676646406059385, 
                0.8117793706236242
            ], 
            [
                7893, 
                0.10871267550654316, 
                0.6958674021966267
            ], 
            [
                8420, 
                0.12189199349240519, 
                0.738274454353183
            ], 
            [
                8946, 
                0.15952582343825442, 
                0.8215211475422629
            ], 
            [
                9472, 
                0.22029716387474071, 
                0.8696943457297767
            ], 
            [
                9999, 
                0.1331601636750982, 
                0.7775641630632734
            ]
        ]
    }
]