[
    {
        "jobnum": 23, 
        "model": {
            "L2_reg": 2.537193648511954, 
            "conv_width": 18, 
            "fp_depth": 4, 
            "fp_length": 28, 
            "h1_size": 73, 
            "net_type": "mean"
        }, 
        "num_records": 20, 
        "task": {
            "name": "cep", 
            "test_slices": [
                [
                    8000, 
                    12000
                ]
            ], 
            "train_slices": [
                [
                    0, 
                    4000
                ], 
                [
                    4000, 
                    8000
                ], 
                [
                    16000, 
                    20000
                ]
            ]
        }, 
        "train": {
            "batch_size": 100, 
            "init_scale": 0.03206749887368721, 
            "num_iters": 10000, 
            "seed": 3, 
            "step_size": 0.006025362700774759
        }, 
        "varied_params": {
            "conv_width": 17.837050135889164, 
            "fp_depth": 3.9265645150086574, 
            "fp_length": 27.807796858481986, 
            "h1_size": 72.67713413390345, 
            "log_L2_reg": 0.9310586074290335, 
            "log_init_scale": -3.4399122579134556, 
            "log_step_size": -5.111777602118608
        }
    }, 
    {
        "host_name": "schlaubi", 
        "minutes_duration": 0.04565188487370809, 
        "timestamp": "2021-09-09 22:39:46.228327", 
        "training_curve": [
            [
                0, 
                6.38856456046108, 
                6.400456212266057
            ], 
            [
                526, 
                6.369214766000565, 
                6.3834083535880355
            ], 
            [
                1052, 
                6.374381835058594, 
                6.387052145720047
            ], 
            [
                1578, 
                6.36894411195915, 
                6.383093562629203
            ], 
            [
                2105, 
                6.368454529038411, 
                6.38251067531464
            ], 
            [
                2631, 
                6.368563000477254, 
                6.3818749164017206
            ], 
            [
                3157, 
                6.367769483818961, 
                6.38161905729901
            ], 
            [
                3683, 
                6.370346360243169, 
                6.3833905701354405
            ], 
            [
                4210, 
                6.369531138375998, 
                6.383771808607986
            ], 
            [
                4736, 
                6.370002845043285, 
                6.384306990129919
            ], 
            [
                5262, 
                6.370158511602398, 
                6.383225522578189
            ], 
            [
                5788, 
                6.367700722848009, 
                6.381510555132701
            ], 
            [
                6315, 
                6.368022204365322, 
                6.3814664884026815
            ], 
            [
                6841, 
                6.367897074272383, 
                6.381801230231844
            ], 
            [
                7367, 
                6.369548623337574, 
                6.383791777697005
            ], 
            [
                7893, 
                6.374396641285856, 
                6.387065830918451
            ], 
            [
                8420, 
                6.368687852692932, 
                6.382791136143436
            ], 
            [
                8946, 
                6.368202897854229, 
                6.38220006737045
            ], 
            [
                9472, 
                6.368309342958735, 
                6.381676626219202
            ], 
            [
                9999, 
                6.36782090625249, 
                6.381694500134266
            ]
        ]
    }
]