[
    {
        "jobnum": 23, 
        "model": {
            "L2_reg": 2.537193648511954, 
            "conv_width": 18, 
            "fp_depth": 4, 
            "fp_length": 28, 
            "h1_size": 73, 
            "net_type": "mean"
        }, 
        "num_records": 20, 
        "task": {
            "name": "delaney", 
            "test_slices": [
                [
                    449, 
                    674
                ]
            ], 
            "train_slices": [
                [
                    0, 
                    224
                ], 
                [
                    224, 
                    449
                ], 
                [
                    899, 
                    1124
                ]
            ]
        }, 
        "train": {
            "batch_size": 100, 
            "init_scale": 0.03206749887368721, 
            "num_iters": 10000, 
            "seed": 3, 
            "step_size": 0.006025362700774759
        }, 
        "varied_params": {
            "conv_width": 17.837050135889164, 
            "fp_depth": 3.9265645150086574, 
            "fp_length": 27.807796858481986, 
            "h1_size": 72.67713413390345, 
            "log_L2_reg": 0.9310586074290335, 
            "log_init_scale": -3.4399122579134556, 
            "log_step_size": -5.111777602118608
        }
    }, 
    {
        "host_name": "hefty", 
        "minutes_duration": 0.052897663911183675, 
        "timestamp": "2021-08-06 10:27:38.885733", 
        "training_curve": [
            [
                0, 
                4.271864335291209, 
                4.324047600337061
            ], 
            [
                526, 
                4.25791245794207, 
                4.307107737964502
            ], 
            [
                1052, 
                4.257913968957034, 
                4.3071119595246365
            ], 
            [
                1578, 
                4.2579146131388965, 
                4.307113748373206
            ], 
            [
                2105, 
                4.257923358266932, 
                4.307137444039609
            ], 
            [
                2631, 
                4.257920573512682, 
                4.307130011272102
            ], 
            [
                3157, 
                4.257938842665707, 
                4.3071771640247345
            ], 
            [
                3683, 
                4.25791231752618, 
                4.307107343804056
            ], 
            [
                4210, 
                4.25791459221912, 
                4.3071136903809295
            ], 
            [
                4736, 
                4.257921056020498, 
                4.307131306294781
            ], 
            [
                5262, 
                4.257923350018872, 
                4.307137422169899
            ], 
            [
                5788, 
                4.25792056903552, 
                4.307129999241295
            ], 
            [
                6315, 
                4.257912315158312, 
                4.30710733715448
            ], 
            [
                6841, 
                4.257913920234956, 
                4.307111823965051
            ], 
            [
                7367, 
                4.2579145909893334, 
                4.307113686971598
            ], 
            [
                7893, 
                4.2579210554318525, 
                4.307131304716752
            ], 
            [
                8420, 
                4.257920568864398, 
                4.3071299987814555
            ], 
            [
                8946, 
                4.257938841100984, 
                4.30717716013256
            ], 
            [
                9472, 
                4.257912314987404, 
                4.307107336674525
            ], 
            [
                9999, 
                4.257914590939489, 
                4.307113686833413
            ]
        ]
    }
]