[
    {
        "jobnum": 24, 
        "model": {
            "L2_reg": 0.16013995131275266, 
            "conv_width": 8, 
            "fp_depth": 1, 
            "fp_length": 35, 
            "h1_size": 86, 
            "net_type": "morgan_plus_net"
        }, 
        "num_records": 20, 
        "task": {
            "name": "cep", 
            "test_slices": [
                [
                    8000, 
                    12000
                ]
            ], 
            "train_slices": [
                [
                    0, 
                    4000
                ], 
                [
                    4000, 
                    8000
                ], 
                [
                    16000, 
                    20000
                ]
            ]
        }, 
        "train": {
            "batch_size": 100, 
            "init_scale": 0.005657400242334197, 
            "num_iters": 10000, 
            "seed": 3, 
            "step_size": 0.0006664927534456779
        }, 
        "varied_params": {
            "conv_width": 7.999947873446001, 
            "fp_depth": 1.1630139650177609, 
            "fp_length": 34.66996881629888, 
            "h1_size": 86.4995281212029, 
            "log_L2_reg": -1.8317071503669657, 
            "log_init_scale": -5.1747908134296825, 
            "log_step_size": -7.313481290954238
        }
    }, 
    {
        "host_name": "papaschlumpf", 
        "minutes_duration": 1.0960580825805664, 
        "timestamp": "2021-09-09 22:14:18.444376", 
        "training_curve": [
            [
                0, 
                6.369131486633107, 
                6.382619093587155
            ], 
            [
                526, 
                3.9077280861336465, 
                3.9841051764537943
            ], 
            [
                1052, 
                3.6622328085288287, 
                3.7917132100217406
            ], 
            [
                1578, 
                3.5481046471670257, 
                3.7009942085610237
            ], 
            [
                2105, 
                3.4783543821350724, 
                3.6548927218772804
            ], 
            [
                2631, 
                3.4125748045513675, 
                3.627585350278146
            ], 
            [
                3157, 
                3.355448899706423, 
                3.581381997894944
            ], 
            [
                3683, 
                3.3136787346173837, 
                3.570018237294742
            ], 
            [
                4210, 
                3.279755500675338, 
                3.542669813938503
            ], 
            [
                4736, 
                3.246680413938016, 
                3.5215011463364925
            ], 
            [
                5262, 
                3.218686540924514, 
                3.528101843188704
            ], 
            [
                5788, 
                3.198121552542359, 
                3.50534920283106
            ], 
            [
                6315, 
                3.181964971566797, 
                3.5101660858607184
            ], 
            [
                6841, 
                3.158767342030576, 
                3.503372695011234
            ], 
            [
                7367, 
                3.1389965576586754, 
                3.488398039942622
            ], 
            [
                7893, 
                3.1328224568376153, 
                3.5185282245842258
            ], 
            [
                8420, 
                3.1103312400546033, 
                3.4858825567832463
            ], 
            [
                8946, 
                3.1064500996638045, 
                3.4969250209577476
            ], 
            [
                9472, 
                3.0820373338584988, 
                3.5045228064132465
            ], 
            [
                9999, 
                3.0713412236099273, 
                3.4929168828566945
            ]
        ]
    }
]