[
    {
        "jobnum": 24, 
        "model": {
            "L2_reg": 0.16013995131275266, 
            "conv_width": 8, 
            "fp_depth": 1, 
            "fp_length": 18, 
            "h1_size": 86, 
            "net_type": "conv_plus_net"
        }, 
        "num_records": 20, 
        "task": {
            "name": "delaney", 
            "test_slices": [
                [
                    449, 
                    674
                ]
            ], 
            "train_slices": [
                [
                    0, 
                    224
                ], 
                [
                    224, 
                    449
                ], 
                [
                    899, 
                    1124
                ]
            ]
        }, 
        "train": {
            "batch_size": 100, 
            "init_scale": 0.005657400242334197, 
            "num_iters": 10000, 
            "seed": 3, 
            "step_size": 0.0006664927534456779
        }, 
        "varied_params": {
            "conv_width": 7.999947873446001, 
            "fp_depth": 1.1630139650177609, 
            "fp_length": 18.074440979588765, 
            "h1_size": 86.4995281212029, 
            "log_L2_reg": -1.8317071503669657, 
            "log_init_scale": -5.1747908134296825, 
            "log_step_size": -7.313481290954238
        }
    }, 
    {
        "host_name": "papaschlumpf", 
        "minutes_duration": 13.150512631734212, 
        "timestamp": "2021-08-06 03:19:33.840314", 
        "training_curve": [
            [
                0, 
                4.257680390641542, 
                4.307149638003646
            ], 
            [
                526, 
                0.7593748968985646, 
                0.7413066405683273
            ], 
            [
                1052, 
                0.5270824352560667, 
                0.5449686855930643
            ], 
            [
                1578, 
                0.434547573582742, 
                0.4847930321030105
            ], 
            [
                2105, 
                0.3720935803652509, 
                0.45445936090165057
            ], 
            [
                2631, 
                0.3282375504215502, 
                0.42258165522332486
            ], 
            [
                3157, 
                0.2989144900857857, 
                0.41468858295417693
            ], 
            [
                3683, 
                0.2796020556739644, 
                0.40993247471830435
            ], 
            [
                4210, 
                0.2644474160565855, 
                0.40066181544520685
            ], 
            [
                4736, 
                0.25112739978301546, 
                0.39712687389811574
            ], 
            [
                5262, 
                0.23479115992548322, 
                0.3998373365737849
            ], 
            [
                5788, 
                0.21991686591594822, 
                0.4093369452818619
            ], 
            [
                6315, 
                0.21237568745181087, 
                0.427752548721485
            ], 
            [
                6841, 
                0.20623623037951105, 
                0.4364269161368688
            ], 
            [
                7367, 
                0.20025306422119998, 
                0.44516483643422533
            ], 
            [
                7893, 
                0.19446743831441998, 
                0.4573042023723371
            ], 
            [
                8420, 
                0.19116775927015414, 
                0.46282358855135236
            ], 
            [
                8946, 
                0.18563737950976522, 
                0.4762779985571494
            ], 
            [
                9472, 
                0.1828953907800835, 
                0.4836200704769913
            ], 
            [
                9999, 
                0.17841324474944895, 
                0.4963088208001197
            ]
        ]
    }
]