[
    {
        "jobnum": 24, 
        "model": {
            "L2_reg": 0.16013995131275266, 
            "conv_width": 8, 
            "fp_depth": 1, 
            "fp_length": 18, 
            "h1_size": 86, 
            "net_type": "conv_plus_net"
        }, 
        "num_records": 20, 
        "task": {
            "name": "cep", 
            "test_slices": [
                [
                    8000, 
                    12000
                ]
            ], 
            "train_slices": [
                [
                    0, 
                    4000
                ], 
                [
                    4000, 
                    8000
                ], 
                [
                    16000, 
                    20000
                ]
            ]
        }, 
        "train": {
            "batch_size": 100, 
            "init_scale": 0.005657400242334197, 
            "num_iters": 10000, 
            "seed": 3, 
            "step_size": 0.0006664927534456779
        }, 
        "varied_params": {
            "conv_width": 7.999947873446001, 
            "fp_depth": 1.1630139650177609, 
            "fp_length": 18.074440979588765, 
            "h1_size": 86.4995281212029, 
            "log_L2_reg": -1.8317071503669657, 
            "log_init_scale": -5.1747908134296825, 
            "log_step_size": -7.313481290954238
        }
    }, 
    {
        "host_name": "hefty", 
        "minutes_duration": 14.286374302705129, 
        "timestamp": "2021-09-06 00:57:04.072696", 
        "training_curve": [
            [
                0, 
                6.368021012944089, 
                6.381755997799825
            ], 
            [
                526, 
                3.1809739674771116, 
                3.172862532125109
            ], 
            [
                1052, 
                3.0476124828207722, 
                3.0301044789980978
            ], 
            [
                1578, 
                2.9562913870413303, 
                2.9511497537399602
            ], 
            [
                2105, 
                2.8962367571834804, 
                2.8914833243074756
            ], 
            [
                2631, 
                2.831491601213809, 
                2.8199819603985135
            ], 
            [
                3157, 
                2.774716416245421, 
                2.7702240297653753
            ], 
            [
                3683, 
                2.746502913885724, 
                2.7320150897484656
            ], 
            [
                4210, 
                2.729446006367211, 
                2.7137168636117073
            ], 
            [
                4736, 
                2.7121569554878486, 
                2.698098298752495
            ], 
            [
                5262, 
                2.69841340966168, 
                2.671973317451492
            ], 
            [
                5788, 
                2.669206858124778, 
                2.649557153005581
            ], 
            [
                6315, 
                2.6671291833528556, 
                2.6440016224285956
            ], 
            [
                6841, 
                2.6463358240408317, 
                2.620894303186941
            ], 
            [
                7367, 
                2.6471730571986374, 
                2.6251581238977995
            ], 
            [
                7893, 
                2.6202006025329627, 
                2.587168636430329
            ], 
            [
                8420, 
                2.5585612087870033, 
                2.522237531255118
            ], 
            [
                8946, 
                2.520699750069158, 
                2.499610141196119
            ], 
            [
                9472, 
                2.4672496842392926, 
                2.4328957697713016
            ], 
            [
                9999, 
                2.4277664394873226, 
                2.3947127507396644
            ]
        ]
    }
]