[
    {
        "jobnum": 25, 
        "model": {
            "L2_reg": 4.1564042924344236, 
            "conv_width": 5, 
            "fp_depth": 3, 
            "fp_length": 34, 
            "h1_size": 61, 
            "net_type": "conv_plus_linear"
        }, 
        "num_records": 20, 
        "task": {
            "name": "delaney", 
            "test_slices": [
                [
                    449, 
                    674
                ]
            ], 
            "train_slices": [
                [
                    0, 
                    224
                ], 
                [
                    224, 
                    449
                ], 
                [
                    899, 
                    1124
                ]
            ]
        }, 
        "train": {
            "batch_size": 100, 
            "init_scale": 0.011266589593491302, 
            "num_iters": 10000, 
            "seed": 3, 
            "step_size": 0.0013353080332717088
        }, 
        "varied_params": {
            "conv_width": 5.477583942969618, 
            "fp_depth": 3.1132432057705985, 
            "fp_length": 34.44574552776623, 
            "h1_size": 61.196234403019005, 
            "log_L2_reg": 1.424650347724727, 
            "log_init_scale": -4.485913605999054, 
            "log_step_size": -6.618593277212389
        }
    }, 
    {
        "host_name": "handy", 
        "minutes_duration": 24.975138199329376, 
        "timestamp": "2021-08-06 08:16:14.200948", 
        "training_curve": [
            [
                0, 
                4.349511098651074, 
                4.411278581281454
            ], 
            [
                526, 
                0.9514294211180936, 
                0.8342146069871579
            ], 
            [
                1052, 
                0.7391867066632053, 
                0.692532060299252
            ], 
            [
                1578, 
                0.6024443087604855, 
                0.699193086837253
            ], 
            [
                2105, 
                0.5224677824731588, 
                0.7261515858554342
            ], 
            [
                2631, 
                0.47076468312032216, 
                0.7573117560935323
            ], 
            [
                3157, 
                0.43570438096650654, 
                0.7745995857200597
            ], 
            [
                3683, 
                0.40543323836953266, 
                0.8184937780709806
            ], 
            [
                4210, 
                0.38104354284808634, 
                0.8451877507276221
            ], 
            [
                4736, 
                0.35667347894479984, 
                0.8701565176877982
            ], 
            [
                5262, 
                0.33274505886225375, 
                0.9258412192357143
            ], 
            [
                5788, 
                0.3134393911744743, 
                0.9975426277037494
            ], 
            [
                6315, 
                0.295762457645099, 
                1.03064401429313
            ], 
            [
                6841, 
                0.2833410442604497, 
                1.011887315076544
            ], 
            [
                7367, 
                0.27101553736765804, 
                1.0313772208928442
            ], 
            [
                7893, 
                0.2608344199829566, 
                1.0175837655457511
            ], 
            [
                8420, 
                0.25717060647898754, 
                1.0215545837499607
            ], 
            [
                8946, 
                0.2566107549661441, 
                1.0138435046520629
            ], 
            [
                9472, 
                0.24417622351870208, 
                1.0463809188160398
            ], 
            [
                9999, 
                0.23274987785349863, 
                1.0538270627428237
            ]
        ]
    }
]