[
    {
        "jobnum": 25, 
        "model": {
            "L2_reg": 4.1564042924344236, 
            "conv_width": 5, 
            "fp_depth": 3, 
            "fp_length": 34, 
            "h1_size": 61, 
            "net_type": "conv_plus_linear"
        }, 
        "num_records": 20, 
        "task": {
            "name": "cep", 
            "test_slices": [
                [
                    8000, 
                    12000
                ]
            ], 
            "train_slices": [
                [
                    0, 
                    4000
                ], 
                [
                    4000, 
                    8000
                ], 
                [
                    16000, 
                    20000
                ]
            ]
        }, 
        "train": {
            "batch_size": 100, 
            "init_scale": 0.011266589593491302, 
            "num_iters": 10000, 
            "seed": 3, 
            "step_size": 0.0013353080332717088
        }, 
        "varied_params": {
            "conv_width": 5.477583942969618, 
            "fp_depth": 3.1132432057705985, 
            "fp_length": 34.44574552776623, 
            "h1_size": 61.196234403019005, 
            "log_L2_reg": 1.424650347724727, 
            "log_init_scale": -4.485913605999054, 
            "log_step_size": -6.618593277212389
        }
    }, 
    {
        "host_name": "hefty", 
        "minutes_duration": 40.15741758346557, 
        "timestamp": "2021-09-09 18:23:24.270871", 
        "training_curve": [
            [
                0, 
                6.380021701608459, 
                6.389895368921664
            ], 
            [
                526, 
                3.5045853695829696, 
                3.4912758961849515
            ], 
            [
                1052, 
                3.2799773152895506, 
                3.2674356363100947
            ], 
            [
                1578, 
                3.255191239837083, 
                3.238627651651555
            ], 
            [
                2105, 
                3.3716186882750905, 
                3.3656061409026465
            ], 
            [
                2631, 
                3.262613512471937, 
                3.2664320711939525
            ], 
            [
                3157, 
                3.2000898398269886, 
                3.2044369420150587
            ], 
            [
                3683, 
                3.2198161112815074, 
                3.211989791912238
            ], 
            [
                4210, 
                3.1730296514920484, 
                3.1645125308153137
            ], 
            [
                4736, 
                3.241755467083047, 
                3.2543897392795413
            ], 
            [
                5262, 
                3.2011507475032714, 
                3.1932329895676768
            ], 
            [
                5788, 
                3.138423709244215, 
                3.1291640642976035
            ], 
            [
                6315, 
                3.129836615390275, 
                3.132984856480872
            ], 
            [
                6841, 
                3.125491233011536, 
                3.1197874625307187
            ], 
            [
                7367, 
                3.133657619348539, 
                3.1404176323824475
            ], 
            [
                7893, 
                3.10981866840485, 
                3.1089494207614154
            ], 
            [
                8420, 
                3.108502084432109, 
                3.1073647062732213
            ], 
            [
                8946, 
                3.1917578534846687, 
                3.196496797217098
            ], 
            [
                9472, 
                3.1475709927633435, 
                3.150941503936077
            ], 
            [
                9999, 
                3.100518281538776, 
                3.097782348376637
            ]
        ]
    }
]