[
    {
        "jobnum": 25, 
        "model": {
            "L2_reg": 4.1564042924344236, 
            "conv_width": 5, 
            "fp_depth": 3, 
            "fp_length": 182, 
            "h1_size": 61, 
            "net_type": "mean"
        }, 
        "num_records": 20, 
        "task": {
            "name": "delaney", 
            "test_slices": [
                [
                    449, 
                    674
                ]
            ], 
            "train_slices": [
                [
                    0, 
                    224
                ], 
                [
                    224, 
                    449
                ], 
                [
                    899, 
                    1124
                ]
            ]
        }, 
        "train": {
            "batch_size": 100, 
            "init_scale": 0.011266589593491302, 
            "num_iters": 10000, 
            "seed": 3, 
            "step_size": 0.0013353080332717088
        }, 
        "varied_params": {
            "conv_width": 5.477583942969618, 
            "fp_depth": 3.1132432057705985, 
            "fp_length": 182.01170974989606, 
            "h1_size": 61.196234403019005, 
            "log_L2_reg": 1.424650347724727, 
            "log_init_scale": -4.485913605999054, 
            "log_step_size": -6.618593277212389
        }
    }, 
    {
        "host_name": "hefty", 
        "minutes_duration": 0.05460438330968221, 
        "timestamp": "2021-08-06 10:27:44.209372", 
        "training_curve": [
            [
                0, 
                4.25958589175158, 
                4.3097005854050785
            ], 
            [
                526, 
                4.257918852787599, 
                4.307125367622378
            ], 
            [
                1052, 
                4.257918991528306, 
                4.307125743526504
            ], 
            [
                1578, 
                4.257919120685157, 
                4.307126093226453
            ], 
            [
                2105, 
                4.257921058726082, 
                4.30713131354779
            ], 
            [
                2631, 
                4.257920439679935, 
                4.3071296515287365
            ], 
            [
                3157, 
                4.257924288146679, 
                4.307139904238487
            ], 
            [
                3683, 
                4.257918569599872, 
                4.307124599529048
            ], 
            [
                4210, 
                4.25791910090982, 
                4.307126039698366
            ], 
            [
                4736, 
                4.257920551387052, 
                4.307129951814623
            ], 
            [
                5262, 
                4.2579210485001315, 
                4.307131286134012
            ], 
            [
                5788, 
                4.257920434077453, 
                4.307129636464046
            ], 
            [
                6315, 
                4.257918567634911, 
                4.307124594195578
            ], 
            [
                6841, 
                4.25791894671893, 
                4.307125622148913
            ], 
            [
                7367, 
                4.257919099767794, 
                4.307126036606952
            ], 
            [
                7893, 
                4.257920550735476, 
                4.307129950063565
            ], 
            [
                8420, 
                4.257920433864534, 
                4.307129635891518
            ], 
            [
                8946, 
                4.257924284857978, 
                4.307139895556155
            ], 
            [
                9472, 
                4.257918567493182, 
                4.307124593810887
            ], 
            [
                9999, 
                4.257919099721507, 
                4.307126036481655
            ]
        ]
    }
]