[
    {
        "jobnum": 26, 
        "model": {
            "L2_reg": 4.365409430476897, 
            "conv_width": 13, 
            "fp_depth": 3, 
            "fp_length": 82, 
            "h1_size": 79, 
            "net_type": "conv_plus_linear"
        }, 
        "num_records": 20, 
        "task": {
            "name": "malaria", 
            "test_slices": [
                [
                    4000, 
                    6000
                ]
            ], 
            "train_slices": [
                [
                    0, 
                    2000
                ], 
                [
                    2000, 
                    4000
                ], 
                [
                    8000, 
                    10000
                ]
            ]
        }, 
        "train": {
            "batch_size": 100, 
            "init_scale": 0.0072955688785495435, 
            "num_iters": 10000, 
            "seed": 3, 
            "step_size": 0.0008687729757730617
        }, 
        "varied_params": {
            "conv_width": 13.034492045374375, 
            "fp_depth": 2.841897867897688, 
            "fp_length": 82.06991735171195, 
            "h1_size": 78.86142943020837, 
            "log_L2_reg": 1.47371198339835, 
            "log_init_scale": -4.9204881180670785, 
            "log_step_size": -7.0484287145019655
        }
    }, 
    {
        "host_name": "schlumpfine", 
        "minutes_duration": 40.498970301946, 
        "timestamp": "2021-09-01 12:42:08.972124", 
        "training_curve": [
            [
                0, 
                1.499172003056948, 
                1.3854864082488976
            ], 
            [
                526, 
                1.218190390026037, 
                1.2061720247833196
            ], 
            [
                1052, 
                1.188986053731444, 
                1.200570287109732
            ], 
            [
                1578, 
                1.143881841392403, 
                1.162838922763249
            ], 
            [
                2105, 
                1.1327059064101306, 
                1.1637129221207174
            ], 
            [
                2631, 
                1.1167514542025039, 
                1.1669790773217723
            ], 
            [
                3157, 
                1.0897621196191638, 
                1.136879255708711
            ], 
            [
                3683, 
                1.0920674480654522, 
                1.1355914527099868
            ], 
            [
                4210, 
                1.0721571571237853, 
                1.1420285975989508
            ], 
            [
                4736, 
                1.0684307282795815, 
                1.145250092581559
            ], 
            [
                5262, 
                1.0727327097225032, 
                1.140446939848822
            ], 
            [
                5788, 
                1.0606401614497103, 
                1.1300920023352423
            ], 
            [
                6315, 
                1.042366302224782, 
                1.141254196345194
            ], 
            [
                6841, 
                1.0624401607838674, 
                1.1656756183230992
            ], 
            [
                7367, 
                1.030733430072238, 
                1.133395268927292
            ], 
            [
                7893, 
                1.038926269258084, 
                1.1404837456190953
            ], 
            [
                8420, 
                1.0355850650975689, 
                1.1506558500360289
            ], 
            [
                8946, 
                1.0435098835722754, 
                1.1804374637123642
            ], 
            [
                9472, 
                1.0109340964424152, 
                1.1528042500635096
            ], 
            [
                9999, 
                1.003407009142229, 
                1.1282095366043412
            ]
        ]
    }
]