[
    {
        "jobnum": 26, 
        "model": {
            "L2_reg": 4.365409430476897, 
            "conv_width": 13, 
            "fp_depth": 3, 
            "fp_length": 611, 
            "h1_size": 79, 
            "net_type": "morgan_plus_net"
        }, 
        "num_records": 20, 
        "task": {
            "name": "malaria", 
            "test_slices": [
                [
                    4000, 
                    6000
                ]
            ], 
            "train_slices": [
                [
                    0, 
                    2000
                ], 
                [
                    2000, 
                    4000
                ], 
                [
                    8000, 
                    10000
                ]
            ]
        }, 
        "train": {
            "batch_size": 100, 
            "init_scale": 0.0072955688785495435, 
            "num_iters": 10000, 
            "seed": 3, 
            "step_size": 0.0008687729757730617
        }, 
        "varied_params": {
            "conv_width": 13.034492045374375, 
            "fp_depth": 2.841897867897688, 
            "fp_length": 610.6292561654076, 
            "h1_size": 78.86142943020837, 
            "log_L2_reg": 1.47371198339835, 
            "log_init_scale": -4.9204881180670785, 
            "log_step_size": -7.0484287145019655
        }
    }, 
    {
        "host_name": "schlaubi", 
        "minutes_duration": 4.513452597459158, 
        "timestamp": "2021-09-01 15:50:52.663720", 
        "training_curve": [
            [
                0, 
                1.496967937644209, 
                1.3827435035538802
            ], 
            [
                526, 
                0.5306880621325153, 
                1.1147494540864422
            ], 
            [
                1052, 
                0.16939271978598677, 
                1.1806531697366003
            ], 
            [
                1578, 
                0.06780650470213097, 
                1.2399073061563157
            ], 
            [
                2105, 
                0.06033467329535831, 
                1.277036656541743
            ], 
            [
                2631, 
                0.15044068896503016, 
                1.367868045580051
            ], 
            [
                3157, 
                0.13371013698495582, 
                1.3102912429811144
            ], 
            [
                3683, 
                0.11940233710404038, 
                1.348437810877908
            ], 
            [
                4210, 
                0.10808080132203281, 
                1.2967976295092847
            ], 
            [
                4736, 
                0.06095270485488936, 
                1.2775238939135338
            ], 
            [
                5262, 
                0.22478122310891066, 
                1.4181471552356713
            ], 
            [
                5788, 
                0.11836709640022838, 
                1.3250952076786766
            ], 
            [
                6315, 
                0.09220747058343068, 
                1.2864636813257995
            ], 
            [
                6841, 
                0.14059083140084072, 
                1.3358303276553152
            ], 
            [
                7367, 
                0.05285026315836467, 
                1.2469429721225607
            ], 
            [
                7893, 
                0.17539788587315533, 
                1.396693736044388
            ], 
            [
                8420, 
                0.07777316749706575, 
                1.2660106880620927
            ], 
            [
                8946, 
                0.1062549419758577, 
                1.3109635695492092
            ], 
            [
                9472, 
                0.15656988522564305, 
                1.3547626310354908
            ], 
            [
                9999, 
                0.0695636540943032, 
                1.2777591623348825
            ]
        ]
    }
]