[
    {
        "jobnum": 27, 
        "model": {
            "L2_reg": 0.013283268965311871, 
            "conv_width": 19, 
            "fp_depth": 2, 
            "fp_length": 761, 
            "h1_size": 66, 
            "net_type": "mean"
        }, 
        "num_records": 20, 
        "task": {
            "name": "delaney", 
            "test_slices": [
                [
                    449, 
                    674
                ]
            ], 
            "train_slices": [
                [
                    0, 
                    224
                ], 
                [
                    224, 
                    449
                ], 
                [
                    899, 
                    1124
                ]
            ]
        }, 
        "train": {
            "batch_size": 100, 
            "init_scale": 0.0190281610906231, 
            "num_iters": 10000, 
            "seed": 3, 
            "step_size": 0.0016497760110958427
        }, 
        "varied_params": {
            "conv_width": 19.165585849759005, 
            "fp_depth": 1.5585790176410086, 
            "fp_length": 761.4672014096818, 
            "h1_size": 65.5972497739801, 
            "log_L2_reg": -4.321250008199023, 
            "log_init_scale": -3.9618352344702683, 
            "log_step_size": -6.407115751135633
        }
    }, 
    {
        "host_name": "hefty", 
        "minutes_duration": 0.05472551584243775, 
        "timestamp": "2021-08-06 10:27:49.586467", 
        "training_curve": [
            [
                0, 
                4.2627888286098345, 
                4.313675381057697
            ], 
            [
                526, 
                4.2579182990299165, 
                4.307123864619477
            ], 
            [
                1052, 
                4.257918649537985, 
                4.307124816458522
            ], 
            [
                1578, 
                4.257918814491436, 
                4.3071252638160535
            ], 
            [
                2105, 
                4.257921210387179, 
                4.307131719961278
            ], 
            [
                2631, 
                4.257920446730414, 
                4.307129670486399
            ], 
            [
                3157, 
                4.257925218380005, 
                4.307142354858914
            ], 
            [
                3683, 
                4.25791814040426, 
                4.307123433292718
            ], 
            [
                4210, 
                4.257918794703434, 
                4.307125210170383
            ], 
            [
                4736, 
                4.257920585364224, 
                4.307130043117698
            ], 
            [
                5262, 
                4.257921200523846, 
                4.307131693539159
            ], 
            [
                5788, 
                4.257920441286725, 
                4.307129655849209
            ], 
            [
                6315, 
                4.257918138398346, 
                4.3071234278360855
            ], 
            [
                6841, 
                4.25791860481397, 
                4.307124695101083
            ], 
            [
                7367, 
                4.257918793554021, 
                4.307125207054136
            ], 
            [
                7893, 
                4.257920584726479, 
                4.307130041404098
            ], 
            [
                8420, 
                4.257920441079508, 
                4.307129655292028
            ], 
            [
                8946, 
                4.257925215392323, 
                4.3071423470047225
            ], 
            [
                9472, 
                4.257918138253594, 
                4.307123427442315
            ], 
            [
                9999, 
                4.2579187935074225, 
                4.307125206927798
            ]
        ]
    }
]