[
    {
        "jobnum": 27, 
        "model": {
            "L2_reg": 0.013283268965311871, 
            "conv_width": 19, 
            "fp_depth": 2, 
            "fp_length": 99, 
            "h1_size": 66, 
            "net_type": "conv_plus_net"
        }, 
        "num_records": 20, 
        "task": {
            "name": "delaney", 
            "test_slices": [
                [
                    449, 
                    674
                ]
            ], 
            "train_slices": [
                [
                    0, 
                    224
                ], 
                [
                    224, 
                    449
                ], 
                [
                    899, 
                    1124
                ]
            ]
        }, 
        "train": {
            "batch_size": 100, 
            "init_scale": 0.0190281610906231, 
            "num_iters": 10000, 
            "seed": 3, 
            "step_size": 0.0016497760110958427
        }, 
        "varied_params": {
            "conv_width": 19.165585849759005, 
            "fp_depth": 1.5585790176410086, 
            "fp_length": 98.82968904552021, 
            "h1_size": 65.5972497739801, 
            "log_L2_reg": -4.321250008199023, 
            "log_init_scale": -3.9618352344702683, 
            "log_step_size": -6.407115751135633
        }
    }, 
    {
        "host_name": "schlaubi", 
        "minutes_duration": 31.42874883413315, 
        "timestamp": "2021-08-06 03:57:16.073610", 
        "training_curve": [
            [
                0, 
                4.277657668854526, 
                4.32706812459663
            ], 
            [
                526, 
                0.32965054960682433, 
                0.4902639070162363
            ], 
            [
                1052, 
                0.2049564226649798, 
                0.45786104282276574
            ], 
            [
                1578, 
                0.1641054842080559, 
                0.5381903563397611
            ], 
            [
                2105, 
                0.14215547811502413, 
                0.5312799086757841
            ], 
            [
                2631, 
                0.13604834075993316, 
                0.6142075763853182
            ], 
            [
                3157, 
                0.11386781857859837, 
                0.584003570183887
            ], 
            [
                3683, 
                0.11200528803737142, 
                0.6004954526441709
            ], 
            [
                4210, 
                0.10628133172024609, 
                0.6055726728948624
            ], 
            [
                4736, 
                0.0911955093859851, 
                0.6303158922339681
            ], 
            [
                5262, 
                0.10588749626467275, 
                0.6104272986147882
            ], 
            [
                5788, 
                0.08702583392858676, 
                0.6743683407672975
            ], 
            [
                6315, 
                0.08180542111042041, 
                0.6642360733846111
            ], 
            [
                6841, 
                0.08021610781237223, 
                0.705037099392501
            ], 
            [
                7367, 
                0.08591081866655649, 
                0.6694692470561616
            ], 
            [
                7893, 
                0.08671610301006807, 
                0.6682305181817749
            ], 
            [
                8420, 
                0.07354201683963109, 
                0.7201093329136616
            ], 
            [
                8946, 
                0.0861027393583843, 
                0.7809241682502213
            ], 
            [
                9472, 
                0.07160889668557847, 
                0.7493364754308104
            ], 
            [
                9999, 
                0.0811464055113827, 
                0.7012592743229599
            ]
        ]
    }
]