[
    {
        "jobnum": 27, 
        "model": {
            "L2_reg": 0.013283268965311871, 
            "conv_width": 19, 
            "fp_depth": 2, 
            "fp_length": 761, 
            "h1_size": 66, 
            "net_type": "mean"
        }, 
        "num_records": 20, 
        "task": {
            "name": "cep", 
            "test_slices": [
                [
                    8000, 
                    12000
                ]
            ], 
            "train_slices": [
                [
                    0, 
                    4000
                ], 
                [
                    4000, 
                    8000
                ], 
                [
                    16000, 
                    20000
                ]
            ]
        }, 
        "train": {
            "batch_size": 100, 
            "init_scale": 0.0190281610906231, 
            "num_iters": 10000, 
            "seed": 3, 
            "step_size": 0.0016497760110958427
        }, 
        "varied_params": {
            "conv_width": 19.165585849759005, 
            "fp_depth": 1.5585790176410086, 
            "fp_length": 761.4672014096818, 
            "h1_size": 65.5972497739801, 
            "log_L2_reg": -4.321250008199023, 
            "log_init_scale": -3.9618352344702683, 
            "log_step_size": -6.407115751135633
        }
    }, 
    {
        "host_name": "schlumpfine", 
        "minutes_duration": 0.04450188080469767, 
        "timestamp": "2021-09-09 22:39:45.740980", 
        "training_curve": [
            [
                0, 
                6.374992158389723, 
                6.387617232353994
            ], 
            [
                526, 
                6.367790847656296, 
                6.381650826707351
            ], 
            [
                1052, 
                6.367926294608306, 
                6.381402238662366
            ], 
            [
                1578, 
                6.367623794740524, 
                6.381353192102371
            ], 
            [
                2105, 
                6.3679309755987985, 
                6.381847379611291
            ], 
            [
                2631, 
                6.367928736824298, 
                6.381403818227709
            ], 
            [
                3157, 
                6.3676290950227425, 
                6.381368968580582
            ], 
            [
                3683, 
                6.367632426862132, 
                6.3812777766595135
            ], 
            [
                4210, 
                6.367617408769598, 
                6.381325701469443
            ], 
            [
                4736, 
                6.367991933962621, 
                6.381928803823301
            ], 
            [
                5262, 
                6.367908874066006, 
                6.38139107273079
            ], 
            [
                5788, 
                6.367616332994987, 
                6.381312370079834
            ], 
            [
                6315, 
                6.367657141330146, 
                6.381432102496337
            ], 
            [
                6841, 
                6.367676512699689, 
                6.38127518387351
            ], 
            [
                7367, 
                6.367831913149775, 
                6.381710239306705
            ], 
            [
                7893, 
                6.367955758848173, 
                6.381421511639408
            ], 
            [
                8420, 
                6.367624035763088, 
                6.381353978436518
            ], 
            [
                8946, 
                6.367899269512731, 
                6.381804240251509
            ], 
            [
                9472, 
                6.36790426272823, 
                6.381388147995742
            ], 
            [
                9999, 
                6.3676370119343515, 
                6.381389035013312
            ]
        ]
    }
]