[
    {
        "jobnum": 28, 
        "model": {
            "L2_reg": 0.003943184168730902, 
            "conv_width": 10, 
            "fp_depth": 2, 
            "fp_length": 94, 
            "h1_size": 61, 
            "net_type": "conv_plus_net"
        }, 
        "num_records": 20, 
        "task": {
            "name": "malaria", 
            "test_slices": [
                [
                    4000, 
                    6000
                ]
            ], 
            "train_slices": [
                [
                    0, 
                    2000
                ], 
                [
                    2000, 
                    4000
                ], 
                [
                    8000, 
                    10000
                ]
            ]
        }, 
        "train": {
            "batch_size": 100, 
            "init_scale": 0.029866812729940385, 
            "num_iters": 10000, 
            "seed": 3, 
            "step_size": 0.0009279116143062864
        }, 
        "varied_params": {
            "conv_width": 9.676938229911539, 
            "fp_depth": 2.3032498766743625, 
            "fp_length": 93.99047074733146, 
            "h1_size": 61.370731398666166, 
            "log_L2_reg": -5.535766717408995, 
            "log_init_scale": -3.5110073571699236, 
            "log_step_size": -6.982574072918428
        }
    }, 
    {
        "host_name": "hefty", 
        "minutes_duration": 31.872113700707754, 
        "timestamp": "2021-09-01 05:56:45.947334", 
        "training_curve": [
            [
                0, 
                1.4976929955613671, 
                1.3839193917499968
            ], 
            [
                526, 
                1.216867523017654, 
                1.2233525518881574
            ], 
            [
                1052, 
                1.1765604219883667, 
                1.2021400380049025
            ], 
            [
                1578, 
                1.1461750899367324, 
                1.1821927569410084
            ], 
            [
                2105, 
                1.124548847715283, 
                1.1853248334876672
            ], 
            [
                2631, 
                1.0937678686519545, 
                1.1545328189383186
            ], 
            [
                3157, 
                1.0827932055718494, 
                1.140981710542718
            ], 
            [
                3683, 
                1.0712990242532645, 
                1.1458267539309877
            ], 
            [
                4210, 
                1.0578405977055594, 
                1.1602701923867975
            ], 
            [
                4736, 
                1.043088831886805, 
                1.1524979034395355
            ], 
            [
                5262, 
                1.0372439898568908, 
                1.1338538118364994
            ], 
            [
                5788, 
                1.0232430690254861, 
                1.1363539346990301
            ], 
            [
                6315, 
                1.011259485485769, 
                1.1453704725058869
            ], 
            [
                6841, 
                1.015070275972967, 
                1.1647701022769779
            ], 
            [
                7367, 
                0.9902736660727216, 
                1.124940446133158
            ], 
            [
                7893, 
                0.9919285908464992, 
                1.1422127578161616
            ], 
            [
                8420, 
                0.9947012050820341, 
                1.152112635162859
            ], 
            [
                8946, 
                0.9863685176967032, 
                1.1669758544856246
            ], 
            [
                9472, 
                0.9702789783302715, 
                1.1452089157622438
            ], 
            [
                9999, 
                0.9921948540353799, 
                1.158131805583092
            ]
        ]
    }
]