[
    {
        "jobnum": 28, 
        "model": {
            "L2_reg": 0.003943184168730902, 
            "conv_width": 10, 
            "fp_depth": 2, 
            "fp_length": 718, 
            "h1_size": 61, 
            "net_type": "morgan_plus_net"
        }, 
        "num_records": 20, 
        "task": {
            "name": "cep", 
            "test_slices": [
                [
                    8000, 
                    12000
                ]
            ], 
            "train_slices": [
                [
                    0, 
                    4000
                ], 
                [
                    4000, 
                    8000
                ], 
                [
                    16000, 
                    20000
                ]
            ]
        }, 
        "train": {
            "batch_size": 100, 
            "init_scale": 0.029866812729940385, 
            "num_iters": 10000, 
            "seed": 3, 
            "step_size": 0.0009279116143062864
        }, 
        "varied_params": {
            "conv_width": 9.676938229911539, 
            "fp_depth": 2.3032498766743625, 
            "fp_length": 717.9142367259832, 
            "h1_size": 61.370731398666166, 
            "log_L2_reg": -5.535766717408995, 
            "log_init_scale": -3.5110073571699236, 
            "log_step_size": -6.982574072918428
        }
    }, 
    {
        "host_name": "schlaubi", 
        "minutes_duration": 4.857213966051737, 
        "timestamp": "2021-09-09 22:21:04.174655", 
        "training_curve": [
            [
                0, 
                6.375207917035939, 
                6.3842862215313705
            ], 
            [
                526, 
                1.7694596576505301, 
                2.1806740786151444
            ], 
            [
                1052, 
                1.3262191569220818, 
                2.013424691979707
            ], 
            [
                1578, 
                0.9868670918371305, 
                1.9526396195148614
            ], 
            [
                2105, 
                0.7627511457065096, 
                1.9541334399186765
            ], 
            [
                2631, 
                0.5903859227183157, 
                2.005564377765135
            ], 
            [
                3157, 
                0.4626422943710528, 
                2.0643502213818525
            ], 
            [
                3683, 
                0.4261068835405387, 
                2.1563495291760466
            ], 
            [
                4210, 
                0.40453273378916554, 
                2.2477771851851776
            ], 
            [
                4736, 
                0.33676366305611216, 
                2.287922497372583
            ], 
            [
                5262, 
                0.33996905073126926, 
                2.393582118500221
            ], 
            [
                5788, 
                0.3465674646213903, 
                2.5048289643675345
            ], 
            [
                6315, 
                0.5107005263047387, 
                2.728431220240646
            ], 
            [
                6841, 
                0.6881424342390516, 
                2.9254707630351757
            ], 
            [
                7367, 
                0.40705175596565435, 
                2.5344984919232574
            ], 
            [
                7893, 
                0.5111573809101279, 
                2.7145618925847685
            ], 
            [
                8420, 
                0.5020748050902695, 
                2.6546353538900984
            ], 
            [
                8946, 
                0.41779158021233004, 
                2.637600719091946
            ], 
            [
                9472, 
                0.5042048143915311, 
                2.7547044048873994
            ], 
            [
                9999, 
                0.6686895307251576, 
                2.9664897192351467
            ]
        ]
    }
]