[
    {
        "jobnum": 28, 
        "model": {
            "L2_reg": 0.003943184168730902, 
            "conv_width": 10, 
            "fp_depth": 2, 
            "fp_length": 718, 
            "h1_size": 61, 
            "net_type": "morgan_plus_net"
        }, 
        "num_records": 20, 
        "task": {
            "name": "malaria", 
            "test_slices": [
                [
                    4000, 
                    6000
                ]
            ], 
            "train_slices": [
                [
                    0, 
                    2000
                ], 
                [
                    2000, 
                    4000
                ], 
                [
                    8000, 
                    10000
                ]
            ]
        }, 
        "train": {
            "batch_size": 100, 
            "init_scale": 0.029866812729940385, 
            "num_iters": 10000, 
            "seed": 3, 
            "step_size": 0.0009279116143062864
        }, 
        "varied_params": {
            "conv_width": 9.676938229911539, 
            "fp_depth": 2.3032498766743625, 
            "fp_length": 717.9142367259832, 
            "h1_size": 61.370731398666166, 
            "log_L2_reg": -5.535766717408995, 
            "log_init_scale": -3.5110073571699236, 
            "log_step_size": -6.982574072918428
        }
    }, 
    {
        "host_name": "hefty", 
        "minutes_duration": 2.5375032862027487, 
        "timestamp": "2021-09-01 15:49:31.397667", 
        "training_curve": [
            [
                0, 
                1.4978780991614977, 
                1.3851517832211016
            ], 
            [
                526, 
                0.4929614573964295, 
                1.0707458200787179
            ], 
            [
                1052, 
                0.17985472641103636, 
                1.1148679031972824
            ], 
            [
                1578, 
                0.08045049646262158, 
                1.158482287613685
            ], 
            [
                2105, 
                0.06606992286244665, 
                1.199093179322938
            ], 
            [
                2631, 
                0.059324010991963126, 
                1.238637157572793
            ], 
            [
                3157, 
                0.19367997360229702, 
                1.3951217053614828
            ], 
            [
                3683, 
                0.10187168554766363, 
                1.25940763469463
            ], 
            [
                4210, 
                0.08214102836738235, 
                1.269222818202815
            ], 
            [
                4736, 
                0.19374351412789936, 
                1.3509036473240612
            ], 
            [
                5262, 
                0.14939556348203117, 
                1.2922302148946656
            ], 
            [
                5788, 
                0.07111724526144357, 
                1.2680587548772178
            ], 
            [
                6315, 
                0.09915029583319224, 
                1.2735682999009936
            ], 
            [
                6841, 
                0.10634361581721609, 
                1.2827514668915012
            ], 
            [
                7367, 
                0.16365427591014747, 
                1.2888134829326254
            ], 
            [
                7893, 
                0.11393509125636961, 
                1.285819911610804
            ], 
            [
                8420, 
                0.10571227223060474, 
                1.2947788564741127
            ], 
            [
                8946, 
                0.13123228625980013, 
                1.3264389902405649
            ], 
            [
                9472, 
                0.1996796119317054, 
                1.3816796024948697
            ], 
            [
                9999, 
                0.13102376002896154, 
                1.290696241647094
            ]
        ]
    }
]