[
    {
        "jobnum": 28, 
        "model": {
            "L2_reg": 0.003943184168730902, 
            "conv_width": 10, 
            "fp_depth": 2, 
            "fp_length": 718, 
            "h1_size": 61, 
            "net_type": "morgan_plus_net"
        }, 
        "num_records": 20, 
        "task": {
            "name": "delaney", 
            "test_slices": [
                [
                    449, 
                    674
                ]
            ], 
            "train_slices": [
                [
                    0, 
                    224
                ], 
                [
                    224, 
                    449
                ], 
                [
                    899, 
                    1124
                ]
            ]
        }, 
        "train": {
            "batch_size": 100, 
            "init_scale": 0.029866812729940385, 
            "num_iters": 10000, 
            "seed": 3, 
            "step_size": 0.0009279116143062864
        }, 
        "varied_params": {
            "conv_width": 9.676938229911539, 
            "fp_depth": 2.3032498766743625, 
            "fp_length": 717.9142367259832, 
            "h1_size": 61.370731398666166, 
            "log_L2_reg": -5.535766717408995, 
            "log_init_scale": -3.5110073571699236, 
            "log_step_size": -6.982574072918428
        }
    }, 
    {
        "host_name": "handy", 
        "minutes_duration": 2.3999529679616294, 
        "timestamp": "2021-08-06 10:17:32.747316", 
        "training_curve": [
            [
                0, 
                4.2527453573471625, 
                4.311720656528576
            ], 
            [
                526, 
                0.09696732349150593, 
                1.636056535636139
            ], 
            [
                1052, 
                0.10068621655946454, 
                1.7905759408636197
            ], 
            [
                1578, 
                0.15959010565837914, 
                1.9272776611319518
            ], 
            [
                2105, 
                0.22888888744482658, 
                2.0510013280862687
            ], 
            [
                2631, 
                0.27139235531627615, 
                2.1282214525440564
            ], 
            [
                3157, 
                0.28939216051379657, 
                2.153054772413125
            ], 
            [
                3683, 
                0.3063161074133948, 
                2.167246241801614
            ], 
            [
                4210, 
                0.30644777061233736, 
                2.174710241942853
            ], 
            [
                4736, 
                0.30078365804193025, 
                2.140585450657686
            ], 
            [
                5262, 
                0.3053836653408784, 
                2.1569683790486245
            ], 
            [
                5788, 
                0.2937452975677503, 
                2.118289407193277
            ], 
            [
                6315, 
                0.29340361378759866, 
                2.1141636755056
            ], 
            [
                6841, 
                0.2925964288088976, 
                2.103693296413689
            ], 
            [
                7367, 
                0.2863593207082501, 
                2.0823415120095743
            ], 
            [
                7893, 
                0.2922030943622856, 
                2.087439852909496
            ], 
            [
                8420, 
                0.2835507205728054, 
                2.0806218639058125
            ], 
            [
                8946, 
                0.2850489043572289, 
                2.05945001891432
            ], 
            [
                9472, 
                0.2760371900422306, 
                2.0381518901058895
            ], 
            [
                9999, 
                0.27408414880158327, 
                2.044658810087921
            ]
        ]
    }
]