[
    {
        "jobnum": 28, 
        "model": {
            "L2_reg": 0.003943184168730902, 
            "conv_width": 10, 
            "fp_depth": 2, 
            "fp_length": 718, 
            "h1_size": 61, 
            "net_type": "morgan_plus_linear"
        }, 
        "num_records": 20, 
        "task": {
            "name": "delaney", 
            "test_slices": [
                [
                    449, 
                    674
                ]
            ], 
            "train_slices": [
                [
                    0, 
                    224
                ], 
                [
                    224, 
                    449
                ], 
                [
                    899, 
                    1124
                ]
            ]
        }, 
        "train": {
            "batch_size": 100, 
            "init_scale": 0.029866812729940385, 
            "num_iters": 10000, 
            "seed": 3, 
            "step_size": 0.0009279116143062864
        }, 
        "varied_params": {
            "conv_width": 9.676938229911539, 
            "fp_depth": 2.3032498766743625, 
            "fp_length": 717.9142367259832, 
            "h1_size": 61.370731398666166, 
            "log_L2_reg": -5.535766717408995, 
            "log_init_scale": -3.5110073571699236, 
            "log_step_size": -6.982574072918428
        }
    }, 
    {
        "host_name": "hefty", 
        "minutes_duration": 0.4511614163716634, 
        "timestamp": "2021-08-06 05:27:49.302777", 
        "training_curve": [
            [
                0, 
                4.487408827254266, 
                4.619035721394111
            ], 
            [
                526, 
                0.9072035698899042, 
                2.016242159687289
            ], 
            [
                1052, 
                0.579010736015054, 
                2.093710381146485
            ], 
            [
                1578, 
                0.44899369898579816, 
                2.258162091822719
            ], 
            [
                2105, 
                0.37243964392615325, 
                2.441229595038257
            ], 
            [
                2631, 
                0.31874112720753517, 
                2.650516519430353
            ], 
            [
                3157, 
                0.27771686848054383, 
                2.899604280086192
            ], 
            [
                3683, 
                0.24498715588989495, 
                3.198114989940176
            ], 
            [
                4210, 
                0.21818651381970042, 
                3.5500546506128123
            ], 
            [
                4736, 
                0.19594019303392868, 
                3.953917099707432
            ], 
            [
                5262, 
                0.17723235059460646, 
                4.404802571613072
            ], 
            [
                5788, 
                0.16139261283320194, 
                4.895493534708845
            ], 
            [
                6315, 
                0.14793147098776394, 
                5.418136251324626
            ], 
            [
                6841, 
                0.13649469331649797, 
                5.959808736490676
            ], 
            [
                7367, 
                0.1267488895138992, 
                6.515157336161797
            ], 
            [
                7893, 
                0.11842669025774245, 
                7.078278927913786
            ], 
            [
                8420, 
                0.11129221863026764, 
                7.645501359882898
            ], 
            [
                8946, 
                0.1052063010747469, 
                8.211575491188173
            ], 
            [
                9472, 
                0.09995871687322559, 
                8.7773396851154
            ], 
            [
                9999, 
                0.09542803531933933, 
                9.336745110818063
            ]
        ]
    }
]