[
    {
        "jobnum": 29, 
        "model": {
            "L2_reg": 0.004245044619110333, 
            "conv_width": 12, 
            "fp_depth": 3, 
            "fp_length": 76, 
            "h1_size": 59, 
            "net_type": "conv_plus_linear"
        }, 
        "num_records": 20, 
        "task": {
            "name": "cep", 
            "test_slices": [
                [
                    8000, 
                    12000
                ]
            ], 
            "train_slices": [
                [
                    0, 
                    4000
                ], 
                [
                    4000, 
                    8000
                ], 
                [
                    16000, 
                    20000
                ]
            ]
        }, 
        "train": {
            "batch_size": 100, 
            "init_scale": 0.0037474293821238764, 
            "num_iters": 10000, 
            "seed": 3, 
            "step_size": 0.0003702674089650885
        }, 
        "varied_params": {
            "conv_width": 11.80545266834068, 
            "fp_depth": 3.038178320495702, 
            "fp_length": 76.09687164417689, 
            "h1_size": 58.980183877981744, 
            "log_L2_reg": -5.462002948294011, 
            "log_init_scale": -5.586685172161369, 
            "log_step_size": -7.901285086434675
        }
    }, 
    {
        "host_name": "hefty", 
        "minutes_duration": 47.980755150318146, 
        "timestamp": "2021-09-09 19:11:52.624778", 
        "training_curve": [
            [
                0, 
                6.373446320314952, 
                6.387853047633553
            ], 
            [
                526, 
                3.963730220727562, 
                4.000873645680379
            ], 
            [
                1052, 
                3.5837389865073153, 
                3.5770625655189923
            ], 
            [
                1578, 
                3.3468848429433287, 
                3.3246077606418756
            ], 
            [
                2105, 
                3.2826304128986727, 
                3.2677320968054437
            ], 
            [
                2631, 
                3.2584246520151865, 
                3.2403820113639132
            ], 
            [
                3157, 
                3.2359010285274024, 
                3.230188705534834
            ], 
            [
                3683, 
                3.216098341342912, 
                3.213556013396074
            ], 
            [
                4210, 
                3.2030153060295294, 
                3.193553895785904
            ], 
            [
                4736, 
                3.2049439678270324, 
                3.206641863722627
            ], 
            [
                5262, 
                3.1929338766240654, 
                3.1934443432056145
            ], 
            [
                5788, 
                3.17794343588116, 
                3.176549990039032
            ], 
            [
                6315, 
                3.180397431400925, 
                3.1836542161598906
            ], 
            [
                6841, 
                3.205019233136293, 
                3.206151609109735
            ], 
            [
                7367, 
                3.1813101544817517, 
                3.1851640817044613
            ], 
            [
                7893, 
                3.160099653347842, 
                3.161286244806671
            ], 
            [
                8420, 
                3.151532024149058, 
                3.149765282609719
            ], 
            [
                8946, 
                3.167417594639037, 
                3.1747168288844145
            ], 
            [
                9472, 
                3.1554118337356254, 
                3.1521912090326425
            ], 
            [
                9999, 
                3.1502439614570092, 
                3.15427373412984
            ]
        ]
    }
]