[
    {
        "jobnum": 2, 
        "model": {
            "L2_reg": 0.002913929338489009, 
            "conv_width": 17, 
            "fp_depth": 3, 
            "fp_length": 113, 
            "h1_size": 54, 
            "net_type": "conv_plus_linear"
        }, 
        "num_records": 20, 
        "task": {
            "name": "delaney", 
            "test_slices": [
                [
                    449, 
                    674
                ]
            ], 
            "train_slices": [
                [
                    0, 
                    224
                ], 
                [
                    224, 
                    449
                ], 
                [
                    899, 
                    1124
                ]
            ]
        }, 
        "train": {
            "batch_size": 100, 
            "init_scale": 0.002700081371236293, 
            "num_iters": 10000, 
            "seed": 3, 
            "step_size": 0.00047533877329982853
        }, 
        "varied_params": {
            "conv_width": 16.67235126424776, 
            "fp_depth": 3.497859536643814, 
            "fp_length": 113.44136060364374, 
            "h1_size": 53.55180290989435, 
            "log_L2_reg": -5.838252820477394, 
            "log_init_scale": -5.914473368931056, 
            "log_step_size": -7.651482801193837
        }
    }, 
    {
        "host_name": "papaschlumpf", 
        "minutes_duration": 41.21910463174184, 
        "timestamp": "2021-08-06 06:11:41.408283", 
        "training_curve": [
            [
                0, 
                4.299543202133395, 
                4.354267602473796
            ], 
            [
                526, 
                1.1626088880756098, 
                1.0291897147879192
            ], 
            [
                1052, 
                0.7310749943694743, 
                0.7530160024035998
            ], 
            [
                1578, 
                0.5300076484529405, 
                0.6683270038192172
            ], 
            [
                2105, 
                0.43892219335587196, 
                0.626405974297329
            ], 
            [
                2631, 
                0.38328133586673174, 
                0.6071874298130194
            ], 
            [
                3157, 
                0.34604062079690107, 
                0.6080186842937011
            ], 
            [
                3683, 
                0.31518638025641776, 
                0.6358570456412048
            ], 
            [
                4210, 
                0.2867971288938567, 
                0.6527039765582534
            ], 
            [
                4736, 
                0.2654867895290017, 
                0.7131623356564873
            ], 
            [
                5262, 
                0.2378895828220762, 
                0.7285014072182121
            ], 
            [
                5788, 
                0.2186221412548677, 
                0.7669980892388758
            ], 
            [
                6315, 
                0.203211249679373, 
                0.8137566360129896
            ], 
            [
                6841, 
                0.2014821400933166, 
                0.8914575822240312
            ], 
            [
                7367, 
                0.18124740012562612, 
                0.9051420172232865
            ], 
            [
                7893, 
                0.18484445420347276, 
                0.9660681366826326
            ], 
            [
                8420, 
                0.16513071367847174, 
                0.9357794598740878
            ], 
            [
                8946, 
                0.16610502676075026, 
                0.979460357231051
            ], 
            [
                9472, 
                0.15470758939280463, 
                0.9531185452471952
            ], 
            [
                9999, 
                0.1617624755579133, 
                1.016314714106124
            ]
        ]
    }
]