[
    {
        "jobnum": 30, 
        "model": {
            "L2_reg": 0.49888764185923123, 
            "conv_width": 5, 
            "fp_depth": 2, 
            "fp_length": 101, 
            "h1_size": 100, 
            "net_type": "conv_plus_linear"
        }, 
        "num_records": 20, 
        "task": {
            "name": "delaney", 
            "test_slices": [
                [
                    449, 
                    674
                ]
            ], 
            "train_slices": [
                [
                    0, 
                    224
                ], 
                [
                    224, 
                    449
                ], 
                [
                    899, 
                    1124
                ]
            ]
        }, 
        "train": {
            "batch_size": 100, 
            "init_scale": 0.037625675473512116, 
            "num_iters": 10000, 
            "seed": 3, 
            "step_size": 0.0007987903297989221
        }, 
        "varied_params": {
            "conv_width": 5.30976499198593, 
            "fp_depth": 1.789967130211452, 
            "fp_length": 100.93840922964785, 
            "h1_size": 99.51694736983521, 
            "log_L2_reg": -0.6953743751991937, 
            "log_init_scale": -3.2800686032898714, 
            "log_step_size": -7.132412062406104
        }
    }, 
    {
        "host_name": "handy", 
        "minutes_duration": 29.06686318318049, 
        "timestamp": "2021-08-06 08:45:22.086642", 
        "training_curve": [
            [
                0, 
                4.314541550269354, 
                4.372171689084072
            ], 
            [
                526, 
                1.2658517619897292, 
                1.202806108447354
            ], 
            [
                1052, 
                0.7193148754803191, 
                0.719768435439783
            ], 
            [
                1578, 
                0.560109561244329, 
                0.6194326275498492
            ], 
            [
                2105, 
                0.49283537252583803, 
                0.5868318250258578
            ], 
            [
                2631, 
                0.4545342354031487, 
                0.5678032380547902
            ], 
            [
                3157, 
                0.4292536533813179, 
                0.5731118945520022
            ], 
            [
                3683, 
                0.40681166756403736, 
                0.5927179280016152
            ], 
            [
                4210, 
                0.38784259944319077, 
                0.6159593348033555
            ], 
            [
                4736, 
                0.37338505941595956, 
                0.6337842503307224
            ], 
            [
                5262, 
                0.36278352580133827, 
                0.6482001274879607
            ], 
            [
                5788, 
                0.3544243624020289, 
                0.6586056883005273
            ], 
            [
                6315, 
                0.3443451079489591, 
                0.6574707030367802
            ], 
            [
                6841, 
                0.3367405238847719, 
                0.6701625042147145
            ], 
            [
                7367, 
                0.3302461789330299, 
                0.6803648197190434
            ], 
            [
                7893, 
                0.32326767082556074, 
                0.6910479073345515
            ], 
            [
                8420, 
                0.31630631070380166, 
                0.7059115851198448
            ], 
            [
                8946, 
                0.3093585944012297, 
                0.7202419634372121
            ], 
            [
                9472, 
                0.3033758393926039, 
                0.7374267319154046
            ], 
            [
                9999, 
                0.29708366705912603, 
                0.7561938015517171
            ]
        ]
    }
]