[
    {
        "jobnum": 31, 
        "model": {
            "L2_reg": 1.9124547797990932, 
            "conv_width": 18, 
            "fp_depth": 3, 
            "fp_length": 292, 
            "h1_size": 69, 
            "net_type": "morgan_plus_linear"
        }, 
        "num_records": 20, 
        "task": {
            "name": "cep", 
            "test_slices": [
                [
                    8000, 
                    12000
                ]
            ], 
            "train_slices": [
                [
                    0, 
                    4000
                ], 
                [
                    4000, 
                    8000
                ], 
                [
                    16000, 
                    20000
                ]
            ]
        }, 
        "train": {
            "batch_size": 100, 
            "init_scale": 0.005559832285515376, 
            "num_iters": 10000, 
            "seed": 3, 
            "step_size": 0.0035290324263775666
        }, 
        "varied_params": {
            "conv_width": 18.08975983171093, 
            "fp_depth": 2.8869455307734464, 
            "fp_length": 291.73037109416083, 
            "h1_size": 69.1731947085949, 
            "log_L2_reg": 0.6483876418895234, 
            "log_init_scale": -5.192187335650255, 
            "log_step_size": -5.646731545785578
        }
    }, 
    {
        "host_name": "schlaubi", 
        "minutes_duration": 1.0861343661944072, 
        "timestamp": "2021-09-09 12:33:55.910055", 
        "training_curve": [
            [
                0, 
                6.315093991481468, 
                6.330485261971998
            ], 
            [
                526, 
                3.0257283416546947, 
                3.1313885099982786
            ], 
            [
                1052, 
                3.024433953685003, 
                3.123009736720048
            ], 
            [
                1578, 
                2.991051063695635, 
                3.098062704972672
            ], 
            [
                2105, 
                3.037509120718848, 
                3.140654585245351
            ], 
            [
                2631, 
                2.994620617289244, 
                3.0912047079695335
            ], 
            [
                3157, 
                3.0018184911190207, 
                3.091258135972146
            ], 
            [
                3683, 
                2.9952387811464294, 
                3.0867529935789384
            ], 
            [
                4210, 
                2.9877929656663498, 
                3.0900922798982493
            ], 
            [
                4736, 
                2.9964581999784787, 
                3.0947810827591633
            ], 
            [
                5262, 
                3.0038246867030036, 
                3.1001136024692415
            ], 
            [
                5788, 
                2.993139416014857, 
                3.0835631498965306
            ], 
            [
                6315, 
                2.990645032679821, 
                3.0854618257112687
            ], 
            [
                6841, 
                2.9953553066607705, 
                3.090351987805394
            ], 
            [
                7367, 
                2.9999521989388116, 
                3.089254218112285
            ], 
            [
                7893, 
                3.0387245342689373, 
                3.1270665091216747
            ], 
            [
                8420, 
                3.0072787355583555, 
                3.102324774713444
            ], 
            [
                8946, 
                3.0405897167173945, 
                3.1379854075476357
            ], 
            [
                9472, 
                2.9894112609712526, 
                3.0831131241189755
            ], 
            [
                9999, 
                3.007634575212455, 
                3.094235465131498
            ]
        ]
    }
]