[
    {
        "jobnum": 31, 
        "model": {
            "L2_reg": 1.9124547797990932, 
            "conv_width": 18, 
            "fp_depth": 3, 
            "fp_length": 292, 
            "h1_size": 69, 
            "net_type": "mean"
        }, 
        "num_records": 20, 
        "task": {
            "name": "delaney", 
            "test_slices": [
                [
                    449, 
                    674
                ]
            ], 
            "train_slices": [
                [
                    0, 
                    224
                ], 
                [
                    224, 
                    449
                ], 
                [
                    899, 
                    1124
                ]
            ]
        }, 
        "train": {
            "batch_size": 100, 
            "init_scale": 0.005559832285515376, 
            "num_iters": 10000, 
            "seed": 3, 
            "step_size": 0.0035290324263775666
        }, 
        "varied_params": {
            "conv_width": 18.08975983171093, 
            "fp_depth": 2.8869455307734464, 
            "fp_length": 291.73037109416083, 
            "h1_size": 69.1731947085949, 
            "log_L2_reg": 0.6483876418895234, 
            "log_init_scale": -5.192187335650255, 
            "log_step_size": -5.646731545785578
        }
    }, 
    {
        "host_name": "hefty", 
        "minutes_duration": 0.05289831558863322, 
        "timestamp": "2021-08-06 10:28:00.180818", 
        "training_curve": [
            [
                0, 
                4.258277877399733, 
                4.307825055722467
            ], 
            [
                526, 
                4.25791572599374, 
                4.30711682376929
            ], 
            [
                1052, 
                4.257916619060031, 
                4.307119278408004
            ], 
            [
                1578, 
                4.257916995218289, 
                4.307120308806926
            ], 
            [
                2105, 
                4.257922125232813, 
                4.307134165196011
            ], 
            [
                2631, 
                4.257920494841665, 
                4.307129799832607
            ], 
            [
                3157, 
                4.257930915312636, 
                4.307157145645271
            ], 
            [
                3683, 
                4.257915605219569, 
                4.3071164909092845
            ], 
            [
                4210, 
                4.25791697634059, 
                4.307120257144629
            ], 
            [
                4736, 
                4.257920788019867, 
                4.307130587374989
            ], 
            [
                5262, 
                4.257922115881761, 
                4.307134140256566
            ], 
            [
                5788, 
                4.257920489873353, 
                4.307129786476815
            ], 
            [
                6315, 
                4.257915603225119, 
                4.307116485410649
            ], 
            [
                6841, 
                4.25791657610312, 
                4.307119160606717
            ], 
            [
                7367, 
                4.25791697523432, 
                4.307120254116955
            ], 
            [
                7893, 
                4.257920787406373, 
                4.307130585728192
            ], 
            [
                8420, 
                4.257920489683701, 
                4.3071297859669855
            ], 
            [
                8946, 
                4.257930912290761, 
                4.307157137894171
            ], 
            [
                9472, 
                4.257915603081091, 
                4.307116485013564
            ], 
            [
                9999, 
                4.257916975189452, 
                4.307120253994159
            ]
        ]
    }
]