[
    {
        "jobnum": 32, 
        "model": {
            "L2_reg": 0.6064737765383194, 
            "conv_width": 19, 
            "fp_depth": 2, 
            "fp_length": 753, 
            "h1_size": 59, 
            "net_type": "morgan_plus_net"
        }, 
        "num_records": 20, 
        "task": {
            "name": "delaney", 
            "test_slices": [
                [
                    449, 
                    674
                ]
            ], 
            "train_slices": [
                [
                    0, 
                    224
                ], 
                [
                    224, 
                    449
                ], 
                [
                    899, 
                    1124
                ]
            ]
        }, 
        "train": {
            "batch_size": 100, 
            "init_scale": 0.04900825280898925, 
            "num_iters": 10000, 
            "seed": 3, 
            "step_size": 0.015163965262588588
        }, 
        "varied_params": {
            "conv_width": 19.210558857333865, 
            "fp_depth": 1.6465230313406753, 
            "fp_length": 752.7026532243191, 
            "h1_size": 59.28179721529761, 
            "log_L2_reg": -0.5000937888974777, 
            "log_init_scale": -3.0157665703801033, 
            "log_step_size": -4.188833372112222
        }
    }, 
    {
        "host_name": "handy", 
        "minutes_duration": 2.8747935970624288, 
        "timestamp": "2021-08-06 10:20:28.294377", 
        "training_curve": [
            [
                0, 
                4.319798676608085, 
                4.4280944049683155
            ], 
            [
                526, 
                0.15398207277746412, 
                1.5374524974077193
            ], 
            [
                1052, 
                0.11779343625199588, 
                1.3820029837155274
            ], 
            [
                1578, 
                0.17475480966749282, 
                1.4092721480408696
            ], 
            [
                2105, 
                0.1079926132979871, 
                1.436576759447768
            ], 
            [
                2631, 
                0.27103033040694297, 
                1.5858540170681006
            ], 
            [
                3157, 
                0.12122099484891041, 
                1.509130804269914
            ], 
            [
                3683, 
                0.09579340680751576, 
                1.4751181312913824
            ], 
            [
                4210, 
                0.16014900890562248, 
                1.475515093011587
            ], 
            [
                4736, 
                0.1755636252851131, 
                1.4737880426268601
            ], 
            [
                5262, 
                0.11053246388838228, 
                1.526984235126977
            ], 
            [
                5788, 
                0.11076716095644648, 
                1.4956185143389216
            ], 
            [
                6315, 
                0.10850662308035693, 
                1.502424284489944
            ], 
            [
                6841, 
                0.10592378784287534, 
                1.4992063613019317
            ], 
            [
                7367, 
                0.12065333955912219, 
                1.4753759223195153
            ], 
            [
                7893, 
                0.12843644390161194, 
                1.495813896125451
            ], 
            [
                8420, 
                0.1071239305219119, 
                1.6498234334027295
            ], 
            [
                8946, 
                0.11723689080541268, 
                1.5987899204313598
            ], 
            [
                9472, 
                0.12478240960950224, 
                1.6411463783603928
            ], 
            [
                9999, 
                0.10968402786118653, 
                1.6075151410123365
            ]
        ]
    }
]