[
    {
        "jobnum": 32, 
        "model": {
            "L2_reg": 0.6064737765383194, 
            "conv_width": 19, 
            "fp_depth": 2, 
            "fp_length": 753, 
            "h1_size": 59, 
            "net_type": "mean"
        }, 
        "num_records": 20, 
        "task": {
            "name": "malaria", 
            "test_slices": [
                [
                    4000, 
                    6000
                ]
            ], 
            "train_slices": [
                [
                    0, 
                    2000
                ], 
                [
                    2000, 
                    4000
                ], 
                [
                    8000, 
                    10000
                ]
            ]
        }, 
        "train": {
            "batch_size": 100, 
            "init_scale": 0.04900825280898925, 
            "num_iters": 10000, 
            "seed": 3, 
            "step_size": 0.015163965262588588
        }, 
        "varied_params": {
            "conv_width": 19.210558857333865, 
            "fp_depth": 1.6465230313406753, 
            "fp_length": 752.7026532243191, 
            "h1_size": 59.28179721529761, 
            "log_L2_reg": -0.5000937888974777, 
            "log_init_scale": -3.0157665703801033, 
            "log_step_size": -4.188833372112222
        }
    }, 
    {
        "host_name": "papaschlumpf", 
        "minutes_duration": 0.0502405842145284, 
        "timestamp": "2021-09-01 16:03:31.701519", 
        "training_curve": [
            [
                0, 
                1.5083861417387483, 
                1.3910566206475234
            ], 
            [
                526, 
                1.4970419450693568, 
                1.3828638319308018
            ], 
            [
                1052, 
                1.497841726010866, 
                1.3841472833611603
            ], 
            [
                1578, 
                1.4968844104138568, 
                1.3823843063160208
            ], 
            [
                2105, 
                1.4981759297459036, 
                1.3827221649958255
            ], 
            [
                2631, 
                1.4968868891677356, 
                1.3823362747083217
            ], 
            [
                3157, 
                1.4992668523735522, 
                1.386042461216306
            ], 
            [
                3683, 
                1.496915349190751, 
                1.3825535188795266
            ], 
            [
                4210, 
                1.4975915256567784, 
                1.382383598367981
            ], 
            [
                4736, 
                1.4974886526983762, 
                1.3823336026636008
            ], 
            [
                5262, 
                1.497974354560779, 
                1.3843344605536652
            ], 
            [
                5788, 
                1.4970171502653007, 
                1.38281195198822
            ], 
            [
                6315, 
                1.4969077881472077, 
                1.3822719516864088
            ], 
            [
                6841, 
                1.4989518182823742, 
                1.3832473453581324
            ], 
            [
                7367, 
                1.4969913421542547, 
                1.382755103566759
            ], 
            [
                7893, 
                1.4980110769460284, 
                1.3843856909514902
            ], 
            [
                8420, 
                1.4969084612563868, 
                1.3825293508909013
            ], 
            [
                8946, 
                1.4979560979183988, 
                1.3825865345013908
            ], 
            [
                9472, 
                1.4969291621926057, 
                1.3822446139844493
            ], 
            [
                9999, 
                1.4989978936305746, 
                1.3856988597737414
            ]
        ]
    }
]