[
    {
        "jobnum": 33, 
        "model": {
            "L2_reg": 0.003043648692201047, 
            "conv_width": 11, 
            "fp_depth": 2, 
            "fp_length": 58, 
            "h1_size": 61, 
            "net_type": "conv_plus_linear"
        }, 
        "num_records": 20, 
        "task": {
            "name": "delaney", 
            "test_slices": [
                [
                    449, 
                    674
                ]
            ], 
            "train_slices": [
                [
                    0, 
                    224
                ], 
                [
                    224, 
                    449
                ], 
                [
                    899, 
                    1124
                ]
            ]
        }, 
        "train": {
            "batch_size": 100, 
            "init_scale": 0.021188394054711204, 
            "num_iters": 10000, 
            "seed": 3, 
            "step_size": 0.002665943782512829
        }, 
        "varied_params": {
            "conv_width": 11.370282031272595, 
            "fp_depth": 1.6224102263233282, 
            "fp_length": 57.90703779743326, 
            "h1_size": 60.6655988683741, 
            "log_L2_reg": -5.794698255563747, 
            "log_init_scale": -3.854301697459243, 
            "log_step_size": -5.927197144277347
        }
    }, 
    {
        "host_name": "papaschlumpf", 
        "minutes_duration": 20.029840219020844, 
        "timestamp": "2021-08-06 08:56:44.001443", 
        "training_curve": [
            [
                0, 
                3.9837660825325227, 
                3.957264257644928
            ], 
            [
                526, 
                0.472128098499721, 
                0.6942679539079326
            ], 
            [
                1052, 
                0.33321505466967466, 
                0.6309848117988797
            ], 
            [
                1578, 
                0.2782964201388363, 
                0.6611997653743739
            ], 
            [
                2105, 
                0.25285676475492636, 
                0.6977676118190285
            ], 
            [
                2631, 
                0.22539175899394454, 
                0.7021414830509249
            ], 
            [
                3157, 
                0.22453064215798316, 
                0.8045196656827579
            ], 
            [
                3683, 
                0.20811722235633626, 
                0.7393412454627522
            ], 
            [
                4210, 
                0.19700002264998984, 
                0.7497667460537357
            ], 
            [
                4736, 
                0.19671275905604618, 
                0.7591227451158272
            ], 
            [
                5262, 
                0.18196970565896015, 
                0.8061444281076393
            ], 
            [
                5788, 
                0.17746641037820554, 
                0.8377661876951852
            ], 
            [
                6315, 
                0.19024298097410525, 
                0.8381028323142107
            ], 
            [
                6841, 
                0.18026993070651037, 
                0.8504977081338121
            ], 
            [
                7367, 
                0.2039504132302563, 
                0.8799731904978326
            ], 
            [
                7893, 
                0.18366494662482635, 
                0.8483500439535113
            ], 
            [
                8420, 
                0.20253520501756409, 
                0.9269832328794347
            ], 
            [
                8946, 
                0.16322165233413477, 
                0.841564415974943
            ], 
            [
                9472, 
                0.19390612329808393, 
                0.8978081833619459
            ], 
            [
                9999, 
                0.18499531873402708, 
                0.8707837221012329
            ]
        ]
    }
]