[
    {
        "jobnum": 33, 
        "model": {
            "L2_reg": 0.003043648692201047, 
            "conv_width": 11, 
            "fp_depth": 2, 
            "fp_length": 393, 
            "h1_size": 61, 
            "net_type": "mean"
        }, 
        "num_records": 20, 
        "task": {
            "name": "malaria", 
            "test_slices": [
                [
                    4000, 
                    6000
                ]
            ], 
            "train_slices": [
                [
                    0, 
                    2000
                ], 
                [
                    2000, 
                    4000
                ], 
                [
                    8000, 
                    10000
                ]
            ]
        }, 
        "train": {
            "batch_size": 100, 
            "init_scale": 0.021188394054711204, 
            "num_iters": 10000, 
            "seed": 3, 
            "step_size": 0.002665943782512829
        }, 
        "varied_params": {
            "conv_width": 11.370282031272595, 
            "fp_depth": 1.6224102263233282, 
            "fp_length": 393.16334017689934, 
            "h1_size": 60.6655988683741, 
            "log_L2_reg": -5.794698255563747, 
            "log_init_scale": -3.854301697459243, 
            "log_step_size": -5.927197144277347
        }
    }, 
    {
        "host_name": "handy", 
        "minutes_duration": 0.04919888575871786, 
        "timestamp": "2021-09-01 16:03:34.621388", 
        "training_curve": [
            [
                0, 
                1.4990342428035224, 
                1.3833061607998902
            ], 
            [
                526, 
                1.4969149730856546, 
                1.3825522521453124
            ], 
            [
                1052, 
                1.4968846579400998, 
                1.3823917621779997
            ], 
            [
                1578, 
                1.4969018872948012, 
                1.3822832260048594
            ], 
            [
                2105, 
                1.496893263336315, 
                1.382306178356313
            ], 
            [
                2631, 
                1.4969135294198304, 
                1.3825473380373496
            ], 
            [
                3157, 
                1.4969186176144424, 
                1.3825643104200556
            ], 
            [
                3683, 
                1.4969038913306996, 
                1.38227911250343
            ], 
            [
                4210, 
                1.496905629074352, 
                1.3822757947796485
            ], 
            [
                4736, 
                1.4968892375829466, 
                1.3824392412785556
            ], 
            [
                5262, 
                1.4969254640249727, 
                1.3825858319795803
            ], 
            [
                5788, 
                1.4968965114529587, 
                1.3822962507549597
            ], 
            [
                6315, 
                1.4968986087749374, 
                1.3822907635107144
            ], 
            [
                6841, 
                1.4968908104074419, 
                1.382315369787295
            ], 
            [
                7367, 
                1.4969166540682672, 
                1.3825578726449796
            ], 
            [
                7893, 
                1.4968861117444632, 
                1.382413026477416
            ], 
            [
                8420, 
                1.4969001995522226, 
                1.3822869667856452
            ], 
            [
                8946, 
                1.4968936749490303, 
                1.3823048008726768
            ], 
            [
                9472, 
                1.4969074349161302, 
                1.3825255478113754
            ], 
            [
                9999, 
                1.4969279215213749, 
                1.3825932549690665
            ]
        ]
    }
]