[
    {
        "jobnum": 33, 
        "model": {
            "L2_reg": 0.003043648692201047, 
            "conv_width": 11, 
            "fp_depth": 2, 
            "fp_length": 58, 
            "h1_size": 61, 
            "net_type": "conv_plus_net"
        }, 
        "num_records": 20, 
        "task": {
            "name": "delaney", 
            "test_slices": [
                [
                    449, 
                    674
                ]
            ], 
            "train_slices": [
                [
                    0, 
                    224
                ], 
                [
                    224, 
                    449
                ], 
                [
                    899, 
                    1124
                ]
            ]
        }, 
        "train": {
            "batch_size": 100, 
            "init_scale": 0.021188394054711204, 
            "num_iters": 10000, 
            "seed": 3, 
            "step_size": 0.002665943782512829
        }, 
        "varied_params": {
            "conv_width": 11.370282031272595, 
            "fp_depth": 1.6224102263233282, 
            "fp_length": 57.90703779743326, 
            "h1_size": 60.6655988683741, 
            "log_L2_reg": -5.794698255563747, 
            "log_init_scale": -3.854301697459243, 
            "log_step_size": -5.927197144277347
        }
    }, 
    {
        "host_name": "schlaubi", 
        "minutes_duration": 24.48723261753718, 
        "timestamp": "2021-08-06 04:21:48.782611", 
        "training_curve": [
            [
                0, 
                4.239603397084577, 
                4.287580198900901
            ], 
            [
                526, 
                0.3130441594148665, 
                0.5078876823192512
            ], 
            [
                1052, 
                0.20523242866348806, 
                0.5092570593474707
            ], 
            [
                1578, 
                0.17363957929934276, 
                0.4923638358129251
            ], 
            [
                2105, 
                0.18374740493310135, 
                0.5170741245092485
            ], 
            [
                2631, 
                0.1663431377908195, 
                0.5360661789048063
            ], 
            [
                3157, 
                0.15675770347201187, 
                0.545627622005257
            ], 
            [
                3683, 
                0.1184234917617986, 
                0.6033558724867645
            ], 
            [
                4210, 
                0.12483077090528313, 
                0.5892210571982723
            ], 
            [
                4736, 
                0.09554412648155315, 
                0.6803462487001717
            ], 
            [
                5262, 
                0.10523567905966531, 
                0.6401626291150319
            ], 
            [
                5788, 
                0.08381056243783226, 
                0.6894125288112418
            ], 
            [
                6315, 
                0.10987181511767406, 
                0.786211801567899
            ], 
            [
                6841, 
                0.08804532063776528, 
                0.7668856890971799
            ], 
            [
                7367, 
                0.08513486285064929, 
                0.7720560930438366
            ], 
            [
                7893, 
                0.08926092856822478, 
                0.7008633363625045
            ], 
            [
                8420, 
                0.07985460081355804, 
                0.7279950366072024
            ], 
            [
                8946, 
                0.08266005899887376, 
                0.7314116995747569
            ], 
            [
                9472, 
                0.07327075015021016, 
                0.7344090398243606
            ], 
            [
                9999, 
                0.07287603530688341, 
                0.725698293834131
            ]
        ]
    }
]