[
    {
        "jobnum": 34, 
        "model": {
            "L2_reg": 2.486422293646347, 
            "conv_width": 13, 
            "fp_depth": 1, 
            "fp_length": 31, 
            "h1_size": 64, 
            "net_type": "conv_plus_net"
        }, 
        "num_records": 20, 
        "task": {
            "name": "cep", 
            "test_slices": [
                [
                    8000, 
                    12000
                ]
            ], 
            "train_slices": [
                [
                    0, 
                    4000
                ], 
                [
                    4000, 
                    8000
                ], 
                [
                    16000, 
                    20000
                ]
            ]
        }, 
        "train": {
            "batch_size": 100, 
            "init_scale": 0.00769304407897736, 
            "num_iters": 10000, 
            "seed": 3, 
            "step_size": 0.0035074618800669663
        }, 
        "varied_params": {
            "conv_width": 12.760686607311712, 
            "fp_depth": 1.3525955678860992, 
            "fp_length": 30.79162791065717, 
            "h1_size": 63.88143531473659, 
            "log_L2_reg": 0.9108448473858513, 
            "log_init_scale": -4.867438724770375, 
            "log_step_size": -5.652862614167325
        }
    }, 
    {
        "host_name": "hefty", 
        "minutes_duration": 15.696665533383687, 
        "timestamp": "2021-09-06 02:29:29.676758", 
        "training_curve": [
            [
                0, 
                6.368666165375444, 
                6.382106931485054
            ], 
            [
                526, 
                2.8727374238132706, 
                2.87680352803025
            ], 
            [
                1052, 
                2.689770176096054, 
                2.662839604003309
            ], 
            [
                1578, 
                2.5075296298769487, 
                2.47487538697086
            ], 
            [
                2105, 
                2.401921392023079, 
                2.390108547921122
            ], 
            [
                2631, 
                2.4048148958300786, 
                2.4064911027590377
            ], 
            [
                3157, 
                2.37857619241559, 
                2.3721764071581664
            ], 
            [
                3683, 
                2.266084074048157, 
                2.2704990179417623
            ], 
            [
                4210, 
                2.192846140868932, 
                2.221141299022255
            ], 
            [
                4736, 
                2.1273284831227843, 
                2.2018527483001953
            ], 
            [
                5262, 
                2.1601950949732878, 
                2.2263404528436372
            ], 
            [
                5788, 
                2.063043540132839, 
                2.12826371005933
            ], 
            [
                6315, 
                2.018460957480315, 
                2.1236970849236294
            ], 
            [
                6841, 
                2.033649041555349, 
                2.128017379831349
            ], 
            [
                7367, 
                1.995996872977846, 
                2.1579066208968873
            ], 
            [
                7893, 
                2.009105189490251, 
                2.138631451578005
            ], 
            [
                8420, 
                1.9162975754235474, 
                2.0474426089396616
            ], 
            [
                8946, 
                1.9661608051829074, 
                2.1100236585197063
            ], 
            [
                9472, 
                1.8798925976077654, 
                2.016681576926159
            ], 
            [
                9999, 
                1.8559389388975438, 
                2.002903631918915
            ]
        ]
    }
]