[
    {
        "jobnum": 35, 
        "model": {
            "L2_reg": 0.010740202768968962, 
            "conv_width": 12, 
            "fp_depth": 1, 
            "fp_length": 374, 
            "h1_size": 70, 
            "net_type": "morgan_plus_linear"
        }, 
        "num_records": 20, 
        "task": {
            "name": "delaney", 
            "test_slices": [
                [
                    449, 
                    674
                ]
            ], 
            "train_slices": [
                [
                    0, 
                    224
                ], 
                [
                    224, 
                    449
                ], 
                [
                    899, 
                    1124
                ]
            ]
        }, 
        "train": {
            "batch_size": 100, 
            "init_scale": 0.0031456718683447325, 
            "num_iters": 10000, 
            "seed": 3, 
            "step_size": 0.0032201905229250023
        }, 
        "varied_params": {
            "conv_width": 12.320844209734318, 
            "fp_depth": 1.4345432780301317, 
            "fp_length": 374.45763975275526, 
            "h1_size": 69.80298514036468, 
            "log_L2_reg": -4.533761310287371, 
            "log_init_scale": -5.761727781011253, 
            "log_step_size": -5.738314752565964
        }
    }, 
    {
        "host_name": "papaschlumpf", 
        "minutes_duration": 0.26455349922180177, 
        "timestamp": "2021-08-06 05:28:32.200967", 
        "training_curve": [
            [
                0, 
                4.234312017702863, 
                4.286735896466502
            ], 
            [
                526, 
                0.993083995956367, 
                1.92177279278609
            ], 
            [
                1052, 
                0.8705716955577505, 
                2.140063919236938
            ], 
            [
                1578, 
                0.8262762112775418, 
                2.3517702275451677
            ], 
            [
                2105, 
                0.8030970485608088, 
                2.5457447848622956
            ], 
            [
                2631, 
                0.788762737148847, 
                2.729148830707426
            ], 
            [
                3157, 
                0.7791772132726802, 
                2.9083811114528375
            ], 
            [
                3683, 
                0.7723172971397548, 
                3.0788809275914497
            ], 
            [
                4210, 
                0.767277847983004, 
                3.2366765262226354
            ], 
            [
                4736, 
                0.7634877574919471, 
                3.387445937580465
            ], 
            [
                5262, 
                0.760562170900109, 
                3.5240936795027684
            ], 
            [
                5788, 
                0.7582851258317, 
                3.6463806704450863
            ], 
            [
                6315, 
                0.7565868336898182, 
                3.756494424053588
            ], 
            [
                6841, 
                0.7551677279859431, 
                3.85280171839463
            ], 
            [
                7367, 
                0.7540417239296167, 
                3.9386388618438546
            ], 
            [
                7893, 
                0.7531111555766223, 
                4.018217961131844
            ], 
            [
                8420, 
                0.7522870125223098, 
                4.087794888502575
            ], 
            [
                8946, 
                0.751733578476274, 
                4.149744561643008
            ], 
            [
                9472, 
                0.751214778746801, 
                4.204276624971265
            ], 
            [
                9999, 
                0.7507763998000734, 
                4.250871167078638
            ]
        ]
    }
]