[
    {
        "jobnum": 35, 
        "model": {
            "L2_reg": 0.010740202768968962, 
            "conv_width": 12, 
            "fp_depth": 1, 
            "fp_length": 374, 
            "h1_size": 70, 
            "net_type": "morgan_plus_net"
        }, 
        "num_records": 20, 
        "task": {
            "name": "delaney", 
            "test_slices": [
                [
                    449, 
                    674
                ]
            ], 
            "train_slices": [
                [
                    0, 
                    224
                ], 
                [
                    224, 
                    449
                ], 
                [
                    899, 
                    1124
                ]
            ]
        }, 
        "train": {
            "batch_size": 100, 
            "init_scale": 0.0031456718683447325, 
            "num_iters": 10000, 
            "seed": 3, 
            "step_size": 0.0032201905229250023
        }, 
        "varied_params": {
            "conv_width": 12.320844209734318, 
            "fp_depth": 1.4345432780301317, 
            "fp_length": 374.45763975275526, 
            "h1_size": 69.80298514036468, 
            "log_L2_reg": -4.533761310287371, 
            "log_init_scale": -5.761727781011253, 
            "log_step_size": -5.738314752565964
        }
    }, 
    {
        "host_name": "schlaubi", 
        "minutes_duration": 2.301598600546519, 
        "timestamp": "2021-08-06 10:20:54.445416", 
        "training_curve": [
            [
                0, 
                4.258115393269616, 
                4.3073278976257
            ], 
            [
                526, 
                0.2171737240986458, 
                2.0953747779212506
            ], 
            [
                1052, 
                0.2631432069804055, 
                2.555777089097034
            ], 
            [
                1578, 
                0.30229923793719654, 
                2.5940917670791324
            ], 
            [
                2105, 
                0.3048575071721585, 
                2.6145890556110682
            ], 
            [
                2631, 
                0.31823544715631785, 
                2.6462702325485012
            ], 
            [
                3157, 
                0.3240207291487344, 
                2.649947516955609
            ], 
            [
                3683, 
                0.32962929785319933, 
                2.6342003994986123
            ], 
            [
                4210, 
                0.32366110409055127, 
                2.566770625180347
            ], 
            [
                4736, 
                0.32705715513712996, 
                2.543931391817341
            ], 
            [
                5262, 
                0.32564289747130776, 
                2.499652491387063
            ], 
            [
                5788, 
                0.32405978591825857, 
                2.485329996830162
            ], 
            [
                6315, 
                0.3436918679450825, 
                2.508922866577757
            ], 
            [
                6841, 
                0.32871875387235633, 
                2.419056805853148
            ], 
            [
                7367, 
                0.3275771422082783, 
                2.457102025069676
            ], 
            [
                7893, 
                0.33437652776631926, 
                2.435872115700006
            ], 
            [
                8420, 
                0.33488068473829263, 
                2.3793752954785012
            ], 
            [
                8946, 
                0.328943579743387, 
                2.4010721007842757
            ], 
            [
                9472, 
                0.3285061024209586, 
                2.3499789088185383
            ], 
            [
                9999, 
                0.34080314474256795, 
                2.327674302375826
            ]
        ]
    }
]