[
    {
        "jobnum": 37, 
        "model": {
            "L2_reg": 0.005529552096832446, 
            "conv_width": 19, 
            "fp_depth": 1, 
            "fp_length": 691, 
            "h1_size": 65, 
            "net_type": "mean"
        }, 
        "num_records": 20, 
        "task": {
            "name": "delaney", 
            "test_slices": [
                [
                    449, 
                    674
                ]
            ], 
            "train_slices": [
                [
                    0, 
                    224
                ], 
                [
                    224, 
                    449
                ], 
                [
                    899, 
                    1124
                ]
            ]
        }, 
        "train": {
            "batch_size": 100, 
            "init_scale": 0.005854107964092415, 
            "num_iters": 10000, 
            "seed": 3, 
            "step_size": 0.0008790358462989377
        }, 
        "varied_params": {
            "conv_width": 18.942939751882857, 
            "fp_depth": 1.0492888887744227, 
            "fp_length": 691.2758789636373, 
            "h1_size": 64.60737633962745, 
            "log_L2_reg": -5.1976484618760175, 
            "log_init_scale": -5.140611648092551, 
            "log_step_size": -7.036684880338212
        }
    }, 
    {
        "host_name": "clumsy", 
        "minutes_duration": 0.04946093559265137, 
        "timestamp": "2021-08-06 10:28:14.860734", 
        "training_curve": [
            [
                0, 
                4.25832363058102, 
                4.307900073501853
            ], 
            [
                526, 
                4.257920436932043, 
                4.307129644139898
            ], 
            [
                1052, 
                4.257919499195206, 
                4.3071271167520955
            ], 
            [
                1578, 
                4.257919567070105, 
                4.307127300085914
            ], 
            [
                2105, 
                4.257920839399116, 
                4.307130725274442
            ], 
            [
                2631, 
                4.257920430050889, 
                4.307129625636637
            ], 
            [
                3157, 
                4.257922949854914, 
                4.307136360119257
            ], 
            [
                3683, 
                4.257919194993411, 
                4.307126294316953
            ], 
            [
                4210, 
                4.257919546230294, 
                4.30712724380309
            ], 
            [
                4736, 
                4.257920502062192, 
                4.3071298192422125
            ], 
            [
                5262, 
                4.257920828504471, 
                4.307130696036637
            ], 
            [
                5788, 
                4.25792042408854, 
                4.307129609603516
            ], 
            [
                6315, 
                4.25791919298883, 
                4.307126288893216
            ], 
            [
                6841, 
                4.257919444033185, 
                4.30712696771041
            ], 
            [
                7367, 
                4.25791954504995, 
                4.307127240615116
            ], 
            [
                7893, 
                4.257920501378846, 
                4.307129817405332
            ], 
            [
                8420, 
                4.257920423863003, 
                4.307129608997023
            ], 
            [
                8946, 
                4.257922946302259, 
                4.30713635068142
            ], 
            [
                9472, 
                4.257919192844459, 
                4.3071262885025945
            ], 
            [
                9999, 
                4.257919545002151, 
                4.307127240486015
            ]
        ]
    }
]