[
    {
        "jobnum": 37, 
        "model": {
            "L2_reg": 0.005529552096832446, 
            "conv_width": 19, 
            "fp_depth": 1, 
            "fp_length": 691, 
            "h1_size": 65, 
            "net_type": "morgan_plus_linear"
        }, 
        "num_records": 20, 
        "task": {
            "name": "malaria", 
            "test_slices": [
                [
                    4000, 
                    6000
                ]
            ], 
            "train_slices": [
                [
                    0, 
                    2000
                ], 
                [
                    2000, 
                    4000
                ], 
                [
                    8000, 
                    10000
                ]
            ]
        }, 
        "train": {
            "batch_size": 100, 
            "init_scale": 0.005854107964092415, 
            "num_iters": 10000, 
            "seed": 3, 
            "step_size": 0.0008790358462989377
        }, 
        "varied_params": {
            "conv_width": 18.942939751882857, 
            "fp_depth": 1.0492888887744227, 
            "fp_length": 691.2758789636373, 
            "h1_size": 64.60737633962745, 
            "log_L2_reg": -5.1976484618760175, 
            "log_init_scale": -5.140611648092551, 
            "log_step_size": -7.036684880338212
        }
    }, 
    {
        "host_name": "papaschlumpf", 
        "minutes_duration": 1.1135216673215231, 
        "timestamp": "2021-09-01 08:33:02.550031", 
        "training_curve": [
            [
                0, 
                1.5081405529499523, 
                1.3898750589837372
            ], 
            [
                526, 
                1.0927589798855162, 
                1.1346497246827634
            ], 
            [
                1052, 
                1.0323589882346151, 
                1.1268742568095997
            ], 
            [
                1578, 
                1.0045609459935667, 
                1.1294216442075393
            ], 
            [
                2105, 
                0.9904216750070348, 
                1.1350871324903993
            ], 
            [
                2631, 
                0.9777978422558143, 
                1.1390135958813146
            ], 
            [
                3157, 
                0.9713231774297505, 
                1.1467784234089027
            ], 
            [
                3683, 
                0.9646566177362371, 
                1.1504689219323219
            ], 
            [
                4210, 
                0.9608542777740875, 
                1.1540105597415977
            ], 
            [
                4736, 
                0.9562462068997288, 
                1.157136892247349
            ], 
            [
                5262, 
                0.9531355441172883, 
                1.1622457874543233
            ], 
            [
                5788, 
                0.9511986353848301, 
                1.166561547095711
            ], 
            [
                6315, 
                0.9479740319272335, 
                1.167307330420322
            ], 
            [
                6841, 
                0.9484370516097501, 
                1.171442035494953
            ], 
            [
                7367, 
                0.9448335044445934, 
                1.173306816911058
            ], 
            [
                7893, 
                0.9442985281817006, 
                1.1775043280761577
            ], 
            [
                8420, 
                0.9423191046166541, 
                1.178258916578732
            ], 
            [
                8946, 
                0.9431950600505182, 
                1.1805517277658677
            ], 
            [
                9472, 
                0.9403541525907455, 
                1.1810294710237408
            ], 
            [
                9999, 
                0.9408626784796664, 
                1.1857733289405905
            ]
        ]
    }
]