[
    {
        "jobnum": 37, 
        "model": {
            "L2_reg": 0.005529552096832446, 
            "conv_width": 19, 
            "fp_depth": 1, 
            "fp_length": 91, 
            "h1_size": 65, 
            "net_type": "conv_plus_linear"
        }, 
        "num_records": 20, 
        "task": {
            "name": "malaria", 
            "test_slices": [
                [
                    4000, 
                    6000
                ]
            ], 
            "train_slices": [
                [
                    0, 
                    2000
                ], 
                [
                    2000, 
                    4000
                ], 
                [
                    8000, 
                    10000
                ]
            ]
        }, 
        "train": {
            "batch_size": 100, 
            "init_scale": 0.005854107964092415, 
            "num_iters": 10000, 
            "seed": 3, 
            "step_size": 0.0008790358462989377
        }, 
        "varied_params": {
            "conv_width": 18.942939751882857, 
            "fp_depth": 1.0492888887744227, 
            "fp_length": 91.03065321818193, 
            "h1_size": 64.60737633962745, 
            "log_L2_reg": -5.1976484618760175, 
            "log_init_scale": -5.140611648092551, 
            "log_step_size": -7.036684880338212
        }
    }, 
    {
        "host_name": "schlaubi", 
        "minutes_duration": 40.0211386680603, 
        "timestamp": "2021-09-01 14:21:07.630421", 
        "training_curve": [
            [
                0, 
                1.4988648999971623, 
                1.3837200189112084
            ], 
            [
                526, 
                1.4120851926775633, 
                1.3330919246032684
            ], 
            [
                1052, 
                1.2695105372489563, 
                1.2592083077125868
            ], 
            [
                1578, 
                1.2207229276317366, 
                1.2253249273447764
            ], 
            [
                2105, 
                1.2079131009077952, 
                1.2167386744279665
            ], 
            [
                2631, 
                1.1899394990889351, 
                1.2058040203038032
            ], 
            [
                3157, 
                1.188802810663585, 
                1.211044877717871
            ], 
            [
                3683, 
                1.1683537135881972, 
                1.1917800318996927
            ], 
            [
                4210, 
                1.1622201990063343, 
                1.190844426624041
            ], 
            [
                4736, 
                1.1488210931728577, 
                1.1825080765461726
            ], 
            [
                5262, 
                1.1551014738361214, 
                1.192203157584806
            ], 
            [
                5788, 
                1.137021898839916, 
                1.1789618969900235
            ], 
            [
                6315, 
                1.1321448788056905, 
                1.1802924950990157
            ], 
            [
                6841, 
                1.1310710733851852, 
                1.1799160010752345
            ], 
            [
                7367, 
                1.124381504764557, 
                1.1742886028105977
            ], 
            [
                7893, 
                1.130443891253484, 
                1.1854182449805226
            ], 
            [
                8420, 
                1.1134629432839178, 
                1.1704336899349885
            ], 
            [
                8946, 
                1.1197033993015806, 
                1.1800510689948083
            ], 
            [
                9472, 
                1.1077240805239985, 
                1.170007349069212
            ], 
            [
                9999, 
                1.1060188848129286, 
                1.1690616343135112
            ]
        ]
    }
]