[
    {
        "jobnum": 38, 
        "model": {
            "L2_reg": 0.004134628195343046, 
            "conv_width": 20, 
            "fp_depth": 2, 
            "fp_length": 114, 
            "h1_size": 64, 
            "net_type": "conv_plus_linear"
        }, 
        "num_records": 20, 
        "task": {
            "name": "delaney", 
            "test_slices": [
                [
                    449, 
                    674
                ]
            ], 
            "train_slices": [
                [
                    0, 
                    224
                ], 
                [
                    224, 
                    449
                ], 
                [
                    899, 
                    1124
                ]
            ]
        }, 
        "train": {
            "batch_size": 100, 
            "init_scale": 0.03499200026945039, 
            "num_iters": 10000, 
            "seed": 3, 
            "step_size": 0.003502216114611105
        }, 
        "varied_params": {
            "conv_width": 19.662427096166702, 
            "fp_depth": 2.4568827878038686, 
            "fp_length": 114.16858747545817, 
            "h1_size": 64.08650528769745, 
            "log_L2_reg": -5.488357871032151, 
            "log_init_scale": -3.3526358073473825, 
            "log_step_size": -5.654359335254693
        }
    }, 
    {
        "host_name": "papaschlumpf", 
        "minutes_duration": 20.577394167582195, 
        "timestamp": "2021-08-06 09:17:21.740685", 
        "training_curve": [
            [
                0, 
                3.9735555662982613, 
                3.969244969781815
            ], 
            [
                526, 
                0.31599494238654224, 
                0.582856409278972
            ], 
            [
                1052, 
                0.22697132498953976, 
                0.6759856308915212
            ], 
            [
                1578, 
                0.2026105421478179, 
                0.7696403034583177
            ], 
            [
                2105, 
                0.2020005829901326, 
                0.7678369369430539
            ], 
            [
                2631, 
                0.19523058893834963, 
                0.7571335667364272
            ], 
            [
                3157, 
                0.1783729716353676, 
                0.9221028251122413
            ], 
            [
                3683, 
                0.15466870706587962, 
                0.9395230948921471
            ], 
            [
                4210, 
                0.1204901154627415, 
                0.9155518910566954
            ], 
            [
                4736, 
                0.14517486102106916, 
                0.9631716478623791
            ], 
            [
                5262, 
                0.11741904956308942, 
                0.9023296892157658
            ], 
            [
                5788, 
                0.14884078530611136, 
                0.8773886437237782
            ], 
            [
                6315, 
                0.14202848389480136, 
                0.9339792351407098
            ], 
            [
                6841, 
                0.14423913024411947, 
                0.9832791060000804
            ], 
            [
                7367, 
                0.12084626203808994, 
                0.8724128673228857
            ], 
            [
                7893, 
                0.1495305272000881, 
                0.9442888480730097
            ], 
            [
                8420, 
                0.12561349384271775, 
                0.9534060004592279
            ], 
            [
                8946, 
                0.11558330042086555, 
                0.8773543823572787
            ], 
            [
                9472, 
                0.12824662747535234, 
                0.8215766235954466
            ], 
            [
                9999, 
                0.11410021854709168, 
                0.880142719090004
            ]
        ]
    }
]