[
    {
        "jobnum": 38, 
        "model": {
            "L2_reg": 0.004134628195343046, 
            "conv_width": 20, 
            "fp_depth": 2, 
            "fp_length": 900, 
            "h1_size": 64, 
            "net_type": "mean"
        }, 
        "num_records": 20, 
        "task": {
            "name": "delaney", 
            "test_slices": [
                [
                    449, 
                    674
                ]
            ], 
            "train_slices": [
                [
                    0, 
                    224
                ], 
                [
                    224, 
                    449
                ], 
                [
                    899, 
                    1124
                ]
            ]
        }, 
        "train": {
            "batch_size": 100, 
            "init_scale": 0.03499200026945039, 
            "num_iters": 10000, 
            "seed": 3, 
            "step_size": 0.003502216114611105
        }, 
        "varied_params": {
            "conv_width": 19.662427096166702, 
            "fp_depth": 2.4568827878038686, 
            "fp_length": 899.5172872791235, 
            "h1_size": 64.08650528769745, 
            "log_L2_reg": -5.488357871032151, 
            "log_init_scale": -3.3526358073473825, 
            "log_step_size": -5.654359335254693
        }
    }, 
    {
        "host_name": "papaschlumpf", 
        "minutes_duration": 0.04362508455912272, 
        "timestamp": "2021-08-06 10:28:14.351577", 
        "training_curve": [
            [
                0, 
                4.274535763271547, 
                4.327009858869212
            ], 
            [
                526, 
                4.257915778077836, 
                4.307116967248724
            ], 
            [
                1052, 
                4.257916652850994, 
                4.307119371054519
            ], 
            [
                1578, 
                4.257917023232574, 
                4.307120385463701
            ], 
            [
                2105, 
                4.257922111401298, 
                4.307134128306685
            ], 
            [
                2631, 
                4.257920494037634, 
                4.307129797671239
            ], 
            [
                3157, 
                4.257930831081168, 
                4.307156929555681
            ], 
            [
                3683, 
                4.257915641342364, 
                4.307116590488429
            ], 
            [
                4210, 
                4.257917002275644, 
                4.307120328119357
            ], 
            [
                4736, 
                4.257920785121155, 
                4.3071305795939505
            ], 
            [
                5262, 
                4.257922102711805, 
                4.307134105130135
            ], 
            [
                5788, 
                4.257920489111829, 
                4.307129784429658
            ], 
            [
                6315, 
                4.25791563906138, 
                4.307116584201056
            ], 
            [
                6841, 
                4.257916604886247, 
                4.307119239542029
            ], 
            [
                7367, 
                4.257917001045751, 
                4.307120324753813
            ], 
            [
                7893, 
                4.257920784519156, 
                4.307130577977984
            ], 
            [
                8420, 
                4.257920488923724, 
                4.307129783923988
            ], 
            [
                8946, 
                4.257930829353369, 
                4.307156925122354
            ], 
            [
                9472, 
                4.257915638896693, 
                4.307116583747101
            ], 
            [
                9999, 
                4.257917000995882, 
                4.307120324617348
            ]
        ]
    }
]