[
    {
        "jobnum": 38, 
        "model": {
            "L2_reg": 0.004134628195343046, 
            "conv_width": 20, 
            "fp_depth": 2, 
            "fp_length": 114, 
            "h1_size": 64, 
            "net_type": "conv_plus_linear"
        }, 
        "num_records": 20, 
        "task": {
            "name": "malaria", 
            "test_slices": [
                [
                    4000, 
                    6000
                ]
            ], 
            "train_slices": [
                [
                    0, 
                    2000
                ], 
                [
                    2000, 
                    4000
                ], 
                [
                    8000, 
                    10000
                ]
            ]
        }, 
        "train": {
            "batch_size": 100, 
            "init_scale": 0.03499200026945039, 
            "num_iters": 10000, 
            "seed": 3, 
            "step_size": 0.003502216114611105
        }, 
        "varied_params": {
            "conv_width": 19.662427096166702, 
            "fp_depth": 2.4568827878038686, 
            "fp_length": 114.16858747545817, 
            "h1_size": 64.08650528769745, 
            "log_L2_reg": -5.488357871032151, 
            "log_init_scale": -3.3526358073473825, 
            "log_step_size": -5.654359335254693
        }
    }, 
    {
        "host_name": "papaschlumpf", 
        "minutes_duration": 57.38420164982478, 
        "timestamp": "2021-09-01 14:38:49.161876", 
        "training_curve": [
            [
                0, 
                1.732917888832561, 
                1.6314608603129885
            ], 
            [
                526, 
                1.2099365082885383, 
                1.2416590515586545
            ], 
            [
                1052, 
                1.0987085209316465, 
                1.15531939683733
            ], 
            [
                1578, 
                1.113168219779494, 
                1.188330329332231
            ], 
            [
                2105, 
                1.0701409109685793, 
                1.1849890145823878
            ], 
            [
                2631, 
                1.0657607650289436, 
                1.20575275229797
            ], 
            [
                3157, 
                0.9952321082562176, 
                1.1410647774870581
            ], 
            [
                3683, 
                0.9801874845732027, 
                1.1507117503541662
            ], 
            [
                4210, 
                0.9764809184687107, 
                1.1829338275818904
            ], 
            [
                4736, 
                0.9201801181078207, 
                1.1464992713385118
            ], 
            [
                5262, 
                0.9527881912088011, 
                1.1851884936181662
            ], 
            [
                5788, 
                0.9155316706152862, 
                1.177279564165888
            ], 
            [
                6315, 
                0.9024906355087734, 
                1.2270449875183063
            ], 
            [
                6841, 
                0.8839168300450501, 
                1.1958967062361034
            ], 
            [
                7367, 
                0.8767343276947737, 
                1.2133308950740012
            ], 
            [
                7893, 
                0.8696497029204755, 
                1.2130109410806968
            ], 
            [
                8420, 
                0.8254719512304594, 
                1.2336109252106162
            ], 
            [
                8946, 
                0.8321243802354855, 
                1.2267714510490733
            ], 
            [
                9472, 
                0.8398610040331511, 
                1.245222693861764
            ], 
            [
                9999, 
                0.8074388964693114, 
                1.2329425171270711
            ]
        ]
    }
]