[
    {
        "jobnum": 38, 
        "model": {
            "L2_reg": 0.004134628195343046, 
            "conv_width": 20, 
            "fp_depth": 2, 
            "fp_length": 900, 
            "h1_size": 64, 
            "net_type": "morgan_plus_linear"
        }, 
        "num_records": 20, 
        "task": {
            "name": "delaney", 
            "test_slices": [
                [
                    449, 
                    674
                ]
            ], 
            "train_slices": [
                [
                    0, 
                    224
                ], 
                [
                    224, 
                    449
                ], 
                [
                    899, 
                    1124
                ]
            ]
        }, 
        "train": {
            "batch_size": 100, 
            "init_scale": 0.03499200026945039, 
            "num_iters": 10000, 
            "seed": 3, 
            "step_size": 0.003502216114611105
        }, 
        "varied_params": {
            "conv_width": 19.662427096166702, 
            "fp_depth": 2.4568827878038686, 
            "fp_length": 899.5172872791235, 
            "h1_size": 64.08650528769745, 
            "log_L2_reg": -5.488357871032151, 
            "log_init_scale": -3.3526358073473825, 
            "log_step_size": -5.654359335254693
        }
    }, 
    {
        "host_name": "papaschlumpf", 
        "minutes_duration": 0.4719109813372294, 
        "timestamp": "2021-08-06 05:29:02.599701", 
        "training_curve": [
            [
                0, 
                4.12998358194727, 
                4.107617391064762
            ], 
            [
                526, 
                0.2832812059888818, 
                2.406768342249835
            ], 
            [
                1052, 
                0.16322046868417442, 
                3.0654772139101003
            ], 
            [
                1578, 
                0.118404405196674, 
                3.8715127990255405
            ], 
            [
                2105, 
                0.09561504089694883, 
                4.773555115074781
            ], 
            [
                2631, 
                0.08226486539828028, 
                5.704205181279172
            ], 
            [
                3157, 
                0.0740711867043059, 
                6.607422156586757
            ], 
            [
                3683, 
                0.06941789359138383, 
                7.34141773988252
            ], 
            [
                4210, 
                0.06660717500876608, 
                7.9241609487467555
            ], 
            [
                4736, 
                0.06463020449491814, 
                8.426994886338088
            ], 
            [
                5262, 
                0.06342074899274494, 
                8.794570527146282
            ], 
            [
                5788, 
                0.06247159221077618, 
                9.121276707226183
            ], 
            [
                6315, 
                0.06185936225240634, 
                9.365763564122673
            ], 
            [
                6841, 
                0.06138324191969186, 
                9.589859598157398
            ], 
            [
                7367, 
                0.06101281450471995, 
                9.758658741917115
            ], 
            [
                7893, 
                0.06069083080462278, 
                9.919610261954142
            ], 
            [
                8420, 
                0.06044418567561978, 
                10.045239713339194
            ], 
            [
                8946, 
                0.060242030701402785, 
                10.16800443048592
            ], 
            [
                9472, 
                0.06008760803842086, 
                10.265287974223389
            ], 
            [
                9999, 
                0.059957998853742624, 
                10.360268465579113
            ]
        ]
    }
]