[
    {
        "jobnum": 39, 
        "model": {
            "L2_reg": 4.9261146767779325, 
            "conv_width": 17, 
            "fp_depth": 4, 
            "fp_length": 651, 
            "h1_size": 98, 
            "net_type": "mean"
        }, 
        "num_records": 20, 
        "task": {
            "name": "delaney", 
            "test_slices": [
                [
                    449, 
                    674
                ]
            ], 
            "train_slices": [
                [
                    0, 
                    224
                ], 
                [
                    224, 
                    449
                ], 
                [
                    899, 
                    1124
                ]
            ]
        }, 
        "train": {
            "batch_size": 100, 
            "init_scale": 0.004098427700521392, 
            "num_iters": 10000, 
            "seed": 3, 
            "step_size": 0.0008475222256352551
        }, 
        "varied_params": {
            "conv_width": 16.988038810285875, 
            "fp_depth": 3.824133114119496, 
            "fp_length": 651.4915203617254, 
            "h1_size": 98.07850772707494, 
            "log_L2_reg": 1.5945505793254515, 
            "log_init_scale": -5.497151866499788, 
            "log_step_size": -7.073193494115182
        }
    }, 
    {
        "host_name": "schlaubi", 
        "minutes_duration": 0.052548348903656006, 
        "timestamp": "2021-08-06 10:28:16.380701", 
        "training_curve": [
            [
                0, 
                4.258085612197377, 
                4.307487459386916
            ], 
            [
                526, 
                4.257919840605731, 
                4.307128038289016
            ], 
            [
                1052, 
                4.257919530431675, 
                4.3071272011312685
            ], 
            [
                1578, 
                4.257919597980393, 
                4.307127383555604
            ], 
            [
                2105, 
                4.257920824307516, 
                4.30713068477291
            ], 
            [
                2631, 
                4.257920429420855, 
                4.307129623942461
            ], 
            [
                3157, 
                4.2579228579415025, 
                4.307136115894977
            ], 
            [
                3683, 
                4.25791923830242, 
                4.307126411483515
            ], 
            [
                4210, 
                4.2579195770324025, 
                4.3071273269893675
            ], 
            [
                4736, 
                4.257920498655274, 
                4.307129810084113
            ], 
            [
                5262, 
                4.2579208133360416, 
                4.307130655326736
            ], 
            [
                5788, 
                4.257920423419514, 
                4.307129607804436
            ], 
            [
                6315, 
                4.257919236292268, 
                4.307126406045895
            ], 
            [
                6841, 
                4.257919478435212, 
                4.307127060665734
            ], 
            [
                7367, 
                4.257919575847529, 
                4.307127323789655
            ], 
            [
                7893, 
                4.257920497968287, 
                4.307129808237412
            ], 
            [
                8420, 
                4.257920423192634, 
                4.3071296071943275
            ], 
            [
                8946, 
                4.257922854357819, 
                4.307136106370579
            ], 
            [
                9472, 
                4.257919236147523, 
                4.307126405654346
            ], 
            [
                9999, 
                4.257919575799551, 
                4.307127323660093
            ]
        ]
    }
]