[
    {
        "jobnum": 39, 
        "model": {
            "L2_reg": 4.9261146767779325, 
            "conv_width": 17, 
            "fp_depth": 4, 
            "fp_length": 87, 
            "h1_size": 98, 
            "net_type": "conv_plus_linear"
        }, 
        "num_records": 20, 
        "task": {
            "name": "delaney", 
            "test_slices": [
                [
                    449, 
                    674
                ]
            ], 
            "train_slices": [
                [
                    0, 
                    224
                ], 
                [
                    224, 
                    449
                ], 
                [
                    899, 
                    1124
                ]
            ]
        }, 
        "train": {
            "batch_size": 100, 
            "init_scale": 0.004098427700521392, 
            "num_iters": 10000, 
            "seed": 3, 
            "step_size": 0.0008475222256352551
        }, 
        "varied_params": {
            "conv_width": 16.988038810285875, 
            "fp_depth": 3.824133114119496, 
            "fp_length": 86.6101689290806, 
            "h1_size": 98.07850772707494, 
            "log_L2_reg": 1.5945505793254515, 
            "log_init_scale": -5.497151866499788, 
            "log_step_size": -7.073193494115182
        }
    }, 
    {
        "host_name": "clumsy", 
        "minutes_duration": 51.913244835535686, 
        "timestamp": "2021-08-06 09:49:03.113758", 
        "training_curve": [
            [
                0, 
                4.249734822395509, 
                4.297889663583398
            ], 
            [
                526, 
                0.8608523686716233, 
                0.8224863797789553
            ], 
            [
                1052, 
                0.5596628180035753, 
                0.7265897373742977
            ], 
            [
                1578, 
                0.4350524194103363, 
                0.7449909446372751
            ], 
            [
                2105, 
                0.3621268666496197, 
                0.77944637844745
            ], 
            [
                2631, 
                0.31718188373498857, 
                0.8556693851771014
            ], 
            [
                3157, 
                0.28719327942968226, 
                0.9092400422189691
            ], 
            [
                3683, 
                0.26402562717404315, 
                0.9514235162509054
            ], 
            [
                4210, 
                0.2508354671411523, 
                0.9395720469357584
            ], 
            [
                4736, 
                0.25135983315470134, 
                1.0318916980974029
            ], 
            [
                5262, 
                0.22948790524466478, 
                0.9505501059748995
            ], 
            [
                5788, 
                0.21058259964316975, 
                1.0065776492740197
            ], 
            [
                6315, 
                0.1983595286222858, 
                1.0760433882672746
            ], 
            [
                6841, 
                0.21326984152184628, 
                1.1772001540218924
            ], 
            [
                7367, 
                0.18894794014027844, 
                1.0624333748744557
            ], 
            [
                7893, 
                0.19902232300222408, 
                1.0560222467195255
            ], 
            [
                8420, 
                0.1793912642848854, 
                1.1064924117833568
            ], 
            [
                8946, 
                0.19296152250342546, 
                1.0699844416280806
            ], 
            [
                9472, 
                0.18081617179666915, 
                1.2574936960814214
            ], 
            [
                9999, 
                0.19125494519339134, 
                1.2948206284630288
            ]
        ]
    }
]