[
    {
        "jobnum": 3, 
        "model": {
            "L2_reg": 1.2766422771624293, 
            "conv_width": 15, 
            "fp_depth": 1, 
            "fp_length": 32, 
            "h1_size": 90, 
            "net_type": "conv_plus_net"
        }, 
        "num_records": 20, 
        "task": {
            "name": "malaria", 
            "test_slices": [
                [
                    4000, 
                    6000
                ]
            ], 
            "train_slices": [
                [
                    0, 
                    2000
                ], 
                [
                    2000, 
                    4000
                ], 
                [
                    8000, 
                    10000
                ]
            ]
        }, 
        "train": {
            "batch_size": 100, 
            "init_scale": 0.0030928086020533207, 
            "num_iters": 10000, 
            "seed": 3, 
            "step_size": 0.0021247894773660262
        }, 
        "varied_params": {
            "conv_width": 14.598815319912857, 
            "fp_depth": 1.3548232776067997, 
            "fp_length": 32.0555681898132, 
            "h1_size": 89.95792821083617, 
            "log_L2_reg": 0.2442334102916437, 
            "log_init_scale": -5.778675668198336, 
            "log_step_size": -6.154082550988273
        }
    }, 
    {
        "host_name": "handy", 
        "minutes_duration": 24.407253666718802, 
        "timestamp": "2021-09-01 02:10:53.108499", 
        "training_curve": [
            [
                0, 
                1.4968943413510936, 
                1.382468876992509
            ], 
            [
                526, 
                1.1850831776845863, 
                1.2128095535827166
            ], 
            [
                1052, 
                1.1549197652121987, 
                1.189196658387078
            ], 
            [
                1578, 
                1.1488208115650416, 
                1.1778142698356984
            ], 
            [
                2105, 
                1.1208672062183382, 
                1.1820633204385453
            ], 
            [
                2631, 
                1.1092734351623788, 
                1.1864269302414037
            ], 
            [
                3157, 
                1.099297219853767, 
                1.1496090536229309
            ], 
            [
                3683, 
                1.0845844667172417, 
                1.1547744347738422
            ], 
            [
                4210, 
                1.0710513802879431, 
                1.1754089119516562
            ], 
            [
                4736, 
                1.0443155528699304, 
                1.1405345999876026
            ], 
            [
                5262, 
                1.0549768424654404, 
                1.1238346686216456
            ], 
            [
                5788, 
                1.0370612769823009, 
                1.1498404309918864
            ], 
            [
                6315, 
                1.023417187334594, 
                1.154913650744862
            ], 
            [
                6841, 
                1.012691962359897, 
                1.1371210298202226
            ], 
            [
                7367, 
                1.0033240006635447, 
                1.119752985384972
            ], 
            [
                7893, 
                0.9930771203349427, 
                1.1283488201740575
            ], 
            [
                8420, 
                0.9903825414062428, 
                1.1559942049733944
            ], 
            [
                8946, 
                0.9863276620690773, 
                1.1505442283145575
            ], 
            [
                9472, 
                0.9902726145212329, 
                1.1532171562177327
            ], 
            [
                9999, 
                1.0166249438649282, 
                1.1455998642195417
            ]
        ]
    }
]