[
    {
        "jobnum": 3, 
        "model": {
            "L2_reg": 1.2766422771624293, 
            "conv_width": 15, 
            "fp_depth": 1, 
            "fp_length": 32, 
            "h1_size": 90, 
            "net_type": "conv_plus_net"
        }, 
        "num_records": 20, 
        "task": {
            "name": "delaney", 
            "test_slices": [
                [
                    449, 
                    674
                ]
            ], 
            "train_slices": [
                [
                    0, 
                    224
                ], 
                [
                    224, 
                    449
                ], 
                [
                    899, 
                    1124
                ]
            ]
        }, 
        "train": {
            "batch_size": 100, 
            "init_scale": 0.0030928086020533207, 
            "num_iters": 10000, 
            "seed": 3, 
            "step_size": 0.0021247894773660262
        }, 
        "varied_params": {
            "conv_width": 14.598815319912857, 
            "fp_depth": 1.3548232776067997, 
            "fp_length": 32.0555681898132, 
            "h1_size": 89.95792821083617, 
            "log_L2_reg": 0.2442334102916437, 
            "log_init_scale": -5.778675668198336, 
            "log_step_size": -6.154082550988273
        }
    }, 
    {
        "host_name": "papaschlumpf", 
        "minutes_duration": 8.726460452874502, 
        "timestamp": "2021-08-06 01:08:54.658233", 
        "training_curve": [
            [
                0, 
                4.257996319172068, 
                4.306842998174042
            ], 
            [
                526, 
                0.3892294898885882, 
                0.4515987013346478
            ], 
            [
                1052, 
                0.2726568327320979, 
                0.44561730361172047
            ], 
            [
                1578, 
                0.22510567197137457, 
                0.44621288155144234
            ], 
            [
                2105, 
                0.21512495459793302, 
                0.4715392980868485
            ], 
            [
                2631, 
                0.20174002046916073, 
                0.5021808738542074
            ], 
            [
                3157, 
                0.1936081871983884, 
                0.5308163324082108
            ], 
            [
                3683, 
                0.16452750814080364, 
                0.503008449947271
            ], 
            [
                4210, 
                0.1622009458516288, 
                0.5128577537124892
            ], 
            [
                4736, 
                0.15855083565611924, 
                0.5680756217610342
            ], 
            [
                5262, 
                0.15843932268343117, 
                0.5450458067495667
            ], 
            [
                5788, 
                0.1524159597147685, 
                0.6001863864381147
            ], 
            [
                6315, 
                0.1317342951140878, 
                0.5765325052159811
            ], 
            [
                6841, 
                0.14462880525166552, 
                0.5807391194555727
            ], 
            [
                7367, 
                0.13594159293768668, 
                0.6383499458367069
            ], 
            [
                7893, 
                0.13908671697177163, 
                0.670280052538238
            ], 
            [
                8420, 
                0.12312951769600712, 
                0.601686065824432
            ], 
            [
                8946, 
                0.11628759049459446, 
                0.6100897971649475
            ], 
            [
                9472, 
                0.10787883209359612, 
                0.6381790683999592
            ], 
            [
                9999, 
                0.12644998164089383, 
                0.6836388565447108
            ]
        ]
    }
]