[
    {
        "jobnum": 40, 
        "model": {
            "L2_reg": 0.347501441890816, 
            "conv_width": 10, 
            "fp_depth": 1, 
            "fp_length": 165, 
            "h1_size": 65, 
            "net_type": "morgan_plus_linear"
        }, 
        "num_records": 20, 
        "task": {
            "name": "delaney", 
            "test_slices": [
                [
                    449, 
                    674
                ]
            ], 
            "train_slices": [
                [
                    0, 
                    224
                ], 
                [
                    224, 
                    449
                ], 
                [
                    899, 
                    1124
                ]
            ]
        }, 
        "train": {
            "batch_size": 100, 
            "init_scale": 0.002665622782230825, 
            "num_iters": 10000, 
            "seed": 3, 
            "step_size": 0.010009448533327012
        }, 
        "varied_params": {
            "conv_width": 10.208502768983294, 
            "fp_depth": 1.0397105732766985, 
            "fp_length": 165.32598783575034, 
            "h1_size": 64.65101422538984, 
            "log_L2_reg": -1.0569864646598095, 
            "log_init_scale": -5.927317559273012, 
            "log_step_size": -4.604225778748328
        }
    }, 
    {
        "host_name": "handy", 
        "minutes_duration": 0.22765811681747436, 
        "timestamp": "2021-08-06 05:29:11.940487", 
        "training_curve": [
            [
                0, 
                4.251087728975848, 
                4.301424705333242
            ], 
            [
                526, 
                1.5832354190323306, 
                2.5534084988837558
            ], 
            [
                1052, 
                1.5819048036093823, 
                2.552096439626187
            ], 
            [
                1578, 
                1.581690244650078, 
                2.5505270409036824
            ], 
            [
                2105, 
                1.581497697833513, 
                2.5435919358782475
            ], 
            [
                2631, 
                1.5813315410482134, 
                2.542995486693605
            ], 
            [
                3157, 
                1.5814203005976255, 
                2.548476707857965
            ], 
            [
                3683, 
                1.5817119060269766, 
                2.550539563373561
            ], 
            [
                4210, 
                1.5816874156781913, 
                2.550641294967722
            ], 
            [
                4736, 
                1.5814210761599685, 
                2.5470651469405583
            ], 
            [
                5262, 
                1.581496714453902, 
                2.543544116967807
            ], 
            [
                5788, 
                1.5813307549383124, 
                2.5429547227327687
            ], 
            [
                6315, 
                1.5817118351973267, 
                2.550531729919455
            ], 
            [
                6841, 
                1.5818575756719249, 
                2.55191956150695
            ], 
            [
                7367, 
                1.5816872438221696, 
                2.5506501266776893
            ], 
            [
                7893, 
                1.5814207530105322, 
                2.547067791457559
            ], 
            [
                8420, 
                1.5813306957825315, 
                2.542953315143387
            ], 
            [
                8946, 
                1.5814192214431633, 
                2.5484489261527914
            ], 
            [
                9472, 
                1.5817118239572299, 
                2.5505311460036593
            ], 
            [
                9999, 
                1.5816872326890707, 
                2.5506504697580517
            ]
        ]
    }
]