[
    {
        "jobnum": 40, 
        "model": {
            "L2_reg": 0.347501441890816, 
            "conv_width": 10, 
            "fp_depth": 1, 
            "fp_length": 33, 
            "h1_size": 65, 
            "net_type": "conv_plus_linear"
        }, 
        "num_records": 20, 
        "task": {
            "name": "delaney", 
            "test_slices": [
                [
                    449, 
                    674
                ]
            ], 
            "train_slices": [
                [
                    0, 
                    224
                ], 
                [
                    224, 
                    449
                ], 
                [
                    899, 
                    1124
                ]
            ]
        }, 
        "train": {
            "batch_size": 100, 
            "init_scale": 0.002665622782230825, 
            "num_iters": 10000, 
            "seed": 3, 
            "step_size": 0.010009448533327012
        }, 
        "varied_params": {
            "conv_width": 10.208502768983294, 
            "fp_depth": 1.0397105732766985, 
            "fp_length": 32.591776426194485, 
            "h1_size": 64.65101422538984, 
            "log_L2_reg": -1.0569864646598095, 
            "log_init_scale": -5.927317559273012, 
            "log_step_size": -4.604225778748328
        }
    }, 
    {
        "host_name": "schlaubi", 
        "minutes_duration": 13.484285000960032, 
        "timestamp": "2021-08-06 09:16:43.175314", 
        "training_curve": [
            [
                0, 
                4.222092510801237, 
                4.26617713808271
            ], 
            [
                526, 
                0.5112114782255138, 
                0.6237704395770174
            ], 
            [
                1052, 
                0.4129371111180015, 
                0.6244613603956289
            ], 
            [
                1578, 
                0.3536446357977843, 
                0.6906658151808609
            ], 
            [
                2105, 
                0.46150926769558254, 
                0.9149175867760788
            ], 
            [
                2631, 
                0.32410649804997843, 
                0.7875737680867809
            ], 
            [
                3157, 
                0.3814230188024848, 
                0.9527460133171873
            ], 
            [
                3683, 
                0.33746061396569943, 
                1.0039097617335284
            ], 
            [
                4210, 
                0.35640503029705684, 
                0.8628183211431284
            ], 
            [
                4736, 
                0.2831336903388792, 
                0.8972389685417675
            ], 
            [
                5262, 
                0.2848499186473639, 
                0.9112717917197755
            ], 
            [
                5788, 
                0.2914137330643024, 
                1.003167633177219
            ], 
            [
                6315, 
                0.2819656502173012, 
                1.0713715490048856
            ], 
            [
                6841, 
                0.3796930206973897, 
                1.0694444439116562
            ], 
            [
                7367, 
                0.3349649353641789, 
                1.1714859277939988
            ], 
            [
                7893, 
                0.31140981135644646, 
                1.1391635280385677
            ], 
            [
                8420, 
                0.27978513017815776, 
                1.126223897671444
            ], 
            [
                8946, 
                0.27500106438070837, 
                1.0747772156240998
            ], 
            [
                9472, 
                0.3185918019185198, 
                1.2335416615426018
            ], 
            [
                9999, 
                0.28269818414536124, 
                1.172208183831531
            ]
        ]
    }
]