[
    {
        "jobnum": 41, 
        "model": {
            "L2_reg": 0.4130362701006451, 
            "conv_width": 7, 
            "fp_depth": 2, 
            "fp_length": 108, 
            "h1_size": 74, 
            "net_type": "conv_plus_linear"
        }, 
        "num_records": 20, 
        "task": {
            "name": "malaria", 
            "test_slices": [
                [
                    4000, 
                    6000
                ]
            ], 
            "train_slices": [
                [
                    0, 
                    2000
                ], 
                [
                    2000, 
                    4000
                ], 
                [
                    8000, 
                    10000
                ]
            ]
        }, 
        "train": {
            "batch_size": 100, 
            "init_scale": 0.06333028377240815, 
            "num_iters": 10000, 
            "seed": 3, 
            "step_size": 0.0024530220174919805
        }, 
        "varied_params": {
            "conv_width": 7.053504075283984, 
            "fp_depth": 2.1057538183888527, 
            "fp_length": 108.0771861177555, 
            "h1_size": 73.9185153519994, 
            "log_L2_reg": -0.8842198688102112, 
            "log_init_scale": -2.759391647611032, 
            "log_step_size": -6.010434538005349
        }
    }, 
    {
        "host_name": "schlumpfine", 
        "minutes_duration": 32.75783675114314, 
        "timestamp": "2021-09-01 14:31:52.906066", 
        "training_curve": [
            [
                0, 
                1.5149636858403348, 
                1.4026985203327642
            ], 
            [
                526, 
                1.2038260950738024, 
                1.1961923984596274
            ], 
            [
                1052, 
                1.1510352980645593, 
                1.1576624574482337
            ], 
            [
                1578, 
                1.1313019969449942, 
                1.1576197656523446
            ], 
            [
                2105, 
                1.1282923704094252, 
                1.166931498936575
            ], 
            [
                2631, 
                1.1036543329345518, 
                1.1508396008233912
            ], 
            [
                3157, 
                1.0870871724004163, 
                1.1403877709375392
            ], 
            [
                3683, 
                1.1025425330806282, 
                1.1548352429292326
            ], 
            [
                4210, 
                1.0965309190483319, 
                1.1681189632384608
            ], 
            [
                4736, 
                1.079392773338025, 
                1.1595319756527247
            ], 
            [
                5262, 
                1.0629954447294307, 
                1.1465764719392193
            ], 
            [
                5788, 
                1.0894953343148102, 
                1.172000928557669
            ], 
            [
                6315, 
                1.0822870373213063, 
                1.1892859743155964
            ], 
            [
                6841, 
                1.054836084705589, 
                1.163136865830519
            ], 
            [
                7367, 
                1.0445572473177727, 
                1.1629177429601032
            ], 
            [
                7893, 
                1.0290153310107208, 
                1.1363488158254107
            ], 
            [
                8420, 
                1.0229857327765595, 
                1.1429625423428826
            ], 
            [
                8946, 
                1.027641106807034, 
                1.1579322522486324
            ], 
            [
                9472, 
                1.0261329872334435, 
                1.1690756597727778
            ], 
            [
                9999, 
                1.0047920058909356, 
                1.1369753196868932
            ]
        ]
    }
]