[
    {
        "jobnum": 42, 
        "model": {
            "L2_reg": 0.005422251607555463, 
            "conv_width": 20, 
            "fp_depth": 4, 
            "fp_length": 985, 
            "h1_size": 76, 
            "net_type": "morgan_plus_net"
        }, 
        "num_records": 20, 
        "task": {
            "name": "cep", 
            "test_slices": [
                [
                    8000, 
                    12000
                ]
            ], 
            "train_slices": [
                [
                    0, 
                    4000
                ], 
                [
                    4000, 
                    8000
                ], 
                [
                    16000, 
                    20000
                ]
            ]
        }, 
        "train": {
            "batch_size": 100, 
            "init_scale": 0.003602158618800242, 
            "num_iters": 10000, 
            "seed": 3, 
            "step_size": 0.0008228539084001822
        }, 
        "varied_params": {
            "conv_width": 19.593792335346954, 
            "fp_depth": 3.58657455226505, 
            "fp_length": 984.5213353275042, 
            "h1_size": 75.5659491273228, 
            "log_L2_reg": -5.217244124047728, 
            "log_init_scale": -5.626221996884716, 
            "log_step_size": -7.102731884101043
        }
    }, 
    {
        "host_name": "hefty", 
        "minutes_duration": 4.4603303154309595, 
        "timestamp": "2021-09-09 22:34:10.282872", 
        "training_curve": [
            [
                0, 
                6.367944850701521, 
                6.381944654508754
            ], 
            [
                526, 
                1.7907512409193858, 
                2.526298957284802
            ], 
            [
                1052, 
                1.2820225632497941, 
                2.413912021051943
            ], 
            [
                1578, 
                0.8420715823633227, 
                2.353332179954791
            ], 
            [
                2105, 
                0.49240777074312275, 
                2.4045313455972255
            ], 
            [
                2631, 
                0.31793662570794534, 
                2.52696534097562
            ], 
            [
                3157, 
                0.32978716086766346, 
                2.738440403541258
            ], 
            [
                3683, 
                0.37985291194366116, 
                2.8731824607585605
            ], 
            [
                4210, 
                0.7631817057378539, 
                3.054620651933734
            ], 
            [
                4736, 
                0.36874390196868156, 
                2.7168511423800243
            ], 
            [
                5262, 
                0.36870315268477544, 
                2.7873638457720817
            ], 
            [
                5788, 
                0.3757122099824097, 
                2.7614540513658996
            ], 
            [
                6315, 
                0.7423932115969993, 
                3.0874127434240597
            ], 
            [
                6841, 
                0.5286350860789724, 
                2.8777356454978733
            ], 
            [
                7367, 
                0.3173870588414556, 
                2.6617715256094967
            ], 
            [
                7893, 
                0.28555717623422877, 
                2.657656129652959
            ], 
            [
                8420, 
                0.3395257974728331, 
                2.7338428074778127
            ], 
            [
                8946, 
                0.3966824214593115, 
                2.7381292207947507
            ], 
            [
                9472, 
                0.628734499944775, 
                2.9568062424179944
            ], 
            [
                9999, 
                0.43128545779610433, 
                2.7722208772209305
            ]
        ]
    }
]