[
    {
        "jobnum": 43, 
        "model": {
            "L2_reg": 0.004742509371469441, 
            "conv_width": 8, 
            "fp_depth": 2, 
            "fp_length": 31, 
            "h1_size": 89, 
            "net_type": "conv_plus_net"
        }, 
        "num_records": 20, 
        "task": {
            "name": "malaria", 
            "test_slices": [
                [
                    4000, 
                    6000
                ]
            ], 
            "train_slices": [
                [
                    0, 
                    2000
                ], 
                [
                    2000, 
                    4000
                ], 
                [
                    8000, 
                    10000
                ]
            ]
        }, 
        "train": {
            "batch_size": 100, 
            "init_scale": 0.10929455225786909, 
            "num_iters": 10000, 
            "seed": 3, 
            "step_size": 0.0012716762182269788
        }, 
        "varied_params": {
            "conv_width": 8.48351213256414, 
            "fp_depth": 2.221723514241422, 
            "fp_length": 30.838615092894095, 
            "h1_size": 88.70236663493193, 
            "log_L2_reg": -5.351188880096026, 
            "log_init_scale": -2.213708727147301, 
            "log_step_size": -6.667419391885432
        }
    }, 
    {
        "host_name": "schlumpfine", 
        "minutes_duration": 20.504346533616385, 
        "timestamp": "2021-09-01 07:32:39.835813", 
        "training_curve": [
            [
                0, 
                1.5170416085370226, 
                1.4039283881977354
            ], 
            [
                526, 
                1.204511985571229, 
                1.2116439117689448
            ], 
            [
                1052, 
                1.146272969471061, 
                1.1788492920775433
            ], 
            [
                1578, 
                1.110008316309877, 
                1.1603930823342237
            ], 
            [
                2105, 
                1.0889480664370121, 
                1.1706963270230508
            ], 
            [
                2631, 
                1.0617081645030357, 
                1.1540115526441388
            ], 
            [
                3157, 
                1.0527992914623974, 
                1.1375893608206533
            ], 
            [
                3683, 
                1.0368473064056876, 
                1.1349254105419546
            ], 
            [
                4210, 
                1.0235538171545369, 
                1.1463235131521814
            ], 
            [
                4736, 
                1.0071492953723267, 
                1.1325859026921812
            ], 
            [
                5262, 
                1.0114404438941007, 
                1.1260827932423014
            ], 
            [
                5788, 
                0.9880834719498007, 
                1.1190856588903764
            ], 
            [
                6315, 
                0.9801931833356714, 
                1.1255485154804727
            ], 
            [
                6841, 
                0.9785577226061224, 
                1.1342666921581515
            ], 
            [
                7367, 
                0.9627999067099291, 
                1.1150699349674191
            ], 
            [
                7893, 
                0.9591870894351305, 
                1.1182876642647155
            ], 
            [
                8420, 
                0.9468713164616728, 
                1.1157131958495936
            ], 
            [
                8946, 
                0.953140321609457, 
                1.142261065808681
            ], 
            [
                9472, 
                0.9363465624138385, 
                1.1214267998558551
            ], 
            [
                9999, 
                0.9549791424654918, 
                1.1350760259315622
            ]
        ]
    }
]