[
    {
        "jobnum": 43, 
        "model": {
            "L2_reg": 0.004742509371469441, 
            "conv_width": 8, 
            "fp_depth": 2, 
            "fp_length": 150, 
            "h1_size": 89, 
            "net_type": "mean"
        }, 
        "num_records": 20, 
        "task": {
            "name": "delaney", 
            "test_slices": [
                [
                    449, 
                    674
                ]
            ], 
            "train_slices": [
                [
                    0, 
                    224
                ], 
                [
                    224, 
                    449
                ], 
                [
                    899, 
                    1124
                ]
            ]
        }, 
        "train": {
            "batch_size": 100, 
            "init_scale": 0.10929455225786909, 
            "num_iters": 10000, 
            "seed": 3, 
            "step_size": 0.0012716762182269788
        }, 
        "varied_params": {
            "conv_width": 8.48351213256414, 
            "fp_depth": 2.221723514241422, 
            "fp_length": 149.54753583604685, 
            "h1_size": 88.70236663493193, 
            "log_L2_reg": -5.351188880096026, 
            "log_init_scale": -2.213708727147301, 
            "log_step_size": -6.667419391885432
        }
    }, 
    {
        "host_name": "hefty", 
        "minutes_duration": 0.052918314933776855, 
        "timestamp": "2021-08-06 10:28:21.518654", 
        "training_curve": [
            [
                0, 
                4.420572096244641, 
                4.480435298316047
            ], 
            [
                526, 
                4.25796462481921, 
                4.307238679679115
            ], 
            [
                1052, 
                4.2579191832149785, 
                4.307126262447592
            ], 
            [
                1578, 
                4.257919218233158, 
                4.307126357192078
            ], 
            [
                2105, 
                4.257921013413385, 
                4.30713119206287
            ], 
            [
                2631, 
                4.257920436284266, 
                4.307129642398069
            ], 
            [
                3157, 
                4.257924076983703, 
                4.307139346490941
            ], 
            [
                3683, 
                4.257918662181667, 
                4.307124850761792
            ], 
            [
                4210, 
                4.25791916517581, 
                4.30712621363464
            ], 
            [
                4736, 
                4.257920544153854, 
                4.307129932375679
            ], 
            [
                5262, 
                4.257921017228592, 
                4.30713120229261
            ], 
            [
                5788, 
                4.257920432575187, 
                4.307129632424486
            ], 
            [
                6315, 
                4.257918655057176, 
                4.307124831432777
            ], 
            [
                6841, 
                4.257919016166893, 
                4.307125810254625
            ], 
            [
                7367, 
                4.257919161890895, 
                4.3071262047453684
            ], 
            [
                7893, 
                4.2579205438399415, 
                4.307129931532034
            ], 
            [
                8420, 
                4.257920432431152, 
                4.307129632037177
            ], 
            [
                8946, 
                4.257924097289948, 
                4.30713940014971
            ], 
            [
                9472, 
                4.257918654540062, 
                4.307124830029801
            ], 
            [
                9999, 
                4.2579191617573136, 
                4.307126204383881
            ]
        ]
    }
]