[
    {
        "jobnum": 43, 
        "model": {
            "L2_reg": 0.004742509371469441, 
            "conv_width": 8, 
            "fp_depth": 2, 
            "fp_length": 150, 
            "h1_size": 89, 
            "net_type": "morgan_plus_net"
        }, 
        "num_records": 20, 
        "task": {
            "name": "delaney", 
            "test_slices": [
                [
                    449, 
                    674
                ]
            ], 
            "train_slices": [
                [
                    0, 
                    224
                ], 
                [
                    224, 
                    449
                ], 
                [
                    899, 
                    1124
                ]
            ]
        }, 
        "train": {
            "batch_size": 100, 
            "init_scale": 0.10929455225786909, 
            "num_iters": 10000, 
            "seed": 3, 
            "step_size": 0.0012716762182269788
        }, 
        "varied_params": {
            "conv_width": 8.48351213256414, 
            "fp_depth": 2.221723514241422, 
            "fp_length": 149.54753583604685, 
            "h1_size": 88.70236663493193, 
            "log_L2_reg": -5.351188880096026, 
            "log_init_scale": -2.213708727147301, 
            "log_step_size": -6.667419391885432
        }
    }, 
    {
        "host_name": "hefty", 
        "minutes_duration": 1.4731512665748596, 
        "timestamp": "2021-08-06 10:24:59.497307", 
        "training_curve": [
            [
                0, 
                4.363157848648647, 
                4.392012827454138
            ], 
            [
                526, 
                0.11021400742195364, 
                1.9604781329335053
            ], 
            [
                1052, 
                0.09391427363409902, 
                2.0498375813373624
            ], 
            [
                1578, 
                0.11836976896942189, 
                2.1199226570321246
            ], 
            [
                2105, 
                0.12625637204635165, 
                2.1948613775947856
            ], 
            [
                2631, 
                0.14969495639979213, 
                2.2545044283759363
            ], 
            [
                3157, 
                0.1508807721236459, 
                2.2747316545326868
            ], 
            [
                3683, 
                0.15768589938250488, 
                2.307180728173288
            ], 
            [
                4210, 
                0.16128127809279158, 
                2.324290918301157
            ], 
            [
                4736, 
                0.1621090673900263, 
                2.317300945906213
            ], 
            [
                5262, 
                0.16264379979787202, 
                2.3222239636470103
            ], 
            [
                5788, 
                0.16423622334446017, 
                2.3177209033409514
            ], 
            [
                6315, 
                0.16596672113598598, 
                2.313366225953077
            ], 
            [
                6841, 
                0.16463405332975634, 
                2.3085088435598062
            ], 
            [
                7367, 
                0.16439487411146755, 
                2.2960774451258454
            ], 
            [
                7893, 
                0.16373946044466492, 
                2.2932356055932432
            ], 
            [
                8420, 
                0.16248107643832815, 
                2.28968915619908
            ], 
            [
                8946, 
                0.16154272258885236, 
                2.290819641313287
            ], 
            [
                9472, 
                0.1679541712204647, 
                2.300928646322419
            ], 
            [
                9999, 
                0.16197543427949435, 
                2.2917058349781105
            ]
        ]
    }
]