[
    {
        "jobnum": 43, 
        "model": {
            "L2_reg": 0.004742509371469441, 
            "conv_width": 8, 
            "fp_depth": 2, 
            "fp_length": 150, 
            "h1_size": 89, 
            "net_type": "morgan_plus_linear"
        }, 
        "num_records": 20, 
        "task": {
            "name": "malaria", 
            "test_slices": [
                [
                    4000, 
                    6000
                ]
            ], 
            "train_slices": [
                [
                    0, 
                    2000
                ], 
                [
                    2000, 
                    4000
                ], 
                [
                    8000, 
                    10000
                ]
            ]
        }, 
        "train": {
            "batch_size": 100, 
            "init_scale": 0.10929455225786909, 
            "num_iters": 10000, 
            "seed": 3, 
            "step_size": 0.0012716762182269788
        }, 
        "varied_params": {
            "conv_width": 8.48351213256414, 
            "fp_depth": 2.221723514241422, 
            "fp_length": 149.54753583604685, 
            "h1_size": 88.70236663493193, 
            "log_L2_reg": -5.351188880096026, 
            "log_init_scale": -2.213708727147301, 
            "log_step_size": -6.667419391885432
        }
    }, 
    {
        "host_name": "papaschlumpf", 
        "minutes_duration": 0.4443870027860006, 
        "timestamp": "2021-09-01 08:34:02.431098", 
        "training_curve": [
            [
                0, 
                2.0124474144813105, 
                1.9776875171643482
            ], 
            [
                526, 
                1.2676985682758806, 
                1.270063518753851
            ], 
            [
                1052, 
                1.2463087303757607, 
                1.2605736849707665
            ], 
            [
                1578, 
                1.2436094364077945, 
                1.2602710985317327
            ], 
            [
                2105, 
                1.2422519291210792, 
                1.2592310158349018
            ], 
            [
                2631, 
                1.244034911799869, 
                1.2610084145551057
            ], 
            [
                3157, 
                1.2451382953703543, 
                1.2655899012681149
            ], 
            [
                3683, 
                1.241844487814822, 
                1.259551559343737
            ], 
            [
                4210, 
                1.2421365583871387, 
                1.2608798036867401
            ], 
            [
                4736, 
                1.2434787020561267, 
                1.2610809758744146
            ], 
            [
                5262, 
                1.2416251423558198, 
                1.2606096768145234
            ], 
            [
                5788, 
                1.2415994738945464, 
                1.260118887550785
            ], 
            [
                6315, 
                1.243164348317724, 
                1.2631705691258308
            ], 
            [
                6841, 
                1.243158606165118, 
                1.2608347099615749
            ], 
            [
                7367, 
                1.2428694604600292, 
                1.26102807821595
            ], 
            [
                7893, 
                1.2430049869431843, 
                1.2636304938148548
            ], 
            [
                8420, 
                1.241981608220152, 
                1.2614312263774323
            ], 
            [
                8946, 
                1.2414907715141377, 
                1.2606553702108805
            ], 
            [
                9472, 
                1.2436844266417688, 
                1.261971168116713
            ], 
            [
                9999, 
                1.2427041882383656, 
                1.2637918106983888
            ]
        ]
    }
]