[
    {
        "jobnum": 44, 
        "model": {
            "L2_reg": 1.1789756733155383, 
            "conv_width": 6, 
            "fp_depth": 1, 
            "fp_length": 26, 
            "h1_size": 86, 
            "net_type": "conv_plus_linear"
        }, 
        "num_records": 20, 
        "task": {
            "name": "delaney", 
            "test_slices": [
                [
                    449, 
                    674
                ]
            ], 
            "train_slices": [
                [
                    0, 
                    224
                ], 
                [
                    224, 
                    449
                ], 
                [
                    899, 
                    1124
                ]
            ]
        }, 
        "train": {
            "batch_size": 100, 
            "init_scale": 0.009203317800811987, 
            "num_iters": 10000, 
            "seed": 3, 
            "step_size": 0.00035115242640550056
        }, 
        "varied_params": {
            "conv_width": 6.192831238801336, 
            "fp_depth": 1.440839936201125, 
            "fp_length": 26.035539834723803, 
            "h1_size": 86.27971821052894, 
            "log_L2_reg": 0.16464598802220998, 
            "log_init_scale": -4.688191229415658, 
            "log_step_size": -7.954290165499875
        }
    }, 
    {
        "host_name": "papaschlumpf", 
        "minutes_duration": 7.781471983591715, 
        "timestamp": "2021-08-06 09:25:11.596040", 
        "training_curve": [
            [
                0, 
                4.118443461220914, 
                4.146490378893782
            ], 
            [
                526, 
                2.8177496732900003, 
                2.773354149240035
            ], 
            [
                1052, 
                1.6934802501042754, 
                1.6671219309322491
            ], 
            [
                1578, 
                1.2922698172501441, 
                1.2383279528872169
            ], 
            [
                2105, 
                1.0574058429256301, 
                0.9929493538614181
            ], 
            [
                2631, 
                0.9034727062771121, 
                0.8476526312879534
            ], 
            [
                3157, 
                0.8177888335551806, 
                0.7661158107224368
            ], 
            [
                3683, 
                0.7657834155018277, 
                0.7253427410566449
            ], 
            [
                4210, 
                0.7311547745011537, 
                0.70155441391624
            ], 
            [
                4736, 
                0.7054419787155845, 
                0.688407497639323
            ], 
            [
                5262, 
                0.6805448937460057, 
                0.6762972531541711
            ], 
            [
                5788, 
                0.6615866785993996, 
                0.6675243343442748
            ], 
            [
                6315, 
                0.6450349020379965, 
                0.6591818817521595
            ], 
            [
                6841, 
                0.6300452626008501, 
                0.6521895197334464
            ], 
            [
                7367, 
                0.6165564750838961, 
                0.6465915318339542
            ], 
            [
                7893, 
                0.6047586039838418, 
                0.6421228718088048
            ], 
            [
                8420, 
                0.5944238488733381, 
                0.639316495136338
            ], 
            [
                8946, 
                0.5851922436930823, 
                0.6389163615796855
            ], 
            [
                9472, 
                0.577102920517733, 
                0.6391089469647174
            ], 
            [
                9999, 
                0.5693488854067726, 
                0.6377932054088791
            ]
        ]
    }
]