[
    {
        "jobnum": 45, 
        "model": {
            "L2_reg": 0.2141561902048797, 
            "conv_width": 16, 
            "fp_depth": 4, 
            "fp_length": 288, 
            "h1_size": 62, 
            "net_type": "morgan_plus_net"
        }, 
        "num_records": 20, 
        "task": {
            "name": "malaria", 
            "test_slices": [
                [
                    4000, 
                    6000
                ]
            ], 
            "train_slices": [
                [
                    0, 
                    2000
                ], 
                [
                    2000, 
                    4000
                ], 
                [
                    8000, 
                    10000
                ]
            ]
        }, 
        "train": {
            "batch_size": 100, 
            "init_scale": 0.07998379741249519, 
            "num_iters": 10000, 
            "seed": 3, 
            "step_size": 0.001803831738055543
        }, 
        "varied_params": {
            "conv_width": 15.905663940669925, 
            "fp_depth": 3.5816535214863814, 
            "fp_length": 288.49052848062433, 
            "h1_size": 62.26836049264224, 
            "log_L2_reg": -1.5410496694086646, 
            "log_init_scale": -2.5259311971645104, 
            "log_step_size": -6.317842133279607
        }
    }, 
    {
        "host_name": "hefty", 
        "minutes_duration": 1.3447593172391257, 
        "timestamp": "2021-09-01 16:00:36.493474", 
        "training_curve": [
            [
                0, 
                1.5213600403969374, 
                1.4077472036247287
            ], 
            [
                526, 
                0.4241533022248095, 
                1.174747397240011
            ], 
            [
                1052, 
                0.14623858318083927, 
                1.3143314222069242
            ], 
            [
                1578, 
                0.08555159465764357, 
                1.4362155728249713
            ], 
            [
                2105, 
                0.10548173727531737, 
                1.5295923780080898
            ], 
            [
                2631, 
                0.3173389271133617, 
                1.7366394537702023
            ], 
            [
                3157, 
                0.11293372377009211, 
                1.5209254086072768
            ], 
            [
                3683, 
                0.1656458359116774, 
                1.5594794399449092
            ], 
            [
                4210, 
                0.29662867395684894, 
                1.6317953957747136
            ], 
            [
                4736, 
                0.25519382294096893, 
                1.5589223225728683
            ], 
            [
                5262, 
                0.07701945478450059, 
                1.4260589546740456
            ], 
            [
                5788, 
                0.07512125058492275, 
                1.4505056497102706
            ], 
            [
                6315, 
                0.12775072201151091, 
                1.495520084811857
            ], 
            [
                6841, 
                0.3510073482922211, 
                1.707200852658386
            ], 
            [
                7367, 
                0.07247498634127136, 
                1.3860805918650212
            ], 
            [
                7893, 
                0.03674595048677775, 
                1.4224601126027359
            ], 
            [
                8420, 
                0.03911286080267557, 
                1.4427561971097893
            ], 
            [
                8946, 
                0.07863197788896668, 
                1.4638841968812466
            ], 
            [
                9472, 
                0.24216762293599853, 
                1.6308038048200741
            ], 
            [
                9999, 
                0.39001295760041094, 
                1.6388579540964356
            ]
        ]
    }
]