[
    {
        "jobnum": 45, 
        "model": {
            "L2_reg": 0.2141561902048797, 
            "conv_width": 16, 
            "fp_depth": 4, 
            "fp_length": 288, 
            "h1_size": 62, 
            "net_type": "morgan_plus_linear"
        }, 
        "num_records": 20, 
        "task": {
            "name": "delaney", 
            "test_slices": [
                [
                    449, 
                    674
                ]
            ], 
            "train_slices": [
                [
                    0, 
                    224
                ], 
                [
                    224, 
                    449
                ], 
                [
                    899, 
                    1124
                ]
            ]
        }, 
        "train": {
            "batch_size": 100, 
            "init_scale": 0.07998379741249519, 
            "num_iters": 10000, 
            "seed": 3, 
            "step_size": 0.001803831738055543
        }, 
        "varied_params": {
            "conv_width": 15.905663940669925, 
            "fp_depth": 3.5816535214863814, 
            "fp_length": 288.49052848062433, 
            "h1_size": 62.26836049264224, 
            "log_L2_reg": -1.5410496694086646, 
            "log_init_scale": -2.5259311971645104, 
            "log_step_size": -6.317842133279607
        }
    }, 
    {
        "host_name": "hefty", 
        "minutes_duration": 0.2586586515108744, 
        "timestamp": "2021-08-06 05:29:46.351516", 
        "training_curve": [
            [
                0, 
                5.230619913203147, 
                5.750262295261497
            ], 
            [
                526, 
                0.8445313498913616, 
                1.879852685252586
            ], 
            [
                1052, 
                0.7183773275092079, 
                2.0241330880568684
            ], 
            [
                1578, 
                0.6910002637674318, 
                2.175405380870428
            ], 
            [
                2105, 
                0.6824015633254678, 
                2.2752707971079325
            ], 
            [
                2631, 
                0.6792921433012801, 
                2.3340360761130237
            ], 
            [
                3157, 
                0.6781833884325534, 
                2.3685449594555372
            ], 
            [
                3683, 
                0.6777554921036909, 
                2.389715437873075
            ], 
            [
                4210, 
                0.6775238619427116, 
                2.39892573801226
            ], 
            [
                4736, 
                0.6774015949563134, 
                2.404688180757221
            ], 
            [
                5262, 
                0.677307650284063, 
                2.407870672647325
            ], 
            [
                5788, 
                0.6772040204391118, 
                2.4090575628218502
            ], 
            [
                6315, 
                0.6773305508593648, 
                2.412676679661513
            ], 
            [
                6841, 
                0.6773160539103705, 
                2.4117671156610654
            ], 
            [
                7367, 
                0.6773060923177848, 
                2.4119557675184256
            ], 
            [
                7893, 
                0.6772884415997409, 
                2.411962052545666
            ], 
            [
                8420, 
                0.6771716075681141, 
                2.4112820379453175
            ], 
            [
                8946, 
                0.6772443171983717, 
                2.411846295480353
            ], 
            [
                9472, 
                0.6773125761069211, 
                2.4139442115687073
            ], 
            [
                9999, 
                0.6773005697556176, 
                2.4123315440409963
            ]
        ]
    }
]