[
    {
        "jobnum": 45, 
        "model": {
            "L2_reg": 0.2141561902048797, 
            "conv_width": 16, 
            "fp_depth": 4, 
            "fp_length": 288, 
            "h1_size": 62, 
            "net_type": "mean"
        }, 
        "num_records": 20, 
        "task": {
            "name": "delaney", 
            "test_slices": [
                [
                    449, 
                    674
                ]
            ], 
            "train_slices": [
                [
                    0, 
                    224
                ], 
                [
                    224, 
                    449
                ], 
                [
                    899, 
                    1124
                ]
            ]
        }, 
        "train": {
            "batch_size": 100, 
            "init_scale": 0.07998379741249519, 
            "num_iters": 10000, 
            "seed": 3, 
            "step_size": 0.001803831738055543
        }, 
        "varied_params": {
            "conv_width": 15.905663940669925, 
            "fp_depth": 3.5816535214863814, 
            "fp_length": 288.49052848062433, 
            "h1_size": 62.26836049264224, 
            "log_L2_reg": -1.5410496694086646, 
            "log_init_scale": -2.5259311971645104, 
            "log_step_size": -6.317842133279607
        }
    }, 
    {
        "host_name": "papaschlumpf", 
        "minutes_duration": 0.04254118204116821, 
        "timestamp": "2021-08-06 10:28:23.980795", 
        "training_curve": [
            [
                0, 
                4.345000381650148, 
                4.40194874052193
            ], 
            [
                526, 
                4.257918475813064, 
                4.307124344905055
            ], 
            [
                1052, 
                4.257918516960367, 
                4.3071244566318745
            ], 
            [
                1578, 
                4.257918680262105, 
                4.307124899811554
            ], 
            [
                2105, 
                4.257921279257627, 
                4.3071319044176715
            ], 
            [
                2631, 
                4.257920449700565, 
                4.307129678472487
            ], 
            [
                3157, 
                4.2579256669564005, 
                4.3071435329005325
            ], 
            [
                3683, 
                4.257917932958472, 
                4.307122868684061
            ], 
            [
                4210, 
                4.257918645833543, 
                4.30712480640767
            ], 
            [
                4736, 
                4.257920601884687, 
                4.307130087505785
            ], 
            [
                5262, 
                4.2579212749125075, 
                4.3071318927819195
            ], 
            [
                5788, 
                4.257920444892625, 
                4.307129665544931
            ], 
            [
                6315, 
                4.2579179288033595, 
                4.307122857368834
            ], 
            [
                6841, 
                4.257918437644644, 
                4.307124241245709
            ], 
            [
                7367, 
                4.257918643783654, 
                4.307124800845848
            ], 
            [
                7893, 
                4.257920601365643, 
                4.307130086111243
            ], 
            [
                8420, 
                4.257920444708388, 
                4.3071296650495485
            ], 
            [
                8946, 
                4.257925673606619, 
                4.30714355034729
            ], 
            [
                9472, 
                4.257917928502996, 
                4.307122856550874
            ], 
            [
                9999, 
                4.257918643700494, 
                4.3071248006202145
            ]
        ]
    }
]