[
    {
        "jobnum": 45, 
        "model": {
            "L2_reg": 0.2141561902048797, 
            "conv_width": 16, 
            "fp_depth": 4, 
            "fp_length": 288, 
            "h1_size": 62, 
            "net_type": "morgan_plus_net"
        }, 
        "num_records": 20, 
        "task": {
            "name": "delaney", 
            "test_slices": [
                [
                    449, 
                    674
                ]
            ], 
            "train_slices": [
                [
                    0, 
                    224
                ], 
                [
                    224, 
                    449
                ], 
                [
                    899, 
                    1124
                ]
            ]
        }, 
        "train": {
            "batch_size": 100, 
            "init_scale": 0.07998379741249519, 
            "num_iters": 10000, 
            "seed": 3, 
            "step_size": 0.001803831738055543
        }, 
        "varied_params": {
            "conv_width": 15.905663940669925, 
            "fp_depth": 3.5816535214863814, 
            "fp_length": 288.49052848062433, 
            "h1_size": 62.26836049264224, 
            "log_L2_reg": -1.5410496694086646, 
            "log_init_scale": -2.5259311971645104, 
            "log_step_size": -6.317842133279607
        }
    }, 
    {
        "host_name": "hefty", 
        "minutes_duration": 1.1047393838564554, 
        "timestamp": "2021-08-06 10:26:08.263933", 
        "training_curve": [
            [
                0, 
                4.286739103239957, 
                4.350062968564491
            ], 
            [
                526, 
                0.04189407793082299, 
                1.7393796590432864
            ], 
            [
                1052, 
                0.04734877203542852, 
                1.7789614605705442
            ], 
            [
                1578, 
                0.049512566559946125, 
                1.7659057298022158
            ], 
            [
                2105, 
                0.04884886579741468, 
                1.762034456893131
            ], 
            [
                2631, 
                0.04910522622429702, 
                1.732261787193867
            ], 
            [
                3157, 
                0.12709553610021881, 
                1.8560965127507532
            ], 
            [
                3683, 
                0.05651400024036449, 
                1.7260629759624464
            ], 
            [
                4210, 
                0.05150021181041297, 
                1.705954037588792
            ], 
            [
                4736, 
                0.048908919288129155, 
                1.685814714190784
            ], 
            [
                5262, 
                0.04781685628597003, 
                1.687565784096462
            ], 
            [
                5788, 
                0.048058715246304874, 
                1.6702602462734883
            ], 
            [
                6315, 
                0.05830962924935967, 
                1.706159000057788
            ], 
            [
                6841, 
                0.048596548096875324, 
                1.6665677441445907
            ], 
            [
                7367, 
                0.04896002622895784, 
                1.6590996958710311
            ], 
            [
                7893, 
                0.046045561280174334, 
                1.6564721777285956
            ], 
            [
                8420, 
                0.051496803597066584, 
                1.6484416898518364
            ], 
            [
                8946, 
                0.045560528958908816, 
                1.6492492804556644
            ], 
            [
                9472, 
                0.04526806354383673, 
                1.6492981022158304
            ], 
            [
                9999, 
                0.047787791067707086, 
                1.6625577856254061
            ]
        ]
    }
]