[
    {
        "jobnum": 45, 
        "model": {
            "L2_reg": 0.2141561902048797, 
            "conv_width": 16, 
            "fp_depth": 4, 
            "fp_length": 46, 
            "h1_size": 62, 
            "net_type": "conv_plus_net"
        }, 
        "num_records": 20, 
        "task": {
            "name": "delaney", 
            "test_slices": [
                [
                    449, 
                    674
                ]
            ], 
            "train_slices": [
                [
                    0, 
                    224
                ], 
                [
                    224, 
                    449
                ], 
                [
                    899, 
                    1124
                ]
            ]
        }, 
        "train": {
            "batch_size": 100, 
            "init_scale": 0.07998379741249519, 
            "num_iters": 10000, 
            "seed": 3, 
            "step_size": 0.001803831738055543
        }, 
        "varied_params": {
            "conv_width": 15.905663940669925, 
            "fp_depth": 3.5816535214863814, 
            "fp_length": 46.27672538673604, 
            "h1_size": 62.26836049264224, 
            "log_L2_reg": -1.5410496694086646, 
            "log_init_scale": -2.5259311971645104, 
            "log_step_size": -6.317842133279607
        }
    }, 
    {
        "host_name": "schlaubi", 
        "minutes_duration": 43.290572381019594, 
        "timestamp": "2021-08-06 05:39:42.576890", 
        "training_curve": [
            [
                0, 
                4.030462772049912, 
                4.012068358395843
            ], 
            [
                526, 
                0.22425568308373955, 
                0.44479086819286406
            ], 
            [
                1052, 
                0.11955499101868716, 
                0.4969798129353562
            ], 
            [
                1578, 
                0.09899139587267841, 
                0.5420656151232757
            ], 
            [
                2105, 
                0.08102557622876556, 
                0.6163190628491235
            ], 
            [
                2631, 
                0.0810071928196547, 
                0.6627913534059836
            ], 
            [
                3157, 
                0.08355806713674155, 
                0.6809387578414925
            ], 
            [
                3683, 
                0.07271415163119274, 
                0.6875411227246622
            ], 
            [
                4210, 
                0.06734006287485543, 
                0.724202284076982
            ], 
            [
                4736, 
                0.07346167230050224, 
                0.644980411578072
            ], 
            [
                5262, 
                0.06670609813694382, 
                0.652730585892121
            ], 
            [
                5788, 
                0.055289780884546565, 
                0.6989079334378728
            ], 
            [
                6315, 
                0.06330056349788542, 
                0.7641605856758926
            ], 
            [
                6841, 
                0.05669575791272988, 
                0.7311332649808795
            ], 
            [
                7367, 
                0.05465917277380817, 
                0.7003088680189019
            ], 
            [
                7893, 
                0.06655594430148037, 
                0.7432601290005479
            ], 
            [
                8420, 
                0.05651786163139523, 
                0.7697178247237935
            ], 
            [
                8946, 
                0.05426641499870002, 
                0.7135352450692507
            ], 
            [
                9472, 
                0.06481859996033176, 
                0.8221727923881492
            ], 
            [
                9999, 
                0.059353390148356215, 
                0.7410285203072815
            ]
        ]
    }
]