[
    {
        "jobnum": 46, 
        "model": {
            "L2_reg": 0.020180170682639154, 
            "conv_width": 15, 
            "fp_depth": 2, 
            "fp_length": 717, 
            "h1_size": 53, 
            "net_type": "mean"
        }, 
        "num_records": 20, 
        "task": {
            "name": "malaria", 
            "test_slices": [
                [
                    4000, 
                    6000
                ]
            ], 
            "train_slices": [
                [
                    0, 
                    2000
                ], 
                [
                    2000, 
                    4000
                ], 
                [
                    8000, 
                    10000
                ]
            ]
        }, 
        "train": {
            "batch_size": 100, 
            "init_scale": 0.04353999289632197, 
            "num_iters": 10000, 
            "seed": 3, 
            "step_size": 0.0011209200450781197
        }, 
        "varied_params": {
            "conv_width": 15.249220033215206, 
            "fp_depth": 2.3684217004014387, 
            "fp_length": 717.190449203968, 
            "h1_size": 52.768716021059895, 
            "log_L2_reg": -3.903054806082574, 
            "log_init_scale": -3.1340753863286666, 
            "log_step_size": -6.79360546207623
        }
    }, 
    {
        "host_name": "handy", 
        "minutes_duration": 0.0486771821975708, 
        "timestamp": "2021-09-01 16:03:58.313417", 
        "training_curve": [
            [
                0, 
                1.5059626259322438, 
                1.3889478830446975
            ], 
            [
                526, 
                1.496888422908703, 
                1.3824333808635192
            ], 
            [
                1052, 
                1.4968843128177376, 
                1.3823769154611159
            ], 
            [
                1578, 
                1.4968870023423524, 
                1.382335470712828
            ], 
            [
                2105, 
                1.4968852493411031, 
                1.382351393212916
            ], 
            [
                2631, 
                1.4968895724422528, 
                1.3824415278700841
            ], 
            [
                3157, 
                1.4968891788071157, 
                1.3824388331557862
            ], 
            [
                3683, 
                1.4968877768338724, 
                1.3823304275739539
            ], 
            [
                4210, 
                1.4968871450489267, 
                1.3823344839927871
            ], 
            [
                4736, 
                1.4968855174950182, 
                1.3824060256729749
            ], 
            [
                5262, 
                1.496890517509462, 
                1.382447668488449
            ], 
            [
                5788, 
                1.4968868563356108, 
                1.3823365116996043
            ], 
            [
                6315, 
                1.4968863050350885, 
                1.3823407827917584
            ], 
            [
                6841, 
                1.4968849686201546, 
                1.3823552630419302
            ], 
            [
                7367, 
                1.4968896004718202, 
                1.382441716414532
            ], 
            [
                7893, 
                1.4968844240797738, 
                1.382384872797695
            ], 
            [
                8420, 
                1.4968868911042152, 
                1.3823362607840972
            ], 
            [
                8946, 
                1.4968853131530264, 
                1.3823506046612577
            ], 
            [
                9472, 
                1.4968886118484226, 
                1.3824347815990694
            ], 
            [
                9999, 
                1.4968907151116229, 
                1.382448901179203
            ]
        ]
    }
]