[
    {
        "jobnum": 46, 
        "model": {
            "L2_reg": 0.020180170682639154, 
            "conv_width": 15, 
            "fp_depth": 2, 
            "fp_length": 717, 
            "h1_size": 53, 
            "net_type": "morgan_plus_linear"
        }, 
        "num_records": 20, 
        "task": {
            "name": "delaney", 
            "test_slices": [
                [
                    449, 
                    674
                ]
            ], 
            "train_slices": [
                [
                    0, 
                    224
                ], 
                [
                    224, 
                    449
                ], 
                [
                    899, 
                    1124
                ]
            ]
        }, 
        "train": {
            "batch_size": 100, 
            "init_scale": 0.04353999289632197, 
            "num_iters": 10000, 
            "seed": 3, 
            "step_size": 0.0011209200450781197
        }, 
        "varied_params": {
            "conv_width": 15.249220033215206, 
            "fp_depth": 2.3684217004014387, 
            "fp_length": 717.190449203968, 
            "h1_size": 52.768716021059895, 
            "log_L2_reg": -3.903054806082574, 
            "log_init_scale": -3.1340753863286666, 
            "log_step_size": -6.79360546207623
        }
    }, 
    {
        "host_name": "papaschlumpf", 
        "minutes_duration": 0.32532288630803424, 
        "timestamp": "2021-08-06 05:29:59.040105", 
        "training_curve": [
            [
                0, 
                4.331548459111662, 
                4.4217974870112835
            ], 
            [
                526, 
                0.7666936494031149, 
                2.009723387223318
            ], 
            [
                1052, 
                0.48441459612282395, 
                2.2624796485941876
            ], 
            [
                1578, 
                0.3699394901197596, 
                2.639634172044006
            ], 
            [
                2105, 
                0.30506271960848913, 
                3.050057063172276
            ], 
            [
                2631, 
                0.26290300154871443, 
                3.4621419566667666
            ], 
            [
                3157, 
                0.23298494928622193, 
                3.8715231880783665
            ], 
            [
                3683, 
                0.21033030975058367, 
                4.275900760320893
            ], 
            [
                4210, 
                0.19230214450620312, 
                4.68076562649372
            ], 
            [
                4736, 
                0.1774893885182972, 
                5.091542038681802
            ], 
            [
                5262, 
                0.16502097178727612, 
                5.505700971099627
            ], 
            [
                5788, 
                0.15435146244707149, 
                5.920222170824408
            ], 
            [
                6315, 
                0.14513878022821353, 
                6.331021595562171
            ], 
            [
                6841, 
                0.13714235156632715, 
                6.739312925565456
            ], 
            [
                7367, 
                0.13016124920359537, 
                7.140302775803931
            ], 
            [
                7893, 
                0.12404669234994967, 
                7.536724901689143
            ], 
            [
                8420, 
                0.11867581219785303, 
                7.9253311916672295
            ], 
            [
                8946, 
                0.11399974719379483, 
                8.296913384337515
            ], 
            [
                9472, 
                0.10988744823860644, 
                8.647896773786888
            ], 
            [
                9999, 
                0.10627885651260847, 
                8.983507453088343
            ]
        ]
    }
]