[
    {
        "jobnum": 46, 
        "model": {
            "L2_reg": 0.020180170682639154, 
            "conv_width": 15, 
            "fp_depth": 2, 
            "fp_length": 717, 
            "h1_size": 53, 
            "net_type": "morgan_plus_net"
        }, 
        "num_records": 20, 
        "task": {
            "name": "delaney", 
            "test_slices": [
                [
                    449, 
                    674
                ]
            ], 
            "train_slices": [
                [
                    0, 
                    224
                ], 
                [
                    224, 
                    449
                ], 
                [
                    899, 
                    1124
                ]
            ]
        }, 
        "train": {
            "batch_size": 100, 
            "init_scale": 0.04353999289632197, 
            "num_iters": 10000, 
            "seed": 3, 
            "step_size": 0.0011209200450781197
        }, 
        "varied_params": {
            "conv_width": 15.249220033215206, 
            "fp_depth": 2.3684217004014387, 
            "fp_length": 717.190449203968, 
            "h1_size": 52.768716021059895, 
            "log_L2_reg": -3.903054806082574, 
            "log_init_scale": -3.1340753863286666, 
            "log_step_size": -6.79360546207623
        }
    }, 
    {
        "host_name": "schlaubi", 
        "minutes_duration": 2.8764796336491902, 
        "timestamp": "2021-08-06 10:28:09.771764", 
        "training_curve": [
            [
                0, 
                4.201154391693176, 
                4.266784170798324
            ], 
            [
                526, 
                0.08246475814498691, 
                1.6375989390147156
            ], 
            [
                1052, 
                0.1105872125757717, 
                1.760811506076209
            ], 
            [
                1578, 
                0.16783897301991324, 
                1.8669228205078208
            ], 
            [
                2105, 
                0.219283728707281, 
                1.9582922599638362
            ], 
            [
                2631, 
                0.24487504256400988, 
                1.9922717910991277
            ], 
            [
                3157, 
                0.2502888707686632, 
                1.9914149526743792
            ], 
            [
                3683, 
                0.2515372595989696, 
                1.9890708726226343
            ], 
            [
                4210, 
                0.25359324613645856, 
                1.9886625111729908
            ], 
            [
                4736, 
                0.24953540412467834, 
                1.9475081569497135
            ], 
            [
                5262, 
                0.24811902698073326, 
                1.953046758841655
            ], 
            [
                5788, 
                0.24821324974597303, 
                1.9368693248011823
            ], 
            [
                6315, 
                0.24836418214483533, 
                1.9412037342564288
            ], 
            [
                6841, 
                0.24451932824633066, 
                1.914463977857582
            ], 
            [
                7367, 
                0.24470221277233925, 
                1.9008812671093736
            ], 
            [
                7893, 
                0.24121793991386886, 
                1.8893314780807076
            ], 
            [
                8420, 
                0.24020229321490727, 
                1.8863696492274944
            ], 
            [
                8946, 
                0.23834362919515853, 
                1.8769304213698426
            ], 
            [
                9472, 
                0.23647044326809605, 
                1.8590998551299067
            ], 
            [
                9999, 
                0.23452281215353105, 
                1.853436012278235
            ]
        ]
    }
]