[
    {
        "jobnum": 46, 
        "model": {
            "L2_reg": 0.020180170682639154, 
            "conv_width": 15, 
            "fp_depth": 2, 
            "fp_length": 94, 
            "h1_size": 53, 
            "net_type": "conv_plus_net"
        }, 
        "num_records": 20, 
        "task": {
            "name": "delaney", 
            "test_slices": [
                [
                    449, 
                    674
                ]
            ], 
            "train_slices": [
                [
                    0, 
                    224
                ], 
                [
                    224, 
                    449
                ], 
                [
                    899, 
                    1124
                ]
            ]
        }, 
        "train": {
            "batch_size": 100, 
            "init_scale": 0.04353999289632197, 
            "num_iters": 10000, 
            "seed": 3, 
            "step_size": 0.0011209200450781197
        }, 
        "varied_params": {
            "conv_width": 15.249220033215206, 
            "fp_depth": 2.3684217004014387, 
            "fp_length": 93.91004991155201, 
            "h1_size": 52.768716021059895, 
            "log_L2_reg": -3.903054806082574, 
            "log_init_scale": -3.1340753863286666, 
            "log_step_size": -6.79360546207623
        }
    }, 
    {
        "host_name": "handy", 
        "minutes_duration": 28.401813185214998, 
        "timestamp": "2021-08-06 05:25:23.216453", 
        "training_curve": [
            [
                0, 
                4.230464130974558, 
                4.276579778378181
            ], 
            [
                526, 
                0.38876272687543467, 
                0.4089549703904313
            ], 
            [
                1052, 
                0.23384259955516012, 
                0.4173724144671881
            ], 
            [
                1578, 
                0.19626446668849035, 
                0.4223972043592393
            ], 
            [
                2105, 
                0.17078948172632394, 
                0.46456903150022116
            ], 
            [
                2631, 
                0.1692760787084584, 
                0.4842631564669287
            ], 
            [
                3157, 
                0.17814895603507427, 
                0.5704232044560802
            ], 
            [
                3683, 
                0.13054429227339368, 
                0.5086729704029161
            ], 
            [
                4210, 
                0.11955462295309034, 
                0.5176579353511208
            ], 
            [
                4736, 
                0.12364882106958976, 
                0.5220760758054959
            ], 
            [
                5262, 
                0.11089793472088197, 
                0.5809799712808427
            ], 
            [
                5788, 
                0.11237084019721862, 
                0.5945921713902923
            ], 
            [
                6315, 
                0.12222352669775047, 
                0.6523518870986732
            ], 
            [
                6841, 
                0.10491095587837025, 
                0.6268036080722137
            ], 
            [
                7367, 
                0.10879901672874225, 
                0.6742994289395216
            ], 
            [
                7893, 
                0.10619845408202447, 
                0.7047156526692038
            ], 
            [
                8420, 
                0.09688241341742675, 
                0.6538422643028687
            ], 
            [
                8946, 
                0.09249989074281648, 
                0.6743072527146751
            ], 
            [
                9472, 
                0.09332639175993387, 
                0.7138564192033983
            ], 
            [
                9999, 
                0.08352542187860863, 
                0.7009538245675655
            ]
        ]
    }
]