[
    {
        "jobnum": 47, 
        "model": {
            "L2_reg": 1.3611965082644966, 
            "conv_width": 15, 
            "fp_depth": 1, 
            "fp_length": 801, 
            "h1_size": 69, 
            "net_type": "mean"
        }, 
        "num_records": 20, 
        "task": {
            "name": "delaney", 
            "test_slices": [
                [
                    449, 
                    674
                ]
            ], 
            "train_slices": [
                [
                    0, 
                    224
                ], 
                [
                    224, 
                    449
                ], 
                [
                    899, 
                    1124
                ]
            ]
        }, 
        "train": {
            "batch_size": 100, 
            "init_scale": 0.006038315193652891, 
            "num_iters": 10000, 
            "seed": 3, 
            "step_size": 0.0006923657835521159
        }, 
        "varied_params": {
            "conv_width": 15.45495862587481, 
            "fp_depth": 1.170544229299721, 
            "fp_length": 800.9249591086322, 
            "h1_size": 68.99634779500602, 
            "log_L2_reg": 0.3083640984521496, 
            "log_init_scale": -5.109630247395012, 
            "log_step_size": -7.275396153052387
        }
    }, 
    {
        "host_name": "hefty", 
        "minutes_duration": 0.05246431827545166, 
        "timestamp": "2021-08-06 10:28:26.783731", 
        "training_curve": [
            [
                0, 
                4.258353471236379, 
                4.307948232866274
            ], 
            [
                526, 
                4.257923617499034, 
                4.307138130963433
            ], 
            [
                1052, 
                4.257919782821129, 
                4.307127882427195
            ], 
            [
                1578, 
                4.257919752435857, 
                4.307127800451257
            ], 
            [
                2105, 
                4.257920750156721, 
                4.307130485729877
            ], 
            [
                2631, 
                4.257920426405073, 
                4.3071296158328725
            ], 
            [
                3157, 
                4.257922406326543, 
                4.307134914358854
            ], 
            [
                3683, 
                4.257919451773784, 
                4.307126988627147
            ], 
            [
                4210, 
                4.257919728781378, 
                4.3071277366255964
            ], 
            [
                4736, 
                4.257920481882442, 
                4.307129764994994
            ], 
            [
                5262, 
                4.257920738703617, 
                4.307130454979846
            ], 
            [
                5788, 
                4.2579204201655125, 
                4.3071295990539955
            ], 
            [
                6315, 
                4.257919449707764, 
                4.307126983044402
            ], 
            [
                6841, 
                4.2579196479145445, 
                4.30712751836973
            ], 
            [
                7367, 
                4.2579197275599325, 
                4.307127733329628
            ], 
            [
                7893, 
                4.257920481173506, 
                4.3071297630891365
            ], 
            [
                8420, 
                4.257920419930566, 
                4.307129598422191
            ], 
            [
                8946, 
                4.257922402625516, 
                4.307134904501505
            ], 
            [
                9472, 
                4.257919449559175, 
                4.30712698264289
            ], 
            [
                9999, 
                4.257919727510509, 
                4.307127733196262
            ]
        ]
    }
]