[
    {
        "jobnum": 47, 
        "model": {
            "L2_reg": 1.3611965082644966, 
            "conv_width": 15, 
            "fp_depth": 1, 
            "fp_length": 801, 
            "h1_size": 69, 
            "net_type": "morgan_plus_net"
        }, 
        "num_records": 20, 
        "task": {
            "name": "delaney", 
            "test_slices": [
                [
                    449, 
                    674
                ]
            ], 
            "train_slices": [
                [
                    0, 
                    224
                ], 
                [
                    224, 
                    449
                ], 
                [
                    899, 
                    1124
                ]
            ]
        }, 
        "train": {
            "batch_size": 100, 
            "init_scale": 0.006038315193652891, 
            "num_iters": 10000, 
            "seed": 3, 
            "step_size": 0.0006923657835521159
        }, 
        "varied_params": {
            "conv_width": 15.45495862587481, 
            "fp_depth": 1.170544229299721, 
            "fp_length": 800.9249591086322, 
            "h1_size": 68.99634779500602, 
            "log_L2_reg": 0.3083640984521496, 
            "log_init_scale": -5.109630247395012, 
            "log_step_size": -7.275396153052387
        }
    }, 
    {
        "host_name": "handy", 
        "minutes_duration": 3.44892254670461, 
        "timestamp": "2021-08-06 10:28:59.595060", 
        "training_curve": [
            [
                0, 
                4.257597241831786, 
                4.307194815345493
            ], 
            [
                526, 
                0.3503526956404157, 
                1.3982486457718457
            ], 
            [
                1052, 
                0.24304739587144947, 
                1.5664988311212362
            ], 
            [
                1578, 
                0.22657923723477066, 
                1.758356599717997
            ], 
            [
                2105, 
                0.22861563589630277, 
                1.9242824926219737
            ], 
            [
                2631, 
                0.2414675154716372, 
                2.068889176747888
            ], 
            [
                3157, 
                0.262562489201828, 
                2.192169839677748
            ], 
            [
                3683, 
                0.2858381111491893, 
                2.273192917776686
            ], 
            [
                4210, 
                0.31080377919452995, 
                2.375977398051921
            ], 
            [
                4736, 
                0.3246792371935396, 
                2.379985856792831
            ], 
            [
                5262, 
                0.3367139176161489, 
                2.4257575133772207
            ], 
            [
                5788, 
                0.34891655790120896, 
                2.4484450256239296
            ], 
            [
                6315, 
                0.3550647288559164, 
                2.4414225609947406
            ], 
            [
                6841, 
                0.36599573928691237, 
                2.466687449921698
            ], 
            [
                7367, 
                0.3689344033240722, 
                2.4222501302102204
            ], 
            [
                7893, 
                0.3748683728006846, 
                2.4710894628926807
            ], 
            [
                8420, 
                0.37564976503192576, 
                2.4640414365918994
            ], 
            [
                8946, 
                0.37648713747102075, 
                2.4501172157762467
            ], 
            [
                9472, 
                0.3807846344768948, 
                2.4450135226269234
            ], 
            [
                9999, 
                0.38124145214852856, 
                2.4193872129255265
            ]
        ]
    }
]