[
    {
        "jobnum": 47, 
        "model": {
            "L2_reg": 1.3611965082644966, 
            "conv_width": 15, 
            "fp_depth": 1, 
            "fp_length": 103, 
            "h1_size": 69, 
            "net_type": "conv_plus_linear"
        }, 
        "num_records": 20, 
        "task": {
            "name": "delaney", 
            "test_slices": [
                [
                    449, 
                    674
                ]
            ], 
            "train_slices": [
                [
                    0, 
                    224
                ], 
                [
                    224, 
                    449
                ], 
                [
                    899, 
                    1124
                ]
            ]
        }, 
        "train": {
            "batch_size": 100, 
            "init_scale": 0.006038315193652891, 
            "num_iters": 10000, 
            "seed": 3, 
            "step_size": 0.0006923657835521159
        }, 
        "varied_params": {
            "conv_width": 15.45495862587481, 
            "fp_depth": 1.170544229299721, 
            "fp_length": 103.21388434540359, 
            "h1_size": 68.99634779500602, 
            "log_L2_reg": 0.3083640984521496, 
            "log_init_scale": -5.109630247395012, 
            "log_step_size": -7.275396153052387
        }
    }, 
    {
        "host_name": "schlaubi", 
        "minutes_duration": 19.57671674887339, 
        "timestamp": "2021-08-06 09:57:38.460260", 
        "training_curve": [
            [
                0, 
                4.235801182262933, 
                4.28131935347684
            ], 
            [
                526, 
                1.6249931524886596, 
                1.5700108307345064
            ], 
            [
                1052, 
                0.8808215061736947, 
                0.8316629559434532
            ], 
            [
                1578, 
                0.6783649603025093, 
                0.661894096411932
            ], 
            [
                2105, 
                0.6062470329363435, 
                0.6063941058170046
            ], 
            [
                2631, 
                0.5548638635090198, 
                0.5764412721438352
            ], 
            [
                3157, 
                0.5185263438207421, 
                0.5595239558605474
            ], 
            [
                3683, 
                0.49834579961945286, 
                0.552372925619245
            ], 
            [
                4210, 
                0.4828289989885179, 
                0.5547206710567619
            ], 
            [
                4736, 
                0.4697346291638082, 
                0.5599976155582913
            ], 
            [
                5262, 
                0.45766353321716857, 
                0.5713064212253102
            ], 
            [
                5788, 
                0.44696184876935896, 
                0.5852402391164337
            ], 
            [
                6315, 
                0.43568566873033626, 
                0.5967622064345206
            ], 
            [
                6841, 
                0.42327681975906234, 
                0.6177793601661352
            ], 
            [
                7367, 
                0.41097171250790926, 
                0.6346234150871918
            ], 
            [
                7893, 
                0.4004148029122621, 
                0.6486128395678376
            ], 
            [
                8420, 
                0.39130077262816765, 
                0.6690105312243716
            ], 
            [
                8946, 
                0.3832858204938773, 
                0.6826787075821235
            ], 
            [
                9472, 
                0.3740978377723226, 
                0.697228358073105
            ], 
            [
                9999, 
                0.36544364961688675, 
                0.7104858145796109
            ]
        ]
    }
]