[
    {
        "jobnum": 47, 
        "model": {
            "L2_reg": 1.3611965082644966, 
            "conv_width": 15, 
            "fp_depth": 1, 
            "fp_length": 103, 
            "h1_size": 69, 
            "net_type": "conv_plus_net"
        }, 
        "num_records": 20, 
        "task": {
            "name": "delaney", 
            "test_slices": [
                [
                    449, 
                    674
                ]
            ], 
            "train_slices": [
                [
                    0, 
                    224
                ], 
                [
                    224, 
                    449
                ], 
                [
                    899, 
                    1124
                ]
            ]
        }, 
        "train": {
            "batch_size": 100, 
            "init_scale": 0.006038315193652891, 
            "num_iters": 10000, 
            "seed": 3, 
            "step_size": 0.0006923657835521159
        }, 
        "varied_params": {
            "conv_width": 15.45495862587481, 
            "fp_depth": 1.170544229299721, 
            "fp_length": 103.21388434540359, 
            "h1_size": 68.99634779500602, 
            "log_L2_reg": 0.3083640984521496, 
            "log_init_scale": -5.109630247395012, 
            "log_step_size": -7.275396153052387
        }
    }, 
    {
        "host_name": "papaschlumpf", 
        "minutes_duration": 12.629868113994599, 
        "timestamp": "2021-08-06 05:10:53.155837", 
        "training_curve": [
            [
                0, 
                4.257574415537421, 
                4.3063562844214305
            ], 
            [
                526, 
                0.6996712480783354, 
                0.6907140381973651
            ], 
            [
                1052, 
                0.4802482141249108, 
                0.5319967021427311
            ], 
            [
                1578, 
                0.3405278487031768, 
                0.4397534173669011
            ], 
            [
                2105, 
                0.29305934142191514, 
                0.44537446251984913
            ], 
            [
                2631, 
                0.2696507195154999, 
                0.4544563937642487
            ], 
            [
                3157, 
                0.253068610688553, 
                0.4653229309029066
            ], 
            [
                3683, 
                0.23899112247053755, 
                0.4789419588314108
            ], 
            [
                4210, 
                0.22881390347198335, 
                0.4912335780568482
            ], 
            [
                4736, 
                0.22039286377115833, 
                0.49108663232556105
            ], 
            [
                5262, 
                0.21215992450504637, 
                0.4855246101401516
            ], 
            [
                5788, 
                0.20468613240920955, 
                0.47908116604687206
            ], 
            [
                6315, 
                0.1980615158265857, 
                0.47888528468019415
            ], 
            [
                6841, 
                0.192188017135661, 
                0.4742754011720376
            ], 
            [
                7367, 
                0.18646646604076367, 
                0.4722646280083706
            ], 
            [
                7893, 
                0.17957072928515133, 
                0.4687728066746645
            ], 
            [
                8420, 
                0.17404085088341217, 
                0.4709135240982583
            ], 
            [
                8946, 
                0.16927627432781622, 
                0.46993665372803095
            ], 
            [
                9472, 
                0.16365380369017676, 
                0.4699422751698747
            ], 
            [
                9999, 
                0.16049425161982483, 
                0.4714399434620585
            ]
        ]
    }
]