[
    {
        "jobnum": 48, 
        "model": {
            "L2_reg": 0.27274910970183186, 
            "conv_width": 11, 
            "fp_depth": 2, 
            "fp_length": 215, 
            "h1_size": 63, 
            "net_type": "morgan_plus_linear"
        }, 
        "num_records": 20, 
        "task": {
            "name": "delaney", 
            "test_slices": [
                [
                    449, 
                    674
                ]
            ], 
            "train_slices": [
                [
                    0, 
                    224
                ], 
                [
                    224, 
                    449
                ], 
                [
                    899, 
                    1124
                ]
            ]
        }, 
        "train": {
            "batch_size": 100, 
            "init_scale": 0.021505995225448587, 
            "num_iters": 10000, 
            "seed": 3, 
            "step_size": 0.0014963186088583652
        }, 
        "varied_params": {
            "conv_width": 10.56279198826833, 
            "fp_depth": 1.818465707273401, 
            "fp_length": 214.63071442712476, 
            "h1_size": 62.97112821726775, 
            "log_L2_reg": -1.2992029184288878, 
            "log_init_scale": -3.8394235350240296, 
            "log_step_size": -6.504747448269754
        }
    }, 
    {
        "host_name": "hefty", 
        "minutes_duration": 0.24833418130874635, 
        "timestamp": "2021-08-06 05:30:03.370589", 
        "training_curve": [
            [
                0, 
                4.214060105360854, 
                4.223863953685584
            ], 
            [
                526, 
                1.3280165702199707, 
                2.2908451490922035
            ], 
            [
                1052, 
                1.1808260842576024, 
                2.443313509278648
            ], 
            [
                1578, 
                1.14432707199763, 
                2.5673567092521776
            ], 
            [
                2105, 
                1.1318321683001265, 
                2.6476838249910624
            ], 
            [
                2631, 
                1.1268705411536342, 
                2.693897549994315
            ], 
            [
                3157, 
                1.1248174098755077, 
                2.7207849654458993
            ], 
            [
                3683, 
                1.1238314490010473, 
                2.73498730881819
            ], 
            [
                4210, 
                1.1233303044654088, 
                2.742617994529916
            ], 
            [
                4736, 
                1.123057740590081, 
                2.7473682430636988
            ], 
            [
                5262, 
                1.1228703507241367, 
                2.7494047022660695
            ], 
            [
                5788, 
                1.1227151834296956, 
                2.7501962560807245
            ], 
            [
                6315, 
                1.122766949309882, 
                2.751543511619788
            ], 
            [
                6841, 
                1.1227456443159443, 
                2.7516261815168654
            ], 
            [
                7367, 
                1.1227256597358093, 
                2.751806187217722
            ], 
            [
                7893, 
                1.1227112179835033, 
                2.7523049228682606
            ], 
            [
                8420, 
                1.1225963431041635, 
                2.751518349058829
            ], 
            [
                8946, 
                1.1226724929361536, 
                2.752356973575202
            ], 
            [
                9472, 
                1.1226908343671018, 
                2.752182671567128
            ], 
            [
                9999, 
                1.1226967673318209, 
                2.751907612907288
            ]
        ]
    }
]