[
    {
        "jobnum": 48, 
        "model": {
            "L2_reg": 0.27274910970183186, 
            "conv_width": 11, 
            "fp_depth": 2, 
            "fp_length": 38, 
            "h1_size": 63, 
            "net_type": "conv_plus_net"
        }, 
        "num_records": 20, 
        "task": {
            "name": "delaney", 
            "test_slices": [
                [
                    449, 
                    674
                ]
            ], 
            "train_slices": [
                [
                    0, 
                    224
                ], 
                [
                    224, 
                    449
                ], 
                [
                    899, 
                    1124
                ]
            ]
        }, 
        "train": {
            "batch_size": 100, 
            "init_scale": 0.021505995225448587, 
            "num_iters": 10000, 
            "seed": 3, 
            "step_size": 0.0014963186088583652
        }, 
        "varied_params": {
            "conv_width": 10.56279198826833, 
            "fp_depth": 1.818465707273401, 
            "fp_length": 38.07007938079164, 
            "h1_size": 62.97112821726775, 
            "log_L2_reg": -1.2992029184288878, 
            "log_init_scale": -3.8394235350240296, 
            "log_step_size": -6.504747448269754
        }
    }, 
    {
        "host_name": "papaschlumpf", 
        "minutes_duration": 13.8511740843455, 
        "timestamp": "2021-08-06 05:24:46.942702", 
        "training_curve": [
            [
                0, 
                4.2754663816494505, 
                4.331620542377399
            ], 
            [
                526, 
                0.38017964524188225, 
                0.445476805879979
            ], 
            [
                1052, 
                0.23399146528079867, 
                0.4427718979853363
            ], 
            [
                1578, 
                0.19504495171341665, 
                0.4796441995917867
            ], 
            [
                2105, 
                0.18118036893796474, 
                0.49923637320194325
            ], 
            [
                2631, 
                0.17320020945950987, 
                0.5013376123864719
            ], 
            [
                3157, 
                0.16251713336482135, 
                0.5182974317908143
            ], 
            [
                3683, 
                0.16746769715426132, 
                0.5143008017085413
            ], 
            [
                4210, 
                0.1397328402559954, 
                0.5247152462346297
            ], 
            [
                4736, 
                0.14540919256489618, 
                0.5271187368853647
            ], 
            [
                5262, 
                0.14346252817019012, 
                0.556336765668739
            ], 
            [
                5788, 
                0.1276883182244914, 
                0.5356316543080474
            ], 
            [
                6315, 
                0.14762213940791025, 
                0.5807376654089498
            ], 
            [
                6841, 
                0.12632849068004903, 
                0.5916201604783792
            ], 
            [
                7367, 
                0.1309364441178957, 
                0.5944631703847826
            ], 
            [
                7893, 
                0.12155448751188314, 
                0.6004080600823579
            ], 
            [
                8420, 
                0.115087778914833, 
                0.6387981217598627
            ], 
            [
                8946, 
                0.11965804613670239, 
                0.6783923601013093
            ], 
            [
                9472, 
                0.11234150800774678, 
                0.6734452662308514
            ], 
            [
                9999, 
                0.11472785206595586, 
                0.6730417964528637
            ]
        ]
    }
]