[
    {
        "jobnum": 49, 
        "model": {
            "L2_reg": 0.004587828667129028, 
            "conv_width": 10, 
            "fp_depth": 3, 
            "fp_length": 598, 
            "h1_size": 52, 
            "net_type": "mean"
        }, 
        "num_records": 20, 
        "task": {
            "name": "delaney", 
            "test_slices": [
                [
                    449, 
                    674
                ]
            ], 
            "train_slices": [
                [
                    0, 
                    224
                ], 
                [
                    224, 
                    449
                ], 
                [
                    899, 
                    1124
                ]
            ]
        }, 
        "train": {
            "batch_size": 100, 
            "init_scale": 0.002915443393109303, 
            "num_iters": 10000, 
            "seed": 3, 
            "step_size": 0.008223030517877953
        }, 
        "varied_params": {
            "conv_width": 9.602151493177942, 
            "fp_depth": 2.5565054464945782, 
            "fp_length": 598.1632924220264, 
            "h1_size": 52.2306150627057, 
            "log_L2_reg": -5.384348424106938, 
            "log_init_scale": -5.837733363333701, 
            "log_step_size": -4.8008164617175275
        }
    }, 
    {
        "host_name": "schlaubi", 
        "minutes_duration": 0.06737158298492432, 
        "timestamp": "2021-08-06 10:28:31.837532", 
        "training_curve": [
            [
                0, 
                4.257972588868225, 
                4.307256792763283
            ], 
            [
                526, 
                4.257909631217173, 
                4.30709973978409
            ], 
            [
                1052, 
                4.257911665639174, 
                4.307105509671021
            ], 
            [
                1578, 
                4.257912542524193, 
                4.3071079752399015
            ], 
            [
                2105, 
                4.25792446239152, 
                4.3071403640655355
            ], 
            [
                2631, 
                4.2579206567840915, 
                4.307130234986607
            ], 
            [
                3157, 
                4.257946166068778, 
                4.307195147764119
            ], 
            [
                3683, 
                4.257909498005693, 
                4.3070993594902705
            ], 
            [
                4210, 
                4.257912523019706, 
                4.307107920534902
            ], 
            [
                4736, 
                4.257921290827846, 
                4.307131935400242
            ], 
            [
                5262, 
                4.257924454021477, 
                4.307140341985653
            ], 
            [
                5788, 
                4.257920652644515, 
                4.307130223867507
            ], 
            [
                6315, 
                4.257909495757079, 
                4.307099353068218
            ], 
            [
                6841, 
                4.257911619600241, 
                4.307105379872141
            ], 
            [
                7367, 
                4.25791252187275, 
                4.307107917317796
            ], 
            [
                7893, 
                4.257921290241095, 
                4.307131933829089
            ], 
            [
                8420, 
                4.257920652486258, 
                4.3071302234424165
            ], 
            [
                8946, 
                4.257946163648208, 
                4.307195141893754
            ], 
            [
                9472, 
                4.257909495594767, 
                4.307099352604652
            ], 
            [
                9999, 
                4.257912521826261, 
                4.3071079171873965
            ]
        ]
    }
]