[
    {
        "jobnum": 49, 
        "model": {
            "L2_reg": 0.004587828667129028, 
            "conv_width": 10, 
            "fp_depth": 3, 
            "fp_length": 598, 
            "h1_size": 52, 
            "net_type": "morgan_plus_net"
        }, 
        "num_records": 20, 
        "task": {
            "name": "delaney", 
            "test_slices": [
                [
                    449, 
                    674
                ]
            ], 
            "train_slices": [
                [
                    0, 
                    224
                ], 
                [
                    224, 
                    449
                ], 
                [
                    899, 
                    1124
                ]
            ]
        }, 
        "train": {
            "batch_size": 100, 
            "init_scale": 0.002915443393109303, 
            "num_iters": 10000, 
            "seed": 3, 
            "step_size": 0.008223030517877953
        }, 
        "varied_params": {
            "conv_width": 9.602151493177942, 
            "fp_depth": 2.5565054464945782, 
            "fp_length": 598.1632924220264, 
            "h1_size": 52.2306150627057, 
            "log_L2_reg": -5.384348424106938, 
            "log_init_scale": -5.837733363333701, 
            "log_step_size": -4.8008164617175275
        }
    }, 
    {
        "host_name": "papaschlumpf", 
        "minutes_duration": 1.9786771496136983, 
        "timestamp": "2021-08-06 10:28:04.354921", 
        "training_curve": [
            [
                0, 
                4.2582317869640915, 
                4.306981732048274
            ], 
            [
                526, 
                0.1074868333507713, 
                1.7724882787750889
            ], 
            [
                1052, 
                0.10149001560217025, 
                1.704868891625385
            ], 
            [
                1578, 
                0.10122910175384894, 
                1.7097733240685264
            ], 
            [
                2105, 
                0.09831340210620729, 
                1.7021873615836112
            ], 
            [
                2631, 
                0.09302505207995013, 
                1.6680577533612722
            ], 
            [
                3157, 
                0.08743553872395202, 
                1.6569959131358847
            ], 
            [
                3683, 
                0.086776224169129, 
                1.6454992419437127
            ], 
            [
                4210, 
                0.08404842782890562, 
                1.6592096333253272
            ], 
            [
                4736, 
                0.09229054480318268, 
                1.6558739304394638
            ], 
            [
                5262, 
                0.08897044780764553, 
                1.633439374937722
            ], 
            [
                5788, 
                0.07824675793655893, 
                1.6553238054218193
            ], 
            [
                6315, 
                0.07747156236542437, 
                1.6100303097595992
            ], 
            [
                6841, 
                0.0806049656817273, 
                1.629536445021362
            ], 
            [
                7367, 
                0.07746520791600171, 
                1.5958889403743919
            ], 
            [
                7893, 
                0.10825333877606443, 
                1.5990726678495322
            ], 
            [
                8420, 
                0.07216822720891164, 
                1.6340593168954103
            ], 
            [
                8946, 
                0.07155438023492414, 
                1.6133486937512669
            ], 
            [
                9472, 
                0.07068768238308194, 
                1.6029283696394674
            ], 
            [
                9999, 
                0.11775746974093726, 
                1.5955772737235576
            ]
        ]
    }
]