[
    {
        "jobnum": 49, 
        "model": {
            "L2_reg": 0.004587828667129028, 
            "conv_width": 10, 
            "fp_depth": 3, 
            "fp_length": 81, 
            "h1_size": 52, 
            "net_type": "conv_plus_net"
        }, 
        "num_records": 20, 
        "task": {
            "name": "cep", 
            "test_slices": [
                [
                    8000, 
                    12000
                ]
            ], 
            "train_slices": [
                [
                    0, 
                    4000
                ], 
                [
                    4000, 
                    8000
                ], 
                [
                    16000, 
                    20000
                ]
            ]
        }, 
        "train": {
            "batch_size": 100, 
            "init_scale": 0.002915443393109303, 
            "num_iters": 10000, 
            "seed": 3, 
            "step_size": 0.008223030517877953
        }, 
        "varied_params": {
            "conv_width": 9.602151493177942, 
            "fp_depth": 2.5565054464945782, 
            "fp_length": 80.68481026911405, 
            "h1_size": 52.2306150627057, 
            "log_L2_reg": -5.384348424106938, 
            "log_init_scale": -5.837733363333701, 
            "log_step_size": -4.8008164617175275
        }
    }, 
    {
        "host_name": "hefty", 
        "minutes_duration": 41.194000681241356, 
        "timestamp": "2021-09-06 04:52:30.676794", 
        "training_curve": [
            [
                0, 
                6.367536697297843, 
                6.381241587139657
            ], 
            [
                526, 
                2.6846808631316477, 
                2.672797388621155
            ], 
            [
                1052, 
                2.3107324264877445, 
                2.2542749154687667
            ], 
            [
                1578, 
                2.071425120816913, 
                2.069832277974778
            ], 
            [
                2105, 
                1.8554264295557836, 
                1.9587564713149317
            ], 
            [
                2631, 
                1.6545407124318723, 
                1.8538624784735047
            ], 
            [
                3157, 
                1.5111296444075257, 
                1.739934384331954
            ], 
            [
                3683, 
                1.4263255661827487, 
                1.665545058707322
            ], 
            [
                4210, 
                1.3892182696193798, 
                1.695459743571413
            ], 
            [
                4736, 
                1.290149513495138, 
                1.668174861246301
            ], 
            [
                5262, 
                1.243371057137191, 
                1.6153029292710828
            ], 
            [
                5788, 
                1.1226938401790079, 
                1.5655013270596962
            ], 
            [
                6315, 
                1.215306854573545, 
                1.6271149138464567
            ], 
            [
                6841, 
                1.1098739132947113, 
                1.5847093112394741
            ], 
            [
                7367, 
                1.0328553076711666, 
                1.5465668284393999
            ], 
            [
                7893, 
                1.063489198683573, 
                1.565126712568109
            ], 
            [
                8420, 
                1.0289977820707386, 
                1.5748643252082717
            ], 
            [
                8946, 
                1.1246023135011025, 
                1.664752964653978
            ], 
            [
                9472, 
                1.0212263258877754, 
                1.617659367464406
            ], 
            [
                9999, 
                0.9730825504344656, 
                1.59535889581136
            ]
        ]
    }
]