[
    {
        "jobnum": 4, 
        "model": {
            "L2_reg": 0.020577539713676856, 
            "conv_width": 12, 
            "fp_depth": 3, 
            "fp_length": 589, 
            "h1_size": 76, 
            "net_type": "mean"
        }, 
        "num_records": 20, 
        "task": {
            "name": "delaney", 
            "test_slices": [
                [
                    449, 
                    674
                ]
            ], 
            "train_slices": [
                [
                    0, 
                    224
                ], 
                [
                    224, 
                    449
                ], 
                [
                    899, 
                    1124
                ]
            ]
        }, 
        "train": {
            "batch_size": 100, 
            "init_scale": 0.12553644028183322, 
            "num_iters": 10000, 
            "seed": 3, 
            "step_size": 0.0017619180890440656
        }, 
        "varied_params": {
            "conv_width": 11.842254983248228, 
            "fp_depth": 3.32270106830265, 
            "fp_length": 588.9814204595976, 
            "h1_size": 76.09241608750358, 
            "log_L2_reg": -3.8835551031629842, 
            "log_init_scale": -2.0751592017454206, 
            "log_step_size": -6.341352240037906
        }
    }, 
    {
        "host_name": "hefty", 
        "minutes_duration": 0.053764617443084715, 
        "timestamp": "2021-08-06 10:26:35.075849", 
        "training_curve": [
            [
                0, 
                4.472526606788448, 
                4.534005002910826
            ], 
            [
                526, 
                4.257923974941351, 
                4.3071390767701905
            ], 
            [
                1052, 
                4.257918642309681, 
                4.307124796846584
            ], 
            [
                1578, 
                4.257918758645473, 
                4.3071251124026295
            ], 
            [
                2105, 
                4.257921245038936, 
                4.30713181277714
            ], 
            [
                2631, 
                4.257920447185965, 
                4.3071296717112855
            ], 
            [
                3157, 
                4.25792551795472, 
                4.307143141859794
            ], 
            [
                3683, 
                4.257917995811541, 
                4.30712303981621
            ], 
            [
                4210, 
                4.257918688958481, 
                4.30712492340202
            ], 
            [
                4736, 
                4.257920597050117, 
                4.307130074516371
            ], 
            [
                5262, 
                4.257921254078028, 
                4.307131836986068
            ], 
            [
                5788, 
                4.257920443840527, 
                4.307129662716018
            ], 
            [
                6315, 
                4.2579179862485805, 
                4.30712301378241
            ], 
            [
                6841, 
                4.257918483320567, 
                4.30712436529185
            ], 
            [
                7367, 
                4.257918684628927, 
                4.307124911657467
            ], 
            [
                7893, 
                4.25792059682488, 
                4.3071300739112
            ], 
            [
                8420, 
                4.257920443710212, 
                4.307129662365617
            ], 
            [
                8946, 
                4.257925548707254, 
                4.307143222588372
            ], 
            [
                9472, 
                4.257917985554587, 
                4.307123011893061
            ], 
            [
                9999, 
                4.257918684452922, 
                4.307124911180019
            ]
        ]
    }
]