[
    {
        "jobnum": 4, 
        "model": {
            "L2_reg": 0.020577539713676856, 
            "conv_width": 12, 
            "fp_depth": 3, 
            "fp_length": 589, 
            "h1_size": 76, 
            "net_type": "mean"
        }, 
        "num_records": 20, 
        "task": {
            "name": "malaria", 
            "test_slices": [
                [
                    4000, 
                    6000
                ]
            ], 
            "train_slices": [
                [
                    0, 
                    2000
                ], 
                [
                    2000, 
                    4000
                ], 
                [
                    8000, 
                    10000
                ]
            ]
        }, 
        "train": {
            "batch_size": 100, 
            "init_scale": 0.12553644028183322, 
            "num_iters": 10000, 
            "seed": 3, 
            "step_size": 0.0017619180890440656
        }, 
        "varied_params": {
            "conv_width": 11.842254983248228, 
            "fp_depth": 3.32270106830265, 
            "fp_length": 588.9814204595976, 
            "h1_size": 76.09241608750358, 
            "log_L2_reg": -3.8835551031629842, 
            "log_init_scale": -2.0751592017454206, 
            "log_step_size": -6.341352240037906
        }
    }, 
    {
        "host_name": "handy", 
        "minutes_duration": 0.04997824827829997, 
        "timestamp": "2021-09-01 16:02:18.294291", 
        "training_curve": [
            [
                0, 
                1.5723532315858197, 
                1.4506183958665042
            ], 
            [
                526, 
                1.4968918506185525, 
                1.382455697783318
            ], 
            [
                1052, 
                1.496884331147967, 
                1.3823796452635013
            ], 
            [
                1578, 
                1.4968909342944245, 
                1.3823148575249729
            ], 
            [
                2105, 
                1.4968871043854062, 
                1.382334762197545
            ], 
            [
                2631, 
                1.4968969340080693, 
                1.3824820112430487
            ], 
            [
                3157, 
                1.496897232135478, 
                1.382483406598831
            ], 
            [
                3683, 
                1.4968929176107866, 
                1.382307367388831
            ], 
            [
                4210, 
                1.4968922270191358, 
                1.3823098377204408
            ], 
            [
                4736, 
                1.4968869338476143, 
                1.3824211516732638
            ], 
            [
                5262, 
                1.4969006119464447, 
                1.3824984356942054
            ], 
            [
                5788, 
                1.496890285276673, 
                1.3823176110075297
            ], 
            [
                6315, 
                1.4968898173945886, 
                1.3823197122500828
            ], 
            [
                6841, 
                1.496886392605803, 
                1.3823400633930043
            ], 
            [
                7367, 
                1.49689778423267, 
                1.3824859577146071
            ], 
            [
                7893, 
                1.4968847444248086, 
                1.382393673492338
            ], 
            [
                8420, 
                1.4968910026314775, 
                1.3823145775020356
            ], 
            [
                8946, 
                1.4968874137900616, 
                1.3823327005092878
            ], 
            [
                9472, 
                1.4968947222665587, 
                1.3824712175992113
            ], 
            [
                9999, 
                1.496901327050404, 
                1.3825014553846258
            ]
        ]
    }
]