[
    {
        "jobnum": 5, 
        "model": {
            "L2_reg": 0.3448905960977021, 
            "conv_width": 15, 
            "fp_depth": 4, 
            "fp_length": 378, 
            "h1_size": 81, 
            "net_type": "morgan_plus_linear"
        }, 
        "num_records": 20, 
        "task": {
            "name": "delaney", 
            "test_slices": [
                [
                    449, 
                    674
                ]
            ], 
            "train_slices": [
                [
                    0, 
                    224
                ], 
                [
                    224, 
                    449
                ], 
                [
                    899, 
                    1124
                ]
            ]
        }, 
        "train": {
            "batch_size": 100, 
            "init_scale": 0.02356181666386867, 
            "num_iters": 10000, 
            "seed": 3, 
            "step_size": 0.0038811758811447094
        }, 
        "varied_params": {
            "conv_width": 15.227304486552251, 
            "fp_depth": 3.8312442355438723, 
            "fp_length": 378.3839637783763, 
            "h1_size": 80.88177485379386, 
            "log_L2_reg": -1.0645280250019447, 
            "log_init_scale": -3.748127815197366, 
            "log_step_size": -5.551617109110314
        }
    }, 
    {
        "host_name": "hefty", 
        "minutes_duration": 0.26230425039927163, 
        "timestamp": "2021-08-06 05:24:43.548177", 
        "training_curve": [
            [
                0, 
                4.27126928281981, 
                4.338266631880234
            ], 
            [
                526, 
                0.7674128476566846, 
                2.736829925631865
            ], 
            [
                1052, 
                0.7072251928496995, 
                3.2621969646746654
            ], 
            [
                1578, 
                0.6922174881129296, 
                3.5369233206726616
            ], 
            [
                2105, 
                0.6874520151824314, 
                3.6760854777636887
            ], 
            [
                2631, 
                0.6847399840801791, 
                3.752611249887841
            ], 
            [
                3157, 
                0.683818059152642, 
                3.793963666996149
            ], 
            [
                3683, 
                0.683547877815915, 
                3.814616651144486
            ], 
            [
                4210, 
                0.6832323141549959, 
                3.822554438602661
            ], 
            [
                4736, 
                0.6832080097636524, 
                3.825783577401655
            ], 
            [
                5262, 
                0.6834554859373697, 
                3.8276876804066373
            ], 
            [
                5788, 
                0.682821960704991, 
                3.8331398563288044
            ], 
            [
                6315, 
                0.6830639524266007, 
                3.837353036166851
            ], 
            [
                6841, 
                0.6833460806160218, 
                3.8384548282735422
            ], 
            [
                7367, 
                0.6829714266214642, 
                3.835120742978014
            ], 
            [
                7893, 
                0.6830681906304903, 
                3.8326085967798615
            ], 
            [
                8420, 
                0.6827812672559751, 
                3.8351665938550425
            ], 
            [
                8946, 
                0.6828368695597853, 
                3.8382096613521037
            ], 
            [
                9472, 
                0.6830411180006675, 
                3.8385118871517525
            ], 
            [
                9999, 
                0.6829645882599639, 
                3.8354712354457963
            ]
        ]
    }
]