[
    {
        "jobnum": 5, 
        "model": {
            "L2_reg": 0.3448905960977021, 
            "conv_width": 15, 
            "fp_depth": 4, 
            "fp_length": 56, 
            "h1_size": 81, 
            "net_type": "conv_plus_linear"
        }, 
        "num_records": 20, 
        "task": {
            "name": "delaney", 
            "test_slices": [
                [
                    449, 
                    674
                ]
            ], 
            "train_slices": [
                [
                    0, 
                    224
                ], 
                [
                    224, 
                    449
                ], 
                [
                    899, 
                    1124
                ]
            ]
        }, 
        "train": {
            "batch_size": 100, 
            "init_scale": 0.02356181666386867, 
            "num_iters": 10000, 
            "seed": 3, 
            "step_size": 0.0038811758811447094
        }, 
        "varied_params": {
            "conv_width": 15.227304486552251, 
            "fp_depth": 3.8312442355438723, 
            "fp_length": 56.26488486426403, 
            "h1_size": 80.88177485379386, 
            "log_L2_reg": -1.0645280250019447, 
            "log_init_scale": -3.748127815197366, 
            "log_step_size": -5.551617109110314
        }
    }, 
    {
        "host_name": "clumsy", 
        "minutes_duration": 35.927715349197385, 
        "timestamp": "2021-08-06 06:33:07.590294", 
        "training_curve": [
            [
                0, 
                5.77450579334972, 
                5.970735791565293
            ], 
            [
                526, 
                0.3729419030587901, 
                0.7172139875025879
            ], 
            [
                1052, 
                0.23843592873921304, 
                0.6802759369482649
            ], 
            [
                1578, 
                0.21457447505817046, 
                0.9493559901655805
            ], 
            [
                2105, 
                0.20456625308971438, 
                1.022331269345678
            ], 
            [
                2631, 
                0.14958502298373383, 
                0.9302719636448816
            ], 
            [
                3157, 
                0.13462096732446052, 
                1.0225537839672922
            ], 
            [
                3683, 
                0.18250832490174906, 
                1.0529886314468069
            ], 
            [
                4210, 
                0.1352985864194123, 
                0.9606850068525236
            ], 
            [
                4736, 
                0.1184711620577672, 
                0.9920878461395558
            ], 
            [
                5262, 
                0.13810949445784412, 
                0.9520636921376291
            ], 
            [
                5788, 
                0.08461616620840327, 
                0.9850843896973299
            ], 
            [
                6315, 
                0.08499610020047173, 
                0.9372774359651076
            ], 
            [
                6841, 
                0.13588666947738787, 
                1.040903265410631
            ], 
            [
                7367, 
                0.11571416215067741, 
                1.002724200141494
            ], 
            [
                7893, 
                0.0696482829749976, 
                0.9701839758714932
            ], 
            [
                8420, 
                0.11234860849960095, 
                1.0049614910494618
            ], 
            [
                8946, 
                0.10459393748567516, 
                1.0292145819552507
            ], 
            [
                9472, 
                0.11329358801762891, 
                1.0523740027463877
            ], 
            [
                9999, 
                0.08127679000723356, 
                1.0210744005272376
            ]
        ]
    }
]