[
    {
        "jobnum": 6, 
        "model": {
            "L2_reg": 0.5138282175772946, 
            "conv_width": 8, 
            "fp_depth": 3, 
            "fp_length": 146, 
            "h1_size": 85, 
            "net_type": "morgan_plus_linear"
        }, 
        "num_records": 20, 
        "task": {
            "name": "delaney", 
            "test_slices": [
                [
                    449, 
                    674
                ]
            ], 
            "train_slices": [
                [
                    0, 
                    224
                ], 
                [
                    224, 
                    449
                ], 
                [
                    899, 
                    1124
                ]
            ]
        }, 
        "train": {
            "batch_size": 100, 
            "init_scale": 0.03832267951172023, 
            "num_iters": 10000, 
            "seed": 3, 
            "step_size": 0.00042684136961778653
        }, 
        "varied_params": {
            "conv_width": 8.155738416107614, 
            "fp_depth": 3.0119136088544782, 
            "fp_length": 145.95770803609213, 
            "h1_size": 84.88155979636323, 
            "log_L2_reg": -0.6658662764346586, 
            "log_init_scale": -3.2617134036967355, 
            "log_step_size": -7.759098113482921
        }
    }, 
    {
        "host_name": "hefty", 
        "minutes_duration": 0.23545321623484294, 
        "timestamp": "2021-08-06 05:24:59.814643", 
        "training_curve": [
            [
                0, 
                4.4526863792530555, 
                4.5730120967017776
            ], 
            [
                526, 
                2.253083694490524, 
                2.590740715670148
            ], 
            [
                1052, 
                1.765225328821115, 
                2.221813410455429
            ], 
            [
                1578, 
                1.5774159650174306, 
                2.121514858378933
            ], 
            [
                2105, 
                1.4891646568448456, 
                2.09512190078538
            ], 
            [
                2631, 
                1.4436209276948262, 
                2.089290196318583
            ], 
            [
                3157, 
                1.4183838234329276, 
                2.0885202900378186
            ], 
            [
                3683, 
                1.4035868858041123, 
                2.0887855230494634
            ], 
            [
                4210, 
                1.394490534348197, 
                2.0889252534724614
            ], 
            [
                4736, 
                1.3887073294709245, 
                2.0892611018330753
            ], 
            [
                5262, 
                1.3848902887012842, 
                2.0895681354571365
            ], 
            [
                5788, 
                1.3822797995837557, 
                2.0900237814656344
            ], 
            [
                6315, 
                1.3805036911160316, 
                2.090533089995547
            ], 
            [
                6841, 
                1.3792324203328936, 
                2.090897595878221
            ], 
            [
                7367, 
                1.378298550829781, 
                2.091325046958531
            ], 
            [
                7893, 
                1.3776196834244752, 
                2.091836248401963
            ], 
            [
                8420, 
                1.3770849223748567, 
                2.092307177299522
            ], 
            [
                8946, 
                1.3767207395995293, 
                2.0927204868336355
            ], 
            [
                9472, 
                1.3764310675998728, 
                2.093148981629745
            ], 
            [
                9999, 
                1.3762002213629245, 
                2.093343772843561
            ]
        ]
    }
]