[
    {
        "jobnum": 6, 
        "model": {
            "L2_reg": 0.5138282175772946, 
            "conv_width": 8, 
            "fp_depth": 3, 
            "fp_length": 30, 
            "h1_size": 85, 
            "net_type": "conv_plus_net"
        }, 
        "num_records": 20, 
        "task": {
            "name": "malaria", 
            "test_slices": [
                [
                    4000, 
                    6000
                ]
            ], 
            "train_slices": [
                [
                    0, 
                    2000
                ], 
                [
                    2000, 
                    4000
                ], 
                [
                    8000, 
                    10000
                ]
            ]
        }, 
        "train": {
            "batch_size": 100, 
            "init_scale": 0.03832267951172023, 
            "num_iters": 10000, 
            "seed": 3, 
            "step_size": 0.00042684136961778653
        }, 
        "varied_params": {
            "conv_width": 8.155738416107614, 
            "fp_depth": 3.0119136088544782, 
            "fp_length": 30.43974533734357, 
            "h1_size": 84.88155979636323, 
            "log_L2_reg": -0.6658662764346586, 
            "log_init_scale": -3.2617134036967355, 
            "log_step_size": -7.759098113482921
        }
    }, 
    {
        "host_name": "hefty", 
        "minutes_duration": 27.240513650576272, 
        "timestamp": "2021-09-01 02:53:41.923283", 
        "training_curve": [
            [
                0, 
                1.5032539114989178, 
                1.3914271271715857
            ], 
            [
                526, 
                1.2555352952601675, 
                1.2417485890892332
            ], 
            [
                1052, 
                1.204640246268367, 
                1.2180154500960378
            ], 
            [
                1578, 
                1.174489614972914, 
                1.201917253209584
            ], 
            [
                2105, 
                1.1588588907801618, 
                1.2023247588125965
            ], 
            [
                2631, 
                1.1367807013352837, 
                1.1822276766884852
            ], 
            [
                3157, 
                1.1211650104332582, 
                1.1710528837798397
            ], 
            [
                3683, 
                1.1090239270691438, 
                1.1663427810656648
            ], 
            [
                4210, 
                1.0946074016372755, 
                1.1712025061584033
            ], 
            [
                4736, 
                1.087213050798821, 
                1.1643113893127035
            ], 
            [
                5262, 
                1.0736677943449366, 
                1.1470148313546524
            ], 
            [
                5788, 
                1.0674135790889334, 
                1.148419423908801
            ], 
            [
                6315, 
                1.0555227680244235, 
                1.1549812926676095
            ], 
            [
                6841, 
                1.054798067845314, 
                1.162459391468196
            ], 
            [
                7367, 
                1.0414248806884543, 
                1.1387011281405799
            ], 
            [
                7893, 
                1.0363852444701251, 
                1.1498499884906275
            ], 
            [
                8420, 
                1.030036608935869, 
                1.1537986360150867
            ], 
            [
                8946, 
                1.0232049067643267, 
                1.1711107648385937
            ], 
            [
                9472, 
                1.0112803684175107, 
                1.1496551835307596
            ], 
            [
                9999, 
                1.003521166912358, 
                1.1378967282343564
            ]
        ]
    }
]