[
    {
        "jobnum": 6, 
        "model": {
            "L2_reg": 0.5138282175772946, 
            "conv_width": 8, 
            "fp_depth": 3, 
            "fp_length": 146, 
            "h1_size": 85, 
            "net_type": "mean"
        }, 
        "num_records": 20, 
        "task": {
            "name": "delaney", 
            "test_slices": [
                [
                    449, 
                    674
                ]
            ], 
            "train_slices": [
                [
                    0, 
                    224
                ], 
                [
                    224, 
                    449
                ], 
                [
                    899, 
                    1124
                ]
            ]
        }, 
        "train": {
            "batch_size": 100, 
            "init_scale": 0.03832267951172023, 
            "num_iters": 10000, 
            "seed": 3, 
            "step_size": 0.00042684136961778653
        }, 
        "varied_params": {
            "conv_width": 8.155738416107614, 
            "fp_depth": 3.0119136088544782, 
            "fp_length": 145.95770803609213, 
            "h1_size": 84.88155979636323, 
            "log_L2_reg": -0.6658662764346586, 
            "log_init_scale": -3.2617134036967355, 
            "log_step_size": -7.759098113482921
        }
    }, 
    {
        "host_name": "hefty", 
        "minutes_duration": 0.05309710105260213, 
        "timestamp": "2021-08-06 10:26:45.798931", 
        "training_curve": [
            [
                0, 
                4.277862014779664, 
                4.330667333772655
            ], 
            [
                526, 
                4.258449581836466, 
                4.30809987646025
            ], 
            [
                1052, 
                4.257950571578955, 
                4.307205756433771
            ], 
            [
                1578, 
                4.257922857835423, 
                4.30713611561305
            ], 
            [
                2105, 
                4.257920905628241, 
                4.307130902979061
            ], 
            [
                2631, 
                4.257920449602132, 
                4.30712967820782
            ], 
            [
                3157, 
                4.257921638310034, 
                4.307132865073824
            ], 
            [
                3683, 
                4.257919818642507, 
                4.3071279790531305
            ], 
            [
                4210, 
                4.257919989003445, 
                4.30712843835489
            ], 
            [
                4736, 
                4.257920453155479, 
                4.307129687761844
            ], 
            [
                5262, 
                4.2579206111321755, 
                4.30713011235087
            ], 
            [
                5788, 
                4.257920414743528, 
                4.307129584473254
            ], 
            [
                6315, 
                4.257919815775069, 
                4.307127971319034
            ], 
            [
                6841, 
                4.257919938353436, 
                4.307128301840624
            ], 
            [
                7367, 
                4.257919987509485, 
                4.307128434328792
            ], 
            [
                7893, 
                4.257920452419261, 
                4.307129685782362
            ], 
            [
                8420, 
                4.257920414495877, 
                4.307129583807264
            ], 
            [
                8946, 
                4.257921633233337, 
                4.3071328515025895
            ], 
            [
                9472, 
                4.25791981558926, 
                4.307127970817862
            ], 
            [
                9999, 
                4.2579199874502445, 
                4.3071284341691465
            ]
        ]
    }
]