[
    {
        "jobnum": 7, 
        "model": {
            "L2_reg": 0.08281153693764436, 
            "conv_width": 7, 
            "fp_depth": 4, 
            "fp_length": 227, 
            "h1_size": 68, 
            "net_type": "morgan_plus_net"
        }, 
        "num_records": 20, 
        "task": {
            "name": "cep", 
            "test_slices": [
                [
                    8000, 
                    12000
                ]
            ], 
            "train_slices": [
                [
                    0, 
                    4000
                ], 
                [
                    4000, 
                    8000
                ], 
                [
                    16000, 
                    20000
                ]
            ]
        }, 
        "train": {
            "batch_size": 100, 
            "init_scale": 0.07098845139778812, 
            "num_iters": 10000, 
            "seed": 3, 
            "step_size": 0.0032822933188357143
        }, 
        "varied_params": {
            "conv_width": 6.530672161220421, 
            "fp_depth": 3.9651215141776786, 
            "fp_length": 226.54777014359337, 
            "h1_size": 68.18553854713113, 
            "log_L2_reg": -2.4911878923014372, 
            "log_init_scale": -2.645238071539985, 
            "log_step_size": -5.719212918328481
        }
    }, 
    {
        "host_name": "schlumpfine", 
        "minutes_duration": 2.165844802061717, 
        "timestamp": "2021-09-09 21:57:50.567795", 
        "training_curve": [
            [
                0, 
                6.391207253648943, 
                6.398263149711362
            ], 
            [
                526, 
                1.8028215926939164, 
                2.8849523074332275
            ], 
            [
                1052, 
                1.159329052957667, 
                3.1446655139237856
            ], 
            [
                1578, 
                0.9493806625457294, 
                3.5863392609190687
            ], 
            [
                2105, 
                0.949406720090643, 
                4.070344557162933
            ], 
            [
                2631, 
                0.9140520401023581, 
                4.198419771194375
            ], 
            [
                3157, 
                0.9851920045145146, 
                4.63410731904795
            ], 
            [
                3683, 
                0.9461465268463107, 
                4.661705079836186
            ], 
            [
                4210, 
                0.9902557594587327, 
                4.942645164934823
            ], 
            [
                4736, 
                1.19951421975964, 
                5.105398674920063
            ], 
            [
                5262, 
                1.185308561925943, 
                5.245356289476387
            ], 
            [
                5788, 
                1.406350917846843, 
                5.338831890377109
            ], 
            [
                6315, 
                1.227843180231007, 
                4.994357015832331
            ], 
            [
                6841, 
                0.8917888166406968, 
                4.67648709585206
            ], 
            [
                7367, 
                0.7877721604553363, 
                4.823835225051048
            ], 
            [
                7893, 
                0.7955530710470412, 
                4.928192178891289
            ], 
            [
                8420, 
                0.7565277689928468, 
                5.091615238004537
            ], 
            [
                8946, 
                0.8770010146944213, 
                5.361961435838181
            ], 
            [
                9472, 
                0.8283495006649529, 
                5.3625380740449815
            ], 
            [
                9999, 
                0.8340636667367571, 
                5.4791899241294235
            ]
        ]
    }
]