[
    {
        "jobnum": 7, 
        "model": {
            "L2_reg": 0.08281153693764436, 
            "conv_width": 7, 
            "fp_depth": 4, 
            "fp_length": 227, 
            "h1_size": 68, 
            "net_type": "mean"
        }, 
        "num_records": 20, 
        "task": {
            "name": "delaney", 
            "test_slices": [
                [
                    449, 
                    674
                ]
            ], 
            "train_slices": [
                [
                    0, 
                    224
                ], 
                [
                    224, 
                    449
                ], 
                [
                    899, 
                    1124
                ]
            ]
        }, 
        "train": {
            "batch_size": 100, 
            "init_scale": 0.07098845139778812, 
            "num_iters": 10000, 
            "seed": 3, 
            "step_size": 0.0032822933188357143
        }, 
        "varied_params": {
            "conv_width": 6.530672161220421, 
            "fp_depth": 3.9651215141776786, 
            "fp_length": 226.54777014359337, 
            "h1_size": 68.18553854713113, 
            "log_L2_reg": -2.4911878923014372, 
            "log_init_scale": -2.645238071539985, 
            "log_step_size": -5.719212918328481
        }
    }, 
    {
        "host_name": "hefty", 
        "minutes_duration": 0.05300083557764689, 
        "timestamp": "2021-08-06 10:26:51.044996", 
        "training_curve": [
            [
                0, 
                4.326501463546783, 
                4.382555269436303
            ], 
            [
                526, 
                4.2579161440948115, 
                4.307117974404262
            ], 
            [
                1052, 
                4.257916911667065, 
                4.307120080114608
            ], 
            [
                1578, 
                4.25791724507502, 
                4.307120992102489
            ], 
            [
                2105, 
                4.257922000555414, 
                4.307133832587041
            ], 
            [
                2631, 
                4.257920487687029, 
                4.3071297805994435
            ], 
            [
                3157, 
                4.2579301468116535, 
                4.307155171320627
            ], 
            [
                3683, 
                4.257915936866892, 
                4.3071174044264176
            ], 
            [
                4210, 
                4.257917214658539, 
                4.307120908968994
            ], 
            [
                4736, 
                4.257920761385449, 
                4.307130515875809
            ], 
            [
                5262, 
                4.257921994886399, 
                4.307133817458761
            ], 
            [
                5788, 
                4.2579204829454955, 
                4.307129767852832
            ], 
            [
                6315, 
                4.25791593327439, 
                4.3071173945396835
            ], 
            [
                6841, 
                4.257916841095338, 
                4.307119886870523
            ], 
            [
                7367, 
                4.257917212862277, 
                4.307120904059084
            ], 
            [
                7893, 
                4.257920760836649, 
                4.307130514402478
            ], 
            [
                8420, 
                4.257920482764083, 
                4.3071297673651365
            ], 
            [
                8946, 
                4.257930150984602, 
                4.307155182058193
            ], 
            [
                9472, 
                4.257915933015051, 
                4.307117393825964
            ], 
            [
                9999, 
                4.257917212789479, 
                4.307120903860097
            ]
        ]
    }
]