[
    {
        "jobnum": 8, 
        "model": {
            "L2_reg": 0.1033624209054227, 
            "conv_width": 7, 
            "fp_depth": 2, 
            "fp_length": 127, 
            "h1_size": 83, 
            "net_type": "morgan_plus_net"
        }, 
        "num_records": 20, 
        "task": {
            "name": "cep", 
            "test_slices": [
                [
                    8000, 
                    12000
                ]
            ], 
            "train_slices": [
                [
                    0, 
                    4000
                ], 
                [
                    4000, 
                    8000
                ], 
                [
                    16000, 
                    20000
                ]
            ]
        }, 
        "train": {
            "batch_size": 100, 
            "init_scale": 0.009800534461929696, 
            "num_iters": 10000, 
            "seed": 3, 
            "step_size": 0.0009239675649184034
        }, 
        "varied_params": {
            "conv_width": 7.384543754682795, 
            "fp_depth": 1.7332767760048082, 
            "fp_length": 127.25814229361957, 
            "h1_size": 82.65541627326992, 
            "log_L2_reg": -2.2695138171495497, 
            "log_init_scale": -4.625318357861094, 
            "log_step_size": -6.986833589840872
        }
    }, 
    {
        "host_name": "handy", 
        "minutes_duration": 1.2381222009658814, 
        "timestamp": "2021-09-09 21:57:25.732060", 
        "training_curve": [
            [
                0, 
                6.367411880696593, 
                6.381014114162623
            ], 
            [
                526, 
                2.5787711525794657, 
                2.7412878538713548
            ], 
            [
                1052, 
                2.2437781844608806, 
                2.55938259681083
            ], 
            [
                1578, 
                1.9807088355496505, 
                2.479695282514044
            ], 
            [
                2105, 
                1.782287849031956, 
                2.4593286492104625
            ], 
            [
                2631, 
                1.6277469951347754, 
                2.437003692287608
            ], 
            [
                3157, 
                1.4976659883050867, 
                2.4458959569499568
            ], 
            [
                3683, 
                1.4061662732625408, 
                2.5114353710847412
            ], 
            [
                4210, 
                1.3034825878567586, 
                2.56972895468022
            ], 
            [
                4736, 
                1.2405501427393946, 
                2.635089322531415
            ], 
            [
                5262, 
                1.1513397267132073, 
                2.630974410701576
            ], 
            [
                5788, 
                1.0887996430212148, 
                2.670618335264446
            ], 
            [
                6315, 
                1.081702892633111, 
                2.7977973091319517
            ], 
            [
                6841, 
                1.0092186473955844, 
                2.8203863328364434
            ], 
            [
                7367, 
                0.9917975423199453, 
                2.884555737328113
            ], 
            [
                7893, 
                0.9524184337992568, 
                2.9255980838662983
            ], 
            [
                8420, 
                0.8865578480530684, 
                2.9272274963198233
            ], 
            [
                8946, 
                0.9046979384697142, 
                3.0521674628750226
            ], 
            [
                9472, 
                0.851452312500727, 
                3.0444380088978473
            ], 
            [
                9999, 
                0.8243680305633807, 
                3.0473742983951615
            ]
        ]
    }
]