[
    {
        "jobnum": 9, 
        "model": {
            "L2_reg": 0.04734951819904932, 
            "conv_width": 6, 
            "fp_depth": 3, 
            "fp_length": 861, 
            "h1_size": 57, 
            "net_type": "morgan_plus_linear"
        }, 
        "num_records": 20, 
        "task": {
            "name": "cep", 
            "test_slices": [
                [
                    8000, 
                    12000
                ]
            ], 
            "train_slices": [
                [
                    0, 
                    4000
                ], 
                [
                    4000, 
                    8000
                ], 
                [
                    16000, 
                    20000
                ]
            ]
        }, 
        "train": {
            "batch_size": 100, 
            "init_scale": 0.09214483636189319, 
            "num_iters": 10000, 
            "seed": 3, 
            "step_size": 0.0007364490129727654
        }, 
        "varied_params": {
            "conv_width": 6.456519136895919, 
            "fp_depth": 3.4629796895438054, 
            "fp_length": 860.6484667587944, 
            "h1_size": 56.90914756743069, 
            "log_L2_reg": -3.050198634712287, 
            "log_init_scale": -2.3843936315758523, 
            "log_step_size": -7.213670553279786
        }
    }, 
    {
        "host_name": "schlaubi", 
        "minutes_duration": 2.3315077304840086, 
        "timestamp": "2021-09-09 12:24:13.304649", 
        "training_curve": [
            [
                0, 
                11.712670020806577, 
                11.912648069198998
            ], 
            [
                526, 
                3.283414993478366, 
                3.449728154596486
            ], 
            [
                1052, 
                2.8378457975764424, 
                3.0793446410298833
            ], 
            [
                1578, 
                2.6693951075869427, 
                2.9592020150500855
            ], 
            [
                2105, 
                2.5929377301970242, 
                2.915665168427913
            ], 
            [
                2631, 
                2.5578042720823473, 
                2.89865446671319
            ], 
            [
                3157, 
                2.5287651524026225, 
                2.8799689340347845
            ], 
            [
                3683, 
                2.517484780452089, 
                2.886052541460046
            ], 
            [
                4210, 
                2.506712901157558, 
                2.885146638197578
            ], 
            [
                4736, 
                2.5005321038028923, 
                2.8816759883123995
            ], 
            [
                5262, 
                2.4973390584202777, 
                2.87873711699566
            ], 
            [
                5788, 
                2.4924094084035087, 
                2.8784153465593283
            ], 
            [
                6315, 
                2.496668181669849, 
                2.8921102390197992
            ], 
            [
                6841, 
                2.490337504560121, 
                2.8869330287230057
            ], 
            [
                7367, 
                2.4906997633714663, 
                2.8828543453228055
            ], 
            [
                7893, 
                2.489275672168849, 
                2.8830487173350607
            ], 
            [
                8420, 
                2.4834227661160733, 
                2.881941775672828
            ], 
            [
                8946, 
                2.4841369909131457, 
                2.885070073963195
            ], 
            [
                9472, 
                2.4866903229037893, 
                2.8854412514020997
            ], 
            [
                9999, 
                2.481029232976645, 
                2.8748628157238736
            ]
        ]
    }
]