[
    {
        "jobnum": 9, 
        "model": {
            "L2_reg": 0.04734951819904932, 
            "conv_width": 6, 
            "fp_depth": 3, 
            "fp_length": 110, 
            "h1_size": 57, 
            "net_type": "conv_plus_net"
        }, 
        "num_records": 20, 
        "task": {
            "name": "cep", 
            "test_slices": [
                [
                    8000, 
                    12000
                ]
            ], 
            "train_slices": [
                [
                    0, 
                    4000
                ], 
                [
                    4000, 
                    8000
                ], 
                [
                    16000, 
                    20000
                ]
            ]
        }, 
        "train": {
            "batch_size": 100, 
            "init_scale": 0.09214483636189319, 
            "num_iters": 10000, 
            "seed": 3, 
            "step_size": 0.0007364490129727654
        }, 
        "varied_params": {
            "conv_width": 6.456519136895919, 
            "fp_depth": 3.4629796895438054, 
            "fp_length": 109.84982963986604, 
            "h1_size": 56.90914756743069, 
            "log_L2_reg": -3.050198634712287, 
            "log_init_scale": -2.3843936315758523, 
            "log_step_size": -7.213670553279786
        }
    }, 
    {
        "host_name": "hefty", 
        "minutes_duration": 45.38479350010554, 
        "timestamp": "2021-09-05 23:05:14.576800", 
        "training_curve": [
            [
                0, 
                6.516088648971754, 
                6.527253067969406
            ], 
            [
                526, 
                3.0693164869509673, 
                3.07989378080164
            ], 
            [
                1052, 
                2.858620367621981, 
                2.8608412459724755
            ], 
            [
                1578, 
                2.7451076068181646, 
                2.7365319831344954
            ], 
            [
                2105, 
                2.7034085786159965, 
                2.6949463545067958
            ], 
            [
                2631, 
                2.662771195596203, 
                2.6430232400540006
            ], 
            [
                3157, 
                2.617943439028083, 
                2.601463599439866
            ], 
            [
                3683, 
                2.533818105948104, 
                2.5041457623693555
            ], 
            [
                4210, 
                2.462694269009351, 
                2.435251152919065
            ], 
            [
                4736, 
                2.4058077462574925, 
                2.386509009539835
            ], 
            [
                5262, 
                2.3492273718805605, 
                2.321511956059014
            ], 
            [
                5788, 
                2.2642569729421944, 
                2.2282485682021447
            ], 
            [
                6315, 
                2.2269916681720887, 
                2.199767357551141
            ], 
            [
                6841, 
                2.181453713993379, 
                2.1641622365278574
            ], 
            [
                7367, 
                2.1783822127848795, 
                2.179489573736989
            ], 
            [
                7893, 
                2.163737410925919, 
                2.150602499954338
            ], 
            [
                8420, 
                2.1129020001255547, 
                2.102296302906219
            ], 
            [
                8946, 
                2.1134091969872224, 
                2.1163446473853447
            ], 
            [
                9472, 
                2.080352355776791, 
                2.0780441659498456
            ], 
            [
                9999, 
                2.072823912486091, 
                2.0811375438548914
            ]
        ]
    }
]