[
    {
        "jobnum": 9, 
        "model": {
            "L2_reg": 0.04734951819904932, 
            "conv_width": 6, 
            "fp_depth": 3, 
            "fp_length": 110, 
            "h1_size": 57, 
            "net_type": "conv_plus_linear"
        }, 
        "num_records": 20, 
        "task": {
            "name": "delaney", 
            "test_slices": [
                [
                    449, 
                    674
                ]
            ], 
            "train_slices": [
                [
                    0, 
                    224
                ], 
                [
                    224, 
                    449
                ], 
                [
                    899, 
                    1124
                ]
            ]
        }, 
        "train": {
            "batch_size": 100, 
            "init_scale": 0.09214483636189319, 
            "num_iters": 10000, 
            "seed": 3, 
            "step_size": 0.0007364490129727654
        }, 
        "varied_params": {
            "conv_width": 6.456519136895919, 
            "fp_depth": 3.4629796895438054, 
            "fp_length": 109.84982963986604, 
            "h1_size": 56.90914756743069, 
            "log_L2_reg": -3.050198634712287, 
            "log_init_scale": -2.3843936315758523, 
            "log_step_size": -7.213670553279786
        }
    }, 
    {
        "host_name": "hefty", 
        "minutes_duration": 35.480662016073865, 
        "timestamp": "2021-08-06 07:02:20.739077", 
        "training_curve": [
            [
                0, 
                4.225625090286565, 
                4.268076835097293
            ], 
            [
                526, 
                0.9709513330798343, 
                0.8984628000215946
            ], 
            [
                1052, 
                0.5712169478836276, 
                0.6502922926255895
            ], 
            [
                1578, 
                0.47039273756841016, 
                0.6349339484748877
            ], 
            [
                2105, 
                0.4193176294562584, 
                0.661975390879541
            ], 
            [
                2631, 
                0.3851394728635055, 
                0.7054982693802168
            ], 
            [
                3157, 
                0.3572037830284317, 
                0.7394565958243139
            ], 
            [
                3683, 
                0.33406386676822253, 
                0.7839109507287566
            ], 
            [
                4210, 
                0.31474551560014175, 
                0.8315456976900399
            ], 
            [
                4736, 
                0.2990581864741525, 
                0.8440906811515478
            ], 
            [
                5262, 
                0.28587091417606925, 
                0.8440322307993832
            ], 
            [
                5788, 
                0.2741500130046208, 
                0.8344072414011205
            ], 
            [
                6315, 
                0.26396859689679686, 
                0.8348213627169385
            ], 
            [
                6841, 
                0.2523859769404692, 
                0.8387208755011807
            ], 
            [
                7367, 
                0.24173864080263635, 
                0.8576126024782594
            ], 
            [
                7893, 
                0.2318610576674509, 
                0.8611901013609577
            ], 
            [
                8420, 
                0.22333711167370054, 
                0.8604731094413102
            ], 
            [
                8946, 
                0.21566106764982082, 
                0.8754469068718929
            ], 
            [
                9472, 
                0.21009955002067868, 
                0.8885171342386347
            ], 
            [
                9999, 
                0.20498038157965434, 
                0.8963983549345533
            ]
        ]
    }
]