[
    {
        "jobnum": 0, 
        "model": {
            "L2_reg": 0.30792686009670756, 
            "conv_width": 11, 
            "fp_depth": 3, 
            "fp_length": 667, 
            "h1_size": 77, 
            "net_type": "morgan_plus_linear"
        }, 
        "num_records": 20, 
        "task": {
            "name": "cep", 
            "test_slices": [
                [
                    12000, 
                    16000
                ]
            ], 
            "train_slices": [
                [
                    0, 
                    4000
                ], 
                [
                    4000, 
                    8000
                ], 
                [
                    8000, 
                    12000
                ]
            ]
        }, 
        "train": {
            "batch_size": 100, 
            "init_scale": 0.02350954323756658, 
            "num_iters": 10000, 
            "seed": 4, 
            "step_size": 0.005862128392003446
        }, 
        "varied_params": {
            "conv_width": 11.354821990083572, 
            "fp_depth": 2.6346495489906907, 
            "fp_length": 667.0612659711894, 
            "h1_size": 77.44067519636624, 
            "log_L2_reg": -1.177892991426849, 
            "log_init_scale": -3.75034884505077, 
            "log_step_size": -5.139242534510322
        }
    }, 
    {
        "host_name": "hefty", 
        "minutes_duration": 1.6857648809750876, 
        "timestamp": "2021-09-10 06:43:43.425186", 
        "training_curve": [
            [
                0, 
                6.568886201045019, 
                6.622053066573777
            ], 
            [
                526, 
                2.6752015221624164, 
                2.923860552999989
            ], 
            [
                1052, 
                2.6889302870022913, 
                3.0186481573006256
            ], 
            [
                1578, 
                2.6392788670185574, 
                2.9114662052212323
            ], 
            [
                2105, 
                2.6960442873185038, 
                3.027880214829844
            ], 
            [
                2631, 
                2.820813619930073, 
                3.0715614008132874
            ], 
            [
                3157, 
                2.689911943791787, 
                2.949298736944253
            ], 
            [
                3683, 
                2.6502268511712868, 
                2.945807839631502
            ], 
            [
                4210, 
                2.716706635292472, 
                2.96351714630195
            ], 
            [
                4736, 
                2.6774808561537173, 
                2.989823768292312
            ], 
            [
                5262, 
                2.65852656406736, 
                2.9442771617411183
            ], 
            [
                5788, 
                2.663929649686428, 
                2.9609623198559762
            ], 
            [
                6315, 
                2.6336442011919394, 
                2.932880227213108
            ], 
            [
                6841, 
                2.823798685880042, 
                3.0597631518258037
            ], 
            [
                7367, 
                2.658589196753425, 
                2.920963841873208
            ], 
            [
                7893, 
                2.667127008857964, 
                2.989566088208353
            ], 
            [
                8420, 
                2.6502232151548086, 
                2.924449079258082
            ], 
            [
                8946, 
                2.679406914684055, 
                3.0164144638154777
            ], 
            [
                9472, 
                2.701515265756472, 
                2.9596792412597877
            ], 
            [
                9999, 
                2.6646842744489003, 
                2.919177876215845
            ]
        ]
    }
]