[
    {
        "jobnum": 0, 
        "model": {
            "L2_reg": 0.30792686009670756, 
            "conv_width": 11, 
            "fp_depth": 3, 
            "fp_length": 88, 
            "h1_size": 77, 
            "net_type": "conv_plus_net"
        }, 
        "num_records": 20, 
        "task": {
            "name": "cep", 
            "test_slices": [
                [
                    12000, 
                    16000
                ]
            ], 
            "train_slices": [
                [
                    0, 
                    4000
                ], 
                [
                    4000, 
                    8000
                ], 
                [
                    8000, 
                    12000
                ]
            ]
        }, 
        "train": {
            "batch_size": 100, 
            "init_scale": 0.02350954323756658, 
            "num_iters": 10000, 
            "seed": 4, 
            "step_size": 0.005862128392003446
        }, 
        "varied_params": {
            "conv_width": 11.354821990083572, 
            "fp_depth": 2.6346495489906907, 
            "fp_length": 88.34014066346549, 
            "h1_size": 77.44067519636624, 
            "log_L2_reg": -1.177892991426849, 
            "log_init_scale": -3.75034884505077, 
            "log_step_size": -5.139242534510322
        }
    }, 
    {
        "host_name": "hefty", 
        "minutes_duration": 59.56785515149434, 
        "timestamp": "2021-09-09 23:41:47.228233", 
        "training_curve": [
            [
                0, 
                6.391590966649986, 
                6.546950344130837
            ], 
            [
                526, 
                2.5864889760282046, 
                2.601374568210244
            ], 
            [
                1052, 
                2.1927691017546476, 
                2.301813806291403
            ], 
            [
                1578, 
                1.9497169777591423, 
                2.0995729411938155
            ], 
            [
                2105, 
                1.838388165909699, 
                1.934310120502167
            ], 
            [
                2631, 
                1.6915900650658933, 
                1.893988372834605
            ], 
            [
                3157, 
                1.5536216536521563, 
                1.689836412472814
            ], 
            [
                3683, 
                1.409318268523156, 
                1.6777527015638984
            ], 
            [
                4210, 
                1.5125943903252081, 
                1.749556662403124
            ], 
            [
                4736, 
                1.322859721494791, 
                1.6666358593105048
            ], 
            [
                5262, 
                1.2894112064552354, 
                1.651554915349122
            ], 
            [
                5788, 
                1.2148486050039065, 
                1.4996721102346955
            ], 
            [
                6315, 
                1.2671752467015245, 
                1.6629042437620138
            ], 
            [
                6841, 
                1.3281869361060634, 
                1.6717843323120547
            ], 
            [
                7367, 
                1.204936392947624, 
                1.5328544643058717
            ], 
            [
                7893, 
                1.1738746441022483, 
                1.607736177306404
            ], 
            [
                8420, 
                1.1079593282113263, 
                1.4901828680341005
            ], 
            [
                8946, 
                1.2452055946790064, 
                1.7335066036843922
            ], 
            [
                9472, 
                1.1670375809356899, 
                1.5580961389740764
            ], 
            [
                9999, 
                1.059497213973268, 
                1.478611732527005
            ]
        ]
    }
]