[
    {
        "jobnum": 0, 
        "model": {
            "L2_reg": 0.30792686009670756, 
            "conv_width": 11, 
            "fp_depth": 3, 
            "fp_length": 88, 
            "h1_size": 77, 
            "net_type": "conv_plus_linear"
        }, 
        "num_records": 20, 
        "task": {
            "name": "malaria", 
            "test_slices": [
                [
                    6000, 
                    8000
                ]
            ], 
            "train_slices": [
                [
                    0, 
                    2000
                ], 
                [
                    2000, 
                    4000
                ], 
                [
                    4000, 
                    6000
                ]
            ]
        }, 
        "train": {
            "batch_size": 100, 
            "init_scale": 0.02350954323756658, 
            "num_iters": 10000, 
            "seed": 4, 
            "step_size": 0.005862128392003446
        }, 
        "varied_params": {
            "conv_width": 11.354821990083572, 
            "fp_depth": 2.6346495489906907, 
            "fp_length": 88.34014066346549, 
            "h1_size": 77.44067519636624, 
            "log_L2_reg": -1.177892991426849, 
            "log_init_scale": -3.75034884505077, 
            "log_step_size": -5.139242534510322
        }
    }, 
    {
        "host_name": "schlaubi", 
        "minutes_duration": 66.01693450212478, 
        "timestamp": "2021-09-03 12:44:01.316329", 
        "training_curve": [
            [
                0, 
                1.5837130223026858, 
                1.6273782520741347
            ], 
            [
                526, 
                1.2434235276682666, 
                1.2950283428713694
            ], 
            [
                1052, 
                1.0983933329176472, 
                1.1688585620423977
            ], 
            [
                1578, 
                1.2231627539770586, 
                1.349153414639372
            ], 
            [
                2105, 
                1.0988386710089253, 
                1.2159294277010653
            ], 
            [
                2631, 
                1.0125063176250384, 
                1.1976745260377162
            ], 
            [
                3157, 
                1.0088530762605443, 
                1.2001673603131249
            ], 
            [
                3683, 
                1.0344511538237333, 
                1.223515945164636
            ], 
            [
                4210, 
                0.9516477202652235, 
                1.2009588157429472
            ], 
            [
                4736, 
                0.9334276136726639, 
                1.2206254434826347
            ], 
            [
                5262, 
                0.9145952307080685, 
                1.1982746085673632
            ], 
            [
                5788, 
                0.8837172906895782, 
                1.1988879878359857
            ], 
            [
                6315, 
                0.9257118974420273, 
                1.2316544786617956
            ], 
            [
                6841, 
                0.8676720796049412, 
                1.223883040955287
            ], 
            [
                7367, 
                0.8676241646450359, 
                1.3091960449224245
            ], 
            [
                7893, 
                0.94719526554864, 
                1.3581764463553228
            ], 
            [
                8420, 
                0.904739462289952, 
                1.313350774614238
            ], 
            [
                8946, 
                0.8842958436248556, 
                1.3273835770622757
            ], 
            [
                9472, 
                0.894340776291007, 
                1.4051446527576739
            ], 
            [
                9999, 
                0.8475795498920576, 
                1.399676910598597
            ]
        ]
    }
]