[
    {
        "jobnum": 10, 
        "model": {
            "L2_reg": 6.1354823978170945, 
            "conv_width": 16, 
            "fp_depth": 3, 
            "fp_length": 56, 
            "h1_size": 99, 
            "net_type": "mean"
        }, 
        "num_records": 20, 
        "task": {
            "name": "malaria", 
            "test_slices": [
                [
                    6000, 
                    8000
                ]
            ], 
            "train_slices": [
                [
                    0, 
                    2000
                ], 
                [
                    2000, 
                    4000
                ], 
                [
                    4000, 
                    6000
                ]
            ]
        }, 
        "train": {
            "batch_size": 100, 
            "init_scale": 0.04366415128338205, 
            "num_iters": 10000, 
            "seed": 4, 
            "step_size": 0.0021866268069066185
        }, 
        "varied_params": {
            "conv_width": 16.088953690974527, 
            "fp_depth": 2.8145365592351377, 
            "fp_length": 55.50129459235524, 
            "h1_size": 98.82297325066979, 
            "log_L2_reg": 1.814088705522697, 
            "log_init_scale": -3.1312278503056383, 
            "log_step_size": -6.125395193409194
        }
    }, 
    {
        "host_name": "hefty", 
        "minutes_duration": 0.040615697701772056, 
        "timestamp": "2021-09-03 19:51:16.517591", 
        "training_curve": [
            [
                0, 
                1.4844696112253533, 
                1.511458685844957
            ], 
            [
                526, 
                1.4844834857366183, 
                1.5108505672497043
            ], 
            [
                1052, 
                1.4844640610977649, 
                1.5113343039391973
            ], 
            [
                1578, 
                1.4844788514223608, 
                1.511584832800982
            ], 
            [
                2105, 
                1.4844625186658158, 
                1.5112541855901367
            ], 
            [
                2631, 
                1.4844757283293846, 
                1.5109231113246209
            ], 
            [
                3157, 
                1.484471479341665, 
                1.5109732455220393
            ], 
            [
                3683, 
                1.4844861327440781, 
                1.5116617122219123
            ], 
            [
                4210, 
                1.4844715537716255, 
                1.5114896293651823
            ], 
            [
                4736, 
                1.4844837651298561, 
                1.5108482590070273
            ], 
            [
                5262, 
                1.4844737059346955, 
                1.5109456875698117
            ], 
            [
                5788, 
                1.4844829961228712, 
                1.5116301290800807
            ], 
            [
                6315, 
                1.484472894576543, 
                1.511509221572694
            ], 
            [
                6841, 
                1.4844640334807548, 
                1.511113493368799
            ], 
            [
                7367, 
                1.4844827847397428, 
                1.5108564350283322
            ], 
            [
                7893, 
                1.4844628647495786, 
                1.5112819653404304
            ], 
            [
                8420, 
                1.4844795309548218, 
                1.511592587548332
            ], 
            [
                8946, 
                1.4844628833535232, 
                1.5112831092487127
            ], 
            [
                9472, 
                1.4844758380251908, 
                1.5109219419931514
            ], 
            [
                9999, 
                1.4844752622967774, 
                1.5109281386179807
            ]
        ]
    }
]