[
    {
        "jobnum": 12, 
        "model": {
            "L2_reg": 0.16299828947213768, 
            "conv_width": 14, 
            "fp_depth": 1, 
            "fp_length": 953, 
            "h1_size": 78, 
            "net_type": "mean"
        }, 
        "num_records": 20, 
        "task": {
            "name": "delaney", 
            "test_slices": [
                [
                    674, 
                    899
                ]
            ], 
            "train_slices": [
                [
                    0, 
                    224
                ], 
                [
                    224, 
                    449
                ], 
                [
                    449, 
                    674
                ]
            ]
        }, 
        "train": {
            "batch_size": 100, 
            "init_scale": 0.0378442657541654, 
            "num_iters": 10000, 
            "seed": 4, 
            "step_size": 0.0009697793018287504
        }, 
        "varied_params": {
            "conv_width": 13.639197433342689, 
            "fp_depth": 1.281821532275325, 
            "fp_length": 952.7305671568238, 
            "h1_size": 78.33007271032875, 
            "log_L2_reg": -1.8140155722664026, 
            "log_init_scale": -3.2742758098052946, 
            "log_step_size": -6.938442036242218
        }
    }, 
    {
        "host_name": "hefty", 
        "minutes_duration": 0.053702569007873534, 
        "timestamp": "2021-08-06 20:18:14.444791", 
        "training_curve": [
            [
                0, 
                4.308541271537903, 
                4.898145133613856
            ], 
            [
                526, 
                4.308529022307503, 
                4.8975335944078955
            ], 
            [
                1052, 
                4.30852910282035, 
                4.8975314908830105
            ], 
            [
                1578, 
                4.308529046543475, 
                4.897532958605313
            ], 
            [
                2105, 
                4.308528649214978, 
                4.897543684003525
            ], 
            [
                2631, 
                4.308528186393747, 
                4.897557103052831
            ], 
            [
                3157, 
                4.308527943046984, 
                4.897564640293035
            ], 
            [
                3683, 
                4.308529088303869, 
                4.897531868333539
            ], 
            [
                4210, 
                4.308529050969217, 
                4.897532842744644
            ], 
            [
                4736, 
                4.308528654054719, 
                4.897543549272259
            ], 
            [
                5262, 
                4.3085286513544965, 
                4.897543624429248
            ], 
            [
                5788, 
                4.308528187461468, 
                4.897557070775745
            ], 
            [
                6315, 
                4.308529088735742, 
                4.897531857092773
            ], 
            [
                6841, 
                4.3085291131505565, 
                4.897531222762161
            ], 
            [
                7367, 
                4.308529051222355, 
                4.897532836120047
            ], 
            [
                7893, 
                4.308528654189662, 
                4.897543545517163
            ], 
            [
                8420, 
                4.308528187501933, 
                4.89755706955263
            ], 
            [
                8946, 
                4.308527943643797, 
                4.897564621345746
            ], 
            [
                9472, 
                4.308529088766864, 
                4.897531856282742
            ], 
            [
                9999, 
                4.30852905123261, 
                4.897532835851688
            ]
        ]
    }
]