[
    {
        "jobnum": 12, 
        "model": {
            "L2_reg": 0.16299828947213768, 
            "conv_width": 14, 
            "fp_depth": 1, 
            "fp_length": 120, 
            "h1_size": 78, 
            "net_type": "conv_plus_linear"
        }, 
        "num_records": 20, 
        "task": {
            "name": "delaney", 
            "test_slices": [
                [
                    674, 
                    899
                ]
            ], 
            "train_slices": [
                [
                    0, 
                    224
                ], 
                [
                    224, 
                    449
                ], 
                [
                    449, 
                    674
                ]
            ]
        }, 
        "train": {
            "batch_size": 100, 
            "init_scale": 0.0378442657541654, 
            "num_iters": 10000, 
            "seed": 4, 
            "step_size": 0.0009697793018287504
        }, 
        "varied_params": {
            "conv_width": 13.639197433342689, 
            "fp_depth": 1.281821532275325, 
            "fp_length": 120.08117412853598, 
            "h1_size": 78.33007271032875, 
            "log_L2_reg": -1.8140155722664026, 
            "log_init_scale": -3.2742758098052946, 
            "log_step_size": -6.938442036242218
        }
    }, 
    {
        "host_name": "schlaubi", 
        "minutes_duration": 21.3849529504776, 
        "timestamp": "2021-08-06 16:39:13.009929", 
        "training_curve": [
            [
                0, 
                4.654731416645183, 
                5.29105227808405
            ], 
            [
                526, 
                0.9629413595808407, 
                1.1423424818596946
            ], 
            [
                1052, 
                0.5758300266610968, 
                0.8365378020672324
            ], 
            [
                1578, 
                0.47649890478247636, 
                0.7558516450665166
            ], 
            [
                2105, 
                0.42228322081229663, 
                0.7234364804572316
            ], 
            [
                2631, 
                0.3902904792247299, 
                0.7163325442867244
            ], 
            [
                3157, 
                0.36528355639845816, 
                0.7122563632342364
            ], 
            [
                3683, 
                0.3462336321038955, 
                0.7105848123291142
            ], 
            [
                4210, 
                0.328533650041141, 
                0.7163688438057837
            ], 
            [
                4736, 
                0.31315488400293195, 
                0.7198007557083455
            ], 
            [
                5262, 
                0.3006110127117219, 
                0.7208630287428254
            ], 
            [
                5788, 
                0.2890865064388172, 
                0.7280397848442767
            ], 
            [
                6315, 
                0.2783918245728406, 
                0.7418791277334732
            ], 
            [
                6841, 
                0.27018217287804586, 
                0.7490919571499891
            ], 
            [
                7367, 
                0.2629190021231856, 
                0.763282512853139
            ], 
            [
                7893, 
                0.2564663942720335, 
                0.7695958669383687
            ], 
            [
                8420, 
                0.2506581805513977, 
                0.7843995431395582
            ], 
            [
                8946, 
                0.24612905529068713, 
                0.7922216549859742
            ], 
            [
                9472, 
                0.2420822255571601, 
                0.7881066754892954
            ], 
            [
                9999, 
                0.2394793142604579, 
                0.7954586107055108
            ]
        ]
    }
]