[
    {
        "jobnum": 12, 
        "model": {
            "L2_reg": 0.16299828947213768, 
            "conv_width": 14, 
            "fp_depth": 1, 
            "fp_length": 953, 
            "h1_size": 78, 
            "net_type": "morgan_plus_linear"
        }, 
        "num_records": 20, 
        "task": {
            "name": "cep", 
            "test_slices": [
                [
                    12000, 
                    16000
                ]
            ], 
            "train_slices": [
                [
                    0, 
                    4000
                ], 
                [
                    4000, 
                    8000
                ], 
                [
                    8000, 
                    12000
                ]
            ]
        }, 
        "train": {
            "batch_size": 100, 
            "init_scale": 0.0378442657541654, 
            "num_iters": 10000, 
            "seed": 4, 
            "step_size": 0.0009697793018287504
        }, 
        "varied_params": {
            "conv_width": 13.639197433342689, 
            "fp_depth": 1.281821532275325, 
            "fp_length": 952.7305671568238, 
            "h1_size": 78.33007271032875, 
            "log_L2_reg": -1.8140155722664026, 
            "log_init_scale": -3.2742758098052946, 
            "log_step_size": -6.938442036242218
        }
    }, 
    {
        "host_name": "hefty", 
        "minutes_duration": 2.094351085027059, 
        "timestamp": "2021-09-10 06:50:38.328448", 
        "training_curve": [
            [
                0, 
                6.800771485094666, 
                7.024772226155909
            ], 
            [
                526, 
                3.0052724078956654, 
                3.0320005351797956
            ], 
            [
                1052, 
                2.900782192512095, 
                2.9371284474674755
            ], 
            [
                1578, 
                2.860624274086777, 
                2.8993651026004574
            ], 
            [
                2105, 
                2.8370079003377127, 
                2.878272621261999
            ], 
            [
                2631, 
                2.8222438561050756, 
                2.8620588819524917
            ], 
            [
                3157, 
                2.8156042497961837, 
                2.8488002747235925
            ], 
            [
                3683, 
                2.815184541752844, 
                2.84868638878858
            ], 
            [
                4210, 
                2.8099491261927825, 
                2.8440577865117453
            ], 
            [
                4736, 
                2.8066765181132602, 
                2.8438521795139415
            ], 
            [
                5262, 
                2.80512380937423, 
                2.845066381735935
            ], 
            [
                5788, 
                2.805022948035994, 
                2.840355389846976
            ], 
            [
                6315, 
                2.8068543789212024, 
                2.838727722859607
            ], 
            [
                6841, 
                2.8051947213849866, 
                2.838487873227661
            ], 
            [
                7367, 
                2.8029573720075205, 
                2.8357858084016083
            ], 
            [
                7893, 
                2.805547989145444, 
                2.846359631068404
            ], 
            [
                8420, 
                2.8060974021685543, 
                2.8433031459286147
            ], 
            [
                8946, 
                2.804527947963859, 
                2.8434311741553775
            ], 
            [
                9472, 
                2.801517012635556, 
                2.837182400736434
            ], 
            [
                9999, 
                2.802001883749152, 
                2.830315862172627
            ]
        ]
    }
]