[
    {
        "jobnum": 13, 
        "model": {
            "L2_reg": 0.7638511282981276, 
            "conv_width": 8, 
            "fp_depth": 2, 
            "fp_length": 607, 
            "h1_size": 83, 
            "net_type": "morgan_plus_linear"
        }, 
        "num_records": 20, 
        "task": {
            "name": "delaney", 
            "test_slices": [
                [
                    674, 
                    899
                ]
            ], 
            "train_slices": [
                [
                    0, 
                    224
                ], 
                [
                    224, 
                    449
                ], 
                [
                    449, 
                    674
                ]
            ]
        }, 
        "train": {
            "batch_size": 100, 
            "init_scale": 0.12487648068455114, 
            "num_iters": 10000, 
            "seed": 4, 
            "step_size": 0.0005683298702230949
        }, 
        "varied_params": {
            "conv_width": 7.747870430106753, 
            "fp_depth": 1.8682182788416033, 
            "fp_length": 607.2050382885639, 
            "h1_size": 83.37051899818408, 
            "log_L2_reg": -0.26938236705147567, 
            "log_init_scale": -2.080430184749974, 
            "log_step_size": -7.472808550382432
        }
    }, 
    {
        "host_name": "clumsy", 
        "minutes_duration": 0.32858928442001345, 
        "timestamp": "2021-08-06 15:06:24.008268", 
        "training_curve": [
            [
                0, 
                6.725734797627449, 
                7.166782544436804
            ], 
            [
                526, 
                1.7942669009651613, 
                2.7329945356033822
            ], 
            [
                1052, 
                1.0653173273416991, 
                2.2177789988294867
            ], 
            [
                1578, 
                0.777937510385053, 
                2.0846775250180585
            ], 
            [
                2105, 
                0.6305633279111799, 
                2.032851345146553
            ], 
            [
                2631, 
                0.5431901992390911, 
                2.0134148322403447
            ], 
            [
                3157, 
                0.4864336236513001, 
                2.0146718754987836
            ], 
            [
                3683, 
                0.44746931155865577, 
                2.027634804014838
            ], 
            [
                4210, 
                0.4197577173113499, 
                2.0464743361732953
            ], 
            [
                4736, 
                0.3996459238978741, 
                2.066526223981055
            ], 
            [
                5262, 
                0.38474612218268767, 
                2.0868405975404323
            ], 
            [
                5788, 
                0.3735467894651174, 
                2.106781038759628
            ], 
            [
                6315, 
                0.36502526746379393, 
                2.1264353207281363
            ], 
            [
                6841, 
                0.3584412997282618, 
                2.1452140196207226
            ], 
            [
                7367, 
                0.3532678615131491, 
                2.162675349752727
            ], 
            [
                7893, 
                0.34916281295479734, 
                2.178663759622961
            ], 
            [
                8420, 
                0.3458424494632414, 
                2.193421575488073
            ], 
            [
                8946, 
                0.3432054064046691, 
                2.2078574635500416
            ], 
            [
                9472, 
                0.34102762938380154, 
                2.2206404210256157
            ], 
            [
                9999, 
                0.33923103722824505, 
                2.2328095868744295
            ]
        ]
    }
]