[
    {
        "jobnum": 13, 
        "model": {
            "L2_reg": 0.7638511282981276, 
            "conv_width": 8, 
            "fp_depth": 2, 
            "fp_length": 607, 
            "h1_size": 83, 
            "net_type": "mean"
        }, 
        "num_records": 20, 
        "task": {
            "name": "delaney", 
            "test_slices": [
                [
                    674, 
                    899
                ]
            ], 
            "train_slices": [
                [
                    0, 
                    224
                ], 
                [
                    224, 
                    449
                ], 
                [
                    449, 
                    674
                ]
            ]
        }, 
        "train": {
            "batch_size": 100, 
            "init_scale": 0.12487648068455114, 
            "num_iters": 10000, 
            "seed": 4, 
            "step_size": 0.0005683298702230949
        }, 
        "varied_params": {
            "conv_width": 7.747870430106753, 
            "fp_depth": 1.8682182788416033, 
            "fp_length": 607.2050382885639, 
            "h1_size": 83.37051899818408, 
            "log_L2_reg": -0.26938236705147567, 
            "log_init_scale": -2.080430184749974, 
            "log_step_size": -7.472808550382432
        }
    }, 
    {
        "host_name": "handy", 
        "minutes_duration": 0.0501509149869283, 
        "timestamp": "2021-08-06 20:18:17.012768", 
        "training_curve": [
            [
                0, 
                4.308697260938424, 
                4.899236922614818
            ], 
            [
                526, 
                4.308527191388849, 
                4.897590757550608
            ], 
            [
                1052, 
                4.308528832306027, 
                4.897538659529864
            ], 
            [
                1578, 
                4.308528876236582, 
                4.8975374753828165
            ], 
            [
                2105, 
                4.308528650400113, 
                4.897543651001174
            ], 
            [
                2631, 
                4.308528375310127, 
                4.8975514916554435
            ], 
            [
                3157, 
                4.308528226461098, 
                4.897555896322315
            ], 
            [
                3683, 
                4.308528905306288, 
                4.897536696193156
            ], 
            [
                4210, 
                4.308528883988093, 
                4.89753726727115
            ], 
            [
                4736, 
                4.3085286543447605, 
                4.897543541201302
            ], 
            [
                5262, 
                4.308528652895056, 
                4.897543581545809
            ], 
            [
                5788, 
                4.3085283765445475, 
                4.897551455625674
            ], 
            [
                6315, 
                4.3085289057553515, 
                4.897536684183459
            ], 
            [
                6841, 
                4.308528919599529, 
                4.897536314338428
            ], 
            [
                7367, 
                4.308528884253769, 
                4.897537260142714
            ], 
            [
                7893, 
                4.308528654491767, 
                4.897543537110724
            ], 
            [
                8420, 
                4.308528376590685, 
                4.897551454279224
            ], 
            [
                8946, 
                4.308528227161834, 
                4.897555875299548
            ], 
            [
                9472, 
                4.308528905787607, 
                4.897536683320862
            ], 
            [
                9999, 
                4.30852888426451, 
                4.89753725985449
            ]
        ]
    }
]