[
    {
        "jobnum": 13, 
        "model": {
            "L2_reg": 0.7638511282981276, 
            "conv_width": 8, 
            "fp_depth": 2, 
            "fp_length": 82, 
            "h1_size": 83, 
            "net_type": "conv_plus_net"
        }, 
        "num_records": 20, 
        "task": {
            "name": "delaney", 
            "test_slices": [
                [
                    674, 
                    899
                ]
            ], 
            "train_slices": [
                [
                    0, 
                    224
                ], 
                [
                    224, 
                    449
                ], 
                [
                    449, 
                    674
                ]
            ]
        }, 
        "train": {
            "batch_size": 100, 
            "init_scale": 0.12487648068455114, 
            "num_iters": 10000, 
            "seed": 4, 
            "step_size": 0.0005683298702230949
        }, 
        "varied_params": {
            "conv_width": 7.747870430106753, 
            "fp_depth": 1.8682182788416033, 
            "fp_length": 81.68944869872931, 
            "h1_size": 83.37051899818408, 
            "log_L2_reg": -0.26938236705147567, 
            "log_init_scale": -2.080430184749974, 
            "log_step_size": -7.472808550382432
        }
    }, 
    {
        "host_name": "papaschlumpf", 
        "minutes_duration": 18.556971363226573, 
        "timestamp": "2021-08-06 11:52:22.448868", 
        "training_curve": [
            [
                0, 
                5.545941760257735, 
                6.083408781498264
            ], 
            [
                526, 
                0.5838057157489466, 
                0.8005258716183006
            ], 
            [
                1052, 
                0.3355828368353462, 
                0.6815910531391657
            ], 
            [
                1578, 
                0.2540673989719267, 
                0.6408911559963895
            ], 
            [
                2105, 
                0.21630212364315454, 
                0.595333845122855
            ], 
            [
                2631, 
                0.1948941402795239, 
                0.5764284627521402
            ], 
            [
                3157, 
                0.18128778585716415, 
                0.5664437330763081
            ], 
            [
                3683, 
                0.16963316626852185, 
                0.556654228642312
            ], 
            [
                4210, 
                0.16074723469265398, 
                0.5541112117479552
            ], 
            [
                4736, 
                0.1532408917559915, 
                0.5536205925622946
            ], 
            [
                5262, 
                0.14610586722029997, 
                0.5530322364444621
            ], 
            [
                5788, 
                0.13991558679689708, 
                0.5558297053961838
            ], 
            [
                6315, 
                0.13373753495481774, 
                0.5448266127756093
            ], 
            [
                6841, 
                0.12872306108656656, 
                0.5445722711916113
            ], 
            [
                7367, 
                0.12551535679314127, 
                0.5536089386230758
            ], 
            [
                7893, 
                0.12058857299357968, 
                0.5609257952834549
            ], 
            [
                8420, 
                0.11800722811636966, 
                0.5676731131622812
            ], 
            [
                8946, 
                0.1158745687522724, 
                0.5823735603845269
            ], 
            [
                9472, 
                0.11032797144351104, 
                0.5824673346251097
            ], 
            [
                9999, 
                0.10658062435333875, 
                0.5941920189039812
            ]
        ]
    }
]