[
    {
        "jobnum": 14, 
        "model": {
            "L2_reg": 0.5613179907412793, 
            "conv_width": 16, 
            "fp_depth": 2, 
            "fp_length": 986, 
            "h1_size": 91, 
            "net_type": "morgan_plus_linear"
        }, 
        "num_records": 20, 
        "task": {
            "name": "delaney", 
            "test_slices": [
                [
                    674, 
                    899
                ]
            ], 
            "train_slices": [
                [
                    0, 
                    224
                ], 
                [
                    224, 
                    449
                ], 
                [
                    449, 
                    674
                ]
            ]
        }, 
        "train": {
            "batch_size": 100, 
            "init_scale": 0.05003599792599834, 
            "num_iters": 10000, 
            "seed": 4, 
            "step_size": 0.0003418227961038568
        }, 
        "varied_params": {
            "conv_width": 16.027910331838925, 
            "fp_depth": 1.8100239195764947, 
            "fp_length": 985.8860534783778, 
            "h1_size": 91.44700146086817, 
            "log_L2_reg": -0.5774677056301591, 
            "log_init_scale": -2.995012574079832, 
            "log_step_size": -7.981218095229812
        }
    }, 
    {
        "host_name": "clumsy", 
        "minutes_duration": 0.45143844683965045, 
        "timestamp": "2021-08-06 15:06:53.811351", 
        "training_curve": [
            [
                0, 
                4.444594312245997, 
                5.196126829095756
            ], 
            [
                526, 
                1.5714920874324936, 
                2.61226903051114
            ], 
            [
                1052, 
                0.9355259327462185, 
                2.1060702713444517
            ], 
            [
                1578, 
                0.6584850854037699, 
                1.9530647038910838
            ], 
            [
                2105, 
                0.5094938065648164, 
                1.917148342835206
            ], 
            [
                2631, 
                0.4177748072862898, 
                1.9250959354087767
            ], 
            [
                3157, 
                0.3554933992483242, 
                1.9519511366091582
            ], 
            [
                3683, 
                0.3104887129375949, 
                1.9883751054136458
            ], 
            [
                4210, 
                0.2766375643374975, 
                2.0297668319273825
            ], 
            [
                4736, 
                0.25068051234402267, 
                2.072820279095529
            ], 
            [
                5262, 
                0.23047030173165356, 
                2.1156882864810784
            ], 
            [
                5788, 
                0.21461239059646306, 
                2.1571903664313536
            ], 
            [
                6315, 
                0.20210708416718037, 
                2.1962576395439104
            ], 
            [
                6841, 
                0.19222487956520368, 
                2.2325286485019813
            ], 
            [
                7367, 
                0.18436424943297128, 
                2.2657522530476553
            ], 
            [
                7893, 
                0.17807530311265773, 
                2.295877426991924
            ], 
            [
                8420, 
                0.17299159538085157, 
                2.323129132889936
            ], 
            [
                8946, 
                0.16889342725942857, 
                2.347414876085281
            ], 
            [
                9472, 
                0.16553579461786486, 
                2.3690919734116282
            ], 
            [
                9999, 
                0.16276104041397924, 
                2.3884909995865273
            ]
        ]
    }
]