[
    {
        "jobnum": 15, 
        "model": {
            "L2_reg": 0.24123474988499183, 
            "conv_width": 19, 
            "fp_depth": 2, 
            "fp_length": 66, 
            "h1_size": 79, 
            "net_type": "conv_plus_linear"
        }, 
        "num_records": 20, 
        "task": {
            "name": "delaney", 
            "test_slices": [
                [
                    674, 
                    899
                ]
            ], 
            "train_slices": [
                [
                    0, 
                    224
                ], 
                [
                    224, 
                    449
                ], 
                [
                    449, 
                    674
                ]
            ]
        }, 
        "train": {
            "batch_size": 100, 
            "init_scale": 0.004581931293729009, 
            "num_iters": 10000, 
            "seed": 4, 
            "step_size": 0.003582006090948924
        }, 
        "varied_params": {
            "conv_width": 19.291235172754774, 
            "fp_depth": 1.669244897921855, 
            "fp_length": 66.07804240517427, 
            "h1_size": 78.80786672089184, 
            "log_L2_reg": -1.421984753673013, 
            "log_init_scale": -5.385634689884512, 
            "log_step_size": -5.631832274912644
        }
    }, 
    {
        "host_name": "papaschlumpf", 
        "minutes_duration": 28.26310533285141, 
        "timestamp": "2021-08-06 16:57:37.276044", 
        "training_curve": [
            [
                0, 
                4.29597983573736, 
                4.883590317830934
            ], 
            [
                526, 
                0.29549618612857176, 
                0.6948373942410778
            ], 
            [
                1052, 
                0.21807460538024837, 
                0.6721224025222929
            ], 
            [
                1578, 
                0.223468149236939, 
                0.7582059381262457
            ], 
            [
                2105, 
                0.17843984340862504, 
                0.7737155043705689
            ], 
            [
                2631, 
                0.14890292821449047, 
                0.7582257706437501
            ], 
            [
                3157, 
                0.13478795699146734, 
                0.7449735964501522
            ], 
            [
                3683, 
                0.14045521301457672, 
                0.8126524784568828
            ], 
            [
                4210, 
                0.1233507052898116, 
                0.802501141624684
            ], 
            [
                4736, 
                0.13767727607401703, 
                0.8898591621936043
            ], 
            [
                5262, 
                0.12975099959337805, 
                0.870288683353901
            ], 
            [
                5788, 
                0.11345185430008671, 
                0.8614183176743404
            ], 
            [
                6315, 
                0.15735376570867526, 
                0.9974286537404885
            ], 
            [
                6841, 
                0.11328755695156101, 
                0.8801646461925284
            ], 
            [
                7367, 
                0.11578431581748719, 
                0.8484054426862437
            ], 
            [
                7893, 
                0.11729571263058355, 
                0.8985403817059423
            ], 
            [
                8420, 
                0.1634936837817573, 
                0.9533695380652009
            ], 
            [
                8946, 
                0.10907617494517444, 
                0.8904408051114059
            ], 
            [
                9472, 
                0.13403322786101868, 
                0.9517324455265715
            ], 
            [
                9999, 
                0.13731285027906112, 
                0.8832939347669202
            ]
        ]
    }
]