[
    {
        "jobnum": 15, 
        "model": {
            "L2_reg": 0.24123474988499183, 
            "conv_width": 19, 
            "fp_depth": 2, 
            "fp_length": 66, 
            "h1_size": 79, 
            "net_type": "conv_plus_linear"
        }, 
        "num_records": 20, 
        "task": {
            "name": "cep", 
            "test_slices": [
                [
                    12000, 
                    16000
                ]
            ], 
            "train_slices": [
                [
                    0, 
                    4000
                ], 
                [
                    4000, 
                    8000
                ], 
                [
                    8000, 
                    12000
                ]
            ]
        }, 
        "train": {
            "batch_size": 100, 
            "init_scale": 0.004581931293729009, 
            "num_iters": 10000, 
            "seed": 4, 
            "step_size": 0.003582006090948924
        }, 
        "varied_params": {
            "conv_width": 19.291235172754774, 
            "fp_depth": 1.669244897921855, 
            "fp_length": 66.07804240517427, 
            "h1_size": 78.80786672089184, 
            "log_L2_reg": -1.421984753673013, 
            "log_init_scale": -5.385634689884512, 
            "log_step_size": -5.631832274912644
        }
    }, 
    {
        "host_name": "papaschlumpf", 
        "minutes_duration": 45.37702434857686, 
        "timestamp": "2021-09-10 10:09:01.134985", 
        "training_curve": [
            [
                0, 
                6.3745426877431965, 
                6.541877717655469
            ], 
            [
                526, 
                3.314663122561377, 
                3.2679324470206166
            ], 
            [
                1052, 
                3.1893120132455843, 
                3.149040211858145
            ], 
            [
                1578, 
                3.117664995868262, 
                3.0558240324929637
            ], 
            [
                2105, 
                3.0996285501737075, 
                3.076810065117175
            ], 
            [
                2631, 
                3.124261167360329, 
                3.01787851708344
            ], 
            [
                3157, 
                3.084726473855084, 
                3.0195131792981384
            ], 
            [
                3683, 
                3.037649492282663, 
                2.997719389324869
            ], 
            [
                4210, 
                3.066779168522769, 
                2.9250685444210496
            ], 
            [
                4736, 
                3.1438516129263445, 
                3.1355889825527727
            ], 
            [
                5262, 
                2.949476012085362, 
                2.8578927488746375
            ], 
            [
                5788, 
                2.9474831436170086, 
                2.8749853576004627
            ], 
            [
                6315, 
                2.9247332132613715, 
                2.822490534741164
            ], 
            [
                6841, 
                2.9460317385914108, 
                2.8328834568157237
            ], 
            [
                7367, 
                2.9329000676527563, 
                2.842417319222964
            ], 
            [
                7893, 
                2.903224210673325, 
                2.801132455675479
            ], 
            [
                8420, 
                3.100203252632977, 
                2.955223262045274
            ], 
            [
                8946, 
                2.95167826418748, 
                2.9154715612031747
            ], 
            [
                9472, 
                2.8670238116760873, 
                2.77149045389558
            ], 
            [
                9999, 
                2.8653774593247228, 
                2.75395192583611
            ]
        ]
    }
]