[
    {
        "jobnum": 15, 
        "model": {
            "L2_reg": 0.24123474988499183, 
            "conv_width": 19, 
            "fp_depth": 2, 
            "fp_length": 467, 
            "h1_size": 79, 
            "net_type": "mean"
        }, 
        "num_records": 20, 
        "task": {
            "name": "cep", 
            "test_slices": [
                [
                    12000, 
                    16000
                ]
            ], 
            "train_slices": [
                [
                    0, 
                    4000
                ], 
                [
                    4000, 
                    8000
                ], 
                [
                    8000, 
                    12000
                ]
            ]
        }, 
        "train": {
            "batch_size": 100, 
            "init_scale": 0.004581931293729009, 
            "num_iters": 10000, 
            "seed": 4, 
            "step_size": 0.003582006090948924
        }, 
        "varied_params": {
            "conv_width": 19.291235172754774, 
            "fp_depth": 1.669244897921855, 
            "fp_length": 466.70238164656837, 
            "h1_size": 78.80786672089184, 
            "log_L2_reg": -1.421984753673013, 
            "log_init_scale": -5.385634689884512, 
            "log_step_size": -5.631832274912644
        }
    }, 
    {
        "host_name": "papaschlumpf", 
        "minutes_duration": 0.04747976462046306, 
        "timestamp": "2021-09-10 15:19:53.109703", 
        "training_curve": [
            [
                0, 
                6.370346677868462, 
                6.535129269462101
            ], 
            [
                526, 
                6.370930781210428, 
                6.5383093633185725
            ], 
            [
                1052, 
                6.370967304236948, 
                6.533198519170874
            ], 
            [
                1578, 
                6.3703671673042, 
                6.534732533467044
            ], 
            [
                2105, 
                6.371236124136656, 
                6.539207507245143
            ], 
            [
                2631, 
                6.370382636592293, 
                6.534594836969978
            ], 
            [
                3157, 
                6.370346685958886, 
                6.535252610882544
            ], 
            [
                3683, 
                6.370638225043362, 
                6.533690853383747
            ], 
            [
                4210, 
                6.370364211363582, 
                6.53476482732936
            ], 
            [
                4736, 
                6.371693261777543, 
                6.540385059820701
            ], 
            [
                5262, 
                6.370642629687177, 
                6.533681793390319
            ], 
            [
                5788, 
                6.370446955235636, 
                6.5342391512849005
            ], 
            [
                6315, 
                6.370349354824345, 
                6.535375421093348
            ], 
            [
                6841, 
                6.370411124186093, 
                6.534411104371846
            ], 
            [
                7367, 
                6.371096376342027, 
                6.538811678034452
            ], 
            [
                7893, 
                6.371020340443814, 
                6.533142267942243
            ], 
            [
                8420, 
                6.370369027234168, 
                6.534713487186346
            ], 
            [
                8946, 
                6.371096184299343, 
                6.538811118366606
            ], 
            [
                9472, 
                6.370381041267135, 
                6.534607278386009
            ], 
            [
                9999, 
                6.370357729867691, 
                6.535555533826699
            ]
        ]
    }
]