[
    {
        "jobnum": 16, 
        "model": {
            "L2_reg": 1.665928386655229, 
            "conv_width": 18, 
            "fp_depth": 2, 
            "fp_length": 602, 
            "h1_size": 85, 
            "net_type": "mean"
        }, 
        "num_records": 20, 
        "task": {
            "name": "malaria", 
            "test_slices": [
                [
                    6000, 
                    8000
                ]
            ], 
            "train_slices": [
                [
                    0, 
                    2000
                ], 
                [
                    2000, 
                    4000
                ], 
                [
                    4000, 
                    6000
                ]
            ]
        }, 
        "train": {
            "batch_size": 100, 
            "init_scale": 0.003978137844587124, 
            "num_iters": 10000, 
            "seed": 4, 
            "step_size": 0.0011024148396445355
        }, 
        "varied_params": {
            "conv_width": 18.216547956667423, 
            "fp_depth": 2.189517222540954, 
            "fp_length": 601.9230556169456, 
            "h1_size": 84.97396376587523, 
            "log_L2_reg": 0.5103825576198178, 
            "log_init_scale": -5.526941447419411, 
            "log_step_size": -6.810252196579466
        }
    }, 
    {
        "host_name": "schlumpfine", 
        "minutes_duration": 0.04232051769892375, 
        "timestamp": "2021-09-03 19:51:46.503999", 
        "training_curve": [
            [
                0, 
                1.4844624358810048, 
                1.5112427567837285
            ], 
            [
                526, 
                1.4844670111978564, 
                1.5110425695949201
            ], 
            [
                1052, 
                1.4844629807843976, 
                1.5112887893385072
            ], 
            [
                1578, 
                1.4844660028027732, 
                1.5113880140656504
            ], 
            [
                2105, 
                1.4844623768734952, 
                1.51122453999663
            ], 
            [
                2631, 
                1.4844654371220434, 
                1.5110754349976718
            ], 
            [
                3157, 
                1.484464147381273, 
                1.5111098930838573
            ], 
            [
                3683, 
                1.4844681005072804, 
                1.51143179485253
            ], 
            [
                4210, 
                1.4844641603917128, 
                1.5113376219865027
            ], 
            [
                4736, 
                1.4844678171602776, 
                1.511028033666188
            ], 
            [
                5262, 
                1.4844646254622988, 
                1.511095950986407
            ], 
            [
                5788, 
                1.4844677961035788, 
                1.5114259845719333
            ], 
            [
                6315, 
                1.4844645111316417, 
                1.5113486795416333
            ], 
            [
                6841, 
                1.4844629337760107, 
                1.5111585484404644
            ], 
            [
                7367, 
                1.4844668954268447, 
                1.5110447640540778
            ], 
            [
                7893, 
                1.4844626193494606, 
                1.5112641517226173
            ], 
            [
                8420, 
                1.484466268757452, 
                1.5113941366064234
            ], 
            [
                8946, 
                1.4844624119404062, 
                1.51123803474259
            ], 
            [
                9472, 
                1.484465524143011, 
                1.5110734134997614
            ], 
            [
                9999, 
                1.4844649676414348, 
                1.511086897824764
            ]
        ]
    }
]