[
    {
        "jobnum": 17, 
        "model": {
            "L2_reg": 0.13677679100455933, 
            "conv_width": 15, 
            "fp_depth": 4, 
            "fp_length": 443, 
            "h1_size": 85, 
            "net_type": "morgan_plus_net"
        }, 
        "num_records": 20, 
        "task": {
            "name": "delaney", 
            "test_slices": [
                [
                    674, 
                    899
                ]
            ], 
            "train_slices": [
                [
                    0, 
                    224
                ], 
                [
                    224, 
                    449
                ], 
                [
                    449, 
                    674
                ]
            ]
        }, 
        "train": {
            "batch_size": 100, 
            "init_scale": 0.011967353760268416, 
            "num_iters": 10000, 
            "seed": 4, 
            "step_size": 0.006102950838691979
        }, 
        "varied_params": {
            "conv_width": 14.65985298844456, 
            "fp_depth": 3.8682509041696718, 
            "fp_length": 443.2458889466451, 
            "h1_size": 84.6265795038883, 
            "log_L2_reg": -1.989404944586382, 
            "log_init_scale": -4.425572856511698, 
            "log_step_size": -5.098982880721438
        }
    }, 
    {
        "host_name": "papaschlumpf", 
        "minutes_duration": 3.0535525838534037, 
        "timestamp": "2021-08-06 19:59:52.041514", 
        "training_curve": [
            [
                0, 
                4.311747163825814, 
                4.892167310800039
            ], 
            [
                526, 
                0.03832191362106964, 
                1.9598320685043116
            ], 
            [
                1052, 
                0.1119351859146357, 
                2.0181331750933906
            ], 
            [
                1578, 
                0.0352007573566049, 
                1.9511811912418475
            ], 
            [
                2105, 
                0.0360253307899626, 
                1.9463298956706365
            ], 
            [
                2631, 
                0.042422781641844924, 
                1.923995977022722
            ], 
            [
                3157, 
                0.03644169268924297, 
                1.91247801764677
            ], 
            [
                3683, 
                0.03596212932396745, 
                1.885887984870435
            ], 
            [
                4210, 
                0.05457725644114587, 
                1.8697619379142452
            ], 
            [
                4736, 
                0.03978588484669676, 
                1.8598684646358419
            ], 
            [
                5262, 
                0.0371271203665478, 
                1.8378787460256132
            ], 
            [
                5788, 
                0.03826207928415757, 
                1.8421623152207842
            ], 
            [
                6315, 
                0.03804258880720159, 
                1.8092428486058867
            ], 
            [
                6841, 
                0.03957406879832843, 
                1.814383973825799
            ], 
            [
                7367, 
                0.040081800887906915, 
                1.8020463143338101
            ], 
            [
                7893, 
                0.044034062196845976, 
                1.7963097256187064
            ], 
            [
                8420, 
                0.17527108379072442, 
                1.811720457487016
            ], 
            [
                8946, 
                0.043372042114255785, 
                1.8028327911418676
            ], 
            [
                9472, 
                0.045011003216436994, 
                1.7729795438348808
            ], 
            [
                9999, 
                0.0552695235896172, 
                1.8016473700513689
            ]
        ]
    }
]