[
    {
        "jobnum": 18, 
        "model": {
            "L2_reg": 0.48742848338307015, 
            "conv_width": 14, 
            "fp_depth": 2, 
            "fp_length": 64, 
            "h1_size": 51, 
            "net_type": "conv_plus_net"
        }, 
        "num_records": 20, 
        "task": {
            "name": "cep", 
            "test_slices": [
                [
                    12000, 
                    16000
                ]
            ], 
            "train_slices": [
                [
                    0, 
                    4000
                ], 
                [
                    4000, 
                    8000
                ], 
                [
                    8000, 
                    12000
                ]
            ]
        }, 
        "train": {
            "batch_size": 100, 
            "init_scale": 0.07871699054062835, 
            "num_iters": 10000, 
            "seed": 4, 
            "step_size": 0.0011208132587385696
        }, 
        "varied_params": {
            "conv_width": 14.270231434982623, 
            "fp_depth": 1.8702328216313322, 
            "fp_length": 64.0220945059258, 
            "h1_size": 50.95965991546667, 
            "log_L2_reg": -0.7186117000585197, 
            "log_init_scale": -2.541896256889801, 
            "log_step_size": -6.793700733301803
        }
    }, 
    {
        "host_name": "schlaubi", 
        "minutes_duration": 45.270374480883284, 
        "timestamp": "2021-09-10 02:21:08.394166", 
        "training_curve": [
            [
                0, 
                6.3896661505738725, 
                6.564494239888851
            ], 
            [
                526, 
                2.9497036686953155, 
                2.9379666425439774
            ], 
            [
                1052, 
                2.6821129729941875, 
                2.693366354547226
            ], 
            [
                1578, 
                2.574858994017505, 
                2.5998480048447874
            ], 
            [
                2105, 
                2.5070966505846877, 
                2.528206336258492
            ], 
            [
                2631, 
                2.400313613076748, 
                2.42757013090079
            ], 
            [
                3157, 
                2.2705644578416644, 
                2.3199121711392126
            ], 
            [
                3683, 
                2.1863835124438706, 
                2.2317038308349857
            ], 
            [
                4210, 
                2.138541398152205, 
                2.2015480218681467
            ], 
            [
                4736, 
                2.090620724354199, 
                2.1459158385520394
            ], 
            [
                5262, 
                2.0663814371537996, 
                2.1350010991662374
            ], 
            [
                5788, 
                2.0224247755321705, 
                2.081821045434885
            ], 
            [
                6315, 
                1.9738886587217157, 
                2.029433419508226
            ], 
            [
                6841, 
                1.9419316877817128, 
                2.0069285730956716
            ], 
            [
                7367, 
                1.9209433192495902, 
                1.9977257861629736
            ], 
            [
                7893, 
                1.871654188964785, 
                1.9418341041692488
            ], 
            [
                8420, 
                1.856287358781455, 
                1.9267683369336823
            ], 
            [
                8946, 
                1.8475405103988685, 
                1.908930233906748
            ], 
            [
                9472, 
                1.8145346011936976, 
                1.896124061685231
            ], 
            [
                9999, 
                1.798001989397544, 
                1.8812308948494598
            ]
        ]
    }
]