[
    {
        "jobnum": 18, 
        "model": {
            "L2_reg": 0.48742848338307015, 
            "conv_width": 14, 
            "fp_depth": 2, 
            "fp_length": 448, 
            "h1_size": 51, 
            "net_type": "morgan_plus_net"
        }, 
        "num_records": 20, 
        "task": {
            "name": "delaney", 
            "test_slices": [
                [
                    674, 
                    899
                ]
            ], 
            "train_slices": [
                [
                    0, 
                    224
                ], 
                [
                    224, 
                    449
                ], 
                [
                    449, 
                    674
                ]
            ]
        }, 
        "train": {
            "batch_size": 100, 
            "init_scale": 0.07871699054062835, 
            "num_iters": 10000, 
            "seed": 4, 
            "step_size": 0.0011208132587385696
        }, 
        "varied_params": {
            "conv_width": 14.270231434982623, 
            "fp_depth": 1.8702328216313322, 
            "fp_length": 448.19885055333225, 
            "h1_size": 50.95965991546667, 
            "log_L2_reg": -0.7186117000585197, 
            "log_init_scale": -2.541896256889801, 
            "log_step_size": -6.793700733301803
        }
    }, 
    {
        "host_name": "clumsy", 
        "minutes_duration": 2.2014172673225403, 
        "timestamp": "2021-08-06 19:59:40.041158", 
        "training_curve": [
            [
                0, 
                4.436480309836804, 
                5.0756209335483495
            ], 
            [
                526, 
                0.08701621510393161, 
                1.8370876559211553
            ], 
            [
                1052, 
                0.07607949801749912, 
                1.9832977622902819
            ], 
            [
                1578, 
                0.10287261872369069, 
                2.084978322887952
            ], 
            [
                2105, 
                0.13047519426835158, 
                2.1502771973828088
            ], 
            [
                2631, 
                0.1481986899882811, 
                2.1572546069938014
            ], 
            [
                3157, 
                0.15999946129830594, 
                2.1517445980668293
            ], 
            [
                3683, 
                0.1610271391395596, 
                2.1390588739187018
            ], 
            [
                4210, 
                0.17682097710814598, 
                2.141604505608536
            ], 
            [
                4736, 
                0.15966979088035205, 
                2.11193665560382
            ], 
            [
                5262, 
                0.16407742485199817, 
                2.0884279077130286
            ], 
            [
                5788, 
                0.15500512464028457, 
                2.0894714094102245
            ], 
            [
                6315, 
                0.16354783337301765, 
                2.085059578095059
            ], 
            [
                6841, 
                0.1524127371961517, 
                2.0711623555544065
            ], 
            [
                7367, 
                0.14984572449809103, 
                2.0657487780502066
            ], 
            [
                7893, 
                0.14915702873158523, 
                2.0513499254302343
            ], 
            [
                8420, 
                0.14927867675999323, 
                2.0405534827061684
            ], 
            [
                8946, 
                0.14838822805492638, 
                2.037834302402291
            ], 
            [
                9472, 
                0.16417910009990613, 
                2.023412773568018
            ], 
            [
                9999, 
                0.14310673597424786, 
                2.0128434041082626
            ]
        ]
    }
]