[
    {
        "jobnum": 19, 
        "model": {
            "L2_reg": 0.2799853748054875, 
            "conv_width": 15, 
            "fp_depth": 3, 
            "fp_length": 673, 
            "h1_size": 65, 
            "net_type": "morgan_plus_linear"
        }, 
        "num_records": 20, 
        "task": {
            "name": "malaria", 
            "test_slices": [
                [
                    6000, 
                    8000
                ]
            ], 
            "train_slices": [
                [
                    0, 
                    2000
                ], 
                [
                    2000, 
                    4000
                ], 
                [
                    4000, 
                    6000
                ]
            ]
        }, 
        "train": {
            "batch_size": 100, 
            "init_scale": 0.024096859896253434, 
            "num_iters": 10000, 
            "seed": 4, 
            "step_size": 0.003279250603624976
        }, 
        "varied_params": {
            "conv_width": 14.798012297857005, 
            "fp_depth": 2.7229757465487365, 
            "fp_length": 673.3200961617024, 
            "h1_size": 64.91411629780154, 
            "log_L2_reg": -1.2730179100146142, 
            "log_init_scale": -3.725673741735896, 
            "log_step_size": -5.720140357194941
        }
    }, 
    {
        "host_name": "clumsy", 
        "minutes_duration": 1.5382028500239053, 
        "timestamp": "2021-09-03 11:32:32.780817", 
        "training_curve": [
            [
                0, 
                1.6629634504546906, 
                1.7124435206542776
            ], 
            [
                526, 
                1.0179869585129802, 
                1.298791229809769
            ], 
            [
                1052, 
                1.018783558781693, 
                1.3241479484954664
            ], 
            [
                1578, 
                1.0152539324222203, 
                1.3266119306565165
            ], 
            [
                2105, 
                1.021822272986524, 
                1.3365745693858047
            ], 
            [
                2631, 
                1.0145009755926824, 
                1.3284210465303614
            ], 
            [
                3157, 
                1.015212078971099, 
                1.3299552702839645
            ], 
            [
                3683, 
                1.0143857634216966, 
                1.3334286111146558
            ], 
            [
                4210, 
                1.0154870011961679, 
                1.326971614317013
            ], 
            [
                4736, 
                1.0167426709642284, 
                1.329006132725617
            ], 
            [
                5262, 
                1.0204900372870167, 
                1.34107868422524
            ], 
            [
                5788, 
                1.0148105628254085, 
                1.3318731462228617
            ], 
            [
                6315, 
                1.0234025173222938, 
                1.333540531434733
            ], 
            [
                6841, 
                1.031421814037296, 
                1.3515881515001456
            ], 
            [
                7367, 
                1.0123670455181704, 
                1.3291320546848016
            ], 
            [
                7893, 
                1.0165425788878781, 
                1.3314636467393102
            ], 
            [
                8420, 
                1.0128709271182716, 
                1.329579115712572
            ], 
            [
                8946, 
                1.016632429062323, 
                1.3325478344916748
            ], 
            [
                9472, 
                1.0152963667394845, 
                1.3304730599333419
            ], 
            [
                9999, 
                1.013285429147628, 
                1.331709170975388
            ]
        ]
    }
]