[
    {
        "jobnum": 1, 
        "model": {
            "L2_reg": 0.05326542476477831, 
            "conv_width": 13, 
            "fp_depth": 3, 
            "fp_length": 80, 
            "h1_size": 95, 
            "net_type": "conv_plus_linear"
        }, 
        "num_records": 20, 
        "task": {
            "name": "delaney", 
            "test_slices": [
                [
                    674, 
                    899
                ]
            ], 
            "train_slices": [
                [
                    0, 
                    224
                ], 
                [
                    224, 
                    449
                ], 
                [
                    449, 
                    674
                ]
            ]
        }, 
        "train": {
            "batch_size": 100, 
            "init_scale": 0.003337989654124867, 
            "num_iters": 10000, 
            "seed": 4, 
            "step_size": 0.01583790822219237
        }, 
        "varied_params": {
            "conv_width": 12.933423796293567, 
            "fp_depth": 3.3751751142479938, 
            "fp_length": 79.62099084252043, 
            "h1_size": 94.58865003910398, 
            "log_L2_reg": -2.9324678493937784, 
            "log_init_scale": -5.702386553170644, 
            "log_step_size": -4.145348957995883
        }
    }, 
    {
        "host_name": "schlaubi", 
        "minutes_duration": 37.364246483643846, 
        "timestamp": "2021-08-06 15:50:37.387023", 
        "training_curve": [
            [
                0, 
                4.257249190403672, 
                4.836664738766671
            ], 
            [
                526, 
                0.22661882291844196, 
                0.7768863224614656
            ], 
            [
                1052, 
                0.24271766517046736, 
                0.8900343908348552
            ], 
            [
                1578, 
                0.472764269345563, 
                1.1995373877575688
            ], 
            [
                2105, 
                0.4690862718146499, 
                0.9345562984532327
            ], 
            [
                2631, 
                0.14609494330948802, 
                0.7429843911555443
            ], 
            [
                3157, 
                0.41540278690223703, 
                0.9881168564860849
            ], 
            [
                3683, 
                0.4170682918567712, 
                1.0212741505658844
            ], 
            [
                4210, 
                0.29670221075195885, 
                1.0481423648629984
            ], 
            [
                4736, 
                0.11821813364108695, 
                0.8854850663850563
            ], 
            [
                5262, 
                0.2843424924855799, 
                0.9776789749378898
            ], 
            [
                5788, 
                0.18235904195707797, 
                0.8911737733217249
            ], 
            [
                6315, 
                0.1730161744324224, 
                0.8011637481224779
            ], 
            [
                6841, 
                0.21931907472078235, 
                0.9448535494032452
            ], 
            [
                7367, 
                0.1709413668694875, 
                0.8141686831721578
            ], 
            [
                7893, 
                0.10597179335342885, 
                0.7941253388940676
            ], 
            [
                8420, 
                0.40908964055297786, 
                1.0499545297321276
            ], 
            [
                8946, 
                0.16274293555194147, 
                0.8654699627874124
            ], 
            [
                9472, 
                0.2726686815967088, 
                0.9274544691049366
            ], 
            [
                9999, 
                0.6464009352714812, 
                1.1944967893404237
            ]
        ]
    }
]