[
    {
        "jobnum": 20, 
        "model": {
            "L2_reg": 0.08101826970128459, 
            "conv_width": 17, 
            "fp_depth": 4, 
            "fp_length": 95, 
            "h1_size": 95, 
            "net_type": "conv_plus_linear"
        }, 
        "num_records": 20, 
        "task": {
            "name": "delaney", 
            "test_slices": [
                [
                    674, 
                    899
                ]
            ], 
            "train_slices": [
                [
                    0, 
                    224
                ], 
                [
                    224, 
                    449
                ], 
                [
                    449, 
                    674
                ]
            ]
        }, 
        "train": {
            "batch_size": 100, 
            "init_scale": 0.0906356596274393, 
            "num_iters": 10000, 
            "seed": 4, 
            "step_size": 0.001459366969517237
        }, 
        "varied_params": {
            "conv_width": 17.092909835691287, 
            "fp_depth": 3.675770065047016, 
            "fp_length": 94.83552135652103, 
            "h1_size": 94.82732979255314, 
            "log_L2_reg": -2.5130805978749855, 
            "log_init_scale": -2.4009075492492045, 
            "log_step_size": -6.529752519808413
        }
    }, 
    {
        "host_name": "papaschlumpf", 
        "minutes_duration": 56.248321851094566, 
        "timestamp": "2021-08-06 17:53:54.935848", 
        "training_curve": [
            [
                0, 
                4.179057573865306, 
                4.655845511386731
            ], 
            [
                526, 
                0.23771274797271205, 
                0.7532769669421784
            ], 
            [
                1052, 
                0.1657619609083519, 
                0.7650175615356208
            ], 
            [
                1578, 
                0.14185536662079348, 
                0.8323620179667592
            ], 
            [
                2105, 
                0.12167794033122309, 
                0.8983428461846233
            ], 
            [
                2631, 
                0.10227934619742607, 
                0.9511268346332662
            ], 
            [
                3157, 
                0.10658313423459183, 
                0.9715839779710379
            ], 
            [
                3683, 
                0.10382364606312044, 
                0.9441791040310146
            ], 
            [
                4210, 
                0.11558073439510679, 
                0.9587854294317176
            ], 
            [
                4736, 
                0.13340624439764706, 
                1.07118347548747
            ], 
            [
                5262, 
                0.08914513743644033, 
                0.9971973820015847
            ], 
            [
                5788, 
                0.10117686339640998, 
                0.979524983342116
            ], 
            [
                6315, 
                0.0922871666009665, 
                0.989416205752362
            ], 
            [
                6841, 
                0.09599425398317474, 
                0.948307100735882
            ], 
            [
                7367, 
                0.09661736590824821, 
                0.9602433563783236
            ], 
            [
                7893, 
                0.13666838282829508, 
                0.9278054781927672
            ], 
            [
                8420, 
                0.08986222154154479, 
                0.9207040780600356
            ], 
            [
                8946, 
                0.10040360920604309, 
                0.9533261235745035
            ], 
            [
                9472, 
                0.0965744487796329, 
                0.9366317616599313
            ], 
            [
                9999, 
                0.10220978126409064, 
                0.9011291167218511
            ]
        ]
    }
]