[
    {
        "jobnum": 20, 
        "model": {
            "L2_reg": 0.08101826970128459, 
            "conv_width": 17, 
            "fp_depth": 4, 
            "fp_length": 726, 
            "h1_size": 95, 
            "net_type": "mean"
        }, 
        "num_records": 20, 
        "task": {
            "name": "delaney", 
            "test_slices": [
                [
                    674, 
                    899
                ]
            ], 
            "train_slices": [
                [
                    0, 
                    224
                ], 
                [
                    224, 
                    449
                ], 
                [
                    449, 
                    674
                ]
            ]
        }, 
        "train": {
            "batch_size": 100, 
            "init_scale": 0.0906356596274393, 
            "num_iters": 10000, 
            "seed": 4, 
            "step_size": 0.001459366969517237
        }, 
        "varied_params": {
            "conv_width": 17.092909835691287, 
            "fp_depth": 3.675770065047016, 
            "fp_length": 725.5196922086892, 
            "h1_size": 94.82732979255314, 
            "log_L2_reg": -2.5130805978749855, 
            "log_init_scale": -2.4009075492492045, 
            "log_step_size": -6.529752519808413
        }
    }, 
    {
        "host_name": "hefty", 
        "minutes_duration": 0.045755767822265626, 
        "timestamp": "2021-08-06 20:18:30.001755", 
        "training_curve": [
            [
                0, 
                4.30861598012615, 
                4.898787472996434
            ], 
            [
                526, 
                4.30852928669286, 
                4.897526776577234
            ], 
            [
                1052, 
                4.3085293465028895, 
                4.897525268831569
            ], 
            [
                1578, 
                4.308529255817001, 
                4.8975275597650985
            ], 
            [
                2105, 
                4.308528647287078, 
                4.8975437377032645
            ], 
            [
                2631, 
                4.308527964395377, 
                4.897563964011966
            ], 
            [
                3157, 
                4.308527618308171, 
                4.897575329028682
            ], 
            [
                3683, 
                4.308529317968514, 
                4.897525986621673
            ], 
            [
                4210, 
                4.3085292602221035, 
                4.897527447822666
            ], 
            [
                4736, 
                4.308528653734216, 
                4.897543558191244
            ], 
            [
                5262, 
                4.308528649314952, 
                4.897543681219316
            ], 
            [
                5788, 
                4.3085279653522415, 
                4.897563933770911
            ], 
            [
                6315, 
                4.308529318409512, 
                4.897525975507073
            ], 
            [
                6841, 
                4.308529356633199, 
                4.897525014666435
            ], 
            [
                7367, 
                4.308529260477397, 
                4.897527441337232
            ], 
            [
                7893, 
                4.308528653863697, 
                4.897543554587967
            ], 
            [
                8420, 
                4.308527965388643, 
                4.897563932620589
            ], 
            [
                8946, 
                4.308527618825434, 
                4.897575311356834
            ], 
            [
                9472, 
                4.3085293184413285, 
                4.897525974705224
            ], 
            [
                9999, 
                4.308529260487745, 
                4.897527441074344
            ]
        ]
    }
]