[
    {
        "jobnum": 21, 
        "model": {
            "L2_reg": 7.321213204376401, 
            "conv_width": 18, 
            "fp_depth": 1, 
            "fp_length": 180, 
            "h1_size": 96, 
            "net_type": "morgan_plus_linear"
        }, 
        "num_records": 20, 
        "task": {
            "name": "delaney", 
            "test_slices": [
                [
                    674, 
                    899
                ]
            ], 
            "train_slices": [
                [
                    0, 
                    224
                ], 
                [
                    224, 
                    449
                ], 
                [
                    449, 
                    674
                ]
            ]
        }, 
        "train": {
            "batch_size": 100, 
            "init_scale": 0.011536512686277006, 
            "num_iters": 10000, 
            "seed": 4, 
            "step_size": 0.005839939733487496
        }, 
        "varied_params": {
            "conv_width": 18.021890860523214, 
            "fp_depth": 1.4483449139739812, 
            "fp_length": 179.7928781537858, 
            "h1_size": 95.97413068723367, 
            "log_L2_reg": 1.990776052542932, 
            "log_init_scale": -4.462238257135377, 
            "log_step_size": -5.143034801803554
        }
    }, 
    {
        "host_name": "clumsy", 
        "minutes_duration": 0.23882663249969482, 
        "timestamp": "2021-08-06 15:09:39.519477", 
        "training_curve": [
            [
                0, 
                4.313511398072282, 
                4.892599144855868
            ], 
            [
                526, 
                1.8104224107847404, 
                2.5542164633014437
            ], 
            [
                1052, 
                1.8074140851829534, 
                2.552695145933289
            ], 
            [
                1578, 
                1.806715519025065, 
                2.553229455901006
            ], 
            [
                2105, 
                1.8069019323821036, 
                2.5493153728052937
            ], 
            [
                2631, 
                1.8069848095128893, 
                2.549296007635579
            ], 
            [
                3157, 
                1.8074296389115312, 
                2.5493568383285727
            ], 
            [
                3683, 
                1.8075476222542763, 
                2.5509350870327165
            ], 
            [
                4210, 
                1.8066894432858551, 
                2.5532511706964316
            ], 
            [
                4736, 
                1.80702339157499, 
                2.551261556349112
            ], 
            [
                5262, 
                1.8068954589745407, 
                2.549301797690411
            ], 
            [
                5788, 
                1.8069814447204993, 
                2.549283391558656
            ], 
            [
                6315, 
                1.8075450244132818, 
                2.5509322932800167
            ], 
            [
                6841, 
                1.8073526981719716, 
                2.55269912405623
            ], 
            [
                7367, 
                1.8066878479089894, 
                2.5532529792485446
            ], 
            [
                7893, 
                1.8070229123975214, 
                2.5512620794627963
            ], 
            [
                8420, 
                1.80698131495193, 
                2.5492829330086715
            ], 
            [
                8946, 
                1.8074258757953332, 
                2.5493436641818477
            ], 
            [
                9472, 
                1.8075448415931816, 
                2.5509320998489793
            ], 
            [
                9999, 
                1.8066877868619156, 
                2.5532530420657116
            ]
        ]
    }
]