[
    {
        "jobnum": 21, 
        "model": {
            "L2_reg": 7.321213204376401, 
            "conv_width": 18, 
            "fp_depth": 1, 
            "fp_length": 180, 
            "h1_size": 96, 
            "net_type": "mean"
        }, 
        "num_records": 20, 
        "task": {
            "name": "delaney", 
            "test_slices": [
                [
                    674, 
                    899
                ]
            ], 
            "train_slices": [
                [
                    0, 
                    224
                ], 
                [
                    224, 
                    449
                ], 
                [
                    449, 
                    674
                ]
            ]
        }, 
        "train": {
            "batch_size": 100, 
            "init_scale": 0.011536512686277006, 
            "num_iters": 10000, 
            "seed": 4, 
            "step_size": 0.005839939733487496
        }, 
        "varied_params": {
            "conv_width": 18.021890860523214, 
            "fp_depth": 1.4483449139739812, 
            "fp_length": 179.7928781537858, 
            "h1_size": 95.97413068723367, 
            "log_L2_reg": 1.990776052542932, 
            "log_init_scale": -4.462238257135377, 
            "log_step_size": -5.143034801803554
        }
    }, 
    {
        "host_name": "schlaubi", 
        "minutes_duration": 0.06437729994455973, 
        "timestamp": "2021-08-06 20:18:32.406778", 
        "training_curve": [
            [
                0, 
                4.308526962388649, 
                4.8978479546694444
            ], 
            [
                526, 
                4.308531653200002, 
                4.897474390711252
            ], 
            [
                1052, 
                4.308531888358484, 
                4.897469816566199
            ], 
            [
                1578, 
                4.308531404704198, 
                4.897479325194509
            ], 
            [
                2105, 
                4.308528621716829, 
                4.89754445155318
            ], 
            [
                2631, 
                4.308526397390805, 
                4.897626099761127
            ], 
            [
                3157, 
                4.308525739883303, 
                4.897672137481158
            ], 
            [
                3683, 
                4.3085316925130375, 
                4.897473619706612
            ], 
            [
                4210, 
                4.308531410648517, 
                4.897479205896978
            ], 
            [
                4736, 
                4.308528652921205, 
                4.897543580818003
            ], 
            [
                5262, 
                4.308528623447195, 
                4.897544403150969
            ], 
            [
                5788, 
                4.308526397807817, 
                4.89762607767556
            ], 
            [
                6315, 
                4.3085316931743085, 
                4.897473606759819
            ], 
            [
                6841, 
                4.308531903007416, 
                4.89746953457614
            ], 
            [
                7367, 
                4.308531410997675, 
                4.8974791988916335
            ], 
            [
                7893, 
                4.30852865303922, 
                4.8975435775333604
            ], 
            [
                8420, 
                4.308526397823809, 
                4.897626076828739
            ], 
            [
                8946, 
                4.308525739999741, 
                4.897672125510435
            ], 
            [
                9472, 
                4.308531693222025, 
                4.897473605825643
            ], 
            [
                9999, 
                4.308531411011819, 
                4.897479198607857
            ]
        ]
    }
]