[
    {
        "jobnum": 22, 
        "model": {
            "L2_reg": 1.5817813834259178, 
            "conv_width": 11, 
            "fp_depth": 3, 
            "fp_length": 24, 
            "h1_size": 56, 
            "net_type": "conv_plus_linear"
        }, 
        "num_records": 20, 
        "task": {
            "name": "delaney", 
            "test_slices": [
                [
                    674, 
                    899
                ]
            ], 
            "train_slices": [
                [
                    0, 
                    224
                ], 
                [
                    224, 
                    449
                ], 
                [
                    449, 
                    674
                ]
            ]
        }, 
        "train": {
            "batch_size": 100, 
            "init_scale": 0.008314826000126603, 
            "num_iters": 10000, 
            "seed": 4, 
            "step_size": 0.009972070109487014
        }, 
        "varied_params": {
            "conv_width": 11.107749458389995, 
            "fp_depth": 2.70730221584378, 
            "fp_length": 23.746703490975463, 
            "h1_size": 56.19099914247207, 
            "log_L2_reg": 0.45855166980008555, 
            "log_init_scale": -4.789715092578255, 
            "log_step_size": -4.607967082711062
        }
    }, 
    {
        "host_name": "hefty", 
        "minutes_duration": 27.373500231901804, 
        "timestamp": "2021-08-06 17:40:52.421912", 
        "training_curve": [
            [
                0, 
                4.272969033461831, 
                4.856052893724113
            ], 
            [
                526, 
                0.2730668390882441, 
                0.6826731984779952
            ], 
            [
                1052, 
                0.20885767506885153, 
                0.6652248299500737
            ], 
            [
                1578, 
                0.15568504566211255, 
                0.7309192257086081
            ], 
            [
                2105, 
                0.34588470864581344, 
                0.7668601728620497
            ], 
            [
                2631, 
                0.15984831376032094, 
                0.7271758877580692
            ], 
            [
                3157, 
                0.16312792307812582, 
                0.7631072997119066
            ], 
            [
                3683, 
                0.13728945617249003, 
                0.7903934595131101
            ], 
            [
                4210, 
                0.23600881027238868, 
                0.9216868439987788
            ], 
            [
                4736, 
                0.2729569687695914, 
                0.8405551248477716
            ], 
            [
                5262, 
                0.20332483382102176, 
                0.8019423702749237
            ], 
            [
                5788, 
                0.2552959646232068, 
                0.7369982681403074
            ], 
            [
                6315, 
                0.28522705857476016, 
                0.8244051856558523
            ], 
            [
                6841, 
                0.1305450660936497, 
                0.7489134896029891
            ], 
            [
                7367, 
                0.12187873481016157, 
                0.8059489099415055
            ], 
            [
                7893, 
                0.22843634418979822, 
                1.0134297473973577
            ], 
            [
                8420, 
                0.15800144761779172, 
                0.8369684062833287
            ], 
            [
                8946, 
                0.17772802626306142, 
                0.8006820388690825
            ], 
            [
                9472, 
                0.2508176952856679, 
                1.1534890062318555
            ], 
            [
                9999, 
                0.21521122752198033, 
                0.8331728758395649
            ]
        ]
    }
]