[
    {
        "jobnum": 22, 
        "model": {
            "L2_reg": 1.5817813834259178, 
            "conv_width": 11, 
            "fp_depth": 3, 
            "fp_length": 86, 
            "h1_size": 56, 
            "net_type": "morgan_plus_linear"
        }, 
        "num_records": 20, 
        "task": {
            "name": "cep", 
            "test_slices": [
                [
                    12000, 
                    16000
                ]
            ], 
            "train_slices": [
                [
                    0, 
                    4000
                ], 
                [
                    4000, 
                    8000
                ], 
                [
                    8000, 
                    12000
                ]
            ]
        }, 
        "train": {
            "batch_size": 100, 
            "init_scale": 0.008314826000126603, 
            "num_iters": 10000, 
            "seed": 4, 
            "step_size": 0.009972070109487014
        }, 
        "varied_params": {
            "conv_width": 11.107749458389995, 
            "fp_depth": 2.70730221584378, 
            "fp_length": 85.72033141877915, 
            "h1_size": 56.19099914247207, 
            "log_L2_reg": 0.45855166980008555, 
            "log_init_scale": -4.789715092578255, 
            "log_step_size": -4.607967082711062
        }
    }, 
    {
        "host_name": "handy", 
        "minutes_duration": 0.5611613829930623, 
        "timestamp": "2021-09-10 06:55:37.035660", 
        "training_curve": [
            [
                0, 
                6.383416944348296, 
                6.548010913952058
            ], 
            [
                526, 
                4.014041658672649, 
                4.138598463941331
            ], 
            [
                1052, 
                4.011757431194108, 
                4.134442794251688
            ], 
            [
                1578, 
                4.0389193259547085, 
                4.158412055589109
            ], 
            [
                2105, 
                4.046050071190689, 
                4.185050042180581
            ], 
            [
                2631, 
                4.019331646967068, 
                4.146949155116175
            ], 
            [
                3157, 
                4.029560784975556, 
                4.175736777434154
            ], 
            [
                3683, 
                4.051382646793237, 
                4.183845345254274
            ], 
            [
                4210, 
                4.104087750905959, 
                4.204004267465518
            ], 
            [
                4736, 
                4.3592642220062725, 
                4.547495449826662
            ], 
            [
                5262, 
                4.096530712815684, 
                4.250653235640643
            ], 
            [
                5788, 
                4.012945525226436, 
                4.162288680034355
            ], 
            [
                6315, 
                4.017017672066583, 
                4.122929878035556
            ], 
            [
                6841, 
                4.076787226427715, 
                4.186596133088429
            ], 
            [
                7367, 
                4.013743171167017, 
                4.120395226169216
            ], 
            [
                7893, 
                4.009774924405326, 
                4.132306731694187
            ], 
            [
                8420, 
                4.347939103063339, 
                4.4307340140398175
            ], 
            [
                8946, 
                4.149520439442941, 
                4.308408951761892
            ], 
            [
                9472, 
                4.02269827668532, 
                4.169750040206475
            ], 
            [
                9999, 
                4.027911322040776, 
                4.1383316575837314
            ]
        ]
    }
]