[
    {
        "jobnum": 22, 
        "model": {
            "L2_reg": 1.5817813834259178, 
            "conv_width": 11, 
            "fp_depth": 3, 
            "fp_length": 24, 
            "h1_size": 56, 
            "net_type": "conv_plus_net"
        }, 
        "num_records": 20, 
        "task": {
            "name": "delaney", 
            "test_slices": [
                [
                    674, 
                    899
                ]
            ], 
            "train_slices": [
                [
                    0, 
                    224
                ], 
                [
                    224, 
                    449
                ], 
                [
                    449, 
                    674
                ]
            ]
        }, 
        "train": {
            "batch_size": 100, 
            "init_scale": 0.008314826000126603, 
            "num_iters": 10000, 
            "seed": 4, 
            "step_size": 0.009972070109487014
        }, 
        "varied_params": {
            "conv_width": 11.107749458389995, 
            "fp_depth": 2.70730221584378, 
            "fp_length": 23.746703490975463, 
            "h1_size": 56.19099914247207, 
            "log_L2_reg": 0.45855166980008555, 
            "log_init_scale": -4.789715092578255, 
            "log_step_size": -4.607967082711062
        }
    }, 
    {
        "host_name": "papaschlumpf", 
        "minutes_duration": 28.861951514085135, 
        "timestamp": "2021-08-06 12:49:45.896974", 
        "training_curve": [
            [
                0, 
                4.300706046842178, 
                4.89010997758732
            ], 
            [
                526, 
                0.20443784935449058, 
                0.4849214467715663
            ], 
            [
                1052, 
                0.21046162393080384, 
                0.5787518724048967
            ], 
            [
                1578, 
                0.15245238120140536, 
                0.5458771441563406
            ], 
            [
                2105, 
                0.12288756962031312, 
                0.4961729741208433
            ], 
            [
                2631, 
                0.10114920077752837, 
                0.5511453413184937
            ], 
            [
                3157, 
                0.10881448506963218, 
                0.5700591135347545
            ], 
            [
                3683, 
                0.12442612417140379, 
                0.6263048095667246
            ], 
            [
                4210, 
                0.08855228881716108, 
                0.5541097104095594
            ], 
            [
                4736, 
                0.10201385803886244, 
                0.6224461301847529
            ], 
            [
                5262, 
                0.08546803651296832, 
                0.5862977713562655
            ], 
            [
                5788, 
                0.10287139189070518, 
                0.5698225756021942
            ], 
            [
                6315, 
                0.10871853608068338, 
                0.6360296319416471
            ], 
            [
                6841, 
                0.09426426809888118, 
                0.6360576722791
            ], 
            [
                7367, 
                0.07947095741089144, 
                0.6024776790366083
            ], 
            [
                7893, 
                0.11700116630547922, 
                0.6596977325785816
            ], 
            [
                8420, 
                0.08410384728994867, 
                0.5806672660959192
            ], 
            [
                8946, 
                0.07308952932577592, 
                0.5977019286898232
            ], 
            [
                9472, 
                0.09220791067023176, 
                0.5995216446604443
            ], 
            [
                9999, 
                0.12157790399176219, 
                0.6842817091754188
            ]
        ]
    }
]