[
    {
        "jobnum": 23, 
        "model": {
            "L2_reg": 2.537193648511954, 
            "conv_width": 18, 
            "fp_depth": 4, 
            "fp_length": 28, 
            "h1_size": 73, 
            "net_type": "morgan_plus_linear"
        }, 
        "num_records": 20, 
        "task": {
            "name": "cep", 
            "test_slices": [
                [
                    12000, 
                    16000
                ]
            ], 
            "train_slices": [
                [
                    0, 
                    4000
                ], 
                [
                    4000, 
                    8000
                ], 
                [
                    8000, 
                    12000
                ]
            ]
        }, 
        "train": {
            "batch_size": 100, 
            "init_scale": 0.03206749887368721, 
            "num_iters": 10000, 
            "seed": 4, 
            "step_size": 0.006025362700774759
        }, 
        "varied_params": {
            "conv_width": 17.837050135889164, 
            "fp_depth": 3.9265645150086574, 
            "fp_length": 27.807796858481986, 
            "h1_size": 72.67713413390345, 
            "log_L2_reg": 0.9310586074290335, 
            "log_init_scale": -3.4399122579134556, 
            "log_step_size": -5.111777602118608
        }
    }, 
    {
        "host_name": "hefty", 
        "minutes_duration": 0.4217410008112589, 
        "timestamp": "2021-09-10 06:55:28.221369", 
        "training_curve": [
            [
                0, 
                6.448999600122433, 
                6.5983022081131795
            ], 
            [
                526, 
                6.2847989300419504, 
                6.466369202453673
            ], 
            [
                1052, 
                6.272592029746282, 
                6.4419034927373335
            ], 
            [
                1578, 
                6.285316098502842, 
                6.46757620544514
            ], 
            [
                2105, 
                6.375844956428645, 
                6.514770621488131
            ], 
            [
                2631, 
                6.439763634203034, 
                6.568458710462724
            ], 
            [
                3157, 
                6.278242434680632, 
                6.457840660080676
            ], 
            [
                3683, 
                6.287156983674478, 
                6.446740581285537
            ], 
            [
                4210, 
                6.287330963242588, 
                6.444300678920992
            ], 
            [
                4736, 
                6.291922997908457, 
                6.477587620535505
            ], 
            [
                5262, 
                6.399935742915278, 
                6.6080701376749165
            ], 
            [
                5788, 
                6.270562480934219, 
                6.440467288979392
            ], 
            [
                6315, 
                6.2947976928097775, 
                6.482713102773493
            ], 
            [
                6841, 
                6.317546626903381, 
                6.509652497377092
            ], 
            [
                7367, 
                6.282393667098946, 
                6.464019530670725
            ], 
            [
                7893, 
                6.278578051424633, 
                6.441751654596281
            ], 
            [
                8420, 
                6.2756054398642975, 
                6.4526950043543
            ], 
            [
                8946, 
                6.37970245346361, 
                6.518158583853475
            ], 
            [
                9472, 
                6.392664759745371, 
                6.52760985503882
            ], 
            [
                9999, 
                6.270878333187766, 
                6.4406618338904735
            ]
        ]
    }
]