[
    {
        "jobnum": 23, 
        "model": {
            "L2_reg": 2.537193648511954, 
            "conv_width": 18, 
            "fp_depth": 4, 
            "fp_length": 28, 
            "h1_size": 73, 
            "net_type": "morgan_plus_linear"
        }, 
        "num_records": 20, 
        "task": {
            "name": "delaney", 
            "test_slices": [
                [
                    674, 
                    899
                ]
            ], 
            "train_slices": [
                [
                    0, 
                    224
                ], 
                [
                    224, 
                    449
                ], 
                [
                    449, 
                    674
                ]
            ]
        }, 
        "train": {
            "batch_size": 100, 
            "init_scale": 0.03206749887368721, 
            "num_iters": 10000, 
            "seed": 4, 
            "step_size": 0.006025362700774759
        }, 
        "varied_params": {
            "conv_width": 17.837050135889164, 
            "fp_depth": 3.9265645150086574, 
            "fp_length": 27.807796858481986, 
            "h1_size": 72.67713413390345, 
            "log_L2_reg": 0.9310586074290335, 
            "log_init_scale": -3.4399122579134556, 
            "log_step_size": -5.111777602118608
        }
    }, 
    {
        "host_name": "clumsy", 
        "minutes_duration": 0.17709033489227294, 
        "timestamp": "2021-08-06 15:10:07.304604", 
        "training_curve": [
            [
                0, 
                4.384725641065255, 
                5.022398735729999
            ], 
            [
                526, 
                3.023277708424125, 
                3.794274130267145
            ], 
            [
                1052, 
                3.0218917250246435, 
                3.79228471250744
            ], 
            [
                1578, 
                3.021800955268264, 
                3.7902929662300435
            ], 
            [
                2105, 
                3.021446646740916, 
                3.7895781004848543
            ], 
            [
                2631, 
                3.02160416882848, 
                3.7926679821103604
            ], 
            [
                3157, 
                3.0224628368550936, 
                3.7957516710692207
            ], 
            [
                3683, 
                3.0219166333908998, 
                3.793138572380055
            ], 
            [
                4210, 
                3.0218070747760843, 
                3.79028433473066
            ], 
            [
                4736, 
                3.0214382765905263, 
                3.7907144635042425
            ], 
            [
                5262, 
                3.0214471771217117, 
                3.7895715746316867
            ], 
            [
                5788, 
                3.021603928992941, 
                3.792668976060964
            ], 
            [
                6315, 
                3.0219169220845563, 
                3.7931391638341867
            ], 
            [
                6841, 
                3.0218773458483406, 
                3.792267287535059
            ], 
            [
                7367, 
                3.021807426552321, 
                3.790283958547489
            ], 
            [
                7893, 
                3.0214383120979784, 
                3.7907142119765505
            ], 
            [
                8420, 
                3.02160391884441, 
                3.7926690030073535
            ], 
            [
                8946, 
                3.022463972805993, 
                3.7957556098362653
            ], 
            [
                9472, 
                3.021916941795965, 
                3.7931392010925165
            ], 
            [
                9999, 
                3.0218074394055354, 
                3.7902839475342787
            ]
        ]
    }
]