[
    {
        "jobnum": 23, 
        "model": {
            "L2_reg": 2.537193648511954, 
            "conv_width": 18, 
            "fp_depth": 4, 
            "fp_length": 17, 
            "h1_size": 73, 
            "net_type": "conv_plus_linear"
        }, 
        "num_records": 20, 
        "task": {
            "name": "delaney", 
            "test_slices": [
                [
                    674, 
                    899
                ]
            ], 
            "train_slices": [
                [
                    0, 
                    224
                ], 
                [
                    224, 
                    449
                ], 
                [
                    449, 
                    674
                ]
            ]
        }, 
        "train": {
            "batch_size": 100, 
            "init_scale": 0.03206749887368721, 
            "num_iters": 10000, 
            "seed": 4, 
            "step_size": 0.006025362700774759
        }, 
        "varied_params": {
            "conv_width": 17.837050135889164, 
            "fp_depth": 3.9265645150086574, 
            "fp_length": 17.31197742872022, 
            "h1_size": 72.67713413390345, 
            "log_L2_reg": 0.9310586074290335, 
            "log_init_scale": -3.4399122579134556, 
            "log_step_size": -5.111777602118608
        }
    }, 
    {
        "host_name": "clumsy", 
        "minutes_duration": 29.965352551142374, 
        "timestamp": "2021-08-06 17:45:29.979684", 
        "training_curve": [
            [
                0, 
                4.500431447536744, 
                5.124326126287219
            ], 
            [
                526, 
                0.3657607961466172, 
                0.7998687757841326
            ], 
            [
                1052, 
                0.1465029294892494, 
                0.6583256399754022
            ], 
            [
                1578, 
                0.1818635169399487, 
                0.7015785442719804
            ], 
            [
                2105, 
                0.17733800799804086, 
                0.6685590260378763
            ], 
            [
                2631, 
                0.12997457721027877, 
                0.6370592449024621
            ], 
            [
                3157, 
                0.1300275709341537, 
                0.7592014339452632
            ], 
            [
                3683, 
                0.18541206638405303, 
                0.6799545566301191
            ], 
            [
                4210, 
                0.14148990202174402, 
                0.6479524130173324
            ], 
            [
                4736, 
                0.16131524605537684, 
                0.7820156411341572
            ], 
            [
                5262, 
                0.15358032583877898, 
                0.7882626406896874
            ], 
            [
                5788, 
                0.1677424555129338, 
                0.6868641915428318
            ], 
            [
                6315, 
                0.18439102871402796, 
                0.7832560014685174
            ], 
            [
                6841, 
                0.2732485630436185, 
                0.8125943981964145
            ], 
            [
                7367, 
                0.13844517756568372, 
                0.6841296488260122
            ], 
            [
                7893, 
                0.14714394057047167, 
                0.789673043924908
            ], 
            [
                8420, 
                0.12199160629263243, 
                0.6946666330898672
            ], 
            [
                8946, 
                0.13609499097468528, 
                0.7599175943065198
            ], 
            [
                9472, 
                0.17532928349161297, 
                0.7465541208607995
            ], 
            [
                9999, 
                0.19496514024143405, 
                0.7730146503610649
            ]
        ]
    }
]