[
    {
        "jobnum": 23, 
        "model": {
            "L2_reg": 2.537193648511954, 
            "conv_width": 18, 
            "fp_depth": 4, 
            "fp_length": 28, 
            "h1_size": 73, 
            "net_type": "mean"
        }, 
        "num_records": 20, 
        "task": {
            "name": "delaney", 
            "test_slices": [
                [
                    674, 
                    899
                ]
            ], 
            "train_slices": [
                [
                    0, 
                    224
                ], 
                [
                    224, 
                    449
                ], 
                [
                    449, 
                    674
                ]
            ]
        }, 
        "train": {
            "batch_size": 100, 
            "init_scale": 0.03206749887368721, 
            "num_iters": 10000, 
            "seed": 4, 
            "step_size": 0.006025362700774759
        }, 
        "varied_params": {
            "conv_width": 17.837050135889164, 
            "fp_depth": 3.9265645150086574, 
            "fp_length": 27.807796858481986, 
            "h1_size": 72.67713413390345, 
            "log_L2_reg": 0.9310586074290335, 
            "log_init_scale": -3.4399122579134556, 
            "log_step_size": -5.111777602118608
        }
    }, 
    {
        "host_name": "hefty", 
        "minutes_duration": 0.05397806564966837, 
        "timestamp": "2021-08-06 20:18:35.305287", 
        "training_curve": [
            [
                0, 
                4.308536823103085, 
                4.898078571441695
            ], 
            [
                526, 
                4.308531765776954, 
                4.897472189689462
            ], 
            [
                1052, 
                4.308532010647446, 
                4.897467472840433
            ], 
            [
                1578, 
                4.30853150679791, 
                4.8974772849333466
            ], 
            [
                2105, 
                4.308528620328978, 
                4.897544490384466
            ], 
            [
                2631, 
                4.308526347891179, 
                4.897628759380467
            ], 
            [
                3157, 
                4.308525701261415, 
                4.897676281629519
            ], 
            [
                3683, 
                4.308531805743028, 
                4.897471413305021
            ], 
            [
                4210, 
                4.308531512824997, 
                4.897477165057777
            ], 
            [
                4736, 
                4.308528652969563, 
                4.897543579472086
            ], 
            [
                5262, 
                4.308528622050527, 
                4.8975444422178
            ], 
            [
                5788, 
                4.308526348290733, 
                4.8976287376016865
            ], 
            [
                6315, 
                4.308531806415654, 
                4.897471400260708
            ], 
            [
                6841, 
                4.308532025543283, 
                4.897467188941821
            ], 
            [
                7367, 
                4.308531513179026, 
                4.897477158018272
            ], 
            [
                7893, 
                4.308528653087311, 
                4.897543576194903
            ], 
            [
                8420, 
                4.308526348306059, 
                4.8976287367663485
            ], 
            [
                8946, 
                4.308525701366126, 
                4.897676269884012
            ], 
            [
                9472, 
                4.308531806464185, 
                4.897471399319557
            ], 
            [
                9999, 
                4.308531513193367, 
                4.897477157733136
            ]
        ]
    }
]