[
    {
        "jobnum": 25, 
        "model": {
            "L2_reg": 4.1564042924344236, 
            "conv_width": 5, 
            "fp_depth": 3, 
            "fp_length": 182, 
            "h1_size": 61, 
            "net_type": "morgan_plus_net"
        }, 
        "num_records": 20, 
        "task": {
            "name": "delaney", 
            "test_slices": [
                [
                    674, 
                    899
                ]
            ], 
            "train_slices": [
                [
                    0, 
                    224
                ], 
                [
                    224, 
                    449
                ], 
                [
                    449, 
                    674
                ]
            ]
        }, 
        "train": {
            "batch_size": 100, 
            "init_scale": 0.011266589593491302, 
            "num_iters": 10000, 
            "seed": 4, 
            "step_size": 0.0013353080332717088
        }, 
        "varied_params": {
            "conv_width": 5.477583942969618, 
            "fp_depth": 3.1132432057705985, 
            "fp_length": 182.01170974989606, 
            "h1_size": 61.196234403019005, 
            "log_L2_reg": 1.424650347724727, 
            "log_init_scale": -4.485913605999054, 
            "log_step_size": -6.618593277212389
        }
    }, 
    {
        "host_name": "papaschlumpf", 
        "minutes_duration": 0.7714087168375651, 
        "timestamp": "2021-08-06 20:02:17.196571", 
        "training_curve": [
            [
                0, 
                4.30975726246069, 
                4.902513472081302
            ], 
            [
                526, 
                0.13558477420767273, 
                2.0616636502782564
            ], 
            [
                1052, 
                0.08554935443592898, 
                2.2229273985414797
            ], 
            [
                1578, 
                0.07653383651312787, 
                2.2211434724683863
            ], 
            [
                2105, 
                0.07793264017582308, 
                2.187340468639871
            ], 
            [
                2631, 
                0.08457068690821826, 
                2.212514735076506
            ], 
            [
                3157, 
                0.07927772892660018, 
                2.1675806527439647
            ], 
            [
                3683, 
                0.08494096462614946, 
                2.1631752691280624
            ], 
            [
                4210, 
                0.07981710385337064, 
                2.1494485161746617
            ], 
            [
                4736, 
                0.08504847918964473, 
                2.1331544714566593
            ], 
            [
                5262, 
                0.10237716612176492, 
                2.1874265625160323
            ], 
            [
                5788, 
                0.08411075242348404, 
                2.1350651952976096
            ], 
            [
                6315, 
                0.08612959121804259, 
                2.129584340579933
            ], 
            [
                6841, 
                0.08709688680058117, 
                2.142725679563171
            ], 
            [
                7367, 
                0.08567727144907732, 
                2.1097626118647512
            ], 
            [
                7893, 
                0.09045585058010516, 
                2.1208822901939133
            ], 
            [
                8420, 
                0.08342137038226778, 
                2.110974810898134
            ], 
            [
                8946, 
                0.08462184476433891, 
                2.1121360096058113
            ], 
            [
                9472, 
                0.11875094076202808, 
                2.170886751061865
            ], 
            [
                9999, 
                0.08315705727970643, 
                2.121151833478937
            ]
        ]
    }
]