[
    {
        "jobnum": 25, 
        "model": {
            "L2_reg": 4.1564042924344236, 
            "conv_width": 5, 
            "fp_depth": 3, 
            "fp_length": 182, 
            "h1_size": 61, 
            "net_type": "mean"
        }, 
        "num_records": 20, 
        "task": {
            "name": "delaney", 
            "test_slices": [
                [
                    674, 
                    899
                ]
            ], 
            "train_slices": [
                [
                    0, 
                    224
                ], 
                [
                    224, 
                    449
                ], 
                [
                    449, 
                    674
                ]
            ]
        }, 
        "train": {
            "batch_size": 100, 
            "init_scale": 0.011266589593491302, 
            "num_iters": 10000, 
            "seed": 4, 
            "step_size": 0.0013353080332717088
        }, 
        "varied_params": {
            "conv_width": 5.477583942969618, 
            "fp_depth": 3.1132432057705985, 
            "fp_length": 182.01170974989606, 
            "h1_size": 61.196234403019005, 
            "log_L2_reg": 1.424650347724727, 
            "log_init_scale": -4.485913605999054, 
            "log_step_size": -6.618593277212389
        }
    }, 
    {
        "host_name": "handy", 
        "minutes_duration": 0.053516968091328936, 
        "timestamp": "2021-08-06 20:18:40.725494", 
        "training_curve": [
            [
                0, 
                4.308526894592332, 
                4.897844984569393
            ], 
            [
                526, 
                4.308529230898725, 
                4.89752819427544
            ], 
            [
                1052, 
                4.308529284072449, 
                4.897526842916716
            ], 
            [
                1578, 
                4.308529202224237, 
                4.897528927161057
            ], 
            [
                2105, 
                4.308528647798871, 
                4.897543723446116
            ], 
            [
                2631, 
                4.30852801976681, 
                4.897562223875086
            ], 
            [
                3157, 
                4.30852769841778, 
                4.8975726180789465
            ], 
            [
                3683, 
                4.30852925909625, 
                4.897527476426361
            ], 
            [
                4210, 
                4.308529206613447, 
                4.897528814787597
            ], 
            [
                4736, 
                4.308528653811351, 
                4.89754355604472
            ], 
            [
                5262, 
                4.3085286498481095, 
                4.897543666371971
            ], 
            [
                5788, 
                4.308528020749664, 
                4.897562193166217
            ], 
            [
                6315, 
                4.30852925953328, 
                4.897527465322533
            ], 
            [
                6841, 
                4.308529294161555, 
                4.897526587627106
            ], 
            [
                7367, 
                4.308529206867255, 
                4.89752880829167
            ], 
            [
                7893, 
                4.308528653941855, 
                4.897543552412973
            ], 
            [
                8420, 
                4.308528020787029, 
                4.897562191998875
            ], 
            [
                8946, 
                4.308527698954385, 
                4.897572600092756
            ], 
            [
                9472, 
                4.308529259564804, 
                4.8975274645216125
            ], 
            [
                9999, 
                4.308529206877542, 
                4.897528808028383
            ]
        ]
    }
]