[
    {
        "jobnum": 26, 
        "model": {
            "L2_reg": 4.365409430476897, 
            "conv_width": 13, 
            "fp_depth": 3, 
            "fp_length": 611, 
            "h1_size": 79, 
            "net_type": "morgan_plus_net"
        }, 
        "num_records": 20, 
        "task": {
            "name": "delaney", 
            "test_slices": [
                [
                    674, 
                    899
                ]
            ], 
            "train_slices": [
                [
                    0, 
                    224
                ], 
                [
                    224, 
                    449
                ], 
                [
                    449, 
                    674
                ]
            ]
        }, 
        "train": {
            "batch_size": 100, 
            "init_scale": 0.0072955688785495435, 
            "num_iters": 10000, 
            "seed": 4, 
            "step_size": 0.0008687729757730617
        }, 
        "varied_params": {
            "conv_width": 13.034492045374375, 
            "fp_depth": 2.841897867897688, 
            "fp_length": 610.6292561654076, 
            "h1_size": 78.86142943020837, 
            "log_L2_reg": 1.47371198339835, 
            "log_init_scale": -4.9204881180670785, 
            "log_step_size": -7.0484287145019655
        }
    }, 
    {
        "host_name": "clumsy", 
        "minutes_duration": 2.5174755334854124, 
        "timestamp": "2021-08-06 20:04:07.605921", 
        "training_curve": [
            [
                0, 
                4.308151663188973, 
                4.895413180290262
            ], 
            [
                526, 
                0.06617819206389923, 
                1.6367179652909818
            ], 
            [
                1052, 
                0.0707420041339823, 
                1.6431250269029507
            ], 
            [
                1578, 
                0.08808219241453956, 
                1.6303068680969555
            ], 
            [
                2105, 
                0.10127485326140341, 
                1.622679768258845
            ], 
            [
                2631, 
                0.10562294279172245, 
                1.6238400808362812
            ], 
            [
                3157, 
                0.10783853395782018, 
                1.6253130168775594
            ], 
            [
                3683, 
                0.11468294779575798, 
                1.6140341580839952
            ], 
            [
                4210, 
                0.11312279975037444, 
                1.6329623331557537
            ], 
            [
                4736, 
                0.11832550577840112, 
                1.6163608881326905
            ], 
            [
                5262, 
                0.11627747845525403, 
                1.6042346171533048
            ], 
            [
                5788, 
                0.12304837372904244, 
                1.6087670888665502
            ], 
            [
                6315, 
                0.11862624689134663, 
                1.595253366475001
            ], 
            [
                6841, 
                0.1351889892204775, 
                1.5902896145713339
            ], 
            [
                7367, 
                0.1190762558402728, 
                1.590167802714745
            ], 
            [
                7893, 
                0.1252553906902366, 
                1.5852774305895017
            ], 
            [
                8420, 
                0.14168497877284736, 
                1.5975109160443348
            ], 
            [
                8946, 
                0.11862757886963009, 
                1.5825731976399748
            ], 
            [
                9472, 
                0.12011601969390645, 
                1.5782776004187187
            ], 
            [
                9999, 
                0.12381188953927172, 
                1.5825204455010564
            ]
        ]
    }
]