[
    {
        "jobnum": 27, 
        "model": {
            "L2_reg": 0.013283268965311871, 
            "conv_width": 19, 
            "fp_depth": 2, 
            "fp_length": 761, 
            "h1_size": 66, 
            "net_type": "morgan_plus_net"
        }, 
        "num_records": 20, 
        "task": {
            "name": "malaria", 
            "test_slices": [
                [
                    6000, 
                    8000
                ]
            ], 
            "train_slices": [
                [
                    0, 
                    2000
                ], 
                [
                    2000, 
                    4000
                ], 
                [
                    4000, 
                    6000
                ]
            ]
        }, 
        "train": {
            "batch_size": 100, 
            "init_scale": 0.0190281610906231, 
            "num_iters": 10000, 
            "seed": 4, 
            "step_size": 0.0016497760110958427
        }, 
        "varied_params": {
            "conv_width": 19.165585849759005, 
            "fp_depth": 1.5585790176410086, 
            "fp_length": 761.4672014096818, 
            "h1_size": 65.5972497739801, 
            "log_L2_reg": -4.321250008199023, 
            "log_init_scale": -3.9618352344702683, 
            "log_step_size": -6.407115751135633
        }
    }, 
    {
        "host_name": "papaschlumpf", 
        "minutes_duration": 3.765518351395925, 
        "timestamp": "2021-09-03 19:38:18.304610", 
        "training_curve": [
            [
                0, 
                1.483966929702731, 
                1.5092847594099712
            ], 
            [
                526, 
                0.3134197886208908, 
                1.2247956245594265
            ], 
            [
                1052, 
                0.10992978949809364, 
                1.3332558962613992
            ], 
            [
                1578, 
                0.18695292119318652, 
                1.4810712977192828
            ], 
            [
                2105, 
                0.12377790133771589, 
                1.3425331985099354
            ], 
            [
                2631, 
                0.11861161711319437, 
                1.3742977924239734
            ], 
            [
                3157, 
                0.35639256829852634, 
                1.6678056244263535
            ], 
            [
                3683, 
                0.08765211980323193, 
                1.33776873372906
            ], 
            [
                4210, 
                0.07828847351518461, 
                1.3718148285816345
            ], 
            [
                4736, 
                0.1917360495202221, 
                1.53934914111296
            ], 
            [
                5262, 
                0.37996874237119543, 
                1.630970081883793
            ], 
            [
                5788, 
                0.05766648280185214, 
                1.340363453334366
            ], 
            [
                6315, 
                0.07767661173359071, 
                1.3731019361108492
            ], 
            [
                6841, 
                0.15153564699297561, 
                1.4469148203720332
            ], 
            [
                7367, 
                0.1966573196647756, 
                1.4434763353592683
            ], 
            [
                7893, 
                0.10065071335822647, 
                1.3878413294054224
            ], 
            [
                8420, 
                0.10472381999649236, 
                1.3972448479748236
            ], 
            [
                8946, 
                0.11243402286664286, 
                1.3869158669271353
            ], 
            [
                9472, 
                0.1115895763594652, 
                1.3771998407516013
            ], 
            [
                9999, 
                0.11779976372640613, 
                1.4128304266398508
            ]
        ]
    }
]