[
    {
        "jobnum": 28, 
        "model": {
            "L2_reg": 0.003943184168730902, 
            "conv_width": 10, 
            "fp_depth": 2, 
            "fp_length": 94, 
            "h1_size": 61, 
            "net_type": "conv_plus_net"
        }, 
        "num_records": 20, 
        "task": {
            "name": "delaney", 
            "test_slices": [
                [
                    674, 
                    899
                ]
            ], 
            "train_slices": [
                [
                    0, 
                    224
                ], 
                [
                    224, 
                    449
                ], 
                [
                    449, 
                    674
                ]
            ]
        }, 
        "train": {
            "batch_size": 100, 
            "init_scale": 0.029866812729940385, 
            "num_iters": 10000, 
            "seed": 4, 
            "step_size": 0.0009279116143062864
        }, 
        "varied_params": {
            "conv_width": 9.676938229911539, 
            "fp_depth": 2.3032498766743625, 
            "fp_length": 93.99047074733146, 
            "h1_size": 61.370731398666166, 
            "log_L2_reg": -5.535766717408995, 
            "log_init_scale": -3.5110073571699236, 
            "log_step_size": -6.982574072918428
        }
    }, 
    {
        "host_name": "hefty", 
        "minutes_duration": 28.74582781791687, 
        "timestamp": "2021-08-06 13:23:12.729406", 
        "training_curve": [
            [
                0, 
                4.297545267760108, 
                4.887516548740877
            ], 
            [
                526, 
                0.47184329965834937, 
                0.701227362803213
            ], 
            [
                1052, 
                0.3112288018749887, 
                0.6391325864961609
            ], 
            [
                1578, 
                0.24791447684340764, 
                0.6110440712103258
            ], 
            [
                2105, 
                0.21248142331148212, 
                0.5883748781622558
            ], 
            [
                2631, 
                0.18871906018901607, 
                0.5891150639335592
            ], 
            [
                3157, 
                0.18257441557346504, 
                0.6229239460139326
            ], 
            [
                3683, 
                0.17436040782413217, 
                0.6036724127647306
            ], 
            [
                4210, 
                0.16285007861317194, 
                0.6383211151408876
            ], 
            [
                4736, 
                0.15917834961665114, 
                0.6211889414301959
            ], 
            [
                5262, 
                0.14752361312816065, 
                0.6360626768197866
            ], 
            [
                5788, 
                0.15389501198980648, 
                0.5875877224438303
            ], 
            [
                6315, 
                0.14006012071772328, 
                0.5890587299014648
            ], 
            [
                6841, 
                0.14512353275240886, 
                0.6383038701392295
            ], 
            [
                7367, 
                0.1392355236831795, 
                0.595915342089241
            ], 
            [
                7893, 
                0.136963693808523, 
                0.6527522858139622
            ], 
            [
                8420, 
                0.11992650861532268, 
                0.6265546323900251
            ], 
            [
                8946, 
                0.13055859030154532, 
                0.6713160478676506
            ], 
            [
                9472, 
                0.11558070715213015, 
                0.6472746954156161
            ], 
            [
                9999, 
                0.1176432916658834, 
                0.6933206970258305
            ]
        ]
    }
]