[
    {
        "jobnum": 28, 
        "model": {
            "L2_reg": 0.003943184168730902, 
            "conv_width": 10, 
            "fp_depth": 2, 
            "fp_length": 94, 
            "h1_size": 61, 
            "net_type": "conv_plus_linear"
        }, 
        "num_records": 20, 
        "task": {
            "name": "delaney", 
            "test_slices": [
                [
                    674, 
                    899
                ]
            ], 
            "train_slices": [
                [
                    0, 
                    224
                ], 
                [
                    224, 
                    449
                ], 
                [
                    449, 
                    674
                ]
            ]
        }, 
        "train": {
            "batch_size": 100, 
            "init_scale": 0.029866812729940385, 
            "num_iters": 10000, 
            "seed": 4, 
            "step_size": 0.0009279116143062864
        }, 
        "varied_params": {
            "conv_width": 9.676938229911539, 
            "fp_depth": 2.3032498766743625, 
            "fp_length": 93.99047074733146, 
            "h1_size": 61.370731398666166, 
            "log_L2_reg": -5.535766717408995, 
            "log_init_scale": -3.5110073571699236, 
            "log_step_size": -6.982574072918428
        }
    }, 
    {
        "host_name": "clumsy", 
        "minutes_duration": 23.067123782634734, 
        "timestamp": "2021-08-06 18:08:37.073721", 
        "training_curve": [
            [
                0, 
                4.5081377159401885, 
                5.115750973039726
            ], 
            [
                526, 
                0.7650401908262506, 
                0.967106897455793
            ], 
            [
                1052, 
                0.4538304309665781, 
                0.7423642201620678
            ], 
            [
                1578, 
                0.362079053508935, 
                0.7206556603895977
            ], 
            [
                2105, 
                0.31863648763002406, 
                0.7300762083415654
            ], 
            [
                2631, 
                0.28976443372708205, 
                0.74651247965217
            ], 
            [
                3157, 
                0.26990112515896564, 
                0.7584545772961304
            ], 
            [
                3683, 
                0.25402137309773937, 
                0.7682641534481078
            ], 
            [
                4210, 
                0.2390935122328522, 
                0.7701171073641943
            ], 
            [
                4736, 
                0.2272719733645141, 
                0.7717597234555728
            ], 
            [
                5262, 
                0.21808739990844972, 
                0.7807348392395607
            ], 
            [
                5788, 
                0.208274059421088, 
                0.7927952776215991
            ], 
            [
                6315, 
                0.19967260571367904, 
                0.8021119855474841
            ], 
            [
                6841, 
                0.19533256021131715, 
                0.8308991003826802
            ], 
            [
                7367, 
                0.18482594523419885, 
                0.8188099573976655
            ], 
            [
                7893, 
                0.18215622441237886, 
                0.85029358644189
            ], 
            [
                8420, 
                0.17392197884389396, 
                0.8482987996971764
            ], 
            [
                8946, 
                0.16695422924246991, 
                0.8596682662664025
            ], 
            [
                9472, 
                0.1608594227545596, 
                0.8908791843989353
            ], 
            [
                9999, 
                0.15689353300196926, 
                0.9217716276228288
            ]
        ]
    }
]