[
    {
        "jobnum": 2, 
        "model": {
            "L2_reg": 0.002913929338489009, 
            "conv_width": 17, 
            "fp_depth": 3, 
            "fp_length": 113, 
            "h1_size": 54, 
            "net_type": "conv_plus_linear"
        }, 
        "num_records": 20, 
        "task": {
            "name": "delaney", 
            "test_slices": [
                [
                    674, 
                    899
                ]
            ], 
            "train_slices": [
                [
                    0, 
                    224
                ], 
                [
                    224, 
                    449
                ], 
                [
                    449, 
                    674
                ]
            ]
        }, 
        "train": {
            "batch_size": 100, 
            "init_scale": 0.002700081371236293, 
            "num_iters": 10000, 
            "seed": 4, 
            "step_size": 0.00047533877329982853
        }, 
        "varied_params": {
            "conv_width": 16.67235126424776, 
            "fp_depth": 3.497859536643814, 
            "fp_length": 113.44136060364374, 
            "h1_size": 53.55180290989435, 
            "log_L2_reg": -5.838252820477394, 
            "log_init_scale": -5.914473368931056, 
            "log_step_size": -7.651482801193837
        }
    }, 
    {
        "host_name": "hefty", 
        "minutes_duration": 44.642803068955736, 
        "timestamp": "2021-08-06 15:57:59.870268", 
        "training_curve": [
            [
                0, 
                4.335676883729497, 
                4.92918296871981
            ], 
            [
                526, 
                1.002905022350017, 
                1.248594494968773
            ], 
            [
                1052, 
                0.6273753344554207, 
                0.8925635932576758
            ], 
            [
                1578, 
                0.4532467029909057, 
                0.7603358527500796
            ], 
            [
                2105, 
                0.37030177667618397, 
                0.7102903810981348
            ], 
            [
                2631, 
                0.3249482390895162, 
                0.6918620909179926
            ], 
            [
                3157, 
                0.29377472320069214, 
                0.6855445936697652
            ], 
            [
                3683, 
                0.26966202854803467, 
                0.6773140495551246
            ], 
            [
                4210, 
                0.24705086383707275, 
                0.6749893686192591
            ], 
            [
                4736, 
                0.22775871362986322, 
                0.688401776767129
            ], 
            [
                5262, 
                0.21018643807871384, 
                0.69787261964083
            ], 
            [
                5788, 
                0.19534771730398512, 
                0.7078454166364488
            ], 
            [
                6315, 
                0.18411046831502165, 
                0.7231175525989544
            ], 
            [
                6841, 
                0.17493422117100554, 
                0.7355969768484311
            ], 
            [
                7367, 
                0.1659756971455849, 
                0.7364463316440953
            ], 
            [
                7893, 
                0.15858920255457734, 
                0.7633563285341199
            ], 
            [
                8420, 
                0.1539120847380499, 
                0.8135350620179598
            ], 
            [
                8946, 
                0.14613418613259757, 
                0.8179269286117781
            ], 
            [
                9472, 
                0.14626738600724562, 
                0.8539373063707595
            ], 
            [
                9999, 
                0.13429481457065442, 
                0.8699775000365081
            ]
        ]
    }
]