[
    {
        "jobnum": 2, 
        "model": {
            "L2_reg": 0.002913929338489009, 
            "conv_width": 17, 
            "fp_depth": 3, 
            "fp_length": 893, 
            "h1_size": 54, 
            "net_type": "morgan_plus_linear"
        }, 
        "num_records": 20, 
        "task": {
            "name": "cep", 
            "test_slices": [
                [
                    12000, 
                    16000
                ]
            ], 
            "train_slices": [
                [
                    0, 
                    4000
                ], 
                [
                    4000, 
                    8000
                ], 
                [
                    8000, 
                    12000
                ]
            ]
        }, 
        "train": {
            "batch_size": 100, 
            "init_scale": 0.002700081371236293, 
            "num_iters": 10000, 
            "seed": 4, 
            "step_size": 0.00047533877329982853
        }, 
        "varied_params": {
            "conv_width": 16.67235126424776, 
            "fp_depth": 3.497859536643814, 
            "fp_length": 892.9722454327937, 
            "h1_size": 53.55180290989435, 
            "log_L2_reg": -5.838252820477394, 
            "log_init_scale": -5.914473368931056, 
            "log_step_size": -7.651482801193837
        }
    }, 
    {
        "host_name": "hefty", 
        "minutes_duration": 2.020594914754232, 
        "timestamp": "2021-09-10 06:46:03.814376", 
        "training_curve": [
            [
                0, 
                6.373472580046734, 
                6.542391064373102
            ], 
            [
                526, 
                2.7918641799636363, 
                2.8655147971385415
            ], 
            [
                1052, 
                2.645360107942237, 
                2.7843039598958423
            ], 
            [
                1578, 
                2.5750794638507397, 
                2.744224454466034
            ], 
            [
                2105, 
                2.539759266742198, 
                2.737073087947805
            ], 
            [
                2631, 
                2.515671086734045, 
                2.733086465102456
            ], 
            [
                3157, 
                2.5018724000920574, 
                2.7278655283510487
            ], 
            [
                3683, 
                2.494460205784604, 
                2.7335505757725977
            ], 
            [
                4210, 
                2.4878574936224047, 
                2.733812344194323
            ], 
            [
                4736, 
                2.4803645264423904, 
                2.7372335681845463
            ], 
            [
                5262, 
                2.476982120316485, 
                2.7446011325727726
            ], 
            [
                5788, 
                2.473596419346757, 
                2.7417763981520067
            ], 
            [
                6315, 
                2.47228690620504, 
                2.7421619926910896
            ], 
            [
                6841, 
                2.472515629418519, 
                2.7474698394843666
            ], 
            [
                7367, 
                2.4680126357464247, 
                2.741994798917789
            ], 
            [
                7893, 
                2.4738386219725133, 
                2.7601908013589984
            ], 
            [
                8420, 
                2.4687853750382325, 
                2.7507910738509005
            ], 
            [
                8946, 
                2.468408412807758, 
                2.753929704004112
            ], 
            [
                9472, 
                2.4646221268104624, 
                2.752418771004957
            ], 
            [
                9999, 
                2.4651889108011655, 
                2.746460898499363
            ]
        ]
    }
]