[
    {
        "jobnum": 2, 
        "model": {
            "L2_reg": 0.002913929338489009, 
            "conv_width": 17, 
            "fp_depth": 3, 
            "fp_length": 893, 
            "h1_size": 54, 
            "net_type": "morgan_plus_linear"
        }, 
        "num_records": 20, 
        "task": {
            "name": "malaria", 
            "test_slices": [
                [
                    6000, 
                    8000
                ]
            ], 
            "train_slices": [
                [
                    0, 
                    2000
                ], 
                [
                    2000, 
                    4000
                ], 
                [
                    4000, 
                    6000
                ]
            ]
        }, 
        "train": {
            "batch_size": 100, 
            "init_scale": 0.002700081371236293, 
            "num_iters": 10000, 
            "seed": 4, 
            "step_size": 0.00047533877329982853
        }, 
        "varied_params": {
            "conv_width": 16.67235126424776, 
            "fp_depth": 3.497859536643814, 
            "fp_length": 892.9722454327937, 
            "h1_size": 53.55180290989435, 
            "log_L2_reg": -5.838252820477394, 
            "log_init_scale": -5.914473368931056, 
            "log_step_size": -7.651482801193837
        }
    }, 
    {
        "host_name": "schlaubi", 
        "minutes_duration": 1.9014127532641092, 
        "timestamp": "2021-09-01 22:58:32.588049", 
        "training_curve": [
            [
                0, 
                1.485595667946706, 
                1.513298168993131
            ], 
            [
                526, 
                1.0813742695023814, 
                1.1985246158985092
            ], 
            [
                1052, 
                1.0164431064983477, 
                1.1966974553594827
            ], 
            [
                1578, 
                0.9897921754735456, 
                1.214670991673464
            ], 
            [
                2105, 
                0.9758760926009054, 
                1.2305657351476749
            ], 
            [
                2631, 
                0.967019089935068, 
                1.243049326127963
            ], 
            [
                3157, 
                0.9641044368465692, 
                1.2558031021692713
            ], 
            [
                3683, 
                0.9590025811273982, 
                1.2661894407742298
            ], 
            [
                4210, 
                0.9586746414371802, 
                1.2772712665629398
            ], 
            [
                4736, 
                0.9552762940222496, 
                1.2803227308477112
            ], 
            [
                5262, 
                0.9550000779262184, 
                1.2863750341063505
            ], 
            [
                5788, 
                0.9538663260240083, 
                1.2911097928999846
            ], 
            [
                6315, 
                0.9542947159223971, 
                1.2976336908848949
            ], 
            [
                6841, 
                0.9529976129542386, 
                1.2989846884476706
            ], 
            [
                7367, 
                0.9526670646714095, 
                1.301039070552175
            ], 
            [
                7893, 
                0.9538195687090323, 
                1.3036883074612282
            ], 
            [
                8420, 
                0.9527057574600776, 
                1.306856843859772
            ], 
            [
                8946, 
                0.9531864311275601, 
                1.3092047240024918
            ], 
            [
                9472, 
                0.9519730542844551, 
                1.3082322859120281
            ], 
            [
                9999, 
                0.9537792641232118, 
                1.3103235706209098
            ]
        ]
    }
]