[
    {
        "jobnum": 2, 
        "model": {
            "L2_reg": 0.002913929338489009, 
            "conv_width": 17, 
            "fp_depth": 3, 
            "fp_length": 113, 
            "h1_size": 54, 
            "net_type": "conv_plus_net"
        }, 
        "num_records": 20, 
        "task": {
            "name": "delaney", 
            "test_slices": [
                [
                    674, 
                    899
                ]
            ], 
            "train_slices": [
                [
                    0, 
                    224
                ], 
                [
                    224, 
                    449
                ], 
                [
                    449, 
                    674
                ]
            ]
        }, 
        "train": {
            "batch_size": 100, 
            "init_scale": 0.002700081371236293, 
            "num_iters": 10000, 
            "seed": 4, 
            "step_size": 0.00047533877329982853
        }, 
        "varied_params": {
            "conv_width": 16.67235126424776, 
            "fp_depth": 3.497859536643814, 
            "fp_length": 113.44136060364374, 
            "h1_size": 53.55180290989435, 
            "log_L2_reg": -5.838252820477394, 
            "log_init_scale": -5.914473368931056, 
            "log_step_size": -7.651482801193837
        }
    }, 
    {
        "host_name": "papaschlumpf", 
        "minutes_duration": 33.61839720010757, 
        "timestamp": "2021-08-06 11:02:08.268124", 
        "training_curve": [
            [
                0, 
                4.308736874877455, 
                4.89847695230778
            ], 
            [
                526, 
                0.5664515085163234, 
                0.7742511568409123
            ], 
            [
                1052, 
                0.3471439464385444, 
                0.6738260208484965
            ], 
            [
                1578, 
                0.28038805766371977, 
                0.668046947926096
            ], 
            [
                2105, 
                0.24918694073478062, 
                0.6314932296124979
            ], 
            [
                2631, 
                0.22921460860405868, 
                0.6137671388832353
            ], 
            [
                3157, 
                0.21889925704472446, 
                0.6231989344089516
            ], 
            [
                3683, 
                0.20895895605026657, 
                0.6271258029164015
            ], 
            [
                4210, 
                0.19295655651125612, 
                0.6350113414079013
            ], 
            [
                4736, 
                0.19005679744023124, 
                0.650419722417943
            ], 
            [
                5262, 
                0.1880656440351467, 
                0.6285114805612285
            ], 
            [
                5788, 
                0.16569294524180178, 
                0.6380273781857385
            ], 
            [
                6315, 
                0.15495274528226274, 
                0.6440466719662687
            ], 
            [
                6841, 
                0.15736485021856753, 
                0.6612668895063407
            ], 
            [
                7367, 
                0.16408835941575184, 
                0.6877065998389468
            ], 
            [
                7893, 
                0.15097130647664522, 
                0.6886064807490097
            ], 
            [
                8420, 
                0.15432006387941566, 
                0.6503711071692084
            ], 
            [
                8946, 
                0.14772041915122372, 
                0.7453847505821268
            ], 
            [
                9472, 
                0.14619666422532826, 
                0.7280536017528084
            ], 
            [
                9999, 
                0.13680342345109528, 
                0.7419154236023258
            ]
        ]
    }
]