[
    {
        "jobnum": 30, 
        "model": {
            "L2_reg": 0.49888764185923123, 
            "conv_width": 5, 
            "fp_depth": 2, 
            "fp_length": 780, 
            "h1_size": 100, 
            "net_type": "morgan_plus_net"
        }, 
        "num_records": 20, 
        "task": {
            "name": "delaney", 
            "test_slices": [
                [
                    674, 
                    899
                ]
            ], 
            "train_slices": [
                [
                    0, 
                    224
                ], 
                [
                    224, 
                    449
                ], 
                [
                    449, 
                    674
                ]
            ]
        }, 
        "train": {
            "batch_size": 100, 
            "init_scale": 0.037625675473512116, 
            "num_iters": 10000, 
            "seed": 4, 
            "step_size": 0.0007987903297989221
        }, 
        "varied_params": {
            "conv_width": 5.30976499198593, 
            "fp_depth": 1.789967130211452, 
            "fp_length": 780.4456830668306, 
            "h1_size": 99.51694736983521, 
            "log_L2_reg": -0.6953743751991937, 
            "log_init_scale": -3.2800686032898714, 
            "log_step_size": -7.132412062406104
        }
    }, 
    {
        "host_name": "clumsy", 
        "minutes_duration": 5.807392466068268, 
        "timestamp": "2021-08-06 20:09:58.742762", 
        "training_curve": [
            [
                0, 
                4.3210843607434715, 
                4.890122752008161
            ], 
            [
                526, 
                0.08506508121034151, 
                1.5468863190143418
            ], 
            [
                1052, 
                0.10451535498999108, 
                1.8383776870490687
            ], 
            [
                1578, 
                0.18059090120093504, 
                2.0199633546720634
            ], 
            [
                2105, 
                0.2423687241666937, 
                2.1230024735864985
            ], 
            [
                2631, 
                0.26208961705965816, 
                2.1500327626103974
            ], 
            [
                3157, 
                0.2660654874729053, 
                2.142976710248988
            ], 
            [
                3683, 
                0.26656765540124167, 
                2.1391731890067236
            ], 
            [
                4210, 
                0.25564267951040676, 
                2.1065967192635227
            ], 
            [
                4736, 
                0.25667797049282076, 
                2.0956464404843618
            ], 
            [
                5262, 
                0.2478413845303734, 
                2.0717008534564485
            ], 
            [
                5788, 
                0.24112642675667376, 
                2.063208148313586
            ], 
            [
                6315, 
                0.24804232819203673, 
                2.0354773582578014
            ], 
            [
                6841, 
                0.23063547039617854, 
                2.0284633745066736
            ], 
            [
                7367, 
                0.230692643844148, 
                2.0067032713873085
            ], 
            [
                7893, 
                0.2246923505448783, 
                1.9991954954232145
            ], 
            [
                8420, 
                0.21989354047993614, 
                1.9825820017771225
            ], 
            [
                8946, 
                0.21754712397581968, 
                1.9695233675228307
            ], 
            [
                9472, 
                0.2112627750639277, 
                1.959017200617305
            ], 
            [
                9999, 
                0.21761186076409378, 
                1.955273104486784
            ]
        ]
    }
]