[
    {
        "jobnum": 32, 
        "model": {
            "L2_reg": 0.6064737765383194, 
            "conv_width": 19, 
            "fp_depth": 2, 
            "fp_length": 753, 
            "h1_size": 59, 
            "net_type": "morgan_plus_linear"
        }, 
        "num_records": 20, 
        "task": {
            "name": "cep", 
            "test_slices": [
                [
                    12000, 
                    16000
                ]
            ], 
            "train_slices": [
                [
                    0, 
                    4000
                ], 
                [
                    4000, 
                    8000
                ], 
                [
                    8000, 
                    12000
                ]
            ]
        }, 
        "train": {
            "batch_size": 100, 
            "init_scale": 0.04900825280898925, 
            "num_iters": 10000, 
            "seed": 4, 
            "step_size": 0.015163965262588588
        }, 
        "varied_params": {
            "conv_width": 19.210558857333865, 
            "fp_depth": 1.6465230313406753, 
            "fp_length": 752.7026532243191, 
            "h1_size": 59.28179721529761, 
            "log_L2_reg": -0.5000937888974777, 
            "log_init_scale": -3.0157665703801033, 
            "log_step_size": -4.188833372112222
        }
    }, 
    {
        "host_name": "schlumpfine", 
        "minutes_duration": 1.9209859848022461, 
        "timestamp": "2021-09-10 07:01:27.883620", 
        "training_curve": [
            [
                0, 
                6.897023676751771, 
                7.019655388924404
            ], 
            [
                526, 
                2.785610299095908, 
                2.865596843975652
            ], 
            [
                1052, 
                2.6342682540890903, 
                2.809960109300996
            ], 
            [
                1578, 
                2.663021575530481, 
                2.7767281085507984
            ], 
            [
                2105, 
                2.6310297495758825, 
                2.8150205635192815
            ], 
            [
                2631, 
                2.741358506505042, 
                2.86252124993515
            ], 
            [
                3157, 
                2.6454012665027853, 
                2.767768301293213
            ], 
            [
                3683, 
                2.658149535848111, 
                2.8099800629480023
            ], 
            [
                4210, 
                2.6225306588335404, 
                2.7082838572067898
            ], 
            [
                4736, 
                2.6539388577207257, 
                2.828013440253518
            ], 
            [
                5262, 
                2.634123269194957, 
                2.7723018493396547
            ], 
            [
                5788, 
                2.634366267599381, 
                2.8060068276449055
            ], 
            [
                6315, 
                2.7302798786092137, 
                2.8439222492997813
            ], 
            [
                6841, 
                2.6275796555071027, 
                2.7528422278244307
            ], 
            [
                7367, 
                2.641370986415844, 
                2.752986834889274
            ], 
            [
                7893, 
                2.6110289261291872, 
                2.776030097046085
            ], 
            [
                8420, 
                2.683952554979292, 
                2.8121464391452236
            ], 
            [
                8946, 
                2.7099615775302275, 
                2.9099793912899194
            ], 
            [
                9472, 
                2.877977319726837, 
                3.0132147853826865
            ], 
            [
                9999, 
                2.631031890813699, 
                2.7477040417131953
            ]
        ]
    }
]