[
    {
        "jobnum": 32, 
        "model": {
            "L2_reg": 0.6064737765383194, 
            "conv_width": 19, 
            "fp_depth": 2, 
            "fp_length": 753, 
            "h1_size": 59, 
            "net_type": "morgan_plus_linear"
        }, 
        "num_records": 20, 
        "task": {
            "name": "delaney", 
            "test_slices": [
                [
                    674, 
                    899
                ]
            ], 
            "train_slices": [
                [
                    0, 
                    224
                ], 
                [
                    224, 
                    449
                ], 
                [
                    449, 
                    674
                ]
            ]
        }, 
        "train": {
            "batch_size": 100, 
            "init_scale": 0.04900825280898925, 
            "num_iters": 10000, 
            "seed": 4, 
            "step_size": 0.015163965262588588
        }, 
        "varied_params": {
            "conv_width": 19.210558857333865, 
            "fp_depth": 1.6465230313406753, 
            "fp_length": 752.7026532243191, 
            "h1_size": 59.28179721529761, 
            "log_L2_reg": -0.5000937888974777, 
            "log_init_scale": -3.0157665703801033, 
            "log_step_size": -4.188833372112222
        }
    }, 
    {
        "host_name": "hefty", 
        "minutes_duration": 0.36924238204956056, 
        "timestamp": "2021-08-06 15:11:54.436956", 
        "training_curve": [
            [
                0, 
                4.858540863238468, 
                5.4368465970847
            ], 
            [
                526, 
                0.20800558868814586, 
                2.4645444239017293
            ], 
            [
                1052, 
                0.1998710181737029, 
                2.4695431665637075
            ], 
            [
                1578, 
                0.19877548910017342, 
                2.4574691988720994
            ], 
            [
                2105, 
                0.1982026181065231, 
                2.441926802619743
            ], 
            [
                2631, 
                0.8495653605785309, 
                2.8713383099756187
            ], 
            [
                3157, 
                0.1977897462469456, 
                2.437940316099022
            ], 
            [
                3683, 
                0.1978962595768648, 
                2.4407005561616746
            ], 
            [
                4210, 
                0.3805309309744223, 
                2.58317319987068
            ], 
            [
                4736, 
                0.19779164557879847, 
                2.441643965630858
            ], 
            [
                5262, 
                0.19770855332634604, 
                2.436073837515324
            ], 
            [
                5788, 
                0.2993048924214767, 
                2.502044913735408
            ], 
            [
                6315, 
                0.19776486841026863, 
                2.4408883440635565
            ], 
            [
                6841, 
                0.19775971641508566, 
                2.4434311289306665
            ], 
            [
                7367, 
                0.2000895486747396, 
                2.44751811573612
            ], 
            [
                7893, 
                0.19780088406662832, 
                2.44103401289825
            ], 
            [
                8420, 
                0.1976094655033051, 
                2.4337983976752002
            ], 
            [
                8946, 
                0.1975905495887841, 
                2.4381204229732494
            ], 
            [
                9472, 
                0.19778255627261168, 
                2.439843571429674
            ], 
            [
                9999, 
                0.6757290519528072, 
                2.84154812466339
            ]
        ]
    }
]