[
    {
        "jobnum": 33, 
        "model": {
            "L2_reg": 0.003043648692201047, 
            "conv_width": 11, 
            "fp_depth": 2, 
            "fp_length": 393, 
            "h1_size": 61, 
            "net_type": "morgan_plus_net"
        }, 
        "num_records": 20, 
        "task": {
            "name": "delaney", 
            "test_slices": [
                [
                    674, 
                    899
                ]
            ], 
            "train_slices": [
                [
                    0, 
                    224
                ], 
                [
                    224, 
                    449
                ], 
                [
                    449, 
                    674
                ]
            ]
        }, 
        "train": {
            "batch_size": 100, 
            "init_scale": 0.021188394054711204, 
            "num_iters": 10000, 
            "seed": 4, 
            "step_size": 0.002665943782512829
        }, 
        "varied_params": {
            "conv_width": 11.370282031272595, 
            "fp_depth": 1.6224102263233282, 
            "fp_length": 393.16334017689934, 
            "h1_size": 60.6655988683741, 
            "log_L2_reg": -5.794698255563747, 
            "log_init_scale": -3.854301697459243, 
            "log_step_size": -5.927197144277347
        }
    }, 
    {
        "host_name": "papaschlumpf", 
        "minutes_duration": 1.1857831676801045, 
        "timestamp": "2021-08-06 20:07:28.924564", 
        "training_curve": [
            [
                0, 
                4.30979813046146, 
                4.895045779774783
            ], 
            [
                526, 
                0.09524192017844191, 
                1.855420324511516
            ], 
            [
                1052, 
                0.15821358648062, 
                2.102687139625807
            ], 
            [
                1578, 
                0.18122755086759554, 
                2.220829001170992
            ], 
            [
                2105, 
                0.20333168200636068, 
                2.285663584998428
            ], 
            [
                2631, 
                0.1991610754379593, 
                2.251146519188821
            ], 
            [
                3157, 
                0.19852595272906504, 
                2.2439565257973104
            ], 
            [
                3683, 
                0.20022087643449865, 
                2.2085913561264223
            ], 
            [
                4210, 
                0.19057752633642686, 
                2.1842252506414352
            ], 
            [
                4736, 
                0.1842830514330091, 
                2.136595709203135
            ], 
            [
                5262, 
                0.17997962141400412, 
                2.1075079089336417
            ], 
            [
                5788, 
                0.1761648560405611, 
                2.1082723034917947
            ], 
            [
                6315, 
                0.16992135444966394, 
                2.084160026474471
            ], 
            [
                6841, 
                0.18034329657913434, 
                2.0726189603866167
            ], 
            [
                7367, 
                0.16897467480994507, 
                2.056038499127395
            ], 
            [
                7893, 
                0.16357434938485654, 
                2.0363764749267705
            ], 
            [
                8420, 
                0.16091184024588656, 
                2.0242911945562327
            ], 
            [
                8946, 
                0.1613159955965142, 
                2.0176788568617376
            ], 
            [
                9472, 
                0.15939449416428442, 
                2.0129271251713354
            ], 
            [
                9999, 
                0.15567369281855253, 
                1.9992367325487925
            ]
        ]
    }
]