[
    {
        "jobnum": 34, 
        "model": {
            "L2_reg": 2.486422293646347, 
            "conv_width": 13, 
            "fp_depth": 1, 
            "fp_length": 149, 
            "h1_size": 64, 
            "net_type": "morgan_plus_linear"
        }, 
        "num_records": 20, 
        "task": {
            "name": "delaney", 
            "test_slices": [
                [
                    674, 
                    899
                ]
            ], 
            "train_slices": [
                [
                    0, 
                    224
                ], 
                [
                    224, 
                    449
                ], 
                [
                    449, 
                    674
                ]
            ]
        }, 
        "train": {
            "batch_size": 100, 
            "init_scale": 0.00769304407897736, 
            "num_iters": 10000, 
            "seed": 4, 
            "step_size": 0.0035074618800669663
        }, 
        "varied_params": {
            "conv_width": 12.760686607311712, 
            "fp_depth": 1.3525955678860992, 
            "fp_length": 149.12465119591454, 
            "h1_size": 63.88143531473659, 
            "log_L2_reg": 0.9108448473858513, 
            "log_init_scale": -4.867438724770375, 
            "log_step_size": -5.652862614167325
        }
    }, 
    {
        "host_name": "clumsy", 
        "minutes_duration": 0.23203045129776, 
        "timestamp": "2021-08-06 15:11:51.886875", 
        "training_curve": [
            [
                0, 
                4.311881444820466, 
                4.901138498150673
            ], 
            [
                526, 
                1.621290298574904, 
                2.2204000857590986
            ], 
            [
                1052, 
                1.6004836095836112, 
                2.215691409486336
            ], 
            [
                1578, 
                1.5986184415217526, 
                2.216037386544038
            ], 
            [
                2105, 
                1.5981300855401077, 
                2.212916858526108
            ], 
            [
                2631, 
                1.5982361776385952, 
                2.2136186656328407
            ], 
            [
                3157, 
                1.5985038095796626, 
                2.213972854714019
            ], 
            [
                3683, 
                1.5985639012984718, 
                2.215388696144949
            ], 
            [
                4210, 
                1.5983787460831524, 
                2.216177787446684
            ], 
            [
                4736, 
                1.5982353568633638, 
                2.214298554531674
            ], 
            [
                5262, 
                1.5980887062072386, 
                2.2129030740576106
            ], 
            [
                5788, 
                1.5982280390475156, 
                2.213616313184968
            ], 
            [
                6315, 
                1.5985635546561199, 
                2.2153880763537757
            ], 
            [
                6841, 
                1.5984888992578914, 
                2.2162842910171774
            ], 
            [
                7367, 
                1.5983779347820115, 
                2.2161794282818756
            ], 
            [
                7893, 
                1.5982344772329122, 
                2.21429734970573
            ], 
            [
                8420, 
                1.5982278443160483, 
                2.213616146538764
            ], 
            [
                8946, 
                1.598502445112774, 
                2.213969863223306
            ], 
            [
                9472, 
                1.5985635335409765, 
                2.2153880321607713
            ], 
            [
                9999, 
                1.5983779024335327, 
                2.2161794942922652
            ]
        ]
    }
]