[
    {
        "jobnum": 34, 
        "model": {
            "L2_reg": 2.486422293646347, 
            "conv_width": 13, 
            "fp_depth": 1, 
            "fp_length": 31, 
            "h1_size": 64, 
            "net_type": "conv_plus_linear"
        }, 
        "num_records": 20, 
        "task": {
            "name": "delaney", 
            "test_slices": [
                [
                    674, 
                    899
                ]
            ], 
            "train_slices": [
                [
                    0, 
                    224
                ], 
                [
                    224, 
                    449
                ], 
                [
                    449, 
                    674
                ]
            ]
        }, 
        "train": {
            "batch_size": 100, 
            "init_scale": 0.00769304407897736, 
            "num_iters": 10000, 
            "seed": 4, 
            "step_size": 0.0035074618800669663
        }, 
        "varied_params": {
            "conv_width": 12.760686607311712, 
            "fp_depth": 1.3525955678860992, 
            "fp_length": 30.79162791065717, 
            "h1_size": 63.88143531473659, 
            "log_L2_reg": 0.9108448473858513, 
            "log_init_scale": -4.867438724770375, 
            "log_step_size": -5.652862614167325
        }
    }, 
    {
        "host_name": "clumsy", 
        "minutes_duration": 11.694021431605021, 
        "timestamp": "2021-08-06 18:40:41.548291", 
        "training_curve": [
            [
                0, 
                4.262288552380294, 
                4.837117306174791
            ], 
            [
                526, 
                0.5208003666459066, 
                0.7667899126695561
            ], 
            [
                1052, 
                0.3796792225569194, 
                0.7479915253011427
            ], 
            [
                1578, 
                0.32836573494648585, 
                0.8516248925910422
            ], 
            [
                2105, 
                0.33217578746508836, 
                0.903546525499774
            ], 
            [
                2631, 
                0.2899614718739536, 
                0.8690661725178594
            ], 
            [
                3157, 
                0.2840600165641062, 
                0.9082700830683806
            ], 
            [
                3683, 
                0.2788296132319533, 
                0.8776916126859908
            ], 
            [
                4210, 
                0.2718928785962048, 
                0.8743787419494662
            ], 
            [
                4736, 
                0.2664511887463006, 
                0.8776588211923307
            ], 
            [
                5262, 
                0.2658060731694832, 
                0.9008261406136525
            ], 
            [
                5788, 
                0.2665544486367107, 
                0.8906058248664305
            ], 
            [
                6315, 
                0.26913384773122967, 
                0.8819048787261701
            ], 
            [
                6841, 
                0.26687490604784714, 
                0.9273401689992744
            ], 
            [
                7367, 
                0.2591414058395358, 
                0.8941312764613722
            ], 
            [
                7893, 
                0.26176527665891447, 
                0.9074809233596807
            ], 
            [
                8420, 
                0.2541356320435404, 
                0.8854261023845379
            ], 
            [
                8946, 
                0.2674273109347823, 
                0.941768995943321
            ], 
            [
                9472, 
                0.260939837551213, 
                0.9364683091546357
            ], 
            [
                9999, 
                0.2652980202180562, 
                0.9319308610961723
            ]
        ]
    }
]