[
    {
        "jobnum": 35, 
        "model": {
            "L2_reg": 0.010740202768968962, 
            "conv_width": 12, 
            "fp_depth": 1, 
            "fp_length": 56, 
            "h1_size": 70, 
            "net_type": "conv_plus_linear"
        }, 
        "num_records": 20, 
        "task": {
            "name": "delaney", 
            "test_slices": [
                [
                    674, 
                    899
                ]
            ], 
            "train_slices": [
                [
                    0, 
                    224
                ], 
                [
                    224, 
                    449
                ], 
                [
                    449, 
                    674
                ]
            ]
        }, 
        "train": {
            "batch_size": 100, 
            "init_scale": 0.0031456718683447325, 
            "num_iters": 10000, 
            "seed": 4, 
            "step_size": 0.0032201905229250023
        }, 
        "varied_params": {
            "conv_width": 12.320844209734318, 
            "fp_depth": 1.4345432780301317, 
            "fp_length": 55.82862663919503, 
            "h1_size": 69.80298514036468, 
            "log_L2_reg": -4.533761310287371, 
            "log_init_scale": -5.761727781011253, 
            "log_step_size": -5.738314752565964
        }
    }, 
    {
        "host_name": "schlaubi", 
        "minutes_duration": 15.06953972975413, 
        "timestamp": "2021-08-06 18:44:10.751818", 
        "training_curve": [
            [
                0, 
                4.308362076799635, 
                4.897543408750599
            ], 
            [
                526, 
                0.4568159229756715, 
                0.7851848963585859
            ], 
            [
                1052, 
                0.35540242166903224, 
                0.720139118014306
            ], 
            [
                1578, 
                0.3334982913719718, 
                0.7231807028859848
            ], 
            [
                2105, 
                0.3019318860027018, 
                0.7256353531756705
            ], 
            [
                2631, 
                0.2879853028711881, 
                0.7435156486352869
            ], 
            [
                3157, 
                0.2887491580896477, 
                0.770051450992809
            ], 
            [
                3683, 
                0.26847642659528415, 
                0.7635211481343749
            ], 
            [
                4210, 
                0.2607190183260043, 
                0.7668676548356618
            ], 
            [
                4736, 
                0.25665151687959425, 
                0.7650662654803649
            ], 
            [
                5262, 
                0.34147165561564735, 
                0.7822544204242947
            ], 
            [
                5788, 
                0.24616044850037838, 
                0.7962361667884464
            ], 
            [
                6315, 
                0.24216143849121366, 
                0.8374536444879016
            ], 
            [
                6841, 
                0.2751712997830454, 
                0.9304531105824523
            ], 
            [
                7367, 
                0.24500274218834592, 
                0.8357170984221381
            ], 
            [
                7893, 
                0.24579891871381548, 
                0.8495318864882698
            ], 
            [
                8420, 
                0.23243055670947255, 
                0.9183365138166303
            ], 
            [
                8946, 
                0.2514425330030706, 
                0.8880123468073324
            ], 
            [
                9472, 
                0.24018835789407977, 
                0.9230461012250277
            ], 
            [
                9999, 
                0.23151336769216066, 
                0.9909866916943095
            ]
        ]
    }
]