[
    {
        "jobnum": 36, 
        "model": {
            "L2_reg": 3.4204014183300524, 
            "conv_width": 13, 
            "fp_depth": 1, 
            "fp_length": 605, 
            "h1_size": 88, 
            "net_type": "mean"
        }, 
        "num_records": 20, 
        "task": {
            "name": "delaney", 
            "test_slices": [
                [
                    674, 
                    899
                ]
            ], 
            "train_slices": [
                [
                    0, 
                    224
                ], 
                [
                    224, 
                    449
                ], 
                [
                    449, 
                    674
                ]
            ]
        }, 
        "train": {
            "batch_size": 100, 
            "init_scale": 0.002886399174221437, 
            "num_iters": 10000, 
            "seed": 4, 
            "step_size": 0.006702025260349436
        }, 
        "varied_params": {
            "conv_width": 13.282887048836098, 
            "fp_depth": 1.2502673063260556, 
            "fp_length": 605.1518775074151, 
            "h1_size": 88.26626269034827, 
            "log_L2_reg": 1.2297579179674676, 
            "log_init_scale": -5.847745514188916, 
            "log_step_size": -5.00534552059781
        }
    }, 
    {
        "host_name": "hefty", 
        "minutes_duration": 0.05432140032450358, 
        "timestamp": "2021-08-06 20:19:02.053261", 
        "training_curve": [
            [
                0, 
                4.308525588198341, 
                4.897753571553939
            ], 
            [
                526, 
                4.308532185290401, 
                4.897464165515252
            ], 
            [
                1052, 
                4.30853246715451, 
                4.897458922205366
            ], 
            [
                1578, 
                4.308531887120512, 
                4.897469840412567
            ], 
            [
                2105, 
                4.3085286150562, 
                4.897544637995456
            ], 
            [
                2631, 
                4.308526178975905, 
                4.897638485531807
            ], 
            [
                3157, 
                4.3085255885773295, 
                4.897691436845696
            ], 
            [
                3683, 
                4.3085322277381986, 
                4.897463368544554
            ], 
            [
                4210, 
                4.308531893461318, 
                4.8974697182987486
            ], 
            [
                4736, 
                4.308528653203136, 
                4.8975435729713
            ], 
            [
                5262, 
                4.308528616745944, 
                4.89754459067715
            ], 
            [
                5788, 
                4.3085261793140255, 
                4.897638464907597
            ], 
            [
                6315, 
                4.3085322284537515, 
                4.897463355132558
            ], 
            [
                6841, 
                4.308532482987807, 
                4.897458631014334
            ], 
            [
                7367, 
                4.308531893833783, 
                4.897469711127632
            ], 
            [
                7893, 
                4.308528653319939, 
                4.897543569720508
            ], 
            [
                8420, 
                4.308526179327013, 
                4.897638464115448
            ], 
            [
                8946, 
                4.308525588642253, 
                4.897691425956515
            ], 
            [
                9472, 
                4.308532228505366, 
                4.89746335416514
            ], 
            [
                9999, 
                4.308531893848865, 
                4.897469710837271
            ]
        ]
    }
]