[
    {
        "jobnum": 36, 
        "model": {
            "L2_reg": 3.4204014183300524, 
            "conv_width": 13, 
            "fp_depth": 1, 
            "fp_length": 605, 
            "h1_size": 88, 
            "net_type": "morgan_plus_linear"
        }, 
        "num_records": 20, 
        "task": {
            "name": "malaria", 
            "test_slices": [
                [
                    6000, 
                    8000
                ]
            ], 
            "train_slices": [
                [
                    0, 
                    2000
                ], 
                [
                    2000, 
                    4000
                ], 
                [
                    4000, 
                    6000
                ]
            ]
        }, 
        "train": {
            "batch_size": 100, 
            "init_scale": 0.002886399174221437, 
            "num_iters": 10000, 
            "seed": 4, 
            "step_size": 0.006702025260349436
        }, 
        "varied_params": {
            "conv_width": 13.282887048836098, 
            "fp_depth": 1.2502673063260556, 
            "fp_length": 605.1518775074151, 
            "h1_size": 88.26626269034827, 
            "log_L2_reg": 1.2297579179674676, 
            "log_init_scale": -5.847745514188916, 
            "log_step_size": -5.00534552059781
        }
    }, 
    {
        "host_name": "papaschlumpf", 
        "minutes_duration": 1.010931917031606, 
        "timestamp": "2021-09-03 11:35:30.706409", 
        "training_curve": [
            [
                0, 
                1.4896813674402962, 
                1.518466294237413
            ], 
            [
                526, 
                1.0493203532765594, 
                1.1750575617017645
            ], 
            [
                1052, 
                1.0548057100573807, 
                1.1789023951232076
            ], 
            [
                1578, 
                1.0467443452871386, 
                1.1805948155622894
            ], 
            [
                2105, 
                1.053488346347236, 
                1.1850095316102318
            ], 
            [
                2631, 
                1.0526508808983226, 
                1.1776888876093872
            ], 
            [
                3157, 
                1.045763256421408, 
                1.1717056775895134
            ], 
            [
                3683, 
                1.0498171712613025, 
                1.1873293813038945
            ], 
            [
                4210, 
                1.0488236422665889, 
                1.1756102080067392
            ], 
            [
                4736, 
                1.0493702202226425, 
                1.173602944640858
            ], 
            [
                5262, 
                1.057761986722343, 
                1.1925229141476117
            ], 
            [
                5788, 
                1.0523366157671945, 
                1.1838997363472126
            ], 
            [
                6315, 
                1.051288691166424, 
                1.1794424536308104
            ], 
            [
                6841, 
                1.075034148113056, 
                1.21220631537352
            ], 
            [
                7367, 
                1.0481539395418276, 
                1.1760753323298716
            ], 
            [
                7893, 
                1.0499179228579922, 
                1.1754660780385189
            ], 
            [
                8420, 
                1.049076171425093, 
                1.1857924908945652
            ], 
            [
                8946, 
                1.0473431821848325, 
                1.1776358054704095
            ], 
            [
                9472, 
                1.052146808242162, 
                1.1775214179848237
            ], 
            [
                9999, 
                1.0471233525099526, 
                1.1767412639381571
            ]
        ]
    }
]