[
    {
        "jobnum": 38, 
        "model": {
            "L2_reg": 0.004134628195343046, 
            "conv_width": 20, 
            "fp_depth": 2, 
            "fp_length": 900, 
            "h1_size": 64, 
            "net_type": "morgan_plus_net"
        }, 
        "num_records": 20, 
        "task": {
            "name": "malaria", 
            "test_slices": [
                [
                    6000, 
                    8000
                ]
            ], 
            "train_slices": [
                [
                    0, 
                    2000
                ], 
                [
                    2000, 
                    4000
                ], 
                [
                    4000, 
                    6000
                ]
            ]
        }, 
        "train": {
            "batch_size": 100, 
            "init_scale": 0.03499200026945039, 
            "num_iters": 10000, 
            "seed": 4, 
            "step_size": 0.003502216114611105
        }, 
        "varied_params": {
            "conv_width": 19.662427096166702, 
            "fp_depth": 2.4568827878038686, 
            "fp_length": 899.5172872791235, 
            "h1_size": 64.08650528769745, 
            "log_L2_reg": -5.488357871032151, 
            "log_init_scale": -3.3526358073473825, 
            "log_step_size": -5.654359335254693
        }
    }, 
    {
        "host_name": "schlaubi", 
        "minutes_duration": 5.453715848922729, 
        "timestamp": "2021-09-03 19:47:38.349531", 
        "training_curve": [
            [
                0, 
                1.488423422890744, 
                1.5185937591392262
            ], 
            [
                526, 
                0.18644164333288227, 
                1.3142085369691872
            ], 
            [
                1052, 
                0.2405170831538475, 
                1.370909034021139
            ], 
            [
                1578, 
                0.2857824568063514, 
                1.595504342840383
            ], 
            [
                2105, 
                0.2652385998253553, 
                1.4882835021966858
            ], 
            [
                2631, 
                0.143979751701755, 
                1.4198827131042047
            ], 
            [
                3157, 
                0.1451900318841112, 
                1.413325045923532
            ], 
            [
                3683, 
                0.13160716017083918, 
                1.3633144683036917
            ], 
            [
                4210, 
                0.13066704516176758, 
                1.4042388521463565
            ], 
            [
                4736, 
                0.10594001486531424, 
                1.3103578825520208
            ], 
            [
                5262, 
                0.14429004629315495, 
                1.3631336583204328
            ], 
            [
                5788, 
                0.17246766003465633, 
                1.3995488648430616
            ], 
            [
                6315, 
                0.14078003572789638, 
                1.385004303686252
            ], 
            [
                6841, 
                0.2465676503691548, 
                1.4127968567275615
            ], 
            [
                7367, 
                0.30430513822005617, 
                1.582894051724447
            ], 
            [
                7893, 
                0.21388251244545703, 
                1.4630150686274488
            ], 
            [
                8420, 
                0.10437164924409965, 
                1.3670957914973842
            ], 
            [
                8946, 
                0.11504014871664216, 
                1.4038503872461983
            ], 
            [
                9472, 
                0.15766267199475553, 
                1.4419386125936704
            ], 
            [
                9999, 
                0.2874579990826453, 
                1.5366125413366685
            ]
        ]
    }
]