[
    {
        "jobnum": 38, 
        "model": {
            "L2_reg": 0.004134628195343046, 
            "conv_width": 20, 
            "fp_depth": 2, 
            "fp_length": 900, 
            "h1_size": 64, 
            "net_type": "morgan_plus_linear"
        }, 
        "num_records": 20, 
        "task": {
            "name": "delaney", 
            "test_slices": [
                [
                    674, 
                    899
                ]
            ], 
            "train_slices": [
                [
                    0, 
                    224
                ], 
                [
                    224, 
                    449
                ], 
                [
                    449, 
                    674
                ]
            ]
        }, 
        "train": {
            "batch_size": 100, 
            "init_scale": 0.03499200026945039, 
            "num_iters": 10000, 
            "seed": 4, 
            "step_size": 0.003502216114611105
        }, 
        "varied_params": {
            "conv_width": 19.662427096166702, 
            "fp_depth": 2.4568827878038686, 
            "fp_length": 899.5172872791235, 
            "h1_size": 64.08650528769745, 
            "log_L2_reg": -5.488357871032151, 
            "log_init_scale": -3.3526358073473825, 
            "log_step_size": -5.654359335254693
        }
    }, 
    {
        "host_name": "schlaubi", 
        "minutes_duration": 0.48702139854431153, 
        "timestamp": "2021-08-06 15:12:30.318098", 
        "training_curve": [
            [
                0, 
                4.442002806347449, 
                4.94868048073415
            ], 
            [
                526, 
                0.27409201478442463, 
                2.1308394380297204
            ], 
            [
                1052, 
                0.1630095980242003, 
                2.689484661404438
            ], 
            [
                1578, 
                0.12141120597430943, 
                3.3626666162160346
            ], 
            [
                2105, 
                0.10005782805052774, 
                4.070443002475155
            ], 
            [
                2631, 
                0.08742879462151316, 
                4.763770996663511
            ], 
            [
                3157, 
                0.07914257563266114, 
                5.435453259194504
            ], 
            [
                3683, 
                0.08696152930373362, 
                6.062333277892345
            ], 
            [
                4210, 
                0.0701519531164017, 
                6.567751019958389
            ], 
            [
                4736, 
                0.06755364671175872, 
                7.057193216217952
            ], 
            [
                5262, 
                0.06578889476489909, 
                7.453964423741778
            ], 
            [
                5788, 
                0.06440474916187805, 
                7.828904313081971
            ], 
            [
                6315, 
                0.06342606741791025, 
                8.147378468817086
            ], 
            [
                6841, 
                0.06261439915641867, 
                8.455333085368293
            ], 
            [
                7367, 
                0.06199712489938772, 
                8.716968932534126
            ], 
            [
                7893, 
                0.06145980818027488, 
                8.974224096749312
            ], 
            [
                8420, 
                0.06097519594878059, 
                9.182459089068058
            ], 
            [
                8946, 
                0.06087531746588051, 
                9.390820407377003
            ], 
            [
                9472, 
                0.06028288254474199, 
                9.58435839052276
            ], 
            [
                9999, 
                0.09534772405496991, 
                9.701660855812715
            ]
        ]
    }
]