[
    {
        "jobnum": 38, 
        "model": {
            "L2_reg": 0.004134628195343046, 
            "conv_width": 20, 
            "fp_depth": 2, 
            "fp_length": 900, 
            "h1_size": 64, 
            "net_type": "morgan_plus_linear"
        }, 
        "num_records": 20, 
        "task": {
            "name": "cep", 
            "test_slices": [
                [
                    12000, 
                    16000
                ]
            ], 
            "train_slices": [
                [
                    0, 
                    4000
                ], 
                [
                    4000, 
                    8000
                ], 
                [
                    8000, 
                    12000
                ]
            ]
        }, 
        "train": {
            "batch_size": 100, 
            "init_scale": 0.03499200026945039, 
            "num_iters": 10000, 
            "seed": 4, 
            "step_size": 0.003502216114611105
        }, 
        "varied_params": {
            "conv_width": 19.662427096166702, 
            "fp_depth": 2.4568827878038686, 
            "fp_length": 899.5172872791235, 
            "h1_size": 64.08650528769745, 
            "log_L2_reg": -5.488357871032151, 
            "log_init_scale": -3.3526358073473825, 
            "log_step_size": -5.654359335254693
        }
    }, 
    {
        "host_name": "hefty", 
        "minutes_duration": 2.0133564352989195, 
        "timestamp": "2021-09-10 07:04:33.819434", 
        "training_curve": [
            [
                0, 
                7.258897589709757, 
                7.327438553865495
            ], 
            [
                526, 
                2.439491360415504, 
                2.5506384570222007
            ], 
            [
                1052, 
                2.353309639475685, 
                2.54532789963286
            ], 
            [
                1578, 
                2.383749333907995, 
                2.5734268590352625
            ], 
            [
                2105, 
                2.348296131461313, 
                2.5751575661038864
            ], 
            [
                2631, 
                2.3209237377105345, 
                2.5393348285729536
            ], 
            [
                3157, 
                2.3266471511838995, 
                2.5365038813405354
            ], 
            [
                3683, 
                2.3216881213426364, 
                2.556810474154129
            ], 
            [
                4210, 
                2.3173223774601306, 
                2.5347209812369664
            ], 
            [
                4736, 
                2.3197876186634465, 
                2.563056808936683
            ], 
            [
                5262, 
                2.2961329426994648, 
                2.5359660558054276
            ], 
            [
                5788, 
                2.3222473624195334, 
                2.544648998392279
            ], 
            [
                6315, 
                2.307615191480655, 
                2.552247668357159
            ], 
            [
                6841, 
                2.3160664553861694, 
                2.5584887926966924
            ], 
            [
                7367, 
                2.3118552839578266, 
                2.543794400667076
            ], 
            [
                7893, 
                2.2938344201167515, 
                2.5434124381447196
            ], 
            [
                8420, 
                2.298485880716834, 
                2.5260254090997334
            ], 
            [
                8946, 
                2.3270121927082856, 
                2.5857710681328836
            ], 
            [
                9472, 
                2.3154421646038483, 
                2.5542080797525033
            ], 
            [
                9999, 
                2.323415363084301, 
                2.5449557475721303
            ]
        ]
    }
]