[
    {
        "jobnum": 39, 
        "model": {
            "L2_reg": 4.9261146767779325, 
            "conv_width": 17, 
            "fp_depth": 4, 
            "fp_length": 651, 
            "h1_size": 98, 
            "net_type": "mean"
        }, 
        "num_records": 20, 
        "task": {
            "name": "delaney", 
            "test_slices": [
                [
                    674, 
                    899
                ]
            ], 
            "train_slices": [
                [
                    0, 
                    224
                ], 
                [
                    224, 
                    449
                ], 
                [
                    449, 
                    674
                ]
            ]
        }, 
        "train": {
            "batch_size": 100, 
            "init_scale": 0.004098427700521392, 
            "num_iters": 10000, 
            "seed": 4, 
            "step_size": 0.0008475222256352551
        }, 
        "varied_params": {
            "conv_width": 16.988038810285875, 
            "fp_depth": 3.824133114119496, 
            "fp_length": 651.4915203617254, 
            "h1_size": 98.07850772707494, 
            "log_L2_reg": 1.5945505793254515, 
            "log_init_scale": -5.497151866499788, 
            "log_step_size": -7.073193494115182
        }
    }, 
    {
        "host_name": "hefty", 
        "minutes_duration": 0.0562404195467631, 
        "timestamp": "2021-08-06 20:19:07.558025", 
        "training_curve": [
            [
                0, 
                4.308525681446575, 
                4.897766696939888
            ], 
            [
                526, 
                4.3085290058463706, 
                4.897534027541028
            ], 
            [
                1052, 
                4.308529043246784, 
                4.897533044957503
            ], 
            [
                1578, 
                4.308528995202812, 
                4.897534308160886
            ], 
            [
                2105, 
                4.308528649649338, 
                4.897543671907214
            ], 
            [
                2631, 
                4.308528243275999, 
                4.89755539262584
            ], 
            [
                3157, 
                4.308528027725247, 
                4.897561975393949
            ], 
            [
                3683, 
                4.30852903206854, 
                4.897533338066447
            ], 
            [
                4210, 
                4.308528999679699, 
                4.89753419007281
            ], 
            [
                4736, 
                4.308528654141053, 
                4.897543546869795
            ], 
            [
                5262, 
                4.3085286518365855, 
                4.8975436110085235
            ], 
            [
                5788, 
                4.308528244381613, 
                4.8975553595626815
            ], 
            [
                6315, 
                4.308529032501193, 
                4.897533326712756
            ], 
            [
                6841, 
                4.308529053625584, 
                4.89753277324008
            ], 
            [
                7367, 
                4.308528999934076, 
                4.89753418336539
            ], 
            [
                7893, 
                4.3085286542783665, 
                4.897543543048813
            ], 
            [
                8420, 
                4.308528244423436, 
                4.897555358312065
            ], 
            [
                8946, 
                4.308528028347823, 
                4.897561955972692
            ], 
            [
                9472, 
                4.308529032532354, 
                4.8975333258950515
            ], 
            [
                9999, 
                4.308528999944378, 
                4.897534183093768
            ]
        ]
    }
]