[
    {
        "jobnum": 3, 
        "model": {
            "L2_reg": 1.2766422771624293, 
            "conv_width": 15, 
            "fp_depth": 1, 
            "fp_length": 161, 
            "h1_size": 90, 
            "net_type": "mean"
        }, 
        "num_records": 20, 
        "task": {
            "name": "delaney", 
            "test_slices": [
                [
                    674, 
                    899
                ]
            ], 
            "train_slices": [
                [
                    0, 
                    224
                ], 
                [
                    224, 
                    449
                ], 
                [
                    449, 
                    674
                ]
            ]
        }, 
        "train": {
            "batch_size": 100, 
            "init_scale": 0.0030928086020533207, 
            "num_iters": 10000, 
            "seed": 4, 
            "step_size": 0.0021247894773660262
        }, 
        "varied_params": {
            "conv_width": 14.598815319912857, 
            "fp_depth": 1.3548232776067997, 
            "fp_length": 160.50011370831876, 
            "h1_size": 89.95792821083617, 
            "log_L2_reg": 0.2442334102916437, 
            "log_init_scale": -5.778675668198336, 
            "log_step_size": -6.154082550988273
        }
    }, 
    {
        "host_name": "schlaubi", 
        "minutes_duration": 0.05075303316116333, 
        "timestamp": "2021-08-06 20:17:38.214458", 
        "training_curve": [
            [
                0, 
                4.3085256017922795, 
                4.897755804531358
            ], 
            [
                526, 
                4.308529612675046, 
                4.897518702241844
            ], 
            [
                1052, 
                4.308529690208002, 
                4.897516831313427
            ], 
            [
                1578, 
                4.308529550035837, 
                4.897520227214131
            ], 
            [
                2105, 
                4.308528644317994, 
                4.897543820437428
            ], 
            [
                2631, 
                4.308527677627756, 
                4.897573316676973
            ], 
            [
                3157, 
                4.308527213848436, 
                4.897589899209715
            ], 
            [
                3683, 
                4.3085296416045145, 
                4.8975180020234115
            ], 
            [
                4210, 
                4.308529554569923, 
                4.89752011642028
            ], 
            [
                4736, 
                4.308528653370104, 
                4.8975435683244175
            ], 
            [
                5262, 
                4.30852864626712, 
                4.897543766120062
            ], 
            [
                5788, 
                4.308527678477573, 
                4.8975732880539224
            ], 
            [
                6315, 
                4.308529642068945, 
                4.897517990802958
            ], 
            [
                6841, 
                4.308529700710251, 
                4.897516579276092
            ], 
            [
                7367, 
                4.30852955483445, 
                4.897520109958391
            ], 
            [
                7893, 
                4.3085286534959915, 
                4.897543564820952
            ], 
            [
                8420, 
                4.308527678509973, 
                4.897573286962746
            ], 
            [
                8946, 
                4.308527214285024, 
                4.897589882581783
            ], 
            [
                9472, 
                4.30852964210247, 
                4.897517989993036
            ], 
            [
                9999, 
                4.308529554845175, 
                4.897520109696387
            ]
        ]
    }
]