[
    {
        "jobnum": 3, 
        "model": {
            "L2_reg": 1.2766422771624293, 
            "conv_width": 15, 
            "fp_depth": 1, 
            "fp_length": 32, 
            "h1_size": 90, 
            "net_type": "conv_plus_net"
        }, 
        "num_records": 20, 
        "task": {
            "name": "cep", 
            "test_slices": [
                [
                    12000, 
                    16000
                ]
            ], 
            "train_slices": [
                [
                    0, 
                    4000
                ], 
                [
                    4000, 
                    8000
                ], 
                [
                    8000, 
                    12000
                ]
            ]
        }, 
        "train": {
            "batch_size": 100, 
            "init_scale": 0.0030928086020533207, 
            "num_iters": 10000, 
            "seed": 4, 
            "step_size": 0.0021247894773660262
        }, 
        "varied_params": {
            "conv_width": 14.598815319912857, 
            "fp_depth": 1.3548232776067997, 
            "fp_length": 32.0555681898132, 
            "h1_size": 89.95792821083617, 
            "log_L2_reg": 0.2442334102916437, 
            "log_init_scale": -5.778675668198336, 
            "log_step_size": -6.154082550988273
        }
    }, 
    {
        "host_name": "schlaubi", 
        "minutes_duration": 21.479585365454355, 
        "timestamp": "2021-09-09 23:04:12.292050", 
        "training_curve": [
            [
                0, 
                6.370699281723215, 
                6.533762161306764
            ], 
            [
                526, 
                2.914724139853437, 
                2.887552198004038
            ], 
            [
                1052, 
                2.6929502956209492, 
                2.72439975274351
            ], 
            [
                1578, 
                2.5731991418856532, 
                2.6063260522164966
            ], 
            [
                2105, 
                2.4029364729606257, 
                2.4403330737918445
            ], 
            [
                2631, 
                2.3307013799475196, 
                2.363988307696626
            ], 
            [
                3157, 
                2.3370206800244864, 
                2.4081116224706434
            ], 
            [
                3683, 
                2.2456647034873343, 
                2.2884790061955624
            ], 
            [
                4210, 
                2.2620241905574225, 
                2.3266068537576525
            ], 
            [
                4736, 
                2.1902594095604018, 
                2.285049052601058
            ], 
            [
                5262, 
                2.1659254909179504, 
                2.292042629640018
            ], 
            [
                5788, 
                2.075928918997449, 
                2.182596410019993
            ], 
            [
                6315, 
                2.0450704774442827, 
                2.149922179746135
            ], 
            [
                6841, 
                2.017792124875498, 
                2.129362565681803
            ], 
            [
                7367, 
                2.007117717870478, 
                2.1537624962097244
            ], 
            [
                7893, 
                1.977866808880072, 
                2.1270482979842016
            ], 
            [
                8420, 
                1.962385302340861, 
                2.08229376965901
            ], 
            [
                8946, 
                1.937530407916498, 
                2.07345871302484
            ], 
            [
                9472, 
                1.9258581328520266, 
                2.0476553833788333
            ], 
            [
                9999, 
                1.9310525175767144, 
                2.0606624630246153
            ]
        ]
    }
]