[
    {
        "jobnum": 40, 
        "model": {
            "L2_reg": 0.347501441890816, 
            "conv_width": 10, 
            "fp_depth": 1, 
            "fp_length": 33, 
            "h1_size": 65, 
            "net_type": "conv_plus_linear"
        }, 
        "num_records": 20, 
        "task": {
            "name": "delaney", 
            "test_slices": [
                [
                    674, 
                    899
                ]
            ], 
            "train_slices": [
                [
                    0, 
                    224
                ], 
                [
                    224, 
                    449
                ], 
                [
                    449, 
                    674
                ]
            ]
        }, 
        "train": {
            "batch_size": 100, 
            "init_scale": 0.002665622782230825, 
            "num_iters": 10000, 
            "seed": 4, 
            "step_size": 0.010009448533327012
        }, 
        "varied_params": {
            "conv_width": 10.208502768983294, 
            "fp_depth": 1.0397105732766985, 
            "fp_length": 32.591776426194485, 
            "h1_size": 64.65101422538984, 
            "log_L2_reg": -1.0569864646598095, 
            "log_init_scale": -5.927317559273012, 
            "log_step_size": -4.604225778748328
        }
    }, 
    {
        "host_name": "schlaubi", 
        "minutes_duration": 14.152720900376638, 
        "timestamp": "2021-08-06 18:58:23.552568", 
        "training_curve": [
            [
                0, 
                4.277934923861537, 
                4.8623870953459845
            ], 
            [
                526, 
                0.38780959863717857, 
                0.6718986573406003
            ], 
            [
                1052, 
                0.32015444953531574, 
                0.6766365349299276
            ], 
            [
                1578, 
                0.28862178998564936, 
                0.6936152920052292
            ], 
            [
                2105, 
                0.26690152479506996, 
                0.7801976769056577
            ], 
            [
                2631, 
                0.281505802665713, 
                0.9168527412445764
            ], 
            [
                3157, 
                0.29859989817518706, 
                0.8499820454275588
            ], 
            [
                3683, 
                0.37656958157212295, 
                1.1299383608147917
            ], 
            [
                4210, 
                0.2710550643261905, 
                1.013893699817912
            ], 
            [
                4736, 
                0.23699791848064503, 
                0.9823679829421533
            ], 
            [
                5262, 
                0.2666236193594294, 
                1.1043342321079608
            ], 
            [
                5788, 
                0.3410878164451097, 
                0.9846586427153592
            ], 
            [
                6315, 
                0.33881932591995517, 
                1.0326307256548781
            ], 
            [
                6841, 
                0.27837046041263547, 
                1.074648483491426
            ], 
            [
                7367, 
                0.2919761642322077, 
                1.283333607954156
            ], 
            [
                7893, 
                0.2849601019086135, 
                1.302434286760302
            ], 
            [
                8420, 
                0.3109570915370616, 
                1.0513163949929945
            ], 
            [
                8946, 
                0.30022655288442285, 
                1.0782584593540117
            ], 
            [
                9472, 
                0.30266847888806797, 
                1.099612137820348
            ], 
            [
                9999, 
                0.2651653538852371, 
                1.1436182195628943
            ]
        ]
    }
]