[
    {
        "jobnum": 40, 
        "model": {
            "L2_reg": 0.347501441890816, 
            "conv_width": 10, 
            "fp_depth": 1, 
            "fp_length": 165, 
            "h1_size": 65, 
            "net_type": "morgan_plus_linear"
        }, 
        "num_records": 20, 
        "task": {
            "name": "delaney", 
            "test_slices": [
                [
                    674, 
                    899
                ]
            ], 
            "train_slices": [
                [
                    0, 
                    224
                ], 
                [
                    224, 
                    449
                ], 
                [
                    449, 
                    674
                ]
            ]
        }, 
        "train": {
            "batch_size": 100, 
            "init_scale": 0.002665622782230825, 
            "num_iters": 10000, 
            "seed": 4, 
            "step_size": 0.010009448533327012
        }, 
        "varied_params": {
            "conv_width": 10.208502768983294, 
            "fp_depth": 1.0397105732766985, 
            "fp_length": 165.32598783575034, 
            "h1_size": 64.65101422538984, 
            "log_L2_reg": -1.0569864646598095, 
            "log_init_scale": -5.927317559273012, 
            "log_step_size": -4.604225778748328
        }
    }, 
    {
        "host_name": "hefty", 
        "minutes_duration": 0.23908604780832926, 
        "timestamp": "2021-08-06 15:12:34.534915", 
        "training_curve": [
            [
                0, 
                4.314650510411947, 
                4.8989651720176735
            ], 
            [
                526, 
                1.5421027877344795, 
                2.6046690141604043
            ], 
            [
                1052, 
                1.5396260622414182, 
                2.6359320453728103
            ], 
            [
                1578, 
                1.539527915762121, 
                2.637487359003635
            ], 
            [
                2105, 
                1.5388725589481158, 
                2.63729070083421
            ], 
            [
                2631, 
                1.538854891244414, 
                2.637648784339094
            ], 
            [
                3157, 
                1.5389569543543518, 
                2.6358419810439906
            ], 
            [
                3683, 
                1.5392042545487363, 
                2.635187120969149
            ], 
            [
                4210, 
                1.53953145518852, 
                2.6376869376007126
            ], 
            [
                4736, 
                1.5391021258378472, 
                2.636773395414055
            ], 
            [
                5262, 
                1.5388739674623362, 
                2.6373415231491717
            ], 
            [
                5788, 
                1.5388577637881637, 
                2.637695419372393
            ], 
            [
                6315, 
                1.539204727236783, 
                2.635199205186494
            ], 
            [
                6841, 
                1.539528315431883, 
                2.6377852892862577
            ], 
            [
                7367, 
                1.5395321548875713, 
                2.6376928065530056
            ], 
            [
                7893, 
                1.5391022434206851, 
                2.6367746768694804
            ], 
            [
                8420, 
                1.5388578832871689, 
                2.6376969699857766
            ], 
            [
                8946, 
                1.538957451356901, 
                2.6358658459447475
            ], 
            [
                9472, 
                1.5392047627242917, 
                2.635200017815733
            ], 
            [
                9999, 
                1.5395321796443482, 
                2.6376930299814263
            ]
        ]
    }
]