[
    {
        "jobnum": 42, 
        "model": {
            "L2_reg": 0.005422251607555463, 
            "conv_width": 20, 
            "fp_depth": 4, 
            "fp_length": 985, 
            "h1_size": 76, 
            "net_type": "morgan_plus_net"
        }, 
        "num_records": 20, 
        "task": {
            "name": "delaney", 
            "test_slices": [
                [
                    674, 
                    899
                ]
            ], 
            "train_slices": [
                [
                    0, 
                    224
                ], 
                [
                    224, 
                    449
                ], 
                [
                    449, 
                    674
                ]
            ]
        }, 
        "train": {
            "batch_size": 100, 
            "init_scale": 0.003602158618800242, 
            "num_iters": 10000, 
            "seed": 4, 
            "step_size": 0.0008228539084001822
        }, 
        "varied_params": {
            "conv_width": 19.593792335346954, 
            "fp_depth": 3.58657455226505, 
            "fp_length": 984.5213353275042, 
            "h1_size": 75.5659491273228, 
            "log_L2_reg": -5.217244124047728, 
            "log_init_scale": -5.626221996884716, 
            "log_step_size": -7.102731884101043
        }
    }, 
    {
        "host_name": "handy", 
        "minutes_duration": 3.702490015824636, 
        "timestamp": "2021-08-06 20:15:34.535016", 
        "training_curve": [
            [
                0, 
                4.3088891267731615, 
                4.898990425821892
            ], 
            [
                526, 
                0.0433994785698055, 
                1.5168703299092634
            ], 
            [
                1052, 
                0.04762374562390682, 
                1.564412054705596
            ], 
            [
                1578, 
                0.049519772409452364, 
                1.5838380687287317
            ], 
            [
                2105, 
                0.050065542651151394, 
                1.5925659100301344
            ], 
            [
                2631, 
                0.04920817720707981, 
                1.5946316865025487
            ], 
            [
                3157, 
                0.04937023856094133, 
                1.593598279584807
            ], 
            [
                3683, 
                0.04889390652875044, 
                1.590901608262837
            ], 
            [
                4210, 
                0.048691906816691166, 
                1.5941927146733856
            ], 
            [
                4736, 
                0.04838262229862392, 
                1.5921875354586215
            ], 
            [
                5262, 
                0.04883192458288929, 
                1.5911024330408634
            ], 
            [
                5788, 
                0.04789422854682182, 
                1.5852598304436798
            ], 
            [
                6315, 
                0.04780561448413167, 
                1.5807102333812628
            ], 
            [
                6841, 
                0.04740946378996333, 
                1.583400153545166
            ], 
            [
                7367, 
                0.046917228753882975, 
                1.577542519364213
            ], 
            [
                7893, 
                0.046856916365232315, 
                1.5745009751106838
            ], 
            [
                8420, 
                0.04678287528906633, 
                1.565596316293583
            ], 
            [
                8946, 
                0.04606786054452559, 
                1.5596655861327104
            ], 
            [
                9472, 
                0.04596670341464459, 
                1.5593534142388696
            ], 
            [
                9999, 
                0.044961443382763575, 
                1.5551468166586353
            ]
        ]
    }
]