[
    {
        "jobnum": 42, 
        "model": {
            "L2_reg": 0.005422251607555463, 
            "conv_width": 20, 
            "fp_depth": 4, 
            "fp_length": 124, 
            "h1_size": 76, 
            "net_type": "conv_plus_linear"
        }, 
        "num_records": 20, 
        "task": {
            "name": "delaney", 
            "test_slices": [
                [
                    674, 
                    899
                ]
            ], 
            "train_slices": [
                [
                    0, 
                    224
                ], 
                [
                    224, 
                    449
                ], 
                [
                    449, 
                    674
                ]
            ]
        }, 
        "train": {
            "batch_size": 100, 
            "init_scale": 0.003602158618800242, 
            "num_iters": 10000, 
            "seed": 4, 
            "step_size": 0.0008228539084001822
        }, 
        "varied_params": {
            "conv_width": 19.593792335346954, 
            "fp_depth": 3.58657455226505, 
            "fp_length": 123.61348170305602, 
            "h1_size": 75.5659491273228, 
            "log_L2_reg": -5.217244124047728, 
            "log_init_scale": -5.626221996884716, 
            "log_step_size": -7.102731884101043
        }
    }, 
    {
        "host_name": "handy", 
        "minutes_duration": 55.151259982585906, 
        "timestamp": "2021-08-06 19:47:34.893086", 
        "training_curve": [
            [
                0, 
                4.337497379200091, 
                4.930918418443006
            ], 
            [
                526, 
                0.702572510058931, 
                1.0329010931222418
            ], 
            [
                1052, 
                0.38271830305530935, 
                0.7617776368945791
            ], 
            [
                1578, 
                0.2827479628606072, 
                0.7117973051729102
            ], 
            [
                2105, 
                0.2420012054363064, 
                0.7080393698506808
            ], 
            [
                2631, 
                0.20021621480998128, 
                0.7148083508158274
            ], 
            [
                3157, 
                0.19734898875649454, 
                0.7710773920159532
            ], 
            [
                3683, 
                0.17202810824531253, 
                0.8027634779528575
            ], 
            [
                4210, 
                0.17354733716915663, 
                0.8249537993926184
            ], 
            [
                4736, 
                0.163037849106445, 
                0.8709774148269868
            ], 
            [
                5262, 
                0.15571699324727625, 
                0.9078966540367738
            ], 
            [
                5788, 
                0.15884602315952398, 
                0.9031031508117187
            ], 
            [
                6315, 
                0.15433392272963936, 
                0.8759067124868825
            ], 
            [
                6841, 
                0.15490234298420458, 
                0.9233640037447509
            ], 
            [
                7367, 
                0.14385266995723847, 
                0.9224857517390767
            ], 
            [
                7893, 
                0.14078509575438056, 
                0.9258122000038435
            ], 
            [
                8420, 
                0.14856355199854884, 
                0.9127366278762783
            ], 
            [
                8946, 
                0.1375575264738932, 
                0.9646569005593728
            ], 
            [
                9472, 
                0.14514096214322894, 
                0.9400829336828285
            ], 
            [
                9999, 
                0.13932408618104505, 
                0.9748866763794816
            ]
        ]
    }
]