[
    {
        "jobnum": 42, 
        "model": {
            "L2_reg": 0.005422251607555463, 
            "conv_width": 20, 
            "fp_depth": 4, 
            "fp_length": 124, 
            "h1_size": 76, 
            "net_type": "conv_plus_net"
        }, 
        "num_records": 20, 
        "task": {
            "name": "cep", 
            "test_slices": [
                [
                    12000, 
                    16000
                ]
            ], 
            "train_slices": [
                [
                    0, 
                    4000
                ], 
                [
                    4000, 
                    8000
                ], 
                [
                    8000, 
                    12000
                ]
            ]
        }, 
        "train": {
            "batch_size": 100, 
            "init_scale": 0.003602158618800242, 
            "num_iters": 10000, 
            "seed": 4, 
            "step_size": 0.0008228539084001822
        }, 
        "varied_params": {
            "conv_width": 19.593792335346954, 
            "fp_depth": 3.58657455226505, 
            "fp_length": 123.61348170305602, 
            "h1_size": 75.5659491273228, 
            "log_L2_reg": -5.217244124047728, 
            "log_init_scale": -5.626221996884716, 
            "log_step_size": -7.102731884101043
        }
    }, 
    {
        "host_name": "schlumpfine", 
        "minutes_duration": 93.29727441867193, 
        "timestamp": "2021-09-10 06:43:46.915407", 
        "training_curve": [
            [
                0, 
                6.370124367271618, 
                6.535381603945332
            ], 
            [
                526, 
                3.059949491629652, 
                3.0378830632060922
            ], 
            [
                1052, 
                2.8739206972779177, 
                2.8405182949788106
            ], 
            [
                1578, 
                2.73150030689864, 
                2.715307793445209
            ], 
            [
                2105, 
                2.6467942148401913, 
                2.657786519959086
            ], 
            [
                2631, 
                2.6006322874168206, 
                2.629809362028177
            ], 
            [
                3157, 
                2.5308446681291845, 
                2.5683622666459645
            ], 
            [
                3683, 
                2.4642573093706677, 
                2.508932424889694
            ], 
            [
                4210, 
                2.416091729358302, 
                2.463423110717463
            ], 
            [
                4736, 
                2.3501379535895612, 
                2.415734318196289
            ], 
            [
                5262, 
                2.2580055042366753, 
                2.3259042762078854
            ], 
            [
                5788, 
                2.175836670723846, 
                2.231438066939236
            ], 
            [
                6315, 
                2.039687252626067, 
                2.0923873196334792
            ], 
            [
                6841, 
                1.9624054028125228, 
                2.0484487886908544
            ], 
            [
                7367, 
                1.9020095990969499, 
                2.005026630005638
            ], 
            [
                7893, 
                1.8489915971259179, 
                1.9575120697054837
            ], 
            [
                8420, 
                1.77503170537197, 
                1.8820435524559225
            ], 
            [
                8946, 
                1.7188417329571506, 
                1.8140796449991958
            ], 
            [
                9472, 
                1.6661053012462508, 
                1.7831650086908173
            ], 
            [
                9999, 
                1.6116178678034858, 
                1.7338387460038889
            ]
        ]
    }
]