[
    {
        "jobnum": 43, 
        "model": {
            "L2_reg": 0.004742509371469441, 
            "conv_width": 8, 
            "fp_depth": 2, 
            "fp_length": 31, 
            "h1_size": 89, 
            "net_type": "conv_plus_net"
        }, 
        "num_records": 20, 
        "task": {
            "name": "delaney", 
            "test_slices": [
                [
                    674, 
                    899
                ]
            ], 
            "train_slices": [
                [
                    0, 
                    224
                ], 
                [
                    224, 
                    449
                ], 
                [
                    449, 
                    674
                ]
            ]
        }, 
        "train": {
            "batch_size": 100, 
            "init_scale": 0.10929455225786909, 
            "num_iters": 10000, 
            "seed": 4, 
            "step_size": 0.0012716762182269788
        }, 
        "varied_params": {
            "conv_width": 8.48351213256414, 
            "fp_depth": 2.221723514241422, 
            "fp_length": 30.838615092894095, 
            "h1_size": 88.70236663493193, 
            "log_L2_reg": -5.351188880096026, 
            "log_init_scale": -2.213708727147301, 
            "log_step_size": -6.667419391885432
        }
    }, 
    {
        "host_name": "papaschlumpf", 
        "minutes_duration": 13.233028467496236, 
        "timestamp": "2021-08-06 14:26:29.427570", 
        "training_curve": [
            [
                0, 
                5.118269186363775, 
                5.815780708085037
            ], 
            [
                526, 
                0.3138023646650223, 
                0.6269634652666777
            ], 
            [
                1052, 
                0.20114305246757697, 
                0.5924245346032793
            ], 
            [
                1578, 
                0.16555715015350891, 
                0.6320020806669547
            ], 
            [
                2105, 
                0.14730368593852228, 
                0.6255230423883988
            ], 
            [
                2631, 
                0.12917704318671766, 
                0.6391278847857056
            ], 
            [
                3157, 
                0.1298304549398305, 
                0.6819074003688715
            ], 
            [
                3683, 
                0.1141282889762441, 
                0.6595831118581001
            ], 
            [
                4210, 
                0.1123178466380785, 
                0.6402731691376226
            ], 
            [
                4736, 
                0.10727587094553222, 
                0.6430331370304612
            ], 
            [
                5262, 
                0.10299312434166642, 
                0.6772691520724344
            ], 
            [
                5788, 
                0.09968138149278953, 
                0.6968310832458857
            ], 
            [
                6315, 
                0.10896251218006503, 
                0.6878287816948239
            ], 
            [
                6841, 
                0.09215134960401249, 
                0.7348927795999508
            ], 
            [
                7367, 
                0.08580183648391569, 
                0.7069150062802749
            ], 
            [
                7893, 
                0.08695747493199874, 
                0.7157926049919308
            ], 
            [
                8420, 
                0.08262373424739541, 
                0.7153119681387865
            ], 
            [
                8946, 
                0.09665614166810663, 
                0.758142564821061
            ], 
            [
                9472, 
                0.085116018981156, 
                0.7484442656237669
            ], 
            [
                9999, 
                0.08923437762606799, 
                0.7360810310493628
            ]
        ]
    }
]