[
    {
        "jobnum": 43, 
        "model": {
            "L2_reg": 0.004742509371469441, 
            "conv_width": 8, 
            "fp_depth": 2, 
            "fp_length": 31, 
            "h1_size": 89, 
            "net_type": "conv_plus_linear"
        }, 
        "num_records": 20, 
        "task": {
            "name": "cep", 
            "test_slices": [
                [
                    12000, 
                    16000
                ]
            ], 
            "train_slices": [
                [
                    0, 
                    4000
                ], 
                [
                    4000, 
                    8000
                ], 
                [
                    8000, 
                    12000
                ]
            ]
        }, 
        "train": {
            "batch_size": 100, 
            "init_scale": 0.10929455225786909, 
            "num_iters": 10000, 
            "seed": 4, 
            "step_size": 0.0012716762182269788
        }, 
        "varied_params": {
            "conv_width": 8.48351213256414, 
            "fp_depth": 2.221723514241422, 
            "fp_length": 30.838615092894095, 
            "h1_size": 88.70236663493193, 
            "log_L2_reg": -5.351188880096026, 
            "log_init_scale": -2.213708727147301, 
            "log_step_size": -6.667419391885432
        }
    }, 
    {
        "host_name": "hefty", 
        "minutes_duration": 21.6728325009346, 
        "timestamp": "2021-09-10 13:41:56.027713", 
        "training_curve": [
            [
                0, 
                42.11606991495709, 
                43.15792109612634
            ], 
            [
                526, 
                3.946253141318522, 
                3.9372337445993213
            ], 
            [
                1052, 
                3.510281842923914, 
                3.495145441435926
            ], 
            [
                1578, 
                3.2999587153266137, 
                3.266078770987914
            ], 
            [
                2105, 
                3.3421712815500912, 
                3.250494828984064
            ], 
            [
                2631, 
                3.318780222831142, 
                3.2033484348709544
            ], 
            [
                3157, 
                3.1284729985130264, 
                3.037540784401907
            ], 
            [
                3683, 
                3.1101628725682957, 
                3.0267246311383196
            ], 
            [
                4210, 
                3.1087074559706367, 
                3.0057537714121416
            ], 
            [
                4736, 
                3.1247356033344227, 
                3.0687827106478225
            ], 
            [
                5262, 
                3.178628062857518, 
                3.1362896383077667
            ], 
            [
                5788, 
                3.079402813188918, 
                2.9949954919050787
            ], 
            [
                6315, 
                3.0749294548448827, 
                3.0030697099231958
            ], 
            [
                6841, 
                3.0897549089747858, 
                3.0173942114085017
            ], 
            [
                7367, 
                3.069681466567646, 
                3.0008295500723023
            ], 
            [
                7893, 
                3.0603114347664158, 
                2.9876066220372604
            ], 
            [
                8420, 
                3.0399153663583185, 
                2.94131759472006
            ], 
            [
                8946, 
                3.1212496103849263, 
                3.025453120836578
            ], 
            [
                9472, 
                3.1378005395664066, 
                3.02740259916416
            ], 
            [
                9999, 
                3.0330615614861327, 
                2.9301341720154
            ]
        ]
    }
]