[
    {
        "jobnum": 45, 
        "model": {
            "L2_reg": 0.2141561902048797, 
            "conv_width": 16, 
            "fp_depth": 4, 
            "fp_length": 46, 
            "h1_size": 62, 
            "net_type": "conv_plus_linear"
        }, 
        "num_records": 20, 
        "task": {
            "name": "delaney", 
            "test_slices": [
                [
                    674, 
                    899
                ]
            ], 
            "train_slices": [
                [
                    0, 
                    224
                ], 
                [
                    224, 
                    449
                ], 
                [
                    449, 
                    674
                ]
            ]
        }, 
        "train": {
            "batch_size": 100, 
            "init_scale": 0.07998379741249519, 
            "num_iters": 10000, 
            "seed": 4, 
            "step_size": 0.001803831738055543
        }, 
        "varied_params": {
            "conv_width": 15.905663940669925, 
            "fp_depth": 3.5816535214863814, 
            "fp_length": 46.27672538673604, 
            "h1_size": 62.26836049264224, 
            "log_L2_reg": -1.5410496694086646, 
            "log_init_scale": -2.5259311971645104, 
            "log_step_size": -6.317842133279607
        }
    }, 
    {
        "host_name": "papaschlumpf", 
        "minutes_duration": 41.998184351126355, 
        "timestamp": "2021-08-06 19:56:46.328696", 
        "training_curve": [
            [
                0, 
                4.093935201973038, 
                4.507325272194799
            ], 
            [
                526, 
                0.2819417176751215, 
                0.7527896439697022
            ], 
            [
                1052, 
                0.18484274840773646, 
                0.7537895865105109
            ], 
            [
                1578, 
                0.15457976636601875, 
                0.7543385812160673
            ], 
            [
                2105, 
                0.1478465915001546, 
                0.7275175582662162
            ], 
            [
                2631, 
                0.10113236487555638, 
                0.7691641270780277
            ], 
            [
                3157, 
                0.09828411361621352, 
                0.6721096631392764
            ], 
            [
                3683, 
                0.12177011573973795, 
                0.7437438382014473
            ], 
            [
                4210, 
                0.10232322839182852, 
                0.67834593496014
            ], 
            [
                4736, 
                0.12400520842905852, 
                0.771468016600892
            ], 
            [
                5262, 
                0.09990777388233436, 
                0.737940401314408
            ], 
            [
                5788, 
                0.09835924551700896, 
                0.7347347766050155
            ], 
            [
                6315, 
                0.11272204172501628, 
                0.7060860287056413
            ], 
            [
                6841, 
                0.0928836917721921, 
                0.677651699154164
            ], 
            [
                7367, 
                0.10038162781508406, 
                0.7482770676698126
            ], 
            [
                7893, 
                0.10580704284351612, 
                0.701517166415016
            ], 
            [
                8420, 
                0.09578722156266109, 
                0.7477823241340611
            ], 
            [
                8946, 
                0.12797160818029862, 
                0.736561267436391
            ], 
            [
                9472, 
                0.08948049006533824, 
                0.7126856819544911
            ], 
            [
                9999, 
                0.09533534523938841, 
                0.7299125126309088
            ]
        ]
    }
]