[
    {
        "jobnum": 46, 
        "model": {
            "L2_reg": 0.020180170682639154, 
            "conv_width": 15, 
            "fp_depth": 2, 
            "fp_length": 94, 
            "h1_size": 53, 
            "net_type": "conv_plus_linear"
        }, 
        "num_records": 20, 
        "task": {
            "name": "delaney", 
            "test_slices": [
                [
                    674, 
                    899
                ]
            ], 
            "train_slices": [
                [
                    0, 
                    224
                ], 
                [
                    224, 
                    449
                ], 
                [
                    449, 
                    674
                ]
            ]
        }, 
        "train": {
            "batch_size": 100, 
            "init_scale": 0.04353999289632197, 
            "num_iters": 10000, 
            "seed": 4, 
            "step_size": 0.0011209200450781197
        }, 
        "varied_params": {
            "conv_width": 15.249220033215206, 
            "fp_depth": 2.3684217004014387, 
            "fp_length": 93.91004991155201, 
            "h1_size": 52.768716021059895, 
            "log_L2_reg": -3.903054806082574, 
            "log_init_scale": -3.1340753863286666, 
            "log_step_size": -6.79360546207623
        }
    }, 
    {
        "host_name": "clumsy", 
        "minutes_duration": 23.95481290022532, 
        "timestamp": "2021-08-06 19:41:34.757865", 
        "training_curve": [
            [
                0, 
                4.100535129424357, 
                4.655093327396189
            ], 
            [
                526, 
                0.5469184085719565, 
                0.8313218558928839
            ], 
            [
                1052, 
                0.3502595312877476, 
                0.7499375835730585
            ], 
            [
                1578, 
                0.2764403010324486, 
                0.779956669700523
            ], 
            [
                2105, 
                0.23640965808828654, 
                0.8053372955637305
            ], 
            [
                2631, 
                0.21379717292029335, 
                0.8337358404338844
            ], 
            [
                3157, 
                0.19646965459524277, 
                0.8729169153469782
            ], 
            [
                3683, 
                0.19582616994217014, 
                0.9490227365134144
            ], 
            [
                4210, 
                0.17404035903009057, 
                0.9664771295994529
            ], 
            [
                4736, 
                0.162972475366736, 
                1.0291953777875371
            ], 
            [
                5262, 
                0.15745376308962508, 
                1.033461953107942
            ], 
            [
                5788, 
                0.14910756282754792, 
                1.0513126835766606
            ], 
            [
                6315, 
                0.15280237434837143, 
                1.0899349655051436
            ], 
            [
                6841, 
                0.1410674336629067, 
                1.1399140696548238
            ], 
            [
                7367, 
                0.15927564983568218, 
                1.1260709162066938
            ], 
            [
                7893, 
                0.1660979165402628, 
                1.1332166838759028
            ], 
            [
                8420, 
                0.12997050552266265, 
                1.189055662081696
            ], 
            [
                8946, 
                0.1255929241925443, 
                1.2239998428194845
            ], 
            [
                9472, 
                0.12441448279918446, 
                1.24740471145869
            ], 
            [
                9999, 
                0.12195588835904354, 
                1.263673225545215
            ]
        ]
    }
]