[
    {
        "jobnum": 47, 
        "model": {
            "L2_reg": 1.3611965082644966, 
            "conv_width": 15, 
            "fp_depth": 1, 
            "fp_length": 103, 
            "h1_size": 69, 
            "net_type": "conv_plus_net"
        }, 
        "num_records": 20, 
        "task": {
            "name": "malaria", 
            "test_slices": [
                [
                    6000, 
                    8000
                ]
            ], 
            "train_slices": [
                [
                    0, 
                    2000
                ], 
                [
                    2000, 
                    4000
                ], 
                [
                    4000, 
                    6000
                ]
            ]
        }, 
        "train": {
            "batch_size": 100, 
            "init_scale": 0.006038315193652891, 
            "num_iters": 10000, 
            "seed": 4, 
            "step_size": 0.0006923657835521159
        }, 
        "varied_params": {
            "conv_width": 15.45495862587481, 
            "fp_depth": 1.170544229299721, 
            "fp_length": 103.21388434540359, 
            "h1_size": 68.99634779500602, 
            "log_L2_reg": 0.3083640984521496, 
            "log_init_scale": -5.109630247395012, 
            "log_step_size": -7.275396153052387
        }
    }, 
    {
        "host_name": "handy", 
        "minutes_duration": 39.75576618512471, 
        "timestamp": "2021-09-01 22:55:35.737845", 
        "training_curve": [
            [
                0, 
                1.4844986963978117, 
                1.5111759370575055
            ], 
            [
                526, 
                1.2492634114845262, 
                1.3339261201852632
            ], 
            [
                1052, 
                1.1983814422466945, 
                1.2642878840052085
            ], 
            [
                1578, 
                1.1742349665578564, 
                1.2704016086060506
            ], 
            [
                2105, 
                1.152489240367837, 
                1.2455372749608151
            ], 
            [
                2631, 
                1.1423792409417128, 
                1.2557282877202862
            ], 
            [
                3157, 
                1.124168393003419, 
                1.2307090674104761
            ], 
            [
                3683, 
                1.114950238044592, 
                1.2218803926412465
            ], 
            [
                4210, 
                1.1039871099191796, 
                1.2261384284137349
            ], 
            [
                4736, 
                1.1002538446019614, 
                1.2125042767981578
            ], 
            [
                5262, 
                1.0940795348316308, 
                1.2395171732962267
            ], 
            [
                5788, 
                1.0748393879478002, 
                1.2049710706272914
            ], 
            [
                6315, 
                1.066521095280532, 
                1.2001810280881235
            ], 
            [
                6841, 
                1.060548000190847, 
                1.191146804889646
            ], 
            [
                7367, 
                1.0626488565303953, 
                1.2132634368204402
            ], 
            [
                7893, 
                1.0517254644176515, 
                1.1872915636222936
            ], 
            [
                8420, 
                1.0472437586136114, 
                1.1903808954724473
            ], 
            [
                8946, 
                1.0401788649143962, 
                1.1871081371510086
            ], 
            [
                9472, 
                1.033957084046519, 
                1.1831954760824832
            ], 
            [
                9999, 
                1.0419728868299365, 
                1.197791703704904
            ]
        ]
    }
]