[
    {
        "jobnum": 47, 
        "model": {
            "L2_reg": 1.3611965082644966, 
            "conv_width": 15, 
            "fp_depth": 1, 
            "fp_length": 103, 
            "h1_size": 69, 
            "net_type": "conv_plus_linear"
        }, 
        "num_records": 20, 
        "task": {
            "name": "delaney", 
            "test_slices": [
                [
                    674, 
                    899
                ]
            ], 
            "train_slices": [
                [
                    0, 
                    224
                ], 
                [
                    224, 
                    449
                ], 
                [
                    449, 
                    674
                ]
            ]
        }, 
        "train": {
            "batch_size": 100, 
            "init_scale": 0.006038315193652891, 
            "num_iters": 10000, 
            "seed": 4, 
            "step_size": 0.0006923657835521159
        }, 
        "varied_params": {
            "conv_width": 15.45495862587481, 
            "fp_depth": 1.170544229299721, 
            "fp_length": 103.21388434540359, 
            "h1_size": 68.99634779500602, 
            "log_L2_reg": 0.3083640984521496, 
            "log_init_scale": -5.109630247395012, 
            "log_step_size": -7.275396153052387
        }
    }, 
    {
        "host_name": "schlaubi", 
        "minutes_duration": 20.454186832904817, 
        "timestamp": "2021-08-06 19:39:43.226052", 
        "training_curve": [
            [
                0, 
                4.218322814910823, 
                4.79284661585167
            ], 
            [
                526, 
                1.4796576072475238, 
                1.6636576617819958
            ], 
            [
                1052, 
                0.7315674795394415, 
                0.9736210389491249
            ], 
            [
                1578, 
                0.5632478670063797, 
                0.867279387441601
            ], 
            [
                2105, 
                0.5099630470406535, 
                0.8347653303662526
            ], 
            [
                2631, 
                0.47186392148158235, 
                0.8100927218252572
            ], 
            [
                3157, 
                0.444285881173073, 
                0.7922835121514059
            ], 
            [
                3683, 
                0.42268296243812953, 
                0.7765485467147881
            ], 
            [
                4210, 
                0.40507932100781385, 
                0.7669988755697277
            ], 
            [
                4736, 
                0.39038313048401946, 
                0.7624730172430423
            ], 
            [
                5262, 
                0.3789820427024444, 
                0.7622494101643251
            ], 
            [
                5788, 
                0.3675995220510014, 
                0.7629967779666301
            ], 
            [
                6315, 
                0.35732101851333387, 
                0.7645480752219855
            ], 
            [
                6841, 
                0.3471736421105357, 
                0.7655718336117628
            ], 
            [
                7367, 
                0.3370979401992864, 
                0.7729364325650696
            ], 
            [
                7893, 
                0.3280709339072897, 
                0.7820044234928829
            ], 
            [
                8420, 
                0.3200375236462682, 
                0.7895812506531733
            ], 
            [
                8946, 
                0.31232805162197047, 
                0.8008507258648913
            ], 
            [
                9472, 
                0.3052264916913945, 
                0.8148284733388997
            ], 
            [
                9999, 
                0.2970262183151624, 
                0.8407143589290712
            ]
        ]
    }
]