[
    {
        "jobnum": 48, 
        "model": {
            "L2_reg": 0.27274910970183186, 
            "conv_width": 11, 
            "fp_depth": 2, 
            "fp_length": 38, 
            "h1_size": 63, 
            "net_type": "conv_plus_linear"
        }, 
        "num_records": 20, 
        "task": {
            "name": "delaney", 
            "test_slices": [
                [
                    674, 
                    899
                ]
            ], 
            "train_slices": [
                [
                    0, 
                    224
                ], 
                [
                    224, 
                    449
                ], 
                [
                    449, 
                    674
                ]
            ]
        }, 
        "train": {
            "batch_size": 100, 
            "init_scale": 0.021505995225448587, 
            "num_iters": 10000, 
            "seed": 4, 
            "step_size": 0.0014963186088583652
        }, 
        "varied_params": {
            "conv_width": 10.56279198826833, 
            "fp_depth": 1.818465707273401, 
            "fp_length": 38.07007938079164, 
            "h1_size": 62.97112821726775, 
            "log_L2_reg": -1.2992029184288878, 
            "log_init_scale": -3.8394235350240296, 
            "log_step_size": -6.504747448269754
        }
    }, 
    {
        "host_name": "hefty", 
        "minutes_duration": 18.814053432146707, 
        "timestamp": "2021-08-06 19:46:35.453795", 
        "training_curve": [
            [
                0, 
                4.106974450837692, 
                4.662110649456618
            ], 
            [
                526, 
                0.5222801948981735, 
                0.7998927164608939
            ], 
            [
                1052, 
                0.34294742318582283, 
                0.7283613597856398
            ], 
            [
                1578, 
                0.281708471139195, 
                0.7171500246199825
            ], 
            [
                2105, 
                0.2447116346790292, 
                0.712566577135076
            ], 
            [
                2631, 
                0.2181272677628312, 
                0.7109357712967527
            ], 
            [
                3157, 
                0.19967736701701022, 
                0.7120378097202751
            ], 
            [
                3683, 
                0.18239841645220523, 
                0.7006148723394531
            ], 
            [
                4210, 
                0.1718378998094086, 
                0.7160771061709228
            ], 
            [
                4736, 
                0.163343597642988, 
                0.7398703824076549
            ], 
            [
                5262, 
                0.1599299474031265, 
                0.762622581797004
            ], 
            [
                5788, 
                0.15131315152200478, 
                0.7816968206799632
            ], 
            [
                6315, 
                0.14723901756669894, 
                0.8055464684153134
            ], 
            [
                6841, 
                0.14457928051716953, 
                0.8530533624054317
            ], 
            [
                7367, 
                0.14457433515657, 
                0.8771900254982469
            ], 
            [
                7893, 
                0.14895385031064654, 
                0.9145613791423896
            ], 
            [
                8420, 
                0.14041378621400513, 
                0.9494907474128336
            ], 
            [
                8946, 
                0.15314561612313154, 
                0.9887759518891499
            ], 
            [
                9472, 
                0.14038355671141778, 
                1.0000130665201183
            ], 
            [
                9999, 
                0.17168265481868034, 
                1.0603202807791223
            ]
        ]
    }
]