[
    {
        "jobnum": 48, 
        "model": {
            "L2_reg": 0.27274910970183186, 
            "conv_width": 11, 
            "fp_depth": 2, 
            "fp_length": 38, 
            "h1_size": 63, 
            "net_type": "conv_plus_linear"
        }, 
        "num_records": 20, 
        "task": {
            "name": "cep", 
            "test_slices": [
                [
                    12000, 
                    16000
                ]
            ], 
            "train_slices": [
                [
                    0, 
                    4000
                ], 
                [
                    4000, 
                    8000
                ], 
                [
                    8000, 
                    12000
                ]
            ]
        }, 
        "train": {
            "batch_size": 100, 
            "init_scale": 0.021505995225448587, 
            "num_iters": 10000, 
            "seed": 4, 
            "step_size": 0.0014963186088583652
        }, 
        "varied_params": {
            "conv_width": 10.56279198826833, 
            "fp_depth": 1.818465707273401, 
            "fp_length": 38.07007938079164, 
            "h1_size": 62.97112821726775, 
            "log_L2_reg": -1.2992029184288878, 
            "log_init_scale": -3.8394235350240296, 
            "log_step_size": -6.504747448269754
        }
    }, 
    {
        "host_name": "schlaubi", 
        "minutes_duration": 31.241775385538737, 
        "timestamp": "2021-09-10 14:41:02.551413", 
        "training_curve": [
            [
                0, 
                6.616529955342526, 
                6.833215788798592
            ], 
            [
                526, 
                3.311543677226045, 
                3.303669700272181
            ], 
            [
                1052, 
                3.231330778759814, 
                3.192093847366652
            ], 
            [
                1578, 
                3.175261733039759, 
                3.12961081862586
            ], 
            [
                2105, 
                3.28896185154352, 
                3.217397929029692
            ], 
            [
                2631, 
                3.334755734227571, 
                3.224562863210427
            ], 
            [
                3157, 
                3.132118071871315, 
                3.0715196899043122
            ], 
            [
                3683, 
                3.122263803079768, 
                3.069194273096722
            ], 
            [
                4210, 
                3.124810716698893, 
                3.0472645891814203
            ], 
            [
                4736, 
                3.143067402833829, 
                3.1302765308466527
            ], 
            [
                5262, 
                3.191983050040099, 
                3.173198103500342
            ], 
            [
                5788, 
                3.0957029539406564, 
                3.05279184317966
            ], 
            [
                6315, 
                3.0886291265090744, 
                3.051375344431548
            ], 
            [
                6841, 
                3.105652133447937, 
                3.060172845500454
            ], 
            [
                7367, 
                3.097748859657151, 
                3.0743660716075993
            ], 
            [
                7893, 
                3.091163116530566, 
                3.0519948498401637
            ], 
            [
                8420, 
                3.0720423981223943, 
                3.0139049366272106
            ], 
            [
                8946, 
                3.132944208422151, 
                3.063877383294086
            ], 
            [
                9472, 
                3.17020542669062, 
                3.0845054610299014
            ], 
            [
                9999, 
                3.046348727809432, 
                2.985278312801866
            ]
        ]
    }
]