[
    {
        "jobnum": 49, 
        "model": {
            "L2_reg": 0.004587828667129028, 
            "conv_width": 10, 
            "fp_depth": 3, 
            "fp_length": 598, 
            "h1_size": 52, 
            "net_type": "mean"
        }, 
        "num_records": 20, 
        "task": {
            "name": "delaney", 
            "test_slices": [
                [
                    674, 
                    899
                ]
            ], 
            "train_slices": [
                [
                    0, 
                    224
                ], 
                [
                    224, 
                    449
                ], 
                [
                    449, 
                    674
                ]
            ]
        }, 
        "train": {
            "batch_size": 100, 
            "init_scale": 0.002915443393109303, 
            "num_iters": 10000, 
            "seed": 4, 
            "step_size": 0.008223030517877953
        }, 
        "varied_params": {
            "conv_width": 9.602151493177942, 
            "fp_depth": 2.5565054464945782, 
            "fp_length": 598.1632924220264, 
            "h1_size": 52.2306150627057, 
            "log_L2_reg": -5.384348424106938, 
            "log_init_scale": -5.837733363333701, 
            "log_step_size": -4.8008164617175275
        }
    }, 
    {
        "host_name": "hefty", 
        "minutes_duration": 0.05491636594136556, 
        "timestamp": "2021-08-06 20:19:23.738300", 
        "training_curve": [
            [
                0, 
                4.308525590054425, 
                4.897753885703219
            ], 
            [
                526, 
                4.308533178272867, 
                4.897446171161709
            ], 
            [
                1052, 
                4.308533552316802, 
                4.897439714209284
            ], 
            [
                1578, 
                4.308532786672807, 
                4.897453111867158
            ], 
            [
                2105, 
                4.308528602012986, 
                4.897545003695221
            ], 
            [
                2631, 
                4.308525866792656, 
                4.89766046563354
            ], 
            [
                3157, 
                4.308525497432655, 
                4.897725686614401
            ], 
            [
                3683, 
                4.308533226707278, 
                4.89744532582736
            ], 
            [
                4210, 
                4.3085327937626445, 
                4.89745298448047
            ], 
            [
                4736, 
                4.308528654055316, 
                4.897543549255652
            ], 
            [
                5262, 
                4.308528603632717, 
                4.8975449582387585
            ], 
            [
                5788, 
                4.30852586700902, 
                4.897660447640521
            ], 
            [
                6315, 
                4.308533227525435, 
                4.89744531157203
            ], 
            [
                6841, 
                4.308533570406212, 
                4.8974394060033015
            ], 
            [
                7367, 
                4.308532794178973, 
                4.897452977002117
            ], 
            [
                7893, 
                4.308528654170127, 
                4.897543546060749
            ], 
            [
                8420, 
                4.308525867017366, 
                4.8976604469465626
            ], 
            [
                8946, 
                4.308525497427153, 
                4.897725677690595
            ], 
            [
                9472, 
                4.308533227584409, 
                4.897445310544512
            ], 
            [
                9999, 
                4.3085327941958145, 
                4.8974529766996
            ]
        ]
    }
]