[
    {
        "jobnum": 4, 
        "model": {
            "L2_reg": 0.020577539713676856, 
            "conv_width": 12, 
            "fp_depth": 3, 
            "fp_length": 589, 
            "h1_size": 76, 
            "net_type": "mean"
        }, 
        "num_records": 20, 
        "task": {
            "name": "delaney", 
            "test_slices": [
                [
                    674, 
                    899
                ]
            ], 
            "train_slices": [
                [
                    0, 
                    224
                ], 
                [
                    224, 
                    449
                ], 
                [
                    449, 
                    674
                ]
            ]
        }, 
        "train": {
            "batch_size": 100, 
            "init_scale": 0.12553644028183322, 
            "num_iters": 10000, 
            "seed": 4, 
            "step_size": 0.0017619180890440656
        }, 
        "varied_params": {
            "conv_width": 11.842254983248228, 
            "fp_depth": 3.32270106830265, 
            "fp_length": 588.9814204595976, 
            "h1_size": 76.09241608750358, 
            "log_L2_reg": -3.8835551031629842, 
            "log_init_scale": -2.0751592017454206, 
            "log_step_size": -6.341352240037906
        }
    }, 
    {
        "host_name": "schlaubi", 
        "minutes_duration": 0.050843616326649986, 
        "timestamp": "2021-08-06 20:17:44.416929", 
        "training_curve": [
            [
                0, 
                4.308699081251999, 
                4.8992458390356
            ], 
            [
                526, 
                4.30852943452076, 
                4.897523071976228
            ], 
            [
                1052, 
                4.308529500914084, 
                4.897521431700133
            ], 
            [
                1578, 
                4.308529388172592, 
                4.89752422556953
            ], 
            [
                2105, 
                4.308528645981888, 
                4.897543774067669
            ], 
            [
                2631, 
                4.308527831867905, 
                4.897568212498447
            ], 
            [
                3157, 
                4.308527429135822, 
                4.897581947623802
            ], 
            [
                3683, 
                4.308529463474681, 
                4.897522354901844
            ], 
            [
                4210, 
                4.3085293926314865, 
                4.897524114279302
            ], 
            [
                4736, 
                4.30852865355819, 
                4.897543563089952
            ], 
            [
                5262, 
                4.30852864796843, 
                4.897543718722922
            ], 
            [
                5788, 
                4.30852783277051, 
                4.897568183148714
            ], 
            [
                6315, 
                4.308529463926175, 
                4.897522343741689
            ], 
            [
                6841, 
                4.3085295111952036, 
                4.897521178969319
            ], 
            [
                7367, 
                4.308529392890886, 
                4.897524107806957
            ], 
            [
                7893, 
                4.308528653685742, 
                4.897543559540264
            ], 
            [
                8420, 
                4.308527832804889, 
                4.897568182030946
            ], 
            [
                8946, 
                4.308527429612355, 
                4.897581930542545
            ], 
            [
                9472, 
                4.3085294639587595, 
                4.897522342936297
            ], 
            [
                9999, 
                4.308529392901403, 
                4.897524107544556
            ]
        ]
    }
]