[
    {
        "jobnum": 6, 
        "model": {
            "L2_reg": 0.5138282175772946, 
            "conv_width": 8, 
            "fp_depth": 3, 
            "fp_length": 146, 
            "h1_size": 85, 
            "net_type": "mean"
        }, 
        "num_records": 20, 
        "task": {
            "name": "delaney", 
            "test_slices": [
                [
                    674, 
                    899
                ]
            ], 
            "train_slices": [
                [
                    0, 
                    224
                ], 
                [
                    224, 
                    449
                ], 
                [
                    449, 
                    674
                ]
            ]
        }, 
        "train": {
            "batch_size": 100, 
            "init_scale": 0.03832267951172023, 
            "num_iters": 10000, 
            "seed": 4, 
            "step_size": 0.00042684136961778653
        }, 
        "varied_params": {
            "conv_width": 8.155738416107614, 
            "fp_depth": 3.0119136088544782, 
            "fp_length": 145.95770803609213, 
            "h1_size": 84.88155979636323, 
            "log_L2_reg": -0.6658662764346586, 
            "log_init_scale": -3.2617134036967355, 
            "log_step_size": -7.759098113482921
        }
    }, 
    {
        "host_name": "schlaubi", 
        "minutes_duration": 0.06777106523513794, 
        "timestamp": "2021-08-06 20:17:59.390564", 
        "training_curve": [
            [
                0, 
                4.3085416729055135, 
                4.898150679046839
            ], 
            [
                526, 
                4.308527434801929, 
                4.897581744662735
            ], 
            [
                1052, 
                4.308528700293511, 
                4.897542267407738
            ], 
            [
                1578, 
                4.308528808107775, 
                4.897539315248157
            ], 
            [
                2105, 
                4.308528649665026, 
                4.897543671470324
            ], 
            [
                2631, 
                4.30852844321054, 
                4.897549521532866
            ], 
            [
                3157, 
                4.308528329981704, 
                4.89755282025955
            ], 
            [
                3683, 
                4.308528841936387, 
                4.897538399254934
            ], 
            [
                4210, 
                4.30852882611405, 
                4.897538827083085
            ], 
            [
                4736, 
                4.308528654447312, 
                4.897543538347696
            ], 
            [
                5262, 
                4.308528653406507, 
                4.897543567311332
            ], 
            [
                5788, 
                4.308528444674939, 
                4.897549479303618
            ], 
            [
                6315, 
                4.308528842411599, 
                4.897538386421682
            ], 
            [
                6841, 
                4.308528852689912, 
                4.897538109083471
            ], 
            [
                7367, 
                4.308528826395427, 
                4.897538819465592
            ], 
            [
                7893, 
                4.308528654605497, 
                4.897543533946171
            ], 
            [
                8420, 
                4.308528444725565, 
                4.897549477843871
            ], 
            [
                8946, 
                4.308528330772297, 
                4.89755279699303
            ], 
            [
                9472, 
                4.308528842445536, 
                4.8975383855052295
            ], 
            [
                9999, 
                4.308528826406775, 
                4.897538819158385
            ]
        ]
    }
]