[
    {
        "jobnum": 6, 
        "model": {
            "L2_reg": 0.5138282175772946, 
            "conv_width": 8, 
            "fp_depth": 3, 
            "fp_length": 30, 
            "h1_size": 85, 
            "net_type": "conv_plus_net"
        }, 
        "num_records": 20, 
        "task": {
            "name": "delaney", 
            "test_slices": [
                [
                    674, 
                    899
                ]
            ], 
            "train_slices": [
                [
                    0, 
                    224
                ], 
                [
                    224, 
                    449
                ], 
                [
                    449, 
                    674
                ]
            ]
        }, 
        "train": {
            "batch_size": 100, 
            "init_scale": 0.03832267951172023, 
            "num_iters": 10000, 
            "seed": 4, 
            "step_size": 0.00042684136961778653
        }, 
        "varied_params": {
            "conv_width": 8.155738416107614, 
            "fp_depth": 3.0119136088544782, 
            "fp_length": 30.43974533734357, 
            "h1_size": 84.88155979636323, 
            "log_L2_reg": -0.6658662764346586, 
            "log_init_scale": -3.2617134036967355, 
            "log_step_size": -7.759098113482921
        }
    }, 
    {
        "host_name": "hefty", 
        "minutes_duration": 24.540710783004762, 
        "timestamp": "2021-08-06 11:22:29.408999", 
        "training_curve": [
            [
                0, 
                4.242863396030349, 
                4.803701406328702
            ], 
            [
                526, 
                0.6503436564967192, 
                0.8399985447660394
            ], 
            [
                1052, 
                0.3814066106908592, 
                0.6686855996735007
            ], 
            [
                1578, 
                0.3123903599523785, 
                0.68534662039506
            ], 
            [
                2105, 
                0.27088221466887324, 
                0.6884207232769429
            ], 
            [
                2631, 
                0.24345779627608366, 
                0.7165406543800547
            ], 
            [
                3157, 
                0.22149689975448486, 
                0.7324343789688319
            ], 
            [
                3683, 
                0.2049817083447922, 
                0.7210572469080382
            ], 
            [
                4210, 
                0.19200782155469734, 
                0.7113578981904468
            ], 
            [
                4736, 
                0.1757150169795674, 
                0.6718027336493914
            ], 
            [
                5262, 
                0.16487087125031555, 
                0.6715871067655633
            ], 
            [
                5788, 
                0.157682093820446, 
                0.6592838251039597
            ], 
            [
                6315, 
                0.15199812753558045, 
                0.6474120191186419
            ], 
            [
                6841, 
                0.150641093638596, 
                0.6853919801379135
            ], 
            [
                7367, 
                0.14832295269263998, 
                0.6807919897757918
            ], 
            [
                7893, 
                0.13969510283330952, 
                0.6746862002545342
            ], 
            [
                8420, 
                0.13599147198198466, 
                0.6817441805170154
            ], 
            [
                8946, 
                0.13756002083338334, 
                0.6792297442232762
            ], 
            [
                9472, 
                0.1313806565058673, 
                0.6784017063693626
            ], 
            [
                9999, 
                0.13191767218044786, 
                0.6901119862326064
            ]
        ]
    }
]