[
    {
        "jobnum": 6, 
        "model": {
            "L2_reg": 0.5138282175772946, 
            "conv_width": 8, 
            "fp_depth": 3, 
            "fp_length": 146, 
            "h1_size": 85, 
            "net_type": "morgan_plus_linear"
        }, 
        "num_records": 20, 
        "task": {
            "name": "delaney", 
            "test_slices": [
                [
                    674, 
                    899
                ]
            ], 
            "train_slices": [
                [
                    0, 
                    224
                ], 
                [
                    224, 
                    449
                ], 
                [
                    449, 
                    674
                ]
            ]
        }, 
        "train": {
            "batch_size": 100, 
            "init_scale": 0.03832267951172023, 
            "num_iters": 10000, 
            "seed": 4, 
            "step_size": 0.00042684136961778653
        }, 
        "varied_params": {
            "conv_width": 8.155738416107614, 
            "fp_depth": 3.0119136088544782, 
            "fp_length": 145.95770803609213, 
            "h1_size": 84.88155979636323, 
            "log_L2_reg": -0.6658662764346586, 
            "log_init_scale": -3.2617134036967355, 
            "log_step_size": -7.759098113482921
        }
    }, 
    {
        "host_name": "clumsy", 
        "minutes_duration": 0.21144676605860394, 
        "timestamp": "2021-08-06 15:04:00.508668", 
        "training_curve": [
            [
                0, 
                4.637329894618746, 
                5.095763567258443
            ], 
            [
                526, 
                2.2458884594095476, 
                3.1141478178264994
            ], 
            [
                1052, 
                1.7701188860007524, 
                2.8239432381696887
            ], 
            [
                1578, 
                1.5843113403516762, 
                2.748726635903653
            ], 
            [
                2105, 
                1.491629738661531, 
                2.7428986553613095
            ], 
            [
                2631, 
                1.4415995619870847, 
                2.7622078383808377
            ], 
            [
                3157, 
                1.4131006928438024, 
                2.7858553008116083
            ], 
            [
                3683, 
                1.3960665696542933, 
                2.806325403822444
            ], 
            [
                4210, 
                1.3854499144843644, 
                2.822508364066626
            ], 
            [
                4736, 
                1.3786231060065803, 
                2.8338509507124168
            ], 
            [
                5262, 
                1.3741015694263796, 
                2.8422092524461715
            ], 
            [
                5788, 
                1.3710364182281924, 
                2.8485108147769433
            ], 
            [
                6315, 
                1.368968317637837, 
                2.8534559142245923
            ], 
            [
                6841, 
                1.3675168627193455, 
                2.8575926003432293
            ], 
            [
                7367, 
                1.3664782339127675, 
                2.8606741901930275
            ], 
            [
                7893, 
                1.365728117310388, 
                2.862740813147781
            ], 
            [
                8420, 
                1.3651503897266817, 
                2.864219584125925
            ], 
            [
                8946, 
                1.3647695554284984, 
                2.8656009503257036
            ], 
            [
                9472, 
                1.3644792152716083, 
                2.866797830543162
            ], 
            [
                9999, 
                1.364262978710743, 
                2.8682031088232516
            ]
        ]
    }
]