[
    {
        "jobnum": 7, 
        "model": {
            "L2_reg": 0.08281153693764436, 
            "conv_width": 7, 
            "fp_depth": 4, 
            "fp_length": 227, 
            "h1_size": 68, 
            "net_type": "morgan_plus_linear"
        }, 
        "num_records": 20, 
        "task": {
            "name": "cep", 
            "test_slices": [
                [
                    12000, 
                    16000
                ]
            ], 
            "train_slices": [
                [
                    0, 
                    4000
                ], 
                [
                    4000, 
                    8000
                ], 
                [
                    8000, 
                    12000
                ]
            ]
        }, 
        "train": {
            "batch_size": 100, 
            "init_scale": 0.07098845139778812, 
            "num_iters": 10000, 
            "seed": 4, 
            "step_size": 0.0032822933188357143
        }, 
        "varied_params": {
            "conv_width": 6.530672161220421, 
            "fp_depth": 3.9651215141776786, 
            "fp_length": 226.54777014359337, 
            "h1_size": 68.18553854713113, 
            "log_L2_reg": -2.4911878923014372, 
            "log_init_scale": -2.645238071539985, 
            "log_step_size": -5.719212918328481
        }
    }, 
    {
        "host_name": "hefty", 
        "minutes_duration": 0.7921785672505697, 
        "timestamp": "2021-09-10 06:47:20.271259", 
        "training_curve": [
            [
                0, 
                7.211087010151741, 
                7.288418786689226
            ], 
            [
                526, 
                3.4213763466165212, 
                3.5504863588742026
            ], 
            [
                1052, 
                3.4172230654217306, 
                3.571941082086164
            ], 
            [
                1578, 
                3.3984970601479145, 
                3.5437794933642284
            ], 
            [
                2105, 
                3.5394836274669843, 
                3.6721214941603986
            ], 
            [
                2631, 
                3.514496759127082, 
                3.651495567426154
            ], 
            [
                3157, 
                3.389580513125242, 
                3.519784644234718
            ], 
            [
                3683, 
                3.400403589400042, 
                3.5648813285456527
            ], 
            [
                4210, 
                3.4024713469490937, 
                3.5451431520145507
            ], 
            [
                4736, 
                3.4763894150952788, 
                3.6488183076067653
            ], 
            [
                5262, 
                3.4777548407425725, 
                3.6542420809303082
            ], 
            [
                5788, 
                3.412576052279989, 
                3.5686314191578394
            ], 
            [
                6315, 
                3.3908000603221433, 
                3.5477803206469214
            ], 
            [
                6841, 
                3.401265360264894, 
                3.54837138681065
            ], 
            [
                7367, 
                3.380780557607804, 
                3.5169210745354165
            ], 
            [
                7893, 
                3.419625143368945, 
                3.5685847195855867
            ], 
            [
                8420, 
                3.3957217480806103, 
                3.5328020466438916
            ], 
            [
                8946, 
                3.49476903033901, 
                3.6326367914062576
            ], 
            [
                9472, 
                3.423068046967985, 
                3.57071474190784
            ], 
            [
                9999, 
                3.410345279506511, 
                3.5310366628160534
            ]
        ]
    }
]