[
    {
        "jobnum": 8, 
        "model": {
            "L2_reg": 0.1033624209054227, 
            "conv_width": 7, 
            "fp_depth": 2, 
            "fp_length": 127, 
            "h1_size": 83, 
            "net_type": "morgan_plus_linear"
        }, 
        "num_records": 20, 
        "task": {
            "name": "malaria", 
            "test_slices": [
                [
                    6000, 
                    8000
                ]
            ], 
            "train_slices": [
                [
                    0, 
                    2000
                ], 
                [
                    2000, 
                    4000
                ], 
                [
                    4000, 
                    6000
                ]
            ]
        }, 
        "train": {
            "batch_size": 100, 
            "init_scale": 0.009800534461929696, 
            "num_iters": 10000, 
            "seed": 4, 
            "step_size": 0.0009239675649184034
        }, 
        "varied_params": {
            "conv_width": 7.384543754682795, 
            "fp_depth": 1.7332767760048082, 
            "fp_length": 127.25814229361957, 
            "h1_size": 82.65541627326992, 
            "log_L2_reg": -2.2695138171495497, 
            "log_init_scale": -4.625318357861094, 
            "log_step_size": -6.986833589840872
        }
    }, 
    {
        "host_name": "schlaubi", 
        "minutes_duration": 0.5806898673375448, 
        "timestamp": "2021-09-01 22:59:52.292203", 
        "training_curve": [
            [
                0, 
                1.4966116201764943, 
                1.5256314637424493
            ], 
            [
                526, 
                1.2866127484352523, 
                1.3266278641082863
            ], 
            [
                1052, 
                1.278021020250049, 
                1.3230456615447852
            ], 
            [
                1578, 
                1.2749784887049145, 
                1.3241636498690463
            ], 
            [
                2105, 
                1.2757323034845356, 
                1.3273109683002149
            ], 
            [
                2631, 
                1.2753710504102742, 
                1.3276239147786824
            ], 
            [
                3157, 
                1.2773099909489019, 
                1.325764042698665
            ], 
            [
                3683, 
                1.2745506307039918, 
                1.3253459992407663
            ], 
            [
                4210, 
                1.2750455286130522, 
                1.3269997951519363
            ], 
            [
                4736, 
                1.2743986913380734, 
                1.3255116059626382
            ], 
            [
                5262, 
                1.2743351978521786, 
                1.3251679353444654
            ], 
            [
                5788, 
                1.2747477245815617, 
                1.3252319625857154
            ], 
            [
                6315, 
                1.274264077227257, 
                1.324952658063351
            ], 
            [
                6841, 
                1.2753801686218877, 
                1.3275735092137624
            ], 
            [
                7367, 
                1.274525116061721, 
                1.3266347351887835
            ], 
            [
                7893, 
                1.2759281122750703, 
                1.3251862131151875
            ], 
            [
                8420, 
                1.2744947125706485, 
                1.3250176976691361
            ], 
            [
                8946, 
                1.2751489623297287, 
                1.3271933311762691
            ], 
            [
                9472, 
                1.2750445222668678, 
                1.3275359462690177
            ], 
            [
                9999, 
                1.2758865990020294, 
                1.3252592623101178
            ]
        ]
    }
]