[
    {
        "jobnum": 8, 
        "model": {
            "L2_reg": 0.1033624209054227, 
            "conv_width": 7, 
            "fp_depth": 2, 
            "fp_length": 127, 
            "h1_size": 83, 
            "net_type": "mean"
        }, 
        "num_records": 20, 
        "task": {
            "name": "delaney", 
            "test_slices": [
                [
                    674, 
                    899
                ]
            ], 
            "train_slices": [
                [
                    0, 
                    224
                ], 
                [
                    224, 
                    449
                ], 
                [
                    449, 
                    674
                ]
            ]
        }, 
        "train": {
            "batch_size": 100, 
            "init_scale": 0.009800534461929696, 
            "num_iters": 10000, 
            "seed": 4, 
            "step_size": 0.0009239675649184034
        }, 
        "varied_params": {
            "conv_width": 7.384543754682795, 
            "fp_depth": 1.7332767760048082, 
            "fp_length": 127.25814229361957, 
            "h1_size": 82.65541627326992, 
            "log_L2_reg": -2.2695138171495497, 
            "log_init_scale": -4.625318357861094, 
            "log_step_size": -6.986833589840872
        }
    }, 
    {
        "host_name": "schlaubi", 
        "minutes_duration": 0.0634046196937561, 
        "timestamp": "2021-08-06 20:18:06.463396", 
        "training_curve": [
            [
                0, 
                4.308526554397525, 
                4.897828880857509
            ], 
            [
                526, 
                4.308529033465477, 
                4.897533301410571
            ], 
            [
                1052, 
                4.308529080492888, 
                4.897532071758716
            ], 
            [
                1578, 
                4.308529027264781, 
                4.897533464175366
            ], 
            [
                2105, 
                4.3085286493805555, 
                4.897543679392332
            ], 
            [
                2631, 
                4.308528207640874, 
                4.897556461993749
            ], 
            [
                3157, 
                4.308527974609405, 
                4.897563641516037
            ], 
            [
                3683, 
                4.308529067179542, 
                4.897532419015788
            ], 
            [
                4210, 
                4.308529031705207, 
                4.8975333476015805
            ], 
            [
                4736, 
                4.308528654086804, 
                4.897543548379399
            ], 
            [
                5262, 
                4.3085286515364345, 
                4.897543619364215
            ], 
            [
                5788, 
                4.308528208722278, 
                4.897556429435617
            ], 
            [
                6315, 
                4.308529067611401, 
                4.89753240774093
            ], 
            [
                6841, 
                4.308529090785898, 
                4.897531803740947
            ], 
            [
                7367, 
                4.308529031958634, 
                4.897533340950718
            ], 
            [
                7893, 
                4.30852865422256, 
                4.897543544601714
            ], 
            [
                8420, 
                4.308528208763236, 
                4.8975564282026065
            ], 
            [
                8946, 
                4.308527975215659, 
                4.89756362239585
            ], 
            [
                9472, 
                4.3085290676425165, 
                4.8975324069285975
            ], 
            [
                9999, 
                4.308529031968899, 
                4.897533340681326
            ]
        ]
    }
]