[
    {
        "jobnum": 8, 
        "model": {
            "L2_reg": 0.1033624209054227, 
            "conv_width": 7, 
            "fp_depth": 2, 
            "fp_length": 127, 
            "h1_size": 83, 
            "net_type": "morgan_plus_linear"
        }, 
        "num_records": 20, 
        "task": {
            "name": "delaney", 
            "test_slices": [
                [
                    674, 
                    899
                ]
            ], 
            "train_slices": [
                [
                    0, 
                    224
                ], 
                [
                    224, 
                    449
                ], 
                [
                    449, 
                    674
                ]
            ]
        }, 
        "train": {
            "batch_size": 100, 
            "init_scale": 0.009800534461929696, 
            "num_iters": 10000, 
            "seed": 4, 
            "step_size": 0.0009239675649184034
        }, 
        "varied_params": {
            "conv_width": 7.384543754682795, 
            "fp_depth": 1.7332767760048082, 
            "fp_length": 127.25814229361957, 
            "h1_size": 82.65541627326992, 
            "log_L2_reg": -2.2695138171495497, 
            "log_init_scale": -4.625318357861094, 
            "log_step_size": -6.986833589840872
        }
    }, 
    {
        "host_name": "clumsy", 
        "minutes_duration": 0.23099944988886514, 
        "timestamp": "2021-08-06 15:04:34.381402", 
        "training_curve": [
            [
                0, 
                4.301377671968765, 
                4.888868061635199
            ], 
            [
                526, 
                2.015028483232711, 
                2.88567201336049
            ], 
            [
                1052, 
                1.7824458247095427, 
                2.7216541453959446
            ], 
            [
                1578, 
                1.715918352734222, 
                2.698994089060644
            ], 
            [
                2105, 
                1.6915719765108606, 
                2.6961025694468774
            ], 
            [
                2631, 
                1.6811484578484144, 
                2.695578829072572
            ], 
            [
                3157, 
                1.676166885201204, 
                2.6952322915609255
            ], 
            [
                3683, 
                1.6735499386263384, 
                2.694964787074401
            ], 
            [
                4210, 
                1.6720947363440435, 
                2.6948866369606366
            ], 
            [
                4736, 
                1.6712257987607244, 
                2.694701022227583
            ], 
            [
                5262, 
                1.6706724800325965, 
                2.6948312273192316
            ], 
            [
                5788, 
                1.6703039944225158, 
                2.6950415307494957
            ], 
            [
                6315, 
                1.6701645297656835, 
                2.6954770154868757
            ], 
            [
                6841, 
                1.6700441565881954, 
                2.6958141702091036
            ], 
            [
                7367, 
                1.6699799025629136, 
                2.696040346202525
            ], 
            [
                7893, 
                1.6699213701105264, 
                2.6960016452893574
            ], 
            [
                8420, 
                1.6698049686851772, 
                2.696115420874431
            ], 
            [
                8946, 
                1.6698194266419768, 
                2.696359625553172
            ], 
            [
                9472, 
                1.6698304542349172, 
                2.696593710607686
            ], 
            [
                9999, 
                1.6698470766734967, 
                2.6968032181937485
            ]
        ]
    }
]