[
    {
        "jobnum": 9, 
        "model": {
            "L2_reg": 0.04734951819904932, 
            "conv_width": 6, 
            "fp_depth": 3, 
            "fp_length": 110, 
            "h1_size": 57, 
            "net_type": "conv_plus_linear"
        }, 
        "num_records": 20, 
        "task": {
            "name": "delaney", 
            "test_slices": [
                [
                    674, 
                    899
                ]
            ], 
            "train_slices": [
                [
                    0, 
                    224
                ], 
                [
                    224, 
                    449
                ], 
                [
                    449, 
                    674
                ]
            ]
        }, 
        "train": {
            "batch_size": 100, 
            "init_scale": 0.09214483636189319, 
            "num_iters": 10000, 
            "seed": 4, 
            "step_size": 0.0007364490129727654
        }, 
        "varied_params": {
            "conv_width": 6.456519136895919, 
            "fp_depth": 3.4629796895438054, 
            "fp_length": 109.84982963986604, 
            "h1_size": 56.90914756743069, 
            "log_L2_reg": -3.050198634712287, 
            "log_init_scale": -2.3843936315758523, 
            "log_step_size": -7.213670553279786
        }
    }, 
    {
        "host_name": "hefty", 
        "minutes_duration": 38.373026784261064, 
        "timestamp": "2021-08-06 16:36:25.393117", 
        "training_curve": [
            [
                0, 
                4.66186094048228, 
                5.314441236245151
            ], 
            [
                526, 
                0.7496959052609116, 
                0.9706791702512224
            ], 
            [
                1052, 
                0.4444735126926498, 
                0.7309228479896985
            ], 
            [
                1578, 
                0.3784564238949492, 
                0.6976833899984568
            ], 
            [
                2105, 
                0.34235969786922654, 
                0.6930505884237403
            ], 
            [
                2631, 
                0.3190637985068188, 
                0.6945848099097466
            ], 
            [
                3157, 
                0.3002325554221368, 
                0.701999440187526
            ], 
            [
                3683, 
                0.2846554201474604, 
                0.7095233111514393
            ], 
            [
                4210, 
                0.2735510483588091, 
                0.7288107657744437
            ], 
            [
                4736, 
                0.26373139021891506, 
                0.7503002551209627
            ], 
            [
                5262, 
                0.2560604280890032, 
                0.7638795347623816
            ], 
            [
                5788, 
                0.24795759374551307, 
                0.7797789645580276
            ], 
            [
                6315, 
                0.24115702142385526, 
                0.7881535360536842
            ], 
            [
                6841, 
                0.23551838357386293, 
                0.7882173167635016
            ], 
            [
                7367, 
                0.23008200644216123, 
                0.7970903184118914
            ], 
            [
                7893, 
                0.22479573193027835, 
                0.805840807859627
            ], 
            [
                8420, 
                0.22002621449794235, 
                0.8176360548706554
            ], 
            [
                8946, 
                0.21460986594712161, 
                0.80635995181193
            ], 
            [
                9472, 
                0.21030535240504264, 
                0.8045052626640823
            ], 
            [
                9999, 
                0.2059611596254956, 
                0.8054109825346513
            ]
        ]
    }
]