[
    {
        "jobnum": 9, 
        "model": {
            "L2_reg": 0.04734951819904932, 
            "conv_width": 6, 
            "fp_depth": 3, 
            "fp_length": 861, 
            "h1_size": 57, 
            "net_type": "mean"
        }, 
        "num_records": 20, 
        "task": {
            "name": "delaney", 
            "test_slices": [
                [
                    674, 
                    899
                ]
            ], 
            "train_slices": [
                [
                    0, 
                    224
                ], 
                [
                    224, 
                    449
                ], 
                [
                    449, 
                    674
                ]
            ]
        }, 
        "train": {
            "batch_size": 100, 
            "init_scale": 0.09214483636189319, 
            "num_iters": 10000, 
            "seed": 4, 
            "step_size": 0.0007364490129727654
        }, 
        "varied_params": {
            "conv_width": 6.456519136895919, 
            "fp_depth": 3.4629796895438054, 
            "fp_length": 860.6484667587944, 
            "h1_size": 56.90914756743069, 
            "log_L2_reg": -3.050198634712287, 
            "log_init_scale": -2.3843936315758523, 
            "log_step_size": -7.213670553279786
        }
    }, 
    {
        "host_name": "hefty", 
        "minutes_duration": 0.05531270106633504, 
        "timestamp": "2021-08-06 20:18:09.072982", 
        "training_curve": [
            [
                0, 
                4.308619018506074, 
                4.89880673855139
            ], 
            [
                526, 
                4.308528468479782, 
                4.897548794352988
            ], 
            [
                1052, 
                4.308528982513022, 
                4.897534643309666
            ], 
            [
                1578, 
                4.308528948755477, 
                4.897535537971251
            ], 
            [
                2105, 
                4.308528650018499, 
                4.8975436616272665
            ], 
            [
                2631, 
                4.30852829545424, 
                4.897553839670143
            ], 
            [
                3157, 
                4.308528105899942, 
                4.897559555716277
            ], 
            [
                3683, 
                4.3085289813616425, 
                4.897534673749926
            ], 
            [
                4210, 
                4.308528953414363, 
                4.897535414229638
            ], 
            [
                4736, 
                4.308528654221297, 
                4.897543544636887
            ], 
            [
                5262, 
                4.308528652264928, 
                4.897543599084929
            ], 
            [
                5788, 
                4.308528296598592, 
                4.897553805779752
            ], 
            [
                6315, 
                4.308528981798055, 
                4.897534662211397
            ], 
            [
                6841, 
                4.30852899998724, 
                4.8975341819636204
            ], 
            [
                7367, 
                4.308528953671615, 
                4.897535407399449
            ], 
            [
                7893, 
                4.308528654361472, 
                4.897543540736275
            ], 
            [
                8420, 
                4.308528296641777, 
                4.897553804500934
            ], 
            [
                8946, 
                4.308528106547349, 
                4.897559535835001
            ], 
            [
                9472, 
                4.308528981829466, 
                4.897534661380989
            ], 
            [
                9999, 
                4.308528953682029, 
                4.89753540712297
            ]
        ]
    }
]