[
    {
        "jobnum": 0, 
        "model": {
            "L2_reg": 0.30792686009670756, 
            "conv_width": 11, 
            "fp_depth": 3, 
            "fp_length": 667, 
            "h1_size": 77, 
            "net_type": "morgan_plus_linear"
        }, 
        "num_records": 20, 
        "task": {
            "name": "delaney", 
            "test_slices": [
                [
                    899, 
                    1124
                ]
            ], 
            "train_slices": [
                [
                    224, 
                    449
                ], 
                [
                    449, 
                    674
                ], 
                [
                    674, 
                    899
                ]
            ]
        }, 
        "train": {
            "batch_size": 100, 
            "init_scale": 0.02350954323756658, 
            "num_iters": 10000, 
            "seed": 5, 
            "step_size": 0.005862128392003446
        }, 
        "varied_params": {
            "conv_width": 11.354821990083572, 
            "fp_depth": 2.6346495489906907, 
            "fp_length": 667.0612659711894, 
            "h1_size": 77.44067519636624, 
            "log_L2_reg": -1.177892991426849, 
            "log_init_scale": -3.75034884505077, 
            "log_step_size": -5.139242534510322
        }
    }, 
    {
        "host_name": "papaschlumpf", 
        "minutes_duration": 0.4102026661237081, 
        "timestamp": "2021-08-07 01:02:18.013435", 
        "training_curve": [
            [
                0, 
                4.485056261795459, 
                4.187128582199495
            ], 
            [
                526, 
                0.22885909586825817, 
                3.221299727935076
            ], 
            [
                1052, 
                0.16914136833259535, 
                3.9904143761041584
            ], 
            [
                1578, 
                0.153055081331638, 
                4.406518054304197
            ], 
            [
                2105, 
                0.1473090701611175, 
                4.603086119043769
            ], 
            [
                2631, 
                0.14538555626043143, 
                4.678774818053009
            ], 
            [
                3157, 
                0.1445942656045421, 
                4.718529225412521
            ], 
            [
                3683, 
                0.18301199792658057, 
                4.733600438206981
            ], 
            [
                4210, 
                0.144068709699029, 
                4.757810945964025
            ], 
            [
                4736, 
                0.14386160566114178, 
                4.766274445459598
            ], 
            [
                5262, 
                0.1437486381276741, 
                4.767874016522221
            ], 
            [
                5788, 
                0.14355351537241356, 
                4.773227033331481
            ], 
            [
                6315, 
                0.14364217201215854, 
                4.77460389676223
            ], 
            [
                6841, 
                0.14363462334805652, 
                4.7809346247348845
            ], 
            [
                7367, 
                0.14373756788287437, 
                4.7797368939550005
            ], 
            [
                7893, 
                0.14571668207491392, 
                4.780573273474181
            ], 
            [
                8420, 
                0.14351981302373448, 
                4.779449782230148
            ], 
            [
                8946, 
                0.1478107476751846, 
                4.783284424210821
            ], 
            [
                9472, 
                0.14359367770152928, 
                4.782441321074737
            ], 
            [
                9999, 
                0.14379968314831315, 
                4.782468945712495
            ]
        ]
    }
]