[
    {
        "jobnum": 0, 
        "model": {
            "L2_reg": 0.30792686009670756, 
            "conv_width": 11, 
            "fp_depth": 3, 
            "fp_length": 88, 
            "h1_size": 77, 
            "net_type": "conv_plus_net"
        }, 
        "num_records": 20, 
        "task": {
            "name": "delaney", 
            "test_slices": [
                [
                    899, 
                    1124
                ]
            ], 
            "train_slices": [
                [
                    224, 
                    449
                ], 
                [
                    449, 
                    674
                ], 
                [
                    674, 
                    899
                ]
            ]
        }, 
        "train": {
            "batch_size": 100, 
            "init_scale": 0.02350954323756658, 
            "num_iters": 10000, 
            "seed": 5, 
            "step_size": 0.005862128392003446
        }, 
        "varied_params": {
            "conv_width": 11.354821990083572, 
            "fp_depth": 2.6346495489906907, 
            "fp_length": 88.34014066346549, 
            "h1_size": 77.44067519636624, 
            "log_L2_reg": -1.177892991426849, 
            "log_init_scale": -3.75034884505077, 
            "log_step_size": -5.139242534510322
        }
    }, 
    {
        "host_name": "schlaubi", 
        "minutes_duration": 46.178585998217265, 
        "timestamp": "2021-08-06 21:05:35.594100", 
        "training_curve": [
            [
                0, 
                4.324226510842862, 
                4.147679887785358
            ], 
            [
                526, 
                0.2245819354101865, 
                0.5683004593008653
            ], 
            [
                1052, 
                0.18236983279028804, 
                0.6125638649271415
            ], 
            [
                1578, 
                0.15419697738168098, 
                0.587147516200654
            ], 
            [
                2105, 
                0.1265643960153538, 
                0.7055612521164529
            ], 
            [
                2631, 
                0.10492019010305247, 
                0.6135756518910042
            ], 
            [
                3157, 
                0.07609500601995185, 
                0.6605999057404369
            ], 
            [
                3683, 
                0.07654191884065191, 
                0.6809754740977486
            ], 
            [
                4210, 
                0.06878727965946427, 
                0.6806216839583438
            ], 
            [
                4736, 
                0.07393000308665927, 
                0.6561182457054879
            ], 
            [
                5262, 
                0.10550176308191692, 
                0.7045165485546105
            ], 
            [
                5788, 
                0.06806466641505209, 
                0.6970989383077101
            ], 
            [
                6315, 
                0.08203603202584375, 
                0.7194468247144254
            ], 
            [
                6841, 
                0.05420000215677738, 
                0.6699242533444539
            ], 
            [
                7367, 
                0.061631458956322244, 
                0.7003891375736611
            ], 
            [
                7893, 
                0.06526544599548675, 
                0.67064070565224
            ], 
            [
                8420, 
                0.07328065517805844, 
                0.7608080656997463
            ], 
            [
                8946, 
                0.06349137625115488, 
                0.6886666170479586
            ], 
            [
                9472, 
                0.058825358369196945, 
                0.690861223222519
            ], 
            [
                9999, 
                0.05722224586064705, 
                0.6694972809689326
            ]
        ]
    }
]