[
    {
        "jobnum": 10, 
        "model": {
            "L2_reg": 6.1354823978170945, 
            "conv_width": 16, 
            "fp_depth": 3, 
            "fp_length": 56, 
            "h1_size": 99, 
            "net_type": "mean"
        }, 
        "num_records": 20, 
        "task": {
            "name": "delaney", 
            "test_slices": [
                [
                    899, 
                    1124
                ]
            ], 
            "train_slices": [
                [
                    224, 
                    449
                ], 
                [
                    449, 
                    674
                ], 
                [
                    674, 
                    899
                ]
            ]
        }, 
        "train": {
            "batch_size": 100, 
            "init_scale": 0.04366415128338205, 
            "num_iters": 10000, 
            "seed": 5, 
            "step_size": 0.0021866268069066185
        }, 
        "varied_params": {
            "conv_width": 16.088953690974527, 
            "fp_depth": 2.8145365592351377, 
            "fp_length": 55.50129459235524, 
            "h1_size": 98.82297325066979, 
            "log_L2_reg": 1.814088705522697, 
            "log_init_scale": -3.1312278503056383, 
            "log_step_size": -6.125395193409194
        }
    }, 
    {
        "host_name": "hefty", 
        "minutes_duration": 0.046676568190256756, 
        "timestamp": "2021-08-07 06:11:15.028758", 
        "training_curve": [
            [
                0, 
                4.332265980348588, 
                4.152814243427409
            ], 
            [
                526, 
                4.330684551532399, 
                4.158637259295591
            ], 
            [
                1052, 
                4.330685178096876, 
                4.158647894616362
            ], 
            [
                1578, 
                4.330681949301342, 
                4.158591737279011
            ], 
            [
                2105, 
                4.330674895472126, 
                4.158454495889663
            ], 
            [
                2631, 
                4.330673471627455, 
                4.158423551986894
            ], 
            [
                3157, 
                4.330676508243463, 
                4.158488030957305
            ], 
            [
                3683, 
                4.330684556329269, 
                4.158637341173278
            ], 
            [
                4210, 
                4.330681949124559, 
                4.158591734107503
            ], 
            [
                4736, 
                4.330679743203697, 
                4.158551234112074
            ], 
            [
                5262, 
                4.330674894505548, 
                4.158454475329741
            ], 
            [
                5788, 
                4.330673471042437, 
                4.158423538989799
            ], 
            [
                6315, 
                4.33068455640973, 
                4.158637342546612
            ], 
            [
                6841, 
                4.330685180648247, 
                4.158647937681142
            ], 
            [
                7367, 
                4.330681949113734, 
                4.158591733913293
            ], 
            [
                7893, 
                4.330679743176731, 
                4.158551233605113
            ], 
            [
                8420, 
                4.330673471020285, 
                4.158423538497651
            ], 
            [
                8946, 
                4.330676508001681, 
                4.158488026039853
            ], 
            [
                9472, 
                4.330684556415431, 
                4.158637342643905
            ], 
            [
                9999, 
                4.330681949113272, 
                4.158591733905017
            ]
        ]
    }
]