[
    {
        "jobnum": 10, 
        "model": {
            "L2_reg": 6.1354823978170945, 
            "conv_width": 16, 
            "fp_depth": 3, 
            "fp_length": 20, 
            "h1_size": 99, 
            "net_type": "conv_plus_net"
        }, 
        "num_records": 20, 
        "task": {
            "name": "malaria", 
            "test_slices": [
                [
                    8000, 
                    10000
                ]
            ], 
            "train_slices": [
                [
                    2000, 
                    4000
                ], 
                [
                    4000, 
                    6000
                ], 
                [
                    6000, 
                    8000
                ]
            ]
        }, 
        "train": {
            "batch_size": 100, 
            "init_scale": 0.04366415128338205, 
            "num_iters": 10000, 
            "seed": 5, 
            "step_size": 0.0021866268069066185
        }, 
        "varied_params": {
            "conv_width": 16.088953690974527, 
            "fp_depth": 2.8145365592351377, 
            "fp_length": 20.389032732483916, 
            "h1_size": 98.82297325066979, 
            "log_L2_reg": 1.814088705522697, 
            "log_init_scale": -3.1312278503056383, 
            "log_step_size": -6.125395193409194
        }
    }, 
    {
        "host_name": "hefty", 
        "minutes_duration": 26.99819943110148, 
        "timestamp": "2021-09-03 21:40:10.973701", 
        "training_curve": [
            [
                0, 
                1.4903721515661945, 
                1.420529356252756
            ], 
            [
                526, 
                1.1301372151723463, 
                1.1551598223447193
            ], 
            [
                1052, 
                1.0663007318308682, 
                1.1313585231479455
            ], 
            [
                1578, 
                1.052556347194476, 
                1.150825560677207
            ], 
            [
                2105, 
                1.0000295073510532, 
                1.1541665642559675
            ], 
            [
                2631, 
                0.9709602657394174, 
                1.128794135762305
            ], 
            [
                3157, 
                0.9346489115478492, 
                1.1071616634008183
            ], 
            [
                3683, 
                0.9198242939775537, 
                1.1031807744730557
            ], 
            [
                4210, 
                0.8706228756116405, 
                1.1107744117333493
            ], 
            [
                4736, 
                0.8665797598254038, 
                1.1156250907525125
            ], 
            [
                5262, 
                0.8474642018925339, 
                1.1290726262520432
            ], 
            [
                5788, 
                0.829871719082996, 
                1.1215180776823412
            ], 
            [
                6315, 
                0.8114787853844883, 
                1.2038503439376786
            ], 
            [
                6841, 
                0.8086391034231956, 
                1.1913852090785828
            ], 
            [
                7367, 
                0.8093350887196455, 
                1.2231596661806385
            ], 
            [
                7893, 
                0.7572049770112869, 
                1.1489564840773767
            ], 
            [
                8420, 
                0.7591352249679618, 
                1.2755588383031287
            ], 
            [
                8946, 
                0.7180378458323512, 
                1.2287622016342987
            ], 
            [
                9472, 
                0.719173007076692, 
                1.2579266775509441
            ], 
            [
                9999, 
                0.6864091412865616, 
                1.2440838923450508
            ]
        ]
    }
]