[
    {
        "jobnum": 10, 
        "model": {
            "L2_reg": 6.1354823978170945, 
            "conv_width": 16, 
            "fp_depth": 3, 
            "fp_length": 56, 
            "h1_size": 99, 
            "net_type": "morgan_plus_linear"
        }, 
        "num_records": 20, 
        "task": {
            "name": "delaney", 
            "test_slices": [
                [
                    899, 
                    1124
                ]
            ], 
            "train_slices": [
                [
                    224, 
                    449
                ], 
                [
                    449, 
                    674
                ], 
                [
                    674, 
                    899
                ]
            ]
        }, 
        "train": {
            "batch_size": 100, 
            "init_scale": 0.04366415128338205, 
            "num_iters": 10000, 
            "seed": 5, 
            "step_size": 0.0021866268069066185
        }, 
        "varied_params": {
            "conv_width": 16.088953690974527, 
            "fp_depth": 2.8145365592351377, 
            "fp_length": 55.50129459235524, 
            "h1_size": 98.82297325066979, 
            "log_L2_reg": 1.814088705522697, 
            "log_init_scale": -3.1312278503056383, 
            "log_step_size": -6.125395193409194
        }
    }, 
    {
        "host_name": "papaschlumpf", 
        "minutes_duration": 0.16670003334681194, 
        "timestamp": "2021-08-07 01:05:34.843023", 
        "training_curve": [
            [
                0, 
                4.51886413513441, 
                4.310107028539533
            ], 
            [
                526, 
                2.637697899580857, 
                2.5488878475134698
            ], 
            [
                1052, 
                2.627861370524743, 
                2.537586861804479
            ], 
            [
                1578, 
                2.62754172939533, 
                2.53634253617501
            ], 
            [
                2105, 
                2.6274921986425506, 
                2.5354464684891487
            ], 
            [
                2631, 
                2.6275072936794843, 
                2.5355818613034535
            ], 
            [
                3157, 
                2.627584043026217, 
                2.5366618050728174
            ], 
            [
                3683, 
                2.627606806061106, 
                2.5381728727207085
            ], 
            [
                4210, 
                2.627523976514344, 
                2.536308497639228
            ], 
            [
                4736, 
                2.627447961068742, 
                2.535426052551922
            ], 
            [
                5262, 
                2.6274854764355022, 
                2.5354108093224537
            ], 
            [
                5788, 
                2.6275054090544256, 
                2.5355706461451892
            ], 
            [
                6315, 
                2.6276080478930184, 
                2.538180265996735
            ], 
            [
                6841, 
                2.6275891118730668, 
                2.537389660555196
            ], 
            [
                7367, 
                2.6275234974208863, 
                2.536306899119993
            ], 
            [
                7893, 
                2.6274474586712793, 
                2.535423781378383
            ], 
            [
                8420, 
                2.6275053384162663, 
                2.5355702499087904
            ], 
            [
                8946, 
                2.6275841799690616, 
                2.5366634448657965
            ], 
            [
                9472, 
                2.627608134012523, 
                2.5381807718969593
            ], 
            [
                9999, 
                2.6275234788502315, 
                2.5363068377615803
            ]
        ]
    }
]