[
    {
        "jobnum": 11, 
        "model": {
            "L2_reg": 0.006408191094856293, 
            "conv_width": 11, 
            "fp_depth": 2, 
            "fp_length": 81, 
            "h1_size": 56, 
            "net_type": "morgan_plus_linear"
        }, 
        "num_records": 20, 
        "task": {
            "name": "delaney", 
            "test_slices": [
                [
                    899, 
                    1124
                ]
            ], 
            "train_slices": [
                [
                    224, 
                    449
                ], 
                [
                    449, 
                    674
                ], 
                [
                    674, 
                    899
                ]
            ]
        }, 
        "train": {
            "batch_size": 100, 
            "init_scale": 0.008481325966056948, 
            "num_iters": 10000, 
            "seed": 5, 
            "step_size": 0.001096711403860304
        }, 
        "varied_params": {
            "conv_width": 11.213944917720049, 
            "fp_depth": 1.953949538181928, 
            "fp_length": 80.66067631957463, 
            "h1_size": 56.00982806065844, 
            "log_L2_reg": -5.050178248366048, 
            "log_init_scale": -4.769888477480079, 
            "log_step_size": -6.81543920991142
        }
    }, 
    {
        "host_name": "papaschlumpf", 
        "minutes_duration": 0.1773382822672526, 
        "timestamp": "2021-08-07 01:05:47.597418", 
        "training_curve": [
            [
                0, 
                4.357466623485021, 
                4.155983618545312
            ], 
            [
                526, 
                2.227604314801024, 
                2.5184393488725707
            ], 
            [
                1052, 
                2.1077834347415534, 
                2.467014650451135
            ], 
            [
                1578, 
                2.0837774427975733, 
                2.4572507018851164
            ], 
            [
                2105, 
                2.075926302776147, 
                2.4537270753127283
            ], 
            [
                2631, 
                2.0728648277215354, 
                2.4516108066475235
            ], 
            [
                3157, 
                2.0716233691698633, 
                2.4504486874216553
            ], 
            [
                3683, 
                2.071111166840977, 
                2.449445671882072
            ], 
            [
                4210, 
                2.070881075833488, 
                2.4495894735378583
            ], 
            [
                4736, 
                2.070764401814613, 
                2.4500399535192505
            ], 
            [
                5262, 
                2.0707013428917143, 
                2.4501428952887565
            ], 
            [
                5788, 
                2.0706562700014524, 
                2.4502679805510756
            ], 
            [
                6315, 
                2.0707118918111975, 
                2.4497013171338846
            ], 
            [
                6841, 
                2.070722877618261, 
                2.449860559320253
            ], 
            [
                7367, 
                2.070716091484203, 
                2.450067232410362
            ], 
            [
                7893, 
                2.07070074158437, 
                2.4504945731301593
            ], 
            [
                8420, 
                2.070651146000681, 
                2.450536622296592
            ], 
            [
                8946, 
                2.07067953167413, 
                2.450487783449448
            ], 
            [
                9472, 
                2.0707134469160757, 
                2.4499140576075025
            ], 
            [
                9999, 
                2.0707189152881575, 
                2.450169724004457
            ]
        ]
    }
]