[
    {
        "jobnum": 11, 
        "model": {
            "L2_reg": 0.006408191094856293, 
            "conv_width": 11, 
            "fp_depth": 2, 
            "fp_length": 81, 
            "h1_size": 56, 
            "net_type": "mean"
        }, 
        "num_records": 20, 
        "task": {
            "name": "delaney", 
            "test_slices": [
                [
                    899, 
                    1124
                ]
            ], 
            "train_slices": [
                [
                    224, 
                    449
                ], 
                [
                    449, 
                    674
                ], 
                [
                    674, 
                    899
                ]
            ]
        }, 
        "train": {
            "batch_size": 100, 
            "init_scale": 0.008481325966056948, 
            "num_iters": 10000, 
            "seed": 5, 
            "step_size": 0.001096711403860304
        }, 
        "varied_params": {
            "conv_width": 11.213944917720049, 
            "fp_depth": 1.953949538181928, 
            "fp_length": 80.66067631957463, 
            "h1_size": 56.00982806065844, 
            "log_L2_reg": -5.050178248366048, 
            "log_init_scale": -4.769888477480079, 
            "log_step_size": -6.81543920991142
        }
    }, 
    {
        "host_name": "clumsy", 
        "minutes_duration": 0.04725178082784017, 
        "timestamp": "2021-08-07 06:11:17.328941", 
        "training_curve": [
            [
                0, 
                4.330719207919784, 
                4.156560615429137
            ], 
            [
                526, 
                4.330681834859913, 
                4.158589681806462
            ], 
            [
                1052, 
                4.330682126033376, 
                4.158594902241848
            ], 
            [
                1578, 
                4.3306805789427605, 
                4.158566802470529
            ], 
            [
                2105, 
                4.3306770023990815, 
                4.1584980163528105
            ], 
            [
                2631, 
                4.330676233528056, 
                4.158482423225898
            ], 
            [
                3157, 
                4.330677847565613, 
                4.1585148045121425
            ], 
            [
                3683, 
                4.3306818316741635, 
                4.158589624519299
            ], 
            [
                4210, 
                4.330680578207573, 
                4.158566788899327
            ], 
            [
                4736, 
                4.330679496185421, 
                4.158546577162051
            ], 
            [
                5262, 
                4.330677001921927, 
                4.1584980067727075
            ], 
            [
                5788, 
                4.330676233273712, 
                4.158482418014869
            ], 
            [
                6315, 
                4.330681831624384, 
                4.1585896236241044
            ], 
            [
                6841, 
                4.33068212508818, 
                4.158594885344899
            ], 
            [
                7367, 
                4.33068057816467, 
                4.158566788107378
            ], 
            [
                7893, 
                4.330679496157572, 
                4.1585465766355725
            ], 
            [
                8420, 
                4.330676233264026, 
                4.158482417816439
            ], 
            [
                8946, 
                4.330677847422881, 
                4.158514801706773
            ], 
            [
                9472, 
                4.330681831620784, 
                4.158589623559365
            ], 
            [
                9999, 
                4.330680578162929, 
                4.158566788075233
            ]
        ]
    }
]