[
    {
        "jobnum": 11, 
        "model": {
            "L2_reg": 0.006408191094856293, 
            "conv_width": 11, 
            "fp_depth": 2, 
            "fp_length": 81, 
            "h1_size": 56, 
            "net_type": "morgan_plus_linear"
        }, 
        "num_records": 20, 
        "task": {
            "name": "cep", 
            "test_slices": [
                [
                    16000, 
                    20000
                ]
            ], 
            "train_slices": [
                [
                    4000, 
                    8000
                ], 
                [
                    8000, 
                    12000
                ], 
                [
                    12000, 
                    16000
                ]
            ]
        }, 
        "train": {
            "batch_size": 100, 
            "init_scale": 0.008481325966056948, 
            "num_iters": 10000, 
            "seed": 5, 
            "step_size": 0.001096711403860304
        }, 
        "varied_params": {
            "conv_width": 11.213944917720049, 
            "fp_depth": 1.953949538181928, 
            "fp_length": 80.66067631957463, 
            "h1_size": 56.00982806065844, 
            "log_L2_reg": -5.050178248366048, 
            "log_init_scale": -4.769888477480079, 
            "log_step_size": -6.81543920991142
        }
    }, 
    {
        "host_name": "schlaubi", 
        "minutes_duration": 0.5660965005556743, 
        "timestamp": "2021-09-10 22:59:41.439523", 
        "training_curve": [
            [
                0, 
                6.424252087586736, 
                6.41276545734446
            ], 
            [
                526, 
                4.1447283059057725, 
                4.273387187535207
            ], 
            [
                1052, 
                4.06436885904998, 
                4.230401079043978
            ], 
            [
                1578, 
                4.06895453854507, 
                4.241500403761385
            ], 
            [
                2105, 
                4.035528870275331, 
                4.209985855626457
            ], 
            [
                2631, 
                4.038562989189269, 
                4.222208036347986
            ], 
            [
                3157, 
                4.0270736554766895, 
                4.205227286946401
            ], 
            [
                3683, 
                4.020815042364768, 
                4.206047022167033
            ], 
            [
                4210, 
                4.02398127071151, 
                4.2105947286246455
            ], 
            [
                4736, 
                4.013976889208239, 
                4.1952292729398515
            ], 
            [
                5262, 
                4.0137000449391, 
                4.204122179621518
            ], 
            [
                5788, 
                4.010857145543895, 
                4.195749454366227
            ], 
            [
                6315, 
                4.012869683179292, 
                4.199713362672057
            ], 
            [
                6841, 
                4.045963247619646, 
                4.238030233681762
            ], 
            [
                7367, 
                4.017963418690235, 
                4.201310887330909
            ], 
            [
                7893, 
                4.008777429660329, 
                4.202395976117362
            ], 
            [
                8420, 
                4.045047326949897, 
                4.234643814697654
            ], 
            [
                8946, 
                4.009565903930202, 
                4.197287336115282
            ], 
            [
                9472, 
                4.016522254235481, 
                4.210879753173072
            ], 
            [
                9999, 
                4.009780586821632, 
                4.196840003212927
            ]
        ]
    }
]