[
    {
        "jobnum": 11, 
        "model": {
            "L2_reg": 0.006408191094856293, 
            "conv_width": 11, 
            "fp_depth": 2, 
            "fp_length": 23, 
            "h1_size": 56, 
            "net_type": "conv_plus_linear"
        }, 
        "num_records": 20, 
        "task": {
            "name": "delaney", 
            "test_slices": [
                [
                    899, 
                    1124
                ]
            ], 
            "train_slices": [
                [
                    224, 
                    449
                ], 
                [
                    449, 
                    674
                ], 
                [
                    674, 
                    899
                ]
            ]
        }, 
        "train": {
            "batch_size": 100, 
            "init_scale": 0.008481325966056948, 
            "num_iters": 10000, 
            "seed": 5, 
            "step_size": 0.001096711403860304
        }, 
        "varied_params": {
            "conv_width": 11.213944917720049, 
            "fp_depth": 1.953949538181928, 
            "fp_length": 23.184519591063847, 
            "h1_size": 56.00982806065844, 
            "log_L2_reg": -5.050178248366048, 
            "log_init_scale": -4.769888477480079, 
            "log_step_size": -6.81543920991142
        }
    }, 
    {
        "host_name": "papaschlumpf", 
        "minutes_duration": 21.217821566263833, 
        "timestamp": "2021-08-07 02:31:31.914082", 
        "training_curve": [
            [
                0, 
                4.0268724582876905, 
                3.9306766918048957
            ], 
            [
                526, 
                0.6093170191877513, 
                1.0606438454835079
            ], 
            [
                1052, 
                0.4118406738466853, 
                0.9478224085930447
            ], 
            [
                1578, 
                0.33570742972729734, 
                0.9399752826534371
            ], 
            [
                2105, 
                0.29218055041923435, 
                0.9373167303659747
            ], 
            [
                2631, 
                0.2578824546782297, 
                0.9149847921277261
            ], 
            [
                3157, 
                0.22875654361421202, 
                0.9074602336885635
            ], 
            [
                3683, 
                0.20834102092791573, 
                0.9391981971082431
            ], 
            [
                4210, 
                0.18881811175380675, 
                0.9865184841403241
            ], 
            [
                4736, 
                0.17529538750032114, 
                1.013292959685737
            ], 
            [
                5262, 
                0.17539599517983273, 
                1.0479063102723967
            ], 
            [
                5788, 
                0.19030317907057595, 
                1.0757173967516829
            ], 
            [
                6315, 
                0.1724940891330195, 
                1.1132086714167664
            ], 
            [
                6841, 
                0.15661654130367356, 
                1.1005789383013822
            ], 
            [
                7367, 
                0.15054490709248625, 
                1.1026434472647477
            ], 
            [
                7893, 
                0.1533148345036114, 
                1.1501182110042516
            ], 
            [
                8420, 
                0.14675678506527043, 
                1.1353763075110404
            ], 
            [
                8946, 
                0.1420903239034831, 
                1.1446550886419777
            ], 
            [
                9472, 
                0.14948163716113944, 
                1.1394612213149828
            ], 
            [
                9999, 
                0.14558442658819787, 
                1.1348984706281502
            ]
        ]
    }
]