[
    {
        "jobnum": 12, 
        "model": {
            "L2_reg": 0.16299828947213768, 
            "conv_width": 14, 
            "fp_depth": 1, 
            "fp_length": 953, 
            "h1_size": 78, 
            "net_type": "morgan_plus_net"
        }, 
        "num_records": 20, 
        "task": {
            "name": "delaney", 
            "test_slices": [
                [
                    899, 
                    1124
                ]
            ], 
            "train_slices": [
                [
                    224, 
                    449
                ], 
                [
                    449, 
                    674
                ], 
                [
                    674, 
                    899
                ]
            ]
        }, 
        "train": {
            "batch_size": 100, 
            "init_scale": 0.0378442657541654, 
            "num_iters": 10000, 
            "seed": 5, 
            "step_size": 0.0009697793018287504
        }, 
        "varied_params": {
            "conv_width": 13.639197433342689, 
            "fp_depth": 1.281821532275325, 
            "fp_length": 952.7305671568238, 
            "h1_size": 78.33007271032875, 
            "log_L2_reg": -1.8140155722664026, 
            "log_init_scale": -3.2742758098052946, 
            "log_step_size": -6.938442036242218
        }
    }, 
    {
        "host_name": "hefty", 
        "minutes_duration": 2.8726292848587036, 
        "timestamp": "2021-08-07 05:53:11.298840", 
        "training_curve": [
            [
                0, 
                4.332075326272402, 
                4.156815409415592
            ], 
            [
                526, 
                0.34189496558659743, 
                1.5063819991490035
            ], 
            [
                1052, 
                0.4116462516254382, 
                1.612249850374163
            ], 
            [
                1578, 
                0.5157687563154215, 
                1.7891847931541927
            ], 
            [
                2105, 
                0.5605320488507031, 
                1.9193548072414475
            ], 
            [
                2631, 
                0.5750791205712075, 
                1.9949383500035418
            ], 
            [
                3157, 
                0.5672173474269743, 
                1.9612026101437003
            ], 
            [
                3683, 
                0.5688578110687422, 
                1.9643581894592288
            ], 
            [
                4210, 
                0.5495507970457137, 
                1.919015596570399
            ], 
            [
                4736, 
                0.5525364898736549, 
                1.952784723237751
            ], 
            [
                5262, 
                0.551128701816339, 
                1.9390848336548985
            ], 
            [
                5788, 
                0.5491535824699029, 
                1.907919833331036
            ], 
            [
                6315, 
                0.5486632406119151, 
                1.9031235116868406
            ], 
            [
                6841, 
                0.5396275159699924, 
                1.8756681230780023
            ], 
            [
                7367, 
                0.5384246020836484, 
                1.874172354771877
            ], 
            [
                7893, 
                0.5387515552278183, 
                1.8799555270754738
            ], 
            [
                8420, 
                0.5454575267667565, 
                1.879491986560324
            ], 
            [
                8946, 
                0.5354327340566218, 
                1.8595790331425621
            ], 
            [
                9472, 
                0.5347994669710697, 
                1.8467764093877894
            ], 
            [
                9999, 
                0.5274738194760702, 
                1.7980353501815973
            ]
        ]
    }
]