[
    {
        "jobnum": 12, 
        "model": {
            "L2_reg": 0.16299828947213768, 
            "conv_width": 14, 
            "fp_depth": 1, 
            "fp_length": 953, 
            "h1_size": 78, 
            "net_type": "morgan_plus_linear"
        }, 
        "num_records": 20, 
        "task": {
            "name": "delaney", 
            "test_slices": [
                [
                    899, 
                    1124
                ]
            ], 
            "train_slices": [
                [
                    224, 
                    449
                ], 
                [
                    449, 
                    674
                ], 
                [
                    674, 
                    899
                ]
            ]
        }, 
        "train": {
            "batch_size": 100, 
            "init_scale": 0.0378442657541654, 
            "num_iters": 10000, 
            "seed": 5, 
            "step_size": 0.0009697793018287504
        }, 
        "varied_params": {
            "conv_width": 13.639197433342689, 
            "fp_depth": 1.281821532275325, 
            "fp_length": 952.7305671568238, 
            "h1_size": 78.33007271032875, 
            "log_L2_reg": -1.8140155722664026, 
            "log_init_scale": -3.2742758098052946, 
            "log_step_size": -6.938442036242218
        }
    }, 
    {
        "host_name": "hefty", 
        "minutes_duration": 0.5066200852394104, 
        "timestamp": "2021-08-07 01:06:17.345933", 
        "training_curve": [
            [
                0, 
                4.591043140276342, 
                4.427280221600634
            ], 
            [
                526, 
                1.2797773307092237, 
                2.0654843249654453
            ], 
            [
                1052, 
                0.8726271903674312, 
                1.9443990940444333
            ], 
            [
                1578, 
                0.7200426143223584, 
                1.9738129603198262
            ], 
            [
                2105, 
                0.6441011981918519, 
                2.0574648961078994
            ], 
            [
                2631, 
                0.6005404555464505, 
                2.156934518346723
            ], 
            [
                3157, 
                0.5727812075214377, 
                2.256347620798868
            ], 
            [
                3683, 
                0.5537115235205189, 
                2.348565663390233
            ], 
            [
                4210, 
                0.5398985868669435, 
                2.431715979958408
            ], 
            [
                4736, 
                0.5295462584101588, 
                2.50425857314519
            ], 
            [
                5262, 
                0.5215240089449577, 
                2.5676683381424614
            ], 
            [
                5788, 
                0.5151442164803385, 
                2.6234021215133234
            ], 
            [
                6315, 
                0.5100047272157571, 
                2.6729523179676753
            ], 
            [
                6841, 
                0.5057561131899183, 
                2.7174148286826645
            ], 
            [
                7367, 
                0.5022141831447591, 
                2.757070418396669
            ], 
            [
                7893, 
                0.49922029254607003, 
                2.7924144293350572
            ], 
            [
                8420, 
                0.49664739740621655, 
                2.823762693489428
            ], 
            [
                8946, 
                0.49447300732284055, 
                2.8522571035185447
            ], 
            [
                9472, 
                0.49258042937805985, 
                2.8781506772835797
            ], 
            [
                9999, 
                0.49091246240774394, 
                2.9023133585367193
            ]
        ]
    }
]