[
    {
        "jobnum": 12, 
        "model": {
            "L2_reg": 0.16299828947213768, 
            "conv_width": 14, 
            "fp_depth": 1, 
            "fp_length": 953, 
            "h1_size": 78, 
            "net_type": "morgan_plus_linear"
        }, 
        "num_records": 20, 
        "task": {
            "name": "malaria", 
            "test_slices": [
                [
                    8000, 
                    10000
                ]
            ], 
            "train_slices": [
                [
                    2000, 
                    4000
                ], 
                [
                    4000, 
                    6000
                ], 
                [
                    6000, 
                    8000
                ]
            ]
        }, 
        "train": {
            "batch_size": 100, 
            "init_scale": 0.0378442657541654, 
            "num_iters": 10000, 
            "seed": 5, 
            "step_size": 0.0009697793018287504
        }, 
        "varied_params": {
            "conv_width": 13.639197433342689, 
            "fp_depth": 1.281821532275325, 
            "fp_length": 952.7305671568238, 
            "h1_size": 78.33007271032875, 
            "log_L2_reg": -1.8140155722664026, 
            "log_init_scale": -3.2742758098052946, 
            "log_step_size": -6.938442036242218
        }
    }, 
    {
        "host_name": "schlaubi", 
        "minutes_duration": 1.2421172976493835, 
        "timestamp": "2021-09-04 04:07:39.806030", 
        "training_curve": [
            [
                0, 
                1.5496622745938693, 
                1.4833655205583922
            ], 
            [
                526, 
                1.085887089334683, 
                1.1148170403199456
            ], 
            [
                1052, 
                1.009528144182845, 
                1.0872014330352868
            ], 
            [
                1578, 
                0.9738845955280615, 
                1.0861540739325874
            ], 
            [
                2105, 
                0.9524364290681095, 
                1.0919449243267847
            ], 
            [
                2631, 
                0.9372583326230345, 
                1.097981772692384
            ], 
            [
                3157, 
                0.9263915871159437, 
                1.10399188548218
            ], 
            [
                3683, 
                0.9184878302951954, 
                1.1088084895253796
            ], 
            [
                4210, 
                0.9119027568983724, 
                1.1139787431554309
            ], 
            [
                4736, 
                0.9072609286917604, 
                1.1211938595378856
            ], 
            [
                5262, 
                0.9025905815352092, 
                1.1236152740406162
            ], 
            [
                5788, 
                0.8990383489413752, 
                1.1270140368957087
            ], 
            [
                6315, 
                0.895989557634849, 
                1.129732189520892
            ], 
            [
                6841, 
                0.8942550451592671, 
                1.13545484124443
            ], 
            [
                7367, 
                0.8912961828550736, 
                1.136702188080752
            ], 
            [
                7893, 
                0.8892316480666638, 
                1.1392144906123332
            ], 
            [
                8420, 
                0.887805953796784, 
                1.1404761607892484
            ], 
            [
                8946, 
                0.8863078470617742, 
                1.1431015962760485
            ], 
            [
                9472, 
                0.8848524584865881, 
                1.1456417356139286
            ], 
            [
                9999, 
                0.88366111703997, 
                1.1472483303268466
            ]
        ]
    }
]