[
    {
        "jobnum": 12, 
        "model": {
            "L2_reg": 0.16299828947213768, 
            "conv_width": 14, 
            "fp_depth": 1, 
            "fp_length": 120, 
            "h1_size": 78, 
            "net_type": "conv_plus_linear"
        }, 
        "num_records": 20, 
        "task": {
            "name": "delaney", 
            "test_slices": [
                [
                    899, 
                    1124
                ]
            ], 
            "train_slices": [
                [
                    224, 
                    449
                ], 
                [
                    449, 
                    674
                ], 
                [
                    674, 
                    899
                ]
            ]
        }, 
        "train": {
            "batch_size": 100, 
            "init_scale": 0.0378442657541654, 
            "num_iters": 10000, 
            "seed": 5, 
            "step_size": 0.0009697793018287504
        }, 
        "varied_params": {
            "conv_width": 13.639197433342689, 
            "fp_depth": 1.281821532275325, 
            "fp_length": 120.08117412853598, 
            "h1_size": 78.33007271032875, 
            "log_L2_reg": -1.8140155722664026, 
            "log_init_scale": -3.2742758098052946, 
            "log_step_size": -6.938442036242218
        }
    }, 
    {
        "host_name": "schlumpfine", 
        "minutes_duration": 15.627663183212281, 
        "timestamp": "2021-08-07 02:28:51.292548", 
        "training_curve": [
            [
                0, 
                4.485116593309889, 
                4.302390787063323
            ], 
            [
                526, 
                0.7955420649381425, 
                1.139338921283202
            ], 
            [
                1052, 
                0.5189981639942313, 
                0.946292445557306
            ], 
            [
                1578, 
                0.4527215866091389, 
                0.9132180797702125
            ], 
            [
                2105, 
                0.4131802672655387, 
                0.8929950580287139
            ], 
            [
                2631, 
                0.3833507763403593, 
                0.8769683121944173
            ], 
            [
                3157, 
                0.3588856618001669, 
                0.880165548826592
            ], 
            [
                3683, 
                0.33973216927626976, 
                0.893736399968275
            ], 
            [
                4210, 
                0.32488448798780745, 
                0.9106994770651861
            ], 
            [
                4736, 
                0.3127379424268525, 
                0.9382336583300273
            ], 
            [
                5262, 
                0.30222200116999604, 
                0.9583720535091538
            ], 
            [
                5788, 
                0.2931459047229425, 
                0.9810480868726288
            ], 
            [
                6315, 
                0.28531439559534394, 
                1.0078462657515066
            ], 
            [
                6841, 
                0.2778684094676455, 
                1.0199345145047725
            ], 
            [
                7367, 
                0.2711820565349497, 
                1.0162902859724374
            ], 
            [
                7893, 
                0.2649545374418064, 
                1.0238541175966442
            ], 
            [
                8420, 
                0.2589587496259244, 
                1.0498202396763652
            ], 
            [
                8946, 
                0.25470097604775865, 
                1.0840196759308587
            ], 
            [
                9472, 
                0.2506768777479881, 
                1.1004888616514474
            ], 
            [
                9999, 
                0.24617963402180884, 
                1.1098630240495702
            ]
        ]
    }
]