[
    {
        "jobnum": 12, 
        "model": {
            "L2_reg": 0.16299828947213768, 
            "conv_width": 14, 
            "fp_depth": 1, 
            "fp_length": 953, 
            "h1_size": 78, 
            "net_type": "mean"
        }, 
        "num_records": 20, 
        "task": {
            "name": "delaney", 
            "test_slices": [
                [
                    899, 
                    1124
                ]
            ], 
            "train_slices": [
                [
                    224, 
                    449
                ], 
                [
                    449, 
                    674
                ], 
                [
                    674, 
                    899
                ]
            ]
        }, 
        "train": {
            "batch_size": 100, 
            "init_scale": 0.0378442657541654, 
            "num_iters": 10000, 
            "seed": 5, 
            "step_size": 0.0009697793018287504
        }, 
        "varied_params": {
            "conv_width": 13.639197433342689, 
            "fp_depth": 1.281821532275325, 
            "fp_length": 952.7305671568238, 
            "h1_size": 78.33007271032875, 
            "log_L2_reg": -1.8140155722664026, 
            "log_init_scale": -3.2742758098052946, 
            "log_step_size": -6.938442036242218
        }
    }, 
    {
        "host_name": "hefty", 
        "minutes_duration": 0.0464472492535909, 
        "timestamp": "2021-08-07 06:11:19.912520", 
        "training_curve": [
            [
                0, 
                4.331866039314648, 
                4.1532898857042895
            ], 
            [
                526, 
                4.330681521540161, 
                4.158584029743757
            ], 
            [
                1052, 
                4.330681780609277, 
                4.158588705748244
            ], 
            [
                1578, 
                4.330680421782625, 
                4.1585638964822
            ], 
            [
                2105, 
                4.330677256160653, 
                4.158503094695467
            ], 
            [
                2631, 
                4.330676570513117, 
                4.158489296373521
            ], 
            [
                3157, 
                4.33067800684501, 
                4.158517928999561
            ], 
            [
                3683, 
                4.330681524254343, 
                4.158584078861541
            ], 
            [
                4210, 
                4.330680421509179, 
                4.158563891417411
            ], 
            [
                4736, 
                4.33067946724434, 
                4.158546029847014
            ], 
            [
                5262, 
                4.3306772552818185, 
                4.158503077164702
            ], 
            [
                5788, 
                4.3306765699575935, 
                4.158489285093616
            ], 
            [
                6315, 
                4.330681524290063, 
                4.158584079507925
            ], 
            [
                6841, 
                4.330681781784721, 
                4.15858872690783
            ], 
            [
                7367, 
                4.330680421493383, 
                4.158563891124841
            ], 
            [
                7893, 
                4.33067946721975, 
                4.158546029381841
            ], 
            [
                8420, 
                4.330676569936455, 
                4.158489284664396
            ], 
            [
                8946, 
                4.330678006617884, 
                4.158517924552833
            ], 
            [
                9472, 
                4.330681524292614, 
                4.158584079554078
            ], 
            [
                9999, 
                4.330680421492736, 
                4.158563891112853
            ]
        ]
    }
]