[
    {
        "jobnum": 13, 
        "model": {
            "L2_reg": 0.7638511282981276, 
            "conv_width": 8, 
            "fp_depth": 2, 
            "fp_length": 82, 
            "h1_size": 83, 
            "net_type": "conv_plus_linear"
        }, 
        "num_records": 20, 
        "task": {
            "name": "delaney", 
            "test_slices": [
                [
                    899, 
                    1124
                ]
            ], 
            "train_slices": [
                [
                    224, 
                    449
                ], 
                [
                    449, 
                    674
                ], 
                [
                    674, 
                    899
                ]
            ]
        }, 
        "train": {
            "batch_size": 100, 
            "init_scale": 0.12487648068455114, 
            "num_iters": 10000, 
            "seed": 5, 
            "step_size": 0.0005683298702230949
        }, 
        "varied_params": {
            "conv_width": 7.747870430106753, 
            "fp_depth": 1.8682182788416033, 
            "fp_length": 81.68944869872931, 
            "h1_size": 83.37051899818408, 
            "log_L2_reg": -0.26938236705147567, 
            "log_init_scale": -2.080430184749974, 
            "log_step_size": -7.472808550382432
        }
    }, 
    {
        "host_name": "handy", 
        "minutes_duration": 26.7768070658048, 
        "timestamp": "2021-08-07 02:52:00.403853", 
        "training_curve": [
            [
                0, 
                6.1945980386506765, 
                5.901277708298878
            ], 
            [
                526, 
                1.3221053548320463, 
                1.6183066472167553
            ], 
            [
                1052, 
                0.6210798448928254, 
                1.0761669877884703
            ], 
            [
                1578, 
                0.4842419795428675, 
                1.010153969844958
            ], 
            [
                2105, 
                0.4230413987276537, 
                1.0075927773501419
            ], 
            [
                2631, 
                0.3882974163792008, 
                1.000712070682598
            ], 
            [
                3157, 
                0.36099989577904956, 
                0.9904284858129324
            ], 
            [
                3683, 
                0.34048349964689095, 
                0.9825996617020617
            ], 
            [
                4210, 
                0.32387402487022127, 
                0.9849111605796154
            ], 
            [
                4736, 
                0.3098816432251406, 
                0.9880310645390461
            ], 
            [
                5262, 
                0.29684661903468823, 
                0.9907570026672048
            ], 
            [
                5788, 
                0.28562790592927934, 
                1.0004377228729278
            ], 
            [
                6315, 
                0.2752178845955167, 
                1.0168728947264905
            ], 
            [
                6841, 
                0.26556666156756964, 
                1.0355529058478798
            ], 
            [
                7367, 
                0.25601278912991615, 
                1.053556657957648
            ], 
            [
                7893, 
                0.24732529805953057, 
                1.0784344103906531
            ], 
            [
                8420, 
                0.23876329059931248, 
                1.1016939065207696
            ], 
            [
                8946, 
                0.23106716629947158, 
                1.1278521449522116
            ], 
            [
                9472, 
                0.2244859606157848, 
                1.15323019659111
            ], 
            [
                9999, 
                0.21762565808562562, 
                1.1649035449566354
            ]
        ]
    }
]