[
    {
        "jobnum": 15, 
        "model": {
            "L2_reg": 0.24123474988499183, 
            "conv_width": 19, 
            "fp_depth": 2, 
            "fp_length": 467, 
            "h1_size": 79, 
            "net_type": "mean"
        }, 
        "num_records": 20, 
        "task": {
            "name": "delaney", 
            "test_slices": [
                [
                    899, 
                    1124
                ]
            ], 
            "train_slices": [
                [
                    224, 
                    449
                ], 
                [
                    449, 
                    674
                ], 
                [
                    674, 
                    899
                ]
            ]
        }, 
        "train": {
            "batch_size": 100, 
            "init_scale": 0.004581931293729009, 
            "num_iters": 10000, 
            "seed": 5, 
            "step_size": 0.003582006090948924
        }, 
        "varied_params": {
            "conv_width": 19.291235172754774, 
            "fp_depth": 1.669244897921855, 
            "fp_length": 466.70238164656837, 
            "h1_size": 78.80786672089184, 
            "log_L2_reg": -1.421984753673013, 
            "log_init_scale": -5.385634689884512, 
            "log_step_size": -5.631832274912644
        }
    }, 
    {
        "host_name": "clumsy", 
        "minutes_duration": 0.047236533959706624, 
        "timestamp": "2021-08-07 06:11:28.360118", 
        "training_curve": [
            [
                0, 
                4.330676261423626, 
                4.157104320488278
            ], 
            [
                526, 
                4.330688269296486, 
                4.158698724393555
            ], 
            [
                1052, 
                4.330689374882743, 
                4.158716295829751
            ], 
            [
                1578, 
                4.330683772686842, 
                4.1586238694189674
            ], 
            [
                2105, 
                4.330672375920749, 
                4.158398765886177
            ], 
            [
                2631, 
                4.33067027244751, 
                4.158348384805923
            ], 
            [
                3157, 
                4.330674865193105, 
                4.158453851554304
            ], 
            [
                3683, 
                4.330688270064349, 
                4.158698736702789
            ], 
            [
                4210, 
                4.330683771977221, 
                4.158623857131058
            ], 
            [
                4736, 
                4.330680055553759, 
                4.158557086087466
            ], 
            [
                5262, 
                4.3306723753096525, 
                4.158398751805377
            ], 
            [
                5788, 
                4.330670272149253, 
                4.158348377367496
            ], 
            [
                6315, 
                4.330688270075759, 
                4.158698736885701
            ], 
            [
                6841, 
                4.330689375948012, 
                4.158716312616666
            ], 
            [
                7367, 
                4.33068377193502, 
                4.158623856400295
            ], 
            [
                7893, 
                4.330680055519695, 
                4.15855708545145
            ], 
            [
                8420, 
                4.330670272138, 
                4.158348377086843
            ], 
            [
                8946, 
                4.330674865030831, 
                4.158453848099573
            ], 
            [
                9472, 
                4.330688270076485, 
                4.158698736897348
            ], 
            [
                9999, 
                4.33068377193329, 
                4.158623856370325
            ]
        ]
    }
]