[
    {
        "jobnum": 16, 
        "model": {
            "L2_reg": 1.665928386655229, 
            "conv_width": 18, 
            "fp_depth": 2, 
            "fp_length": 602, 
            "h1_size": 85, 
            "net_type": "mean"
        }, 
        "num_records": 20, 
        "task": {
            "name": "delaney", 
            "test_slices": [
                [
                    899, 
                    1124
                ]
            ], 
            "train_slices": [
                [
                    224, 
                    449
                ], 
                [
                    449, 
                    674
                ], 
                [
                    674, 
                    899
                ]
            ]
        }, 
        "train": {
            "batch_size": 100, 
            "init_scale": 0.003978137844587124, 
            "num_iters": 10000, 
            "seed": 5, 
            "step_size": 0.0011024148396445355
        }, 
        "varied_params": {
            "conv_width": 18.216547956667423, 
            "fp_depth": 2.189517222540954, 
            "fp_length": 601.9230556169456, 
            "h1_size": 84.97396376587523, 
            "log_L2_reg": 0.5103825576198178, 
            "log_init_scale": -5.526941447419411, 
            "log_step_size": -6.810252196579466
        }
    }, 
    {
        "host_name": "hefty", 
        "minutes_duration": 0.0463416854540507, 
        "timestamp": "2021-08-07 06:11:29.933217", 
        "training_curve": [
            [
                0, 
                4.330671903850009, 
                4.157190801723191
            ], 
            [
                526, 
                4.330681848991886, 
                4.1585899358874725
            ], 
            [
                1052, 
                4.330682141630822, 
                4.158595181025992
            ], 
            [
                1578, 
                4.3306805860223125, 
                4.158566933144541
            ], 
            [
                2105, 
                4.330676991032921, 
                4.1584977881159535
            ], 
            [
                2631, 
                4.330676218457733, 
                4.15848211440205
            ], 
            [
                3157, 
                4.330677840423908, 
                4.158514664131381
            ], 
            [
                3683, 
                4.330681845537019, 
                4.15858987377859
            ], 
            [
                4210, 
                4.3306805852632895, 
                4.158566919135497
            ], 
            [
                4736, 
                4.330679497485027, 
                4.158546601730965
            ], 
            [
                5262, 
                4.330676990576255, 
                4.158497778944528
            ], 
            [
                5788, 
                4.330676218218688, 
                4.158482109502499
            ], 
            [
                6315, 
                4.330681845482807, 
                4.158589872803966
            ], 
            [
                6841, 
                4.330682140575199, 
                4.158595162160831
            ], 
            [
                7367, 
                4.330680585218992, 
                4.158566918317895
            ], 
            [
                7893, 
                4.330679497457012, 
                4.1585466012013645
            ], 
            [
                8420, 
                4.330676218209585, 
                4.158482109315902
            ], 
            [
                8946, 
                4.3306778402854835, 
                4.158514661410189
            ], 
            [
                9472, 
                4.330681845478888, 
                4.158589872733518
            ], 
            [
                9999, 
                4.330680585217195, 
                4.1585669182847145
            ]
        ]
    }
]