[
    {
        "jobnum": 16, 
        "model": {
            "L2_reg": 1.665928386655229, 
            "conv_width": 18, 
            "fp_depth": 2, 
            "fp_length": 81, 
            "h1_size": 85, 
            "net_type": "conv_plus_linear"
        }, 
        "num_records": 20, 
        "task": {
            "name": "delaney", 
            "test_slices": [
                [
                    899, 
                    1124
                ]
            ], 
            "train_slices": [
                [
                    224, 
                    449
                ], 
                [
                    449, 
                    674
                ], 
                [
                    674, 
                    899
                ]
            ]
        }, 
        "train": {
            "batch_size": 100, 
            "init_scale": 0.003978137844587124, 
            "num_iters": 10000, 
            "seed": 5, 
            "step_size": 0.0011024148396445355
        }, 
        "varied_params": {
            "conv_width": 18.216547956667423, 
            "fp_depth": 2.189517222540954, 
            "fp_length": 81.10256173521617, 
            "h1_size": 84.97396376587523, 
            "log_L2_reg": 0.5103825576198178, 
            "log_init_scale": -5.526941447419411, 
            "log_step_size": -6.810252196579466
        }
    }, 
    {
        "host_name": "schlaubi", 
        "minutes_duration": 28.425543252627055, 
        "timestamp": "2021-08-07 03:01:13.753074", 
        "training_curve": [
            [
                0, 
                4.344241788600015, 
                4.169523018501382
            ], 
            [
                526, 
                0.55054039758065, 
                1.0282843823467689
            ], 
            [
                1052, 
                0.3983565854209039, 
                0.9442331676790334
            ], 
            [
                1578, 
                0.33396290627452363, 
                0.8858008610459661
            ], 
            [
                2105, 
                0.290595647438, 
                0.8970511744349824
            ], 
            [
                2631, 
                0.26090434294615367, 
                0.9288702887144407
            ], 
            [
                3157, 
                0.2388485507572643, 
                0.9699337274470725
            ], 
            [
                3683, 
                0.22205350433331314, 
                0.9616796410526831
            ], 
            [
                4210, 
                0.2135848440902607, 
                0.9654912399397729
            ], 
            [
                4736, 
                0.2021669129241426, 
                0.9986567927745594
            ], 
            [
                5262, 
                0.1965034320062394, 
                1.0056128982613086
            ], 
            [
                5788, 
                0.18952893761713133, 
                1.0967217866739651
            ], 
            [
                6315, 
                0.19628843928530876, 
                1.0133377106434074
            ], 
            [
                6841, 
                0.1853600981344589, 
                1.11372538319788
            ], 
            [
                7367, 
                0.17510613888335844, 
                1.0761214577993963
            ], 
            [
                7893, 
                0.1728045412408546, 
                1.1065180542711563
            ], 
            [
                8420, 
                0.1757074874686816, 
                1.1040436064006278
            ], 
            [
                8946, 
                0.17374008590416065, 
                1.1728463740956938
            ], 
            [
                9472, 
                0.1720060968182046, 
                1.101617866986942
            ], 
            [
                9999, 
                0.1791403414398368, 
                1.122280020826965
            ]
        ]
    }
]