[
    {
        "jobnum": 17, 
        "model": {
            "L2_reg": 0.13677679100455933, 
            "conv_width": 15, 
            "fp_depth": 4, 
            "fp_length": 443, 
            "h1_size": 85, 
            "net_type": "morgan_plus_linear"
        }, 
        "num_records": 20, 
        "task": {
            "name": "delaney", 
            "test_slices": [
                [
                    899, 
                    1124
                ]
            ], 
            "train_slices": [
                [
                    224, 
                    449
                ], 
                [
                    449, 
                    674
                ], 
                [
                    674, 
                    899
                ]
            ]
        }, 
        "train": {
            "batch_size": 100, 
            "init_scale": 0.011967353760268416, 
            "num_iters": 10000, 
            "seed": 5, 
            "step_size": 0.006102950838691979
        }, 
        "varied_params": {
            "conv_width": 14.65985298844456, 
            "fp_depth": 3.8682509041696718, 
            "fp_length": 443.2458889466451, 
            "h1_size": 84.6265795038883, 
            "log_L2_reg": -1.989404944586382, 
            "log_init_scale": -4.425572856511698, 
            "log_step_size": -5.098982880721438
        }
    }, 
    {
        "host_name": "papaschlumpf", 
        "minutes_duration": 0.26236076752344767, 
        "timestamp": "2021-08-07 01:06:55.895624", 
        "training_curve": [
            [
                0, 
                4.340355983860601, 
                4.198424672722771
            ], 
            [
                526, 
                0.46893381331148654, 
                3.934439195741654
            ], 
            [
                1052, 
                0.42223403886756805, 
                4.669322557388619
            ], 
            [
                1578, 
                0.4111961802348882, 
                4.9398644611933555
            ], 
            [
                2105, 
                0.40791820124161404, 
                5.039489821581571
            ], 
            [
                2631, 
                0.40627264614770986, 
                5.09051868376853
            ], 
            [
                3157, 
                0.40642264931781413, 
                5.122699329630447
            ], 
            [
                3683, 
                0.4061028960845215, 
                5.11946554175126
            ], 
            [
                4210, 
                0.40584465440441186, 
                5.106506703234395
            ], 
            [
                4736, 
                0.4062454286431682, 
                5.088887703465879
            ], 
            [
                5262, 
                0.4115306153763492, 
                5.156977066224783
            ], 
            [
                5788, 
                0.4053766059932336, 
                5.1099389274092655
            ], 
            [
                6315, 
                0.4058862676743583, 
                5.119668793105362
            ], 
            [
                6841, 
                0.4060484045800924, 
                5.112929570206308
            ], 
            [
                7367, 
                0.4060577970250103, 
                5.085470433359717
            ], 
            [
                7893, 
                0.4068510791778556, 
                5.077314728561736
            ], 
            [
                8420, 
                0.40829386316854754, 
                5.160362547030487
            ], 
            [
                8946, 
                0.40573875066455894, 
                5.117713856693976
            ], 
            [
                9472, 
                0.40630850423890874, 
                5.129771436848261
            ], 
            [
                9999, 
                0.405873972181191, 
                5.110877965031953
            ]
        ]
    }
]