[
    {
        "jobnum": 18, 
        "model": {
            "L2_reg": 0.48742848338307015, 
            "conv_width": 14, 
            "fp_depth": 2, 
            "fp_length": 448, 
            "h1_size": 51, 
            "net_type": "mean"
        }, 
        "num_records": 20, 
        "task": {
            "name": "cep", 
            "test_slices": [
                [
                    16000, 
                    20000
                ]
            ], 
            "train_slices": [
                [
                    4000, 
                    8000
                ], 
                [
                    8000, 
                    12000
                ], 
                [
                    12000, 
                    16000
                ]
            ]
        }, 
        "train": {
            "batch_size": 100, 
            "init_scale": 0.07871699054062835, 
            "num_iters": 10000, 
            "seed": 5, 
            "step_size": 0.0011208132587385696
        }, 
        "varied_params": {
            "conv_width": 14.270231434982623, 
            "fp_depth": 1.8702328216313322, 
            "fp_length": 448.19885055333225, 
            "h1_size": 50.95965991546667, 
            "log_L2_reg": -0.7186117000585197, 
            "log_init_scale": -2.541896256889801, 
            "log_step_size": -6.793700733301803
        }
    }, 
    {
        "host_name": "schlaubi", 
        "minutes_duration": 0.046452085177103676, 
        "timestamp": "2021-09-11 07:31:26.482024", 
        "training_curve": [
            [
                0, 
                6.410306617341379, 
                6.387600870907181
            ], 
            [
                526, 
                6.402616763409351, 
                6.37455804039081
            ], 
            [
                1052, 
                6.402587423319991, 
                6.374013876445699
            ], 
            [
                1578, 
                6.402583264120669, 
                6.3741165538194045
            ], 
            [
                2105, 
                6.402584117226223, 
                6.37407976329066
            ], 
            [
                2631, 
                6.402638626353922, 
                6.373715143742426
            ], 
            [
                3157, 
                6.402598368470566, 
                6.374416193820824
            ], 
            [
                3683, 
                6.402594027575294, 
                6.373940720080217
            ], 
            [
                4210, 
                6.402586573936831, 
                6.37427147041442
            ], 
            [
                4736, 
                6.402621518617243, 
                6.374588624756688
            ], 
            [
                5262, 
                6.402584587513624, 
                6.374066680411687
            ], 
            [
                5788, 
                6.402584090922234, 
                6.37421293333352
            ], 
            [
                6315, 
                6.402591320194646, 
                6.373966558965347
            ], 
            [
                6841, 
                6.402583883911921, 
                6.374087395262938
            ], 
            [
                7367, 
                6.402615275436254, 
                6.374548100064556
            ], 
            [
                7893, 
                6.402584921350834, 
                6.374058638002116
            ], 
            [
                8420, 
                6.402583746515705, 
                6.374092423094246
            ], 
            [
                8946, 
                6.402585632144631, 
                6.374043726117333
            ], 
            [
                9472, 
                6.40264581956923, 
                6.3736918271099
            ], 
            [
                9999, 
                6.402606996073485, 
                6.374488726997612
            ]
        ]
    }
]