[
    {
        "jobnum": 18, 
        "model": {
            "L2_reg": 0.48742848338307015, 
            "conv_width": 14, 
            "fp_depth": 2, 
            "fp_length": 64, 
            "h1_size": 51, 
            "net_type": "conv_plus_net"
        }, 
        "num_records": 20, 
        "task": {
            "name": "malaria", 
            "test_slices": [
                [
                    8000, 
                    10000
                ]
            ], 
            "train_slices": [
                [
                    2000, 
                    4000
                ], 
                [
                    4000, 
                    6000
                ], 
                [
                    6000, 
                    8000
                ]
            ]
        }, 
        "train": {
            "batch_size": 100, 
            "init_scale": 0.07871699054062835, 
            "num_iters": 10000, 
            "seed": 5, 
            "step_size": 0.0011208132587385696
        }, 
        "varied_params": {
            "conv_width": 14.270231434982623, 
            "fp_depth": 1.8702328216313322, 
            "fp_length": 64.0220945059258, 
            "h1_size": 50.95965991546667, 
            "log_L2_reg": -0.7186117000585197, 
            "log_init_scale": -2.541896256889801, 
            "log_step_size": -6.793700733301803
        }
    }, 
    {
        "host_name": "handy", 
        "minutes_duration": 43.3421972990036, 
        "timestamp": "2021-09-03 23:17:10.860521", 
        "training_curve": [
            [
                0, 
                1.5131405564411635, 
                1.4609627508794727
            ], 
            [
                526, 
                1.1889576796961916, 
                1.1774866681826528
            ], 
            [
                1052, 
                1.131353186607692, 
                1.135573903721031
            ], 
            [
                1578, 
                1.0961978431322807, 
                1.1306796903088077
            ], 
            [
                2105, 
                1.0727150185722691, 
                1.1334070882692129
            ], 
            [
                2631, 
                1.0337846336527234, 
                1.1297427301266154
            ], 
            [
                3157, 
                1.0219375357536467, 
                1.1160723748513568
            ], 
            [
                3683, 
                1.038243554913943, 
                1.1411831734996924
            ], 
            [
                4210, 
                0.9945091901402181, 
                1.1291994478360272
            ], 
            [
                4736, 
                0.9737131099793956, 
                1.1359012901006456
            ], 
            [
                5262, 
                0.9628582771062106, 
                1.1316281206032741
            ], 
            [
                5788, 
                0.9606729604454223, 
                1.141980196666228
            ], 
            [
                6315, 
                0.9244344453642344, 
                1.1364344874191137
            ], 
            [
                6841, 
                0.9207463576890761, 
                1.1516194627681038
            ], 
            [
                7367, 
                0.921267496792661, 
                1.1553656224953526
            ], 
            [
                7893, 
                0.9027521428023306, 
                1.1469841566678793
            ], 
            [
                8420, 
                0.9067384457029363, 
                1.1774161481305117
            ], 
            [
                8946, 
                0.8794230392042309, 
                1.1628906286658378
            ], 
            [
                9472, 
                0.8763142440561211, 
                1.172493348869912
            ], 
            [
                9999, 
                0.8647750461934958, 
                1.1571212883945605
            ]
        ]
    }
]