[
    {
        "jobnum": 18, 
        "model": {
            "L2_reg": 0.48742848338307015, 
            "conv_width": 14, 
            "fp_depth": 2, 
            "fp_length": 448, 
            "h1_size": 51, 
            "net_type": "mean"
        }, 
        "num_records": 20, 
        "task": {
            "name": "malaria", 
            "test_slices": [
                [
                    8000, 
                    10000
                ]
            ], 
            "train_slices": [
                [
                    2000, 
                    4000
                ], 
                [
                    4000, 
                    6000
                ], 
                [
                    6000, 
                    8000
                ]
            ]
        }, 
        "train": {
            "batch_size": 100, 
            "init_scale": 0.07871699054062835, 
            "num_iters": 10000, 
            "seed": 5, 
            "step_size": 0.0011208132587385696
        }, 
        "varied_params": {
            "conv_width": 14.270231434982623, 
            "fp_depth": 1.8702328216313322, 
            "fp_length": 448.19885055333225, 
            "h1_size": 50.95965991546667, 
            "log_L2_reg": -0.7186117000585197, 
            "log_init_scale": -2.541896256889801, 
            "log_step_size": -6.793700733301803
        }
    }, 
    {
        "host_name": "handy", 
        "minutes_duration": 0.04667821725209554, 
        "timestamp": "2021-09-04 12:44:08.806141", 
        "training_curve": [
            [
                0, 
                1.4864694038806865, 
                1.4191163337878059
            ], 
            [
                526, 
                1.48468539943966, 
                1.420437127948459
            ], 
            [
                1052, 
                1.4846789942985203, 
                1.4206975244909894
            ], 
            [
                1578, 
                1.4846848250442157, 
                1.4208416838134799
            ], 
            [
                2105, 
                1.484678423049251, 
                1.4206276050511288
            ], 
            [
                2631, 
                1.4846887583472046, 
                1.4203956414417513
            ], 
            [
                3157, 
                1.4846785663025246, 
                1.4206682909124724
            ], 
            [
                3683, 
                1.4846818452367776, 
                1.4207855507889264
            ], 
            [
                4210, 
                1.484678705233285, 
                1.4206799702337474
            ], 
            [
                4736, 
                1.4846811648249314, 
                1.4205098804421723
            ], 
            [
                5262, 
                1.4846813832129258, 
                1.4205050501580883
            ], 
            [
                5788, 
                1.4846805464255213, 
                1.4207536019125195
            ], 
            [
                6315, 
                1.4846832836739559, 
                1.4208147014893129
            ], 
            [
                6841, 
                1.48467843320411, 
                1.420649377969775
            ], 
            [
                7367, 
                1.4846857515032148, 
                1.4204323341387133
            ], 
            [
                7893, 
                1.484679061314594, 
                1.42070092457954
            ], 
            [
                8420, 
                1.484684177951947, 
                1.4208307760257195
            ], 
            [
                8946, 
                1.4846784722670017, 
                1.4206173397002069
            ], 
            [
                9472, 
                1.4846894892906457, 
                1.4203876342667638
            ], 
            [
                9999, 
                1.484678633081449, 
                1.4206001798740866
            ]
        ]
    }
]