[
    {
        "jobnum": 18, 
        "model": {
            "L2_reg": 0.48742848338307015, 
            "conv_width": 14, 
            "fp_depth": 2, 
            "fp_length": 448, 
            "h1_size": 51, 
            "net_type": "morgan_plus_net"
        }, 
        "num_records": 20, 
        "task": {
            "name": "delaney", 
            "test_slices": [
                [
                    899, 
                    1124
                ]
            ], 
            "train_slices": [
                [
                    224, 
                    449
                ], 
                [
                    449, 
                    674
                ], 
                [
                    674, 
                    899
                ]
            ]
        }, 
        "train": {
            "batch_size": 100, 
            "init_scale": 0.07871699054062835, 
            "num_iters": 10000, 
            "seed": 5, 
            "step_size": 0.0011208132587385696
        }, 
        "varied_params": {
            "conv_width": 14.270231434982623, 
            "fp_depth": 1.8702328216313322, 
            "fp_length": 448.19885055333225, 
            "h1_size": 50.95965991546667, 
            "log_L2_reg": -0.7186117000585197, 
            "log_init_scale": -2.541896256889801, 
            "log_step_size": -6.793700733301803
        }
    }, 
    {
        "host_name": "handy", 
        "minutes_duration": 1.803946614265442, 
        "timestamp": "2021-08-07 05:56:24.148359", 
        "training_curve": [
            [
                0, 
                4.459480799146667, 
                4.209049924478272
            ], 
            [
                526, 
                0.10417674859292252, 
                1.8988584474266221
            ], 
            [
                1052, 
                0.11809365525102712, 
                1.981037027629323
            ], 
            [
                1578, 
                0.15809569872973012, 
                2.0556324427653823
            ], 
            [
                2105, 
                0.19063864881448403, 
                2.0684832291168234
            ], 
            [
                2631, 
                0.21615765399230946, 
                2.0827422605567847
            ], 
            [
                3157, 
                0.22139545320507018, 
                2.014192514046196
            ], 
            [
                3683, 
                0.23710739630776168, 
                2.002535821120444
            ], 
            [
                4210, 
                0.2329419355403283, 
                1.9666961628026816
            ], 
            [
                4736, 
                0.24087256743299024, 
                1.9711815393136511
            ], 
            [
                5262, 
                0.24063386872174702, 
                1.8801204732093182
            ], 
            [
                5788, 
                0.2378283026589925, 
                1.9519266718633574
            ], 
            [
                6315, 
                0.2341578461213891, 
                1.9044644439033447
            ], 
            [
                6841, 
                0.23747975596572513, 
                1.917355549521286
            ], 
            [
                7367, 
                0.229930769823962, 
                1.8802164327497748
            ], 
            [
                7893, 
                0.23230326613480462, 
                1.9019536420292096
            ], 
            [
                8420, 
                0.23160655667314334, 
                1.8717801854770444
            ], 
            [
                8946, 
                0.22949620849502936, 
                1.8745529441223119
            ], 
            [
                9472, 
                0.2301349907510771, 
                1.8799104149763954
            ], 
            [
                9999, 
                0.22848208930075367, 
                1.8293452971998643
            ]
        ]
    }
]