[
    {
        "jobnum": 18, 
        "model": {
            "L2_reg": 0.48742848338307015, 
            "conv_width": 14, 
            "fp_depth": 2, 
            "fp_length": 64, 
            "h1_size": 51, 
            "net_type": "conv_plus_linear"
        }, 
        "num_records": 20, 
        "task": {
            "name": "cep", 
            "test_slices": [
                [
                    16000, 
                    20000
                ]
            ], 
            "train_slices": [
                [
                    4000, 
                    8000
                ], 
                [
                    8000, 
                    12000
                ], 
                [
                    12000, 
                    16000
                ]
            ]
        }, 
        "train": {
            "batch_size": 100, 
            "init_scale": 0.07871699054062835, 
            "num_iters": 10000, 
            "seed": 5, 
            "step_size": 0.0011208132587385696
        }, 
        "varied_params": {
            "conv_width": 14.270231434982623, 
            "fp_depth": 1.8702328216313322, 
            "fp_length": 64.0220945059258, 
            "h1_size": 50.95965991546667, 
            "log_L2_reg": -0.7186117000585197, 
            "log_init_scale": -2.541896256889801, 
            "log_step_size": -6.793700733301803
        }
    }, 
    {
        "host_name": "hefty", 
        "minutes_duration": 28.882639384269716, 
        "timestamp": "2021-09-11 02:22:06.550506", 
        "training_curve": [
            [
                0, 
                11.745426440109432, 
                11.563887861487233
            ], 
            [
                526, 
                3.3516286456870135, 
                3.587043093197053
            ], 
            [
                1052, 
                3.2076265173844742, 
                3.4382686383872083
            ], 
            [
                1578, 
                3.1774067088669806, 
                3.3996873475541762
            ], 
            [
                2105, 
                3.202588937907966, 
                3.4167011496487465
            ], 
            [
                2631, 
                3.1154047322702714, 
                3.3522688994205674
            ], 
            [
                3157, 
                3.0981083242169842, 
                3.3177178117642243
            ], 
            [
                3683, 
                3.1003646816214205, 
                3.3090037202636853
            ], 
            [
                4210, 
                3.1069967540490238, 
                3.3144927161191675
            ], 
            [
                4736, 
                3.0916452645032453, 
                3.334244159016539
            ], 
            [
                5262, 
                3.065332281512273, 
                3.2795583370833445
            ], 
            [
                5788, 
                3.057420225232454, 
                3.2886123065898354
            ], 
            [
                6315, 
                3.0280929453035097, 
                3.2523751679199755
            ], 
            [
                6841, 
                3.1200186139750574, 
                3.3575752605657825
            ], 
            [
                7367, 
                3.0057717097351744, 
                3.2307735781546563
            ], 
            [
                7893, 
                2.989096451017107, 
                3.210868678832031
            ], 
            [
                8420, 
                2.991783764373942, 
                3.1994703092101386
            ], 
            [
                8946, 
                3.010655981461725, 
                3.2221766063081385
            ], 
            [
                9472, 
                2.953865975571176, 
                3.1788606299995243
            ], 
            [
                9999, 
                2.9381455421056666, 
                3.1625237779660416
            ]
        ]
    }
]