[
    {
        "jobnum": 19, 
        "model": {
            "L2_reg": 0.2799853748054875, 
            "conv_width": 15, 
            "fp_depth": 3, 
            "fp_length": 89, 
            "h1_size": 65, 
            "net_type": "conv_plus_net"
        }, 
        "num_records": 20, 
        "task": {
            "name": "delaney", 
            "test_slices": [
                [
                    899, 
                    1124
                ]
            ], 
            "train_slices": [
                [
                    224, 
                    449
                ], 
                [
                    449, 
                    674
                ], 
                [
                    674, 
                    899
                ]
            ]
        }, 
        "train": {
            "batch_size": 100, 
            "init_scale": 0.024096859896253434, 
            "num_iters": 10000, 
            "seed": 5, 
            "step_size": 0.003279250603624976
        }, 
        "varied_params": {
            "conv_width": 14.798012297857005, 
            "fp_depth": 2.7229757465487365, 
            "fp_length": 89.03556624018915, 
            "h1_size": 64.91411629780154, 
            "log_L2_reg": -1.2730179100146142, 
            "log_init_scale": -3.725673741735896, 
            "log_step_size": -5.720140357194941
        }
    }, 
    {
        "host_name": "handy", 
        "minutes_duration": 38.62600450118383, 
        "timestamp": "2021-08-06 22:40:57.336930", 
        "training_curve": [
            [
                0, 
                4.3390797324171855, 
                4.1733697241791905
            ], 
            [
                526, 
                0.2817483053218136, 
                0.7181483006253097
            ], 
            [
                1052, 
                0.18113349218481528, 
                0.6800621402989134
            ], 
            [
                1578, 
                0.1274107738863414, 
                0.6158374485363602
            ], 
            [
                2105, 
                0.09955831223234786, 
                0.6883253927450484
            ], 
            [
                2631, 
                0.09995132904122936, 
                0.6730390811157606
            ], 
            [
                3157, 
                0.10725790336027924, 
                0.746893402740485
            ], 
            [
                3683, 
                0.07374471621379024, 
                0.7467221472966579
            ], 
            [
                4210, 
                0.0821124408026465, 
                0.8194264137271312
            ], 
            [
                4736, 
                0.07431340418390875, 
                0.7576817464896723
            ], 
            [
                5262, 
                0.08372955900950135, 
                0.7424293178186285
            ], 
            [
                5788, 
                0.08209895995005775, 
                0.7324552704295532
            ], 
            [
                6315, 
                0.05969587611137032, 
                0.7654489923249786
            ], 
            [
                6841, 
                0.06067157205056583, 
                0.7688503025057604
            ], 
            [
                7367, 
                0.06819380082423278, 
                0.7961684720249981
            ], 
            [
                7893, 
                0.0663409697117155, 
                0.7898714819281983
            ], 
            [
                8420, 
                0.06884263258933104, 
                0.8543997914418912
            ], 
            [
                8946, 
                0.057458137386796046, 
                0.737410463789135
            ], 
            [
                9472, 
                0.054255803863306855, 
                0.7936873091363498
            ], 
            [
                9999, 
                0.05814955798929245, 
                0.7915269715782175
            ]
        ]
    }
]