[
    {
        "jobnum": 19, 
        "model": {
            "L2_reg": 0.2799853748054875, 
            "conv_width": 15, 
            "fp_depth": 3, 
            "fp_length": 673, 
            "h1_size": 65, 
            "net_type": "morgan_plus_net"
        }, 
        "num_records": 20, 
        "task": {
            "name": "delaney", 
            "test_slices": [
                [
                    899, 
                    1124
                ]
            ], 
            "train_slices": [
                [
                    224, 
                    449
                ], 
                [
                    449, 
                    674
                ], 
                [
                    674, 
                    899
                ]
            ]
        }, 
        "train": {
            "batch_size": 100, 
            "init_scale": 0.024096859896253434, 
            "num_iters": 10000, 
            "seed": 5, 
            "step_size": 0.003279250603624976
        }, 
        "varied_params": {
            "conv_width": 14.798012297857005, 
            "fp_depth": 2.7229757465487365, 
            "fp_length": 673.3200961617024, 
            "h1_size": 64.91411629780154, 
            "log_L2_reg": -1.2730179100146142, 
            "log_init_scale": -3.725673741735896, 
            "log_step_size": -5.720140357194941
        }
    }, 
    {
        "host_name": "papaschlumpf", 
        "minutes_duration": 3.5233378330866496, 
        "timestamp": "2021-08-07 05:58:25.947871", 
        "training_curve": [
            [
                0, 
                4.341531719447239, 
                4.1749898958713185
            ], 
            [
                526, 
                0.1386732355550908, 
                2.119275913709447
            ], 
            [
                1052, 
                0.21351937568428417, 
                2.2608558191612405
            ], 
            [
                1578, 
                0.23949620283209638, 
                2.298024895029973
            ], 
            [
                2105, 
                0.2305637207933743, 
                2.206859060203383
            ], 
            [
                2631, 
                0.22437325526007373, 
                2.168043023870051
            ], 
            [
                3157, 
                0.22662294660321738, 
                2.164590989393027
            ], 
            [
                3683, 
                0.21400647720029115, 
                2.1148196734672844
            ], 
            [
                4210, 
                0.23402447437689455, 
                2.161444213461456
            ], 
            [
                4736, 
                0.19714196526951028, 
                2.060589178636559
            ], 
            [
                5262, 
                0.19399221784392273, 
                2.0576429819199133
            ], 
            [
                5788, 
                0.18564077851061514, 
                2.056463377955802
            ], 
            [
                6315, 
                0.1853434650698976, 
                2.0581029843653624
            ], 
            [
                6841, 
                0.18353192481709962, 
                2.0714086551871875
            ], 
            [
                7367, 
                0.18237844733146463, 
                2.068347643300154
            ], 
            [
                7893, 
                0.17722209346126477, 
                2.0643395735798893
            ], 
            [
                8420, 
                0.17358625210704431, 
                2.069730680557316
            ], 
            [
                8946, 
                0.169331309523812, 
                2.0734112715603152
            ], 
            [
                9472, 
                0.17717361114153074, 
                2.0700485735380223
            ], 
            [
                9999, 
                0.17868509988951536, 
                2.1050938093948126
            ]
        ]
    }
]