[
    {
        "jobnum": 19, 
        "model": {
            "L2_reg": 0.2799853748054875, 
            "conv_width": 15, 
            "fp_depth": 3, 
            "fp_length": 673, 
            "h1_size": 65, 
            "net_type": "morgan_plus_net"
        }, 
        "num_records": 20, 
        "task": {
            "name": "cep", 
            "test_slices": [
                [
                    16000, 
                    20000
                ]
            ], 
            "train_slices": [
                [
                    4000, 
                    8000
                ], 
                [
                    8000, 
                    12000
                ], 
                [
                    12000, 
                    16000
                ]
            ]
        }, 
        "train": {
            "batch_size": 100, 
            "init_scale": 0.024096859896253434, 
            "num_iters": 10000, 
            "seed": 5, 
            "step_size": 0.003279250603624976
        }, 
        "varied_params": {
            "conv_width": 14.798012297857005, 
            "fp_depth": 2.7229757465487365, 
            "fp_length": 673.3200961617024, 
            "h1_size": 64.91411629780154, 
            "log_L2_reg": -1.2730179100146142, 
            "log_init_scale": -3.725673741735896, 
            "log_step_size": -5.720140357194941
        }
    }, 
    {
        "host_name": "handy", 
        "minutes_duration": 4.897980217138926, 
        "timestamp": "2021-09-11 07:11:46.964603", 
        "training_curve": [
            [
                0, 
                6.403497895020383, 
                6.3683915713403225
            ], 
            [
                526, 
                1.2486344134439504, 
                2.199164978190868
            ], 
            [
                1052, 
                0.7361242563087321, 
                2.2778921036286786
            ], 
            [
                1578, 
                0.730504892688549, 
                2.6124371418254557
            ], 
            [
                2105, 
                1.1002350006604689, 
                3.2281634429023565
            ], 
            [
                2631, 
                0.6143726959726944, 
                2.534145498091255
            ], 
            [
                3157, 
                0.5927282404508482, 
                2.7230914964873594
            ], 
            [
                3683, 
                0.7959326122057979, 
                2.934544626369467
            ], 
            [
                4210, 
                0.8469409124124608, 
                2.7326447409287664
            ], 
            [
                4736, 
                0.8257158891692329, 
                2.9911375403362945
            ], 
            [
                5262, 
                0.833489199988108, 
                3.0471569902094324
            ], 
            [
                5788, 
                0.7203483962381352, 
                2.9900765551448116
            ], 
            [
                6315, 
                0.7987525150031773, 
                2.940440950150053
            ], 
            [
                6841, 
                0.6925637934153339, 
                2.7598510718341798
            ], 
            [
                7367, 
                0.46663584756564813, 
                2.6819428205571176
            ], 
            [
                7893, 
                0.7177802082092796, 
                2.953516134601132
            ], 
            [
                8420, 
                0.8858202924359807, 
                3.0582558638877364
            ], 
            [
                8946, 
                1.3963197751513003, 
                3.6019735414874954
            ], 
            [
                9472, 
                0.5179774683811832, 
                2.5658951872671696
            ], 
            [
                9999, 
                0.41349886309162887, 
                2.6828428959415733
            ]
        ]
    }
]