[
    {
        "jobnum": 1, 
        "model": {
            "L2_reg": 0.05326542476477831, 
            "conv_width": 13, 
            "fp_depth": 3, 
            "fp_length": 589, 
            "h1_size": 95, 
            "net_type": "mean"
        }, 
        "num_records": 20, 
        "task": {
            "name": "delaney", 
            "test_slices": [
                [
                    899, 
                    1124
                ]
            ], 
            "train_slices": [
                [
                    224, 
                    449
                ], 
                [
                    449, 
                    674
                ], 
                [
                    674, 
                    899
                ]
            ]
        }, 
        "train": {
            "batch_size": 100, 
            "init_scale": 0.003337989654124867, 
            "num_iters": 10000, 
            "seed": 5, 
            "step_size": 0.01583790822219237
        }, 
        "varied_params": {
            "conv_width": 12.933423796293567, 
            "fp_depth": 3.3751751142479938, 
            "fp_length": 588.5889175826837, 
            "h1_size": 94.58865003910398, 
            "log_L2_reg": -2.9324678493937784, 
            "log_init_scale": -5.702386553170644, 
            "log_step_size": -4.145348957995883
        }
    }, 
    {
        "host_name": "clumsy", 
        "minutes_duration": 0.04684028228123983, 
        "timestamp": "2021-08-07 06:10:33.483176", 
        "training_curve": [
            [
                0, 
                4.3306679552708305, 
                4.157283161408016
            ], 
            [
                526, 
                4.330731818237088, 
                4.159251601296074
            ], 
            [
                1052, 
                4.330740256560892, 
                4.159338607855986
            ], 
            [
                1578, 
                4.330703169909023, 
                4.158914907382732
            ], 
            [
                2105, 
                4.330659226162771, 
                4.157910222817876
            ], 
            [
                2631, 
                4.330658781342761, 
                4.157699318668994
            ], 
            [
                3157, 
                4.330663866352093, 
                4.1581586505182315
            ], 
            [
                3683, 
                4.330731917835929, 
                4.159252653901461
            ], 
            [
                4210, 
                4.330703173860891, 
                4.158914959807284
            ], 
            [
                4736, 
                4.330682585166708, 
                4.158603072557081
            ], 
            [
                5262, 
                4.33065922527912, 
                4.157910133121722
            ], 
            [
                5788, 
                4.33065878166608, 
                4.157699262546033
            ], 
            [
                6315, 
                4.330731919339727, 
                4.159252669789309
            ], 
            [
                6841, 
                4.330740304307214, 
                4.1593390883069485
            ], 
            [
                7367, 
                4.330703174059679, 
                4.158914962444304
            ], 
            [
                7893, 
                4.330682585105237, 
                4.158603071468147
            ], 
            [
                8420, 
                4.330658781677312, 
                4.157699260597159
            ], 
            [
                8946, 
                4.330663865897715, 
                4.158158633901807
            ], 
            [
                9472, 
                4.330731919439964, 
                4.159252670848326
            ], 
            [
                9999, 
                4.330703174066401, 
                4.15891496253347
            ]
        ]
    }
]