[
    {
        "jobnum": 1, 
        "model": {
            "L2_reg": 0.05326542476477831, 
            "conv_width": 13, 
            "fp_depth": 3, 
            "fp_length": 589, 
            "h1_size": 95, 
            "net_type": "morgan_plus_linear"
        }, 
        "num_records": 20, 
        "task": {
            "name": "delaney", 
            "test_slices": [
                [
                    899, 
                    1124
                ]
            ], 
            "train_slices": [
                [
                    224, 
                    449
                ], 
                [
                    449, 
                    674
                ], 
                [
                    674, 
                    899
                ]
            ]
        }, 
        "train": {
            "batch_size": 100, 
            "init_scale": 0.003337989654124867, 
            "num_iters": 10000, 
            "seed": 5, 
            "step_size": 0.01583790822219237
        }, 
        "varied_params": {
            "conv_width": 12.933423796293567, 
            "fp_depth": 3.3751751142479938, 
            "fp_length": 588.5889175826837, 
            "h1_size": 94.58865003910398, 
            "log_L2_reg": -2.9324678493937784, 
            "log_init_scale": -5.702386553170644, 
            "log_step_size": -4.145348957995883
        }
    }, 
    {
        "host_name": "papaschlumpf", 
        "minutes_duration": 0.4230195164680481, 
        "timestamp": "2021-08-07 01:02:45.515559", 
        "training_curve": [
            [
                0, 
                4.326900846567334, 
                4.159970629043484
            ], 
            [
                526, 
                0.2282023393728385, 
                4.390781825858739
            ], 
            [
                1052, 
                0.18675313365504734, 
                5.395804017424103
            ], 
            [
                1578, 
                0.17491243860260755, 
                6.055808774961642
            ], 
            [
                2105, 
                0.7096739906171414, 
                7.218377701566616
            ], 
            [
                2631, 
                0.1646984691018314, 
                6.860192687190213
            ], 
            [
                3157, 
                0.1624096827023914, 
                7.1175178134447155
            ], 
            [
                3683, 
                0.1615504160159377, 
                7.331232702406669
            ], 
            [
                4210, 
                0.15915517929307688, 
                7.511753523623331
            ], 
            [
                4736, 
                0.15808811648965604, 
                7.65451819679463
            ], 
            [
                5262, 
                0.6556085201867305, 
                8.09031370013257
            ], 
            [
                5788, 
                0.15651392003655704, 
                7.87065747301206
            ], 
            [
                6315, 
                0.15613533855572934, 
                7.955382771070021
            ], 
            [
                6841, 
                0.1751487245507206, 
                8.064424564082787
            ], 
            [
                7367, 
                0.15552872582987412, 
                8.091567258363197
            ], 
            [
                7893, 
                0.15556610916001595, 
                8.149440888883387
            ], 
            [
                8420, 
                0.15485859918782552, 
                8.188909430408158
            ], 
            [
                8946, 
                0.15490662683860595, 
                8.222516792066498
            ], 
            [
                9472, 
                0.40470449638021955, 
                8.502950644848188
            ], 
            [
                9999, 
                0.1546440292297767, 
                8.2899381835509
            ]
        ]
    }
]