[
    {
        "jobnum": 1, 
        "model": {
            "L2_reg": 0.05326542476477831, 
            "conv_width": 13, 
            "fp_depth": 3, 
            "fp_length": 80, 
            "h1_size": 95, 
            "net_type": "conv_plus_linear"
        }, 
        "num_records": 20, 
        "task": {
            "name": "cep", 
            "test_slices": [
                [
                    16000, 
                    20000
                ]
            ], 
            "train_slices": [
                [
                    4000, 
                    8000
                ], 
                [
                    8000, 
                    12000
                ], 
                [
                    12000, 
                    16000
                ]
            ]
        }, 
        "train": {
            "batch_size": 100, 
            "init_scale": 0.003337989654124867, 
            "num_iters": 10000, 
            "seed": 5, 
            "step_size": 0.01583790822219237
        }, 
        "varied_params": {
            "conv_width": 12.933423796293567, 
            "fp_depth": 3.3751751142479938, 
            "fp_length": 79.62099084252043, 
            "h1_size": 94.58865003910398, 
            "log_L2_reg": -2.9324678493937784, 
            "log_init_scale": -5.702386553170644, 
            "log_step_size": -4.145348957995883
        }
    }, 
    {
        "host_name": "papaschlumpf", 
        "minutes_duration": 64.27322686513266, 
        "timestamp": "2021-09-11 00:23:54.664283", 
        "training_curve": [
            [
                0, 
                6.401951697852868, 
                6.384668058292925
            ], 
            [
                526, 
                3.4179283814544057, 
                3.6834401327705337
            ], 
            [
                1052, 
                3.0788188343985166, 
                3.310247284127381
            ], 
            [
                1578, 
                3.2628138348143416, 
                3.473164136366722
            ], 
            [
                2105, 
                3.3271924072643038, 
                3.4711903759364864
            ], 
            [
                2631, 
                2.8734393263392297, 
                3.074029969109034
            ], 
            [
                3157, 
                2.8335217586559494, 
                3.0484958721933006
            ], 
            [
                3683, 
                2.964813740551414, 
                3.08674905437845
            ], 
            [
                4210, 
                4.184500080850706, 
                4.1639459205409235
            ], 
            [
                4736, 
                3.079696134722991, 
                3.187006708427155
            ], 
            [
                5262, 
                3.215806166118576, 
                3.340798301535243
            ], 
            [
                5788, 
                2.958542908585559, 
                3.2459192838017743
            ], 
            [
                6315, 
                2.8011832092343782, 
                3.086820784751184
            ], 
            [
                6841, 
                3.2246945618890543, 
                3.6065509357761196
            ], 
            [
                7367, 
                2.770020560652179, 
                3.051844666971297
            ], 
            [
                7893, 
                2.6285250595354235, 
                2.8880954203329967
            ], 
            [
                8420, 
                2.815873698093105, 
                3.2087218779914792
            ], 
            [
                8946, 
                2.5545488404125667, 
                2.826889535705006
            ], 
            [
                9472, 
                3.107791568552593, 
                3.584569485062299
            ], 
            [
                9999, 
                2.5526438305152452, 
                2.8597509068783764
            ]
        ]
    }
]