[
    {
        "jobnum": 20, 
        "model": {
            "L2_reg": 0.08101826970128459, 
            "conv_width": 17, 
            "fp_depth": 4, 
            "fp_length": 726, 
            "h1_size": 95, 
            "net_type": "morgan_plus_linear"
        }, 
        "num_records": 20, 
        "task": {
            "name": "delaney", 
            "test_slices": [
                [
                    899, 
                    1124
                ]
            ], 
            "train_slices": [
                [
                    224, 
                    449
                ], 
                [
                    449, 
                    674
                ], 
                [
                    674, 
                    899
                ]
            ]
        }, 
        "train": {
            "batch_size": 100, 
            "init_scale": 0.0906356596274393, 
            "num_iters": 10000, 
            "seed": 5, 
            "step_size": 0.001459366969517237
        }, 
        "varied_params": {
            "conv_width": 17.092909835691287, 
            "fp_depth": 3.675770065047016, 
            "fp_length": 725.5196922086892, 
            "h1_size": 94.82732979255314, 
            "log_L2_reg": -2.5130805978749855, 
            "log_init_scale": -2.4009075492492045, 
            "log_step_size": -6.529752519808413
        }
    }, 
    {
        "host_name": "papaschlumpf", 
        "minutes_duration": 0.4364376664161682, 
        "timestamp": "2021-08-07 01:07:24.225546", 
        "training_curve": [
            [
                0, 
                4.834121247289213, 
                5.281803797522029
            ], 
            [
                526, 
                0.49734138148976814, 
                2.3487845339580082
            ], 
            [
                1052, 
                0.284531864051192, 
                2.7684423102791427
            ], 
            [
                1578, 
                0.20574806029811962, 
                3.146061549217296
            ], 
            [
                2105, 
                0.16346513509608587, 
                3.5423033073723813
            ], 
            [
                2631, 
                0.13648563019601678, 
                3.96569144996813
            ], 
            [
                3157, 
                0.11745542698653409, 
                4.398626705073444
            ], 
            [
                3683, 
                0.10317378839636963, 
                4.820066912387185
            ], 
            [
                4210, 
                0.09205222785329406, 
                5.222684086945537
            ], 
            [
                4736, 
                0.08322892266420165, 
                5.59416089659011
            ], 
            [
                5262, 
                0.07613435009364611, 
                5.936170023516746
            ], 
            [
                5788, 
                0.07037905393263802, 
                6.250697226586894
            ], 
            [
                6315, 
                0.06573930857591623, 
                6.5368632991707445
            ], 
            [
                6841, 
                0.061937173938709976, 
                6.795192351849851
            ], 
            [
                7367, 
                0.05882537121838203, 
                7.024365914784014
            ], 
            [
                7893, 
                0.05627008979493772, 
                7.226900222195726
            ], 
            [
                8420, 
                0.05414236252243068, 
                7.4074306216063235
            ], 
            [
                8946, 
                0.052439966500111714, 
                7.567786573260007
            ], 
            [
                9472, 
                0.05101067193174256, 
                7.70362401368989
            ], 
            [
                9999, 
                0.04981689182393735, 
                7.824967633371796
            ]
        ]
    }
]