[
    {
        "jobnum": 20, 
        "model": {
            "L2_reg": 0.08101826970128459, 
            "conv_width": 17, 
            "fp_depth": 4, 
            "fp_length": 726, 
            "h1_size": 95, 
            "net_type": "mean"
        }, 
        "num_records": 20, 
        "task": {
            "name": "malaria", 
            "test_slices": [
                [
                    8000, 
                    10000
                ]
            ], 
            "train_slices": [
                [
                    2000, 
                    4000
                ], 
                [
                    4000, 
                    6000
                ], 
                [
                    6000, 
                    8000
                ]
            ]
        }, 
        "train": {
            "batch_size": 100, 
            "init_scale": 0.0906356596274393, 
            "num_iters": 10000, 
            "seed": 5, 
            "step_size": 0.001459366969517237
        }, 
        "varied_params": {
            "conv_width": 17.092909835691287, 
            "fp_depth": 3.675770065047016, 
            "fp_length": 725.5196922086892, 
            "h1_size": 94.82732979255314, 
            "log_L2_reg": -2.5130805978749855, 
            "log_init_scale": -2.4009075492492045, 
            "log_step_size": -6.529752519808413
        }
    }, 
    {
        "host_name": "papaschlumpf", 
        "minutes_duration": 0.0476004163424174, 
        "timestamp": "2021-09-04 12:44:09.041224", 
        "training_curve": [
            [
                0, 
                1.4870528184511083, 
                1.4191983176865204
            ], 
            [
                526, 
                1.4846901735082172, 
                1.4203803966029898
            ], 
            [
                1052, 
                1.4846793352210677, 
                1.4207133035284731
            ], 
            [
                1578, 
                1.4846896565207917, 
                1.4209107392018205
            ], 
            [
                2105, 
                1.4846784188678572, 
                1.4206290693220813
            ], 
            [
                2631, 
                1.4846962927923502, 
                1.4203239939542902
            ], 
            [
                3157, 
                1.4846786164666004, 
                1.4206729410606067
            ], 
            [
                3683, 
                1.4846843662411235, 
                1.420834006811668
            ], 
            [
                4210, 
                1.4846790122765647, 
                1.420698454548857
            ], 
            [
                4736, 
                1.4846830783223077, 
                1.4204726079851215
            ], 
            [
                5262, 
                1.4846837865464004, 
                1.420460945588972
            ], 
            [
                5788, 
                1.4846820017872342, 
                1.4207889746439832
            ], 
            [
                6315, 
                1.484687054186666, 
                1.4208757828214347
            ], 
            [
                6841, 
                1.484678466593616, 
                1.4206559693221532
            ], 
            [
                7367, 
                1.484691312325295, 
                1.4203688447637448
            ], 
            [
                7893, 
                1.4846794313765153, 
                1.420717211338354
            ], 
            [
                8420, 
                1.4846884751474287, 
                1.4208953932595392
            ], 
            [
                8946, 
                1.4846784814099185, 
                1.4206159800583986
            ], 
            [
                9472, 
                1.484697475197631, 
                1.4203144117616655
            ], 
            [
                9999, 
                1.484678878202066, 
                1.4205838795126564
            ]
        ]
    }
]