[
    {
        "jobnum": 20, 
        "model": {
            "L2_reg": 0.08101826970128459, 
            "conv_width": 17, 
            "fp_depth": 4, 
            "fp_length": 726, 
            "h1_size": 95, 
            "net_type": "morgan_plus_net"
        }, 
        "num_records": 20, 
        "task": {
            "name": "delaney", 
            "test_slices": [
                [
                    899, 
                    1124
                ]
            ], 
            "train_slices": [
                [
                    224, 
                    449
                ], 
                [
                    449, 
                    674
                ], 
                [
                    674, 
                    899
                ]
            ]
        }, 
        "train": {
            "batch_size": 100, 
            "init_scale": 0.0906356596274393, 
            "num_iters": 10000, 
            "seed": 5, 
            "step_size": 0.001459366969517237
        }, 
        "varied_params": {
            "conv_width": 17.092909835691287, 
            "fp_depth": 3.675770065047016, 
            "fp_length": 725.5196922086892, 
            "h1_size": 94.82732979255314, 
            "log_L2_reg": -2.5130805978749855, 
            "log_init_scale": -2.4009075492492045, 
            "log_step_size": -6.529752519808413
        }
    }, 
    {
        "host_name": "hefty", 
        "minutes_duration": 3.0263097325960797, 
        "timestamp": "2021-08-07 05:58:23.062840", 
        "training_curve": [
            [
                0, 
                5.57440936759233, 
                5.341663401580635
            ], 
            [
                526, 
                0.024645247856632434, 
                1.4877509863434555
            ], 
            [
                1052, 
                0.030795760933870295, 
                1.5106651708518983
            ], 
            [
                1578, 
                0.037142160817413186, 
                1.5317578633817917
            ], 
            [
                2105, 
                0.030845978128733503, 
                1.4761686803957288
            ], 
            [
                2631, 
                0.0307182359364013, 
                1.4808952911464939
            ], 
            [
                3157, 
                0.028693294950615674, 
                1.4691450509455075
            ], 
            [
                3683, 
                0.02568737570069604, 
                1.455040136675729
            ], 
            [
                4210, 
                0.02604060942836529, 
                1.4631082709221641
            ], 
            [
                4736, 
                0.024756610901393316, 
                1.4527959448766563
            ], 
            [
                5262, 
                0.02569871153426495, 
                1.4567127915171214
            ], 
            [
                5788, 
                0.02425071947277107, 
                1.4342866296951249
            ], 
            [
                6315, 
                0.02466676582584355, 
                1.4327907866638088
            ], 
            [
                6841, 
                0.02927428726313071, 
                1.4192569731456532
            ], 
            [
                7367, 
                0.023336697351801588, 
                1.4112866338827315
            ], 
            [
                7893, 
                0.02287636100525366, 
                1.4189079681256191
            ], 
            [
                8420, 
                0.02281181093572366, 
                1.4271058194532296
            ], 
            [
                8946, 
                0.02946664361175267, 
                1.4275818922690457
            ], 
            [
                9472, 
                0.023274336402643078, 
                1.428992520312899
            ], 
            [
                9999, 
                0.020023301263092746, 
                1.4254134802630336
            ]
        ]
    }
]