[
    {
        "jobnum": 20, 
        "model": {
            "L2_reg": 0.08101826970128459, 
            "conv_width": 17, 
            "fp_depth": 4, 
            "fp_length": 95, 
            "h1_size": 95, 
            "net_type": "conv_plus_linear"
        }, 
        "num_records": 20, 
        "task": {
            "name": "malaria", 
            "test_slices": [
                [
                    8000, 
                    10000
                ]
            ], 
            "train_slices": [
                [
                    2000, 
                    4000
                ], 
                [
                    4000, 
                    6000
                ], 
                [
                    6000, 
                    8000
                ]
            ]
        }, 
        "train": {
            "batch_size": 100, 
            "init_scale": 0.0906356596274393, 
            "num_iters": 10000, 
            "seed": 5, 
            "step_size": 0.001459366969517237
        }, 
        "varied_params": {
            "conv_width": 17.092909835691287, 
            "fp_depth": 3.675770065047016, 
            "fp_length": 94.83552135652103, 
            "h1_size": 94.82732979255314, 
            "log_L2_reg": -2.5130805978749855, 
            "log_init_scale": -2.4009075492492045, 
            "log_step_size": -6.529752519808413
        }
    }, 
    {
        "host_name": "schlumpfine", 
        "minutes_duration": 74.66467646757762, 
        "timestamp": "2021-09-04 09:03:57.427073", 
        "training_curve": [
            [
                0, 
                1.647280998304337, 
                1.5539370263878873
            ], 
            [
                526, 
                1.1196662691792323, 
                1.1540632166084641
            ], 
            [
                1052, 
                1.0595753464422195, 
                1.091530677198239
            ], 
            [
                1578, 
                1.060593096275154, 
                1.1034890657810241
            ], 
            [
                2105, 
                1.024732294162752, 
                1.1100735831363462
            ], 
            [
                2631, 
                0.9413268882129915, 
                1.0757201893860275
            ], 
            [
                3157, 
                0.903254102408719, 
                1.0869587559714566
            ], 
            [
                3683, 
                0.8818537260757051, 
                1.0971792975952877
            ], 
            [
                4210, 
                0.9199657620202301, 
                1.177255291542519
            ], 
            [
                4736, 
                0.8543534156558243, 
                1.1683623175269446
            ], 
            [
                5262, 
                0.8039112635785745, 
                1.1539527047734324
            ], 
            [
                5788, 
                0.7596869626004997, 
                1.1259949144805
            ], 
            [
                6315, 
                0.7607897442587794, 
                1.1779804694241889
            ], 
            [
                6841, 
                0.7381517853359343, 
                1.2026590053438972
            ], 
            [
                7367, 
                0.7213013001796695, 
                1.2398919863625866
            ], 
            [
                7893, 
                0.704050302153595, 
                1.1804738023740682
            ], 
            [
                8420, 
                0.7062531609273522, 
                1.2432068734476491
            ], 
            [
                8946, 
                0.6735593159483462, 
                1.2398088599710348
            ], 
            [
                9472, 
                0.685600802190615, 
                1.3065982307335344
            ], 
            [
                9999, 
                0.6771130134544481, 
                1.2267857714246564
            ]
        ]
    }
]