[
    {
        "jobnum": 20, 
        "model": {
            "L2_reg": 0.08101826970128459, 
            "conv_width": 17, 
            "fp_depth": 4, 
            "fp_length": 726, 
            "h1_size": 95, 
            "net_type": "morgan_plus_linear"
        }, 
        "num_records": 20, 
        "task": {
            "name": "cep", 
            "test_slices": [
                [
                    16000, 
                    20000
                ]
            ], 
            "train_slices": [
                [
                    4000, 
                    8000
                ], 
                [
                    8000, 
                    12000
                ], 
                [
                    12000, 
                    16000
                ]
            ]
        }, 
        "train": {
            "batch_size": 100, 
            "init_scale": 0.0906356596274393, 
            "num_iters": 10000, 
            "seed": 5, 
            "step_size": 0.001459366969517237
        }, 
        "varied_params": {
            "conv_width": 17.092909835691287, 
            "fp_depth": 3.675770065047016, 
            "fp_length": 725.5196922086892, 
            "h1_size": 94.82732979255314, 
            "log_L2_reg": -2.5130805978749855, 
            "log_init_scale": -2.4009075492492045, 
            "log_step_size": -6.529752519808413
        }
    }, 
    {
        "host_name": "schlumpfine", 
        "minutes_duration": 1.892900582154592, 
        "timestamp": "2021-09-10 23:08:30.603507", 
        "training_curve": [
            [
                0, 
                9.157394991673149, 
                8.934201257196943
            ], 
            [
                526, 
                2.8026187015190964, 
                3.2308361925651297
            ], 
            [
                1052, 
                2.640393031269098, 
                3.123315533971145
            ], 
            [
                1578, 
                2.651153574998112, 
                3.121164830276649
            ], 
            [
                2105, 
                2.610298418942918, 
                3.110542239783572
            ], 
            [
                2631, 
                2.605414203775683, 
                3.097446340212823
            ], 
            [
                3157, 
                2.606810364130611, 
                3.09292900088199
            ], 
            [
                3683, 
                2.5992070806366385, 
                3.1098680845160596
            ], 
            [
                4210, 
                2.602312135814977, 
                3.0858087905815217
            ], 
            [
                4736, 
                2.604708905233102, 
                3.1024745098900137
            ], 
            [
                5262, 
                2.6032785284384627, 
                3.1035032337260198
            ], 
            [
                5788, 
                2.5984060114116194, 
                3.088571864637881
            ], 
            [
                6315, 
                2.5908306616015127, 
                3.104111753431749
            ], 
            [
                6841, 
                2.666804329860047, 
                3.1624581124793236
            ], 
            [
                7367, 
                2.60499626806008, 
                3.095452227884636
            ], 
            [
                7893, 
                2.598956336130949, 
                3.107758403568866
            ], 
            [
                8420, 
                2.6206150283067298, 
                3.1053476407462792
            ], 
            [
                8946, 
                2.5999302739324452, 
                3.109743779256649
            ], 
            [
                9472, 
                2.5974512742611298, 
                3.092714636779142
            ], 
            [
                9999, 
                2.596994492967398, 
                3.086644514307587
            ]
        ]
    }
]