[
    {
        "jobnum": 21, 
        "model": {
            "L2_reg": 7.321213204376401, 
            "conv_width": 18, 
            "fp_depth": 1, 
            "fp_length": 34, 
            "h1_size": 96, 
            "net_type": "conv_plus_linear"
        }, 
        "num_records": 20, 
        "task": {
            "name": "delaney", 
            "test_slices": [
                [
                    899, 
                    1124
                ]
            ], 
            "train_slices": [
                [
                    224, 
                    449
                ], 
                [
                    449, 
                    674
                ], 
                [
                    674, 
                    899
                ]
            ]
        }, 
        "train": {
            "batch_size": 100, 
            "init_scale": 0.011536512686277006, 
            "num_iters": 10000, 
            "seed": 5, 
            "step_size": 0.005839939733487496
        }, 
        "varied_params": {
            "conv_width": 18.021890860523214, 
            "fp_depth": 1.4483449139739812, 
            "fp_length": 34.19920868375398, 
            "h1_size": 95.97413068723367, 
            "log_L2_reg": 1.990776052542932, 
            "log_init_scale": -4.462238257135377, 
            "log_step_size": -5.143034801803554
        }
    }, 
    {
        "host_name": "schlaubi", 
        "minutes_duration": 14.23371251821518, 
        "timestamp": "2021-08-07 03:15:30.968032", 
        "training_curve": [
            [
                0, 
                4.2717109362620125, 
                4.109041046151925
            ], 
            [
                526, 
                0.5034777406740465, 
                0.935379749886704
            ], 
            [
                1052, 
                0.40199825339444506, 
                0.85820706807148
            ], 
            [
                1578, 
                0.3936986014300162, 
                0.8990364730561387
            ], 
            [
                2105, 
                0.36156480296577936, 
                0.9225603636722332
            ], 
            [
                2631, 
                0.3434749217005368, 
                0.9574977435792945
            ], 
            [
                3157, 
                0.3887573069114537, 
                1.0242115015701008
            ], 
            [
                3683, 
                0.3558615448151883, 
                0.9905505690679189
            ], 
            [
                4210, 
                0.3488097709669964, 
                0.9986459314360218
            ], 
            [
                4736, 
                0.3343983606738595, 
                0.9736708127558885
            ], 
            [
                5262, 
                0.30924841846646417, 
                0.9816529851685435
            ], 
            [
                5788, 
                0.31798941532549013, 
                0.9878830062472399
            ], 
            [
                6315, 
                0.30847660171252395, 
                0.987491495834469
            ], 
            [
                6841, 
                0.37387799945550504, 
                1.0200787872370933
            ], 
            [
                7367, 
                0.3190481930120556, 
                1.0260605204037105
            ], 
            [
                7893, 
                0.30730079081996997, 
                1.0326661281415603
            ], 
            [
                8420, 
                0.3101753907529669, 
                1.0254230836477074
            ], 
            [
                8946, 
                0.3191865640670995, 
                1.0129727869537126
            ], 
            [
                9472, 
                0.31887569934284093, 
                1.0121795381885699
            ], 
            [
                9999, 
                0.3057699401018076, 
                1.0310872094426793
            ]
        ]
    }
]