[
    {
        "jobnum": 22, 
        "model": {
            "L2_reg": 1.5817813834259178, 
            "conv_width": 11, 
            "fp_depth": 3, 
            "fp_length": 86, 
            "h1_size": 56, 
            "net_type": "mean"
        }, 
        "num_records": 20, 
        "task": {
            "name": "delaney", 
            "test_slices": [
                [
                    899, 
                    1124
                ]
            ], 
            "train_slices": [
                [
                    224, 
                    449
                ], 
                [
                    449, 
                    674
                ], 
                [
                    674, 
                    899
                ]
            ]
        }, 
        "train": {
            "batch_size": 100, 
            "init_scale": 0.008314826000126603, 
            "num_iters": 10000, 
            "seed": 5, 
            "step_size": 0.009972070109487014
        }, 
        "varied_params": {
            "conv_width": 11.107749458389995, 
            "fp_depth": 2.70730221584378, 
            "fp_length": 85.72033141877915, 
            "h1_size": 56.19099914247207, 
            "log_L2_reg": 0.45855166980008555, 
            "log_init_scale": -4.789715092578255, 
            "log_step_size": -4.607967082711062
        }
    }, 
    {
        "host_name": "hefty", 
        "minutes_duration": 0.04545738299687704, 
        "timestamp": "2021-08-07 06:11:44.723648", 
        "training_curve": [
            [
                0, 
                4.330716850141259, 
                4.1565833070421645
            ], 
            [
                526, 
                4.330708506501104, 
                4.158983854084572
            ], 
            [
                1052, 
                4.3307127112073776, 
                4.1590358158579885
            ], 
            [
                1578, 
                4.3306931124123516, 
                4.158773615401139
            ], 
            [
                2105, 
                4.330663468035183, 
                4.158143808145261
            ], 
            [
                2631, 
                4.330660523491485, 
                4.158007436012516
            ], 
            [
                3157, 
                4.330668366023062, 
                4.1582988137567956
            ], 
            [
                3683, 
                4.330708536570825, 
                4.158984232676679
            ], 
            [
                4210, 
                4.33069311287215, 
                4.158773622269323
            ], 
            [
                4736, 
                4.330681425269225, 
                4.1585822857791515
            ], 
            [
                5262, 
                4.330663466943268, 
                4.158143766667389
            ], 
            [
                5788, 
                4.330660523079811, 
                4.158007411522929
            ], 
            [
                6315, 
                4.330708537041208, 
                4.158984238598197
            ], 
            [
                6841, 
                4.330712726462995, 
                4.159036000943388
            ], 
            [
                7367, 
                4.33069311289158, 
                4.158773622559552
            ], 
            [
                7893, 
                4.3306814252196935, 
                4.158582284880952
            ], 
            [
                8420, 
                4.3306605230649495, 
                4.158007410638717
            ], 
            [
                8946, 
                4.330668365722217, 
                4.158298805584733
            ], 
            [
                9472, 
                4.330708537073377, 
                4.158984239003163
            ], 
            [
                9999, 
                4.330693112892059, 
                4.158773622566713
            ]
        ]
    }
]