[
    {
        "jobnum": 23, 
        "model": {
            "L2_reg": 2.537193648511954, 
            "conv_width": 18, 
            "fp_depth": 4, 
            "fp_length": 28, 
            "h1_size": 73, 
            "net_type": "mean"
        }, 
        "num_records": 20, 
        "task": {
            "name": "delaney", 
            "test_slices": [
                [
                    899, 
                    1124
                ]
            ], 
            "train_slices": [
                [
                    224, 
                    449
                ], 
                [
                    449, 
                    674
                ], 
                [
                    674, 
                    899
                ]
            ]
        }, 
        "train": {
            "batch_size": 100, 
            "init_scale": 0.03206749887368721, 
            "num_iters": 10000, 
            "seed": 5, 
            "step_size": 0.006025362700774759
        }, 
        "varied_params": {
            "conv_width": 17.837050135889164, 
            "fp_depth": 3.9265645150086574, 
            "fp_length": 27.807796858481986, 
            "h1_size": 72.67713413390345, 
            "log_L2_reg": 0.9310586074290335, 
            "log_init_scale": -3.4399122579134556, 
            "log_step_size": -5.111777602118608
        }
    }, 
    {
        "host_name": "clumsy", 
        "minutes_duration": 0.04728689988454183, 
        "timestamp": "2021-08-07 06:11:50.171133", 
        "training_curve": [
            [
                0, 
                4.331525541624732, 
                4.153818484261308
            ], 
            [
                526, 
                4.330695374854844, 
                4.158806910505804
            ], 
            [
                1052, 
                4.330697490602872, 
                4.158837194771687
            ], 
            [
                1578, 
                4.330687149473506, 
                4.158680611262584
            ], 
            [
                2105, 
                4.330668455331458, 
                4.158301234389025
            ], 
            [
                2631, 
                4.330665590208608, 
                4.158217383814814
            ], 
            [
                3157, 
                4.330672182044488, 
                4.158394283558088
            ], 
            [
                3683, 
                4.33069538485977, 
                4.15880705559165
            ], 
            [
                4210, 
                4.33068714914248, 
                4.1586806058595
            ], 
            [
                4736, 
                4.330680591426963, 
                4.1585670328899385
            ], 
            [
                5262, 
                4.330668454433825, 
                4.158301210111878
            ], 
            [
                5788, 
                4.330665589774832, 
                4.158217369976815
            ], 
            [
                6315, 
                4.330695385019287, 
                4.158807057904733
            ], 
            [
                6841, 
                4.330697496124488, 
                4.158837272791297
            ], 
            [
                7367, 
                4.330687149120909, 
                4.158680605507407
            ], 
            [
                7893, 
                4.3306805913875035, 
                4.158567032161728
            ], 
            [
                8420, 
                4.330665589758744, 
                4.158217369463537
            ], 
            [
                8946, 
                4.330672181818499, 
                4.158394278315614
            ], 
            [
                9472, 
                4.330695385030342, 
                4.158807058065051
            ], 
            [
                9999, 
                4.330687149119949, 
                4.158680605491741
            ]
        ]
    }
]