[
    {
        "jobnum": 23, 
        "model": {
            "L2_reg": 2.537193648511954, 
            "conv_width": 18, 
            "fp_depth": 4, 
            "fp_length": 28, 
            "h1_size": 73, 
            "net_type": "morgan_plus_net"
        }, 
        "num_records": 20, 
        "task": {
            "name": "delaney", 
            "test_slices": [
                [
                    899, 
                    1124
                ]
            ], 
            "train_slices": [
                [
                    224, 
                    449
                ], 
                [
                    449, 
                    674
                ], 
                [
                    674, 
                    899
                ]
            ]
        }, 
        "train": {
            "batch_size": 100, 
            "init_scale": 0.03206749887368721, 
            "num_iters": 10000, 
            "seed": 5, 
            "step_size": 0.006025362700774759
        }, 
        "varied_params": {
            "conv_width": 17.837050135889164, 
            "fp_depth": 3.9265645150086574, 
            "fp_length": 27.807796858481986, 
            "h1_size": 72.67713413390345, 
            "log_L2_reg": 0.9310586074290335, 
            "log_init_scale": -3.4399122579134556, 
            "log_step_size": -5.111777602118608
        }
    }, 
    {
        "host_name": "clumsy", 
        "minutes_duration": 0.45237829685211184, 
        "timestamp": "2021-08-07 05:57:29.332293", 
        "training_curve": [
            [
                0, 
                4.313102055499802, 
                4.138753564498517
            ], 
            [
                526, 
                0.6070704036023405, 
                3.4812852087636736
            ], 
            [
                1052, 
                0.6224698559238724, 
                3.8792890995263365
            ], 
            [
                1578, 
                0.5809801087393266, 
                3.924485232979081
            ], 
            [
                2105, 
                0.4235290885952586, 
                3.736270125662135
            ], 
            [
                2631, 
                0.5238893019405695, 
                3.8442155236535984
            ], 
            [
                3157, 
                0.3832642438457826, 
                3.7032911305178025
            ], 
            [
                3683, 
                0.36616231214105144, 
                3.594469062418953
            ], 
            [
                4210, 
                0.3536637413956685, 
                3.5914461024253947
            ], 
            [
                4736, 
                0.3864183585841039, 
                3.6078140043172504
            ], 
            [
                5262, 
                0.4835011699136881, 
                3.6665654739713798
            ], 
            [
                5788, 
                0.3682149773284528, 
                3.570849671707005
            ], 
            [
                6315, 
                0.3518460339651875, 
                3.585737130172029
            ], 
            [
                6841, 
                0.38932547940309437, 
                3.659994787697043
            ], 
            [
                7367, 
                0.4191219566437084, 
                3.591385964337932
            ], 
            [
                7893, 
                0.34752851021246584, 
                3.5494603197089996
            ], 
            [
                8420, 
                0.434826566680012, 
                3.667358399069382
            ], 
            [
                8946, 
                0.3999891020168164, 
                3.6132975808955154
            ], 
            [
                9472, 
                0.3933840995272252, 
                3.5182671557452583
            ], 
            [
                9999, 
                0.43859599102578123, 
                3.563193416811209
            ]
        ]
    }
]