[
    {
        "jobnum": 24, 
        "model": {
            "L2_reg": 0.16013995131275266, 
            "conv_width": 8, 
            "fp_depth": 1, 
            "fp_length": 18, 
            "h1_size": 86, 
            "net_type": "conv_plus_linear"
        }, 
        "num_records": 20, 
        "task": {
            "name": "delaney", 
            "test_slices": [
                [
                    899, 
                    1124
                ]
            ], 
            "train_slices": [
                [
                    224, 
                    449
                ], 
                [
                    449, 
                    674
                ], 
                [
                    674, 
                    899
                ]
            ]
        }, 
        "train": {
            "batch_size": 100, 
            "init_scale": 0.005657400242334197, 
            "num_iters": 10000, 
            "seed": 5, 
            "step_size": 0.0006664927534456779
        }, 
        "varied_params": {
            "conv_width": 7.999947873446001, 
            "fp_depth": 1.1630139650177609, 
            "fp_length": 18.074440979588765, 
            "h1_size": 86.4995281212029, 
            "log_L2_reg": -1.8317071503669657, 
            "log_init_scale": -5.1747908134296825, 
            "log_step_size": -7.313481290954238
        }
    }, 
    {
        "host_name": "handy", 
        "minutes_duration": 11.516696067651113, 
        "timestamp": "2021-08-07 03:38:53.727305", 
        "training_curve": [
            [
                0, 
                4.287423680855215, 
                4.118968419758836
            ], 
            [
                526, 
                1.4568170179104913, 
                1.622254764308856
            ], 
            [
                1052, 
                0.7409861012680019, 
                1.0931627206569363
            ], 
            [
                1578, 
                0.5773043618545575, 
                0.9861946239571717
            ], 
            [
                2105, 
                0.5128825962617977, 
                0.9530479549400193
            ], 
            [
                2631, 
                0.47381594729612114, 
                0.9303293528527368
            ], 
            [
                3157, 
                0.45200919289709357, 
                0.9237608280281818
            ], 
            [
                3683, 
                0.43720203873635194, 
                0.9215523028967495
            ], 
            [
                4210, 
                0.425072025681581, 
                0.917396081777334
            ], 
            [
                4736, 
                0.41498750582303545, 
                0.911893678864197
            ], 
            [
                5262, 
                0.40611329959922177, 
                0.9075051647722138
            ], 
            [
                5788, 
                0.39782164579416057, 
                0.9047125554946921
            ], 
            [
                6315, 
                0.38963353080496677, 
                0.9024293061394247
            ], 
            [
                6841, 
                0.38181829406707957, 
                0.9045289648393542
            ], 
            [
                7367, 
                0.3745476486706673, 
                0.90707661192122
            ], 
            [
                7893, 
                0.3675622070230686, 
                0.9118050508273465
            ], 
            [
                8420, 
                0.3619118543691396, 
                0.9176361552928188
            ], 
            [
                8946, 
                0.35655699484304443, 
                0.9254443436474801
            ], 
            [
                9472, 
                0.3515699308971398, 
                0.9309642754426732
            ], 
            [
                9999, 
                0.346684647689506, 
                0.9403835670923288
            ]
        ]
    }
]