[
    {
        "jobnum": 24, 
        "model": {
            "L2_reg": 0.16013995131275266, 
            "conv_width": 8, 
            "fp_depth": 1, 
            "fp_length": 35, 
            "h1_size": 86, 
            "net_type": "morgan_plus_net"
        }, 
        "num_records": 20, 
        "task": {
            "name": "malaria", 
            "test_slices": [
                [
                    8000, 
                    10000
                ]
            ], 
            "train_slices": [
                [
                    2000, 
                    4000
                ], 
                [
                    4000, 
                    6000
                ], 
                [
                    6000, 
                    8000
                ]
            ]
        }, 
        "train": {
            "batch_size": 100, 
            "init_scale": 0.005657400242334197, 
            "num_iters": 10000, 
            "seed": 5, 
            "step_size": 0.0006664927534456779
        }, 
        "varied_params": {
            "conv_width": 7.999947873446001, 
            "fp_depth": 1.1630139650177609, 
            "fp_length": 34.66996881629888, 
            "h1_size": 86.4995281212029, 
            "log_L2_reg": -1.8317071503669657, 
            "log_init_scale": -5.1747908134296825, 
            "log_step_size": -7.313481290954238
        }
    }, 
    {
        "host_name": "handy", 
        "minutes_duration": 0.658393398920695, 
        "timestamp": "2021-09-04 12:24:56.218714", 
        "training_curve": [
            [
                0, 
                1.4847894572399574, 
                1.4213075602344465
            ], 
            [
                526, 
                1.3112345896257291, 
                1.3069508717192568
            ], 
            [
                1052, 
                1.2592147555650994, 
                1.2828779455498518
            ], 
            [
                1578, 
                1.21629259552745, 
                1.2697704990808518
            ], 
            [
                2105, 
                1.1758463401597778, 
                1.2634059480109734
            ], 
            [
                2631, 
                1.1430808546587792, 
                1.2564314309458862
            ], 
            [
                3157, 
                1.1140914658710634, 
                1.2514401541196536
            ], 
            [
                3683, 
                1.0904019326261283, 
                1.2543863766202952
            ], 
            [
                4210, 
                1.0694742770595986, 
                1.2604675565590095
            ], 
            [
                4736, 
                1.0499282266048744, 
                1.262478962209807
            ], 
            [
                5262, 
                1.033175269836429, 
                1.257184099196746
            ], 
            [
                5788, 
                1.0150499066411525, 
                1.259408148387078
            ], 
            [
                6315, 
                1.0005590538554527, 
                1.2702256515124828
            ], 
            [
                6841, 
                0.9850330180364645, 
                1.2790236609187682
            ], 
            [
                7367, 
                0.9704012001793377, 
                1.2725016202050317
            ], 
            [
                7893, 
                0.9559612344547013, 
                1.2696625919843723
            ], 
            [
                8420, 
                0.9439703659806244, 
                1.2796229077147752
            ], 
            [
                8946, 
                0.9306316683872947, 
                1.2916444914480982
            ], 
            [
                9472, 
                0.9164416889250068, 
                1.2871509554803273
            ], 
            [
                9999, 
                0.904409185948001, 
                1.283344140281796
            ]
        ]
    }
]