[
    {
        "jobnum": 25, 
        "model": {
            "L2_reg": 4.1564042924344236, 
            "conv_width": 5, 
            "fp_depth": 3, 
            "fp_length": 182, 
            "h1_size": 61, 
            "net_type": "mean"
        }, 
        "num_records": 20, 
        "task": {
            "name": "delaney", 
            "test_slices": [
                [
                    899, 
                    1124
                ]
            ], 
            "train_slices": [
                [
                    224, 
                    449
                ], 
                [
                    449, 
                    674
                ], 
                [
                    674, 
                    899
                ]
            ]
        }, 
        "train": {
            "batch_size": 100, 
            "init_scale": 0.011266589593491302, 
            "num_iters": 10000, 
            "seed": 5, 
            "step_size": 0.0013353080332717088
        }, 
        "varied_params": {
            "conv_width": 5.477583942969618, 
            "fp_depth": 3.1132432057705985, 
            "fp_length": 182.01170974989606, 
            "h1_size": 61.196234403019005, 
            "log_L2_reg": 1.424650347724727, 
            "log_init_scale": -4.485913605999054, 
            "log_step_size": -6.618593277212389
        }
    }, 
    {
        "host_name": "hefty", 
        "minutes_duration": 0.046846131483713783, 
        "timestamp": "2021-08-07 06:11:54.529889", 
        "training_curve": [
            [
                0, 
                4.330765581073578, 
                4.1561879545080895
            ], 
            [
                526, 
                4.330682417655447, 
                4.15860010028951
            ], 
            [
                1052, 
                4.330682778173955, 
                4.1586064851207345
            ], 
            [
                1578, 
                4.330680875103432, 
                4.1585722521325925
            ], 
            [
                2105, 
                4.330676530664043, 
                4.158488486818477
            ], 
            [
                2631, 
                4.330675609141199, 
                4.158469521349593
            ], 
            [
                3157, 
                4.3306775501385575, 
                4.1585089370990795
            ], 
            [
                3683, 
                4.330682414998872, 
                4.15860005307291
            ], 
            [
                4210, 
                4.330680874387475, 
                4.158572238999648
            ], 
            [
                4736, 
                4.330679550485471, 
                4.158547603083676
            ], 
            [
                5262, 
                4.3306765301636005, 
                4.1584884766463
            ], 
            [
                5788, 
                4.33067560887451, 
                4.1584695157913245
            ], 
            [
                6315, 
                4.330682414956999, 
                4.1586000523286595
            ], 
            [
                6841, 
                4.330682777469746, 
                4.158606472692953
            ], 
            [
                7367, 
                4.33068087434557, 
                4.15857223823097
            ], 
            [
                7893, 
                4.330679550457261, 
                4.158547602551008
            ], 
            [
                8420, 
                4.3306756088643565, 
                4.158469515579714
            ], 
            [
                8946, 
                4.330677549992239, 
                4.158508934201911
            ], 
            [
                9472, 
                4.330682414953964, 
                4.158600052274713
            ], 
            [
                9999, 
                4.3306808743438685, 
                4.158572238199746
            ]
        ]
    }
]