[
    {
        "jobnum": 26, 
        "model": {
            "L2_reg": 4.365409430476897, 
            "conv_width": 13, 
            "fp_depth": 3, 
            "fp_length": 82, 
            "h1_size": 79, 
            "net_type": "conv_plus_linear"
        }, 
        "num_records": 20, 
        "task": {
            "name": "delaney", 
            "test_slices": [
                [
                    899, 
                    1124
                ]
            ], 
            "train_slices": [
                [
                    224, 
                    449
                ], 
                [
                    449, 
                    674
                ], 
                [
                    674, 
                    899
                ]
            ]
        }, 
        "train": {
            "batch_size": 100, 
            "init_scale": 0.0072955688785495435, 
            "num_iters": 10000, 
            "seed": 5, 
            "step_size": 0.0008687729757730617
        }, 
        "varied_params": {
            "conv_width": 13.034492045374375, 
            "fp_depth": 2.841897867897688, 
            "fp_length": 82.06991735171195, 
            "h1_size": 78.86142943020837, 
            "log_L2_reg": 1.47371198339835, 
            "log_init_scale": -4.9204881180670785, 
            "log_step_size": -7.0484287145019655
        }
    }, 
    {
        "host_name": "papaschlumpf", 
        "minutes_duration": 38.74423519770304, 
        "timestamp": "2021-08-07 04:11:08.602527", 
        "training_curve": [
            [
                0, 
                4.385140204490736, 
                4.2044696766751
            ], 
            [
                526, 
                0.7113386406714358, 
                1.2252009165106785
            ], 
            [
                1052, 
                0.5048047874080227, 
                1.0528350614728383
            ], 
            [
                1578, 
                0.4192009454122419, 
                0.967308206573167
            ], 
            [
                2105, 
                0.36632893820559875, 
                0.9177631879466104
            ], 
            [
                2631, 
                0.32760393698413964, 
                0.9012231472699308
            ], 
            [
                3157, 
                0.3011497579638587, 
                0.9043166876902089
            ], 
            [
                3683, 
                0.2789930586496645, 
                0.9105629948704437
            ], 
            [
                4210, 
                0.25892328742079085, 
                0.9115674047257074
            ], 
            [
                4736, 
                0.2404641849462542, 
                0.9418163799851709
            ], 
            [
                5262, 
                0.22421253948116887, 
                0.9600609435653142
            ], 
            [
                5788, 
                0.2173264556095514, 
                0.964137140414687
            ], 
            [
                6315, 
                0.20860123878233472, 
                1.05322550246239
            ], 
            [
                6841, 
                0.19272580872407072, 
                1.043014069846127
            ], 
            [
                7367, 
                0.18691929860765344, 
                1.1104640059848232
            ], 
            [
                7893, 
                0.17267812089464377, 
                1.1236793525955011
            ], 
            [
                8420, 
                0.17283261306572825, 
                1.0934121928211162
            ], 
            [
                8946, 
                0.17698150688326467, 
                1.096379997619054
            ], 
            [
                9472, 
                0.1673236837649615, 
                1.126856060287774
            ], 
            [
                9999, 
                0.16349875916417073, 
                1.1582947535212726
            ]
        ]
    }
]