[
    {
        "jobnum": 26, 
        "model": {
            "L2_reg": 4.365409430476897, 
            "conv_width": 13, 
            "fp_depth": 3, 
            "fp_length": 82, 
            "h1_size": 79, 
            "net_type": "conv_plus_net"
        }, 
        "num_records": 20, 
        "task": {
            "name": "delaney", 
            "test_slices": [
                [
                    899, 
                    1124
                ]
            ], 
            "train_slices": [
                [
                    224, 
                    449
                ], 
                [
                    449, 
                    674
                ], 
                [
                    674, 
                    899
                ]
            ]
        }, 
        "train": {
            "batch_size": 100, 
            "init_scale": 0.0072955688785495435, 
            "num_iters": 10000, 
            "seed": 5, 
            "step_size": 0.0008687729757730617
        }, 
        "varied_params": {
            "conv_width": 13.034492045374375, 
            "fp_depth": 2.841897867897688, 
            "fp_length": 82.06991735171195, 
            "h1_size": 78.86142943020837, 
            "log_L2_reg": 1.47371198339835, 
            "log_init_scale": -4.9204881180670785, 
            "log_step_size": -7.0484287145019655
        }
    }, 
    {
        "host_name": "papaschlumpf", 
        "minutes_duration": 31.561430915196738, 
        "timestamp": "2021-08-06 23:16:52.860503", 
        "training_curve": [
            [
                0, 
                4.330567177621047, 
                4.152370577224088
            ], 
            [
                526, 
                0.45567502128403015, 
                0.7416586190634938
            ], 
            [
                1052, 
                0.2959414091425812, 
                0.6180129112337402
            ], 
            [
                1578, 
                0.24022861226412445, 
                0.6047014470695455
            ], 
            [
                2105, 
                0.20448418376385766, 
                0.6352734291666452
            ], 
            [
                2631, 
                0.19086639359869575, 
                0.7043385938177698
            ], 
            [
                3157, 
                0.18035923746002946, 
                0.7212377829547207
            ], 
            [
                3683, 
                0.17356362186202456, 
                0.7595359108855774
            ], 
            [
                4210, 
                0.1509796822011816, 
                0.7436478172366658
            ], 
            [
                4736, 
                0.14246145214453446, 
                0.7652652319943876
            ], 
            [
                5262, 
                0.13341371854866066, 
                0.7536840349222694
            ], 
            [
                5788, 
                0.13906013229419117, 
                0.8138420192202971
            ], 
            [
                6315, 
                0.1307824632614861, 
                0.7160917448625721
            ], 
            [
                6841, 
                0.1406863440289229, 
                0.6841896485226616
            ], 
            [
                7367, 
                0.11615651202185195, 
                0.7350023644285512
            ], 
            [
                7893, 
                0.11752225220818453, 
                0.7886346529780021
            ], 
            [
                8420, 
                0.11352278342356784, 
                0.7083688270959477
            ], 
            [
                8946, 
                0.12341434149763847, 
                0.6937141035468454
            ], 
            [
                9472, 
                0.1255955806658498, 
                0.7018613448546505
            ], 
            [
                9999, 
                0.12715531191643945, 
                0.7059529789941783
            ]
        ]
    }
]