[
    {
        "jobnum": 27, 
        "model": {
            "L2_reg": 0.013283268965311871, 
            "conv_width": 19, 
            "fp_depth": 2, 
            "fp_length": 99, 
            "h1_size": 66, 
            "net_type": "conv_plus_linear"
        }, 
        "num_records": 20, 
        "task": {
            "name": "delaney", 
            "test_slices": [
                [
                    899, 
                    1124
                ]
            ], 
            "train_slices": [
                [
                    224, 
                    449
                ], 
                [
                    449, 
                    674
                ], 
                [
                    674, 
                    899
                ]
            ]
        }, 
        "train": {
            "batch_size": 100, 
            "init_scale": 0.0190281610906231, 
            "num_iters": 10000, 
            "seed": 5, 
            "step_size": 0.0016497760110958427
        }, 
        "varied_params": {
            "conv_width": 19.165585849759005, 
            "fp_depth": 1.5585790176410086, 
            "fp_length": 98.82968904552021, 
            "h1_size": 65.5972497739801, 
            "log_L2_reg": -4.321250008199023, 
            "log_init_scale": -3.9618352344702683, 
            "log_step_size": -6.407115751135633
        }
    }, 
    {
        "host_name": "handy", 
        "minutes_duration": 25.169802618026733, 
        "timestamp": "2021-08-07 04:04:06.893022", 
        "training_curve": [
            [
                0, 
                4.357239927603134, 
                4.185826711390821
            ], 
            [
                526, 
                0.43637290446705146, 
                1.0078191752452141
            ], 
            [
                1052, 
                0.30932311867787643, 
                0.9668068217961174
            ], 
            [
                1578, 
                0.24462205844268392, 
                0.9527217863826261
            ], 
            [
                2105, 
                0.2078703022083486, 
                0.9952311401918079
            ], 
            [
                2631, 
                0.17344085117604652, 
                0.9725451631314082
            ], 
            [
                3157, 
                0.15754687989952293, 
                0.9529240958283222
            ], 
            [
                3683, 
                0.15198830572034858, 
                1.0283997136192415
            ], 
            [
                4210, 
                0.15092120245909066, 
                0.9931020140499257
            ], 
            [
                4736, 
                0.1400382844655657, 
                1.0498784990016459
            ], 
            [
                5262, 
                0.15063484657923246, 
                1.1125111309998112
            ], 
            [
                5788, 
                0.15646353826083442, 
                0.9833276825345741
            ], 
            [
                6315, 
                0.15574151305067058, 
                1.001824297075279
            ], 
            [
                6841, 
                0.13370644325483724, 
                1.0003524268695798
            ], 
            [
                7367, 
                0.14916248949527983, 
                1.1449815171390874
            ], 
            [
                7893, 
                0.1205427689066311, 
                1.045779022606006
            ], 
            [
                8420, 
                0.11899887449295667, 
                1.0973620207299783
            ], 
            [
                8946, 
                0.14002286024801172, 
                1.1925656438172387
            ], 
            [
                9472, 
                0.11622995190751438, 
                1.1351883919883496
            ], 
            [
                9999, 
                0.11518318783890259, 
                1.0878451665089757
            ]
        ]
    }
]