[
    {
        "jobnum": 28, 
        "model": {
            "L2_reg": 0.003943184168730902, 
            "conv_width": 10, 
            "fp_depth": 2, 
            "fp_length": 718, 
            "h1_size": 61, 
            "net_type": "morgan_plus_linear"
        }, 
        "num_records": 20, 
        "task": {
            "name": "delaney", 
            "test_slices": [
                [
                    899, 
                    1124
                ]
            ], 
            "train_slices": [
                [
                    224, 
                    449
                ], 
                [
                    449, 
                    674
                ], 
                [
                    674, 
                    899
                ]
            ]
        }, 
        "train": {
            "batch_size": 100, 
            "init_scale": 0.029866812729940385, 
            "num_iters": 10000, 
            "seed": 5, 
            "step_size": 0.0009279116143062864
        }, 
        "varied_params": {
            "conv_width": 9.676938229911539, 
            "fp_depth": 2.3032498766743625, 
            "fp_length": 717.9142367259832, 
            "h1_size": 61.370731398666166, 
            "log_L2_reg": -5.535766717408995, 
            "log_init_scale": -3.5110073571699236, 
            "log_step_size": -6.982574072918428
        }
    }, 
    {
        "host_name": "hefty", 
        "minutes_duration": 0.42066659927368166, 
        "timestamp": "2021-08-07 01:08:09.745036", 
        "training_curve": [
            [
                0, 
                4.534191119999143, 
                4.23200320545168
            ], 
            [
                526, 
                0.94846032743959, 
                2.0163975647534396
            ], 
            [
                1052, 
                0.6085267489890694, 
                1.9542776922962128
            ], 
            [
                1578, 
                0.4690941332317032, 
                2.077011610930438
            ], 
            [
                2105, 
                0.3883329215540399, 
                2.2850453912574387
            ], 
            [
                2631, 
                0.3335271841024385, 
                2.5402335853961286
            ], 
            [
                3157, 
                0.29287685481257936, 
                2.824341019347138
            ], 
            [
                3683, 
                0.26109258033719623, 
                3.127973741899815
            ], 
            [
                4210, 
                0.23539701930245605, 
                3.4487668386272405
            ], 
            [
                4736, 
                0.21432451387112889, 
                3.785636291467526
            ], 
            [
                5262, 
                0.19683162813919924, 
                4.140922656179773
            ], 
            [
                5788, 
                0.182242226962063, 
                4.515001825306291
            ], 
            [
                6315, 
                0.17006063471739452, 
                4.907412086060576
            ], 
            [
                6841, 
                0.15985135083440707, 
                5.311264644353681
            ], 
            [
                7367, 
                0.15126486500879807, 
                5.7221868889759895
            ], 
            [
                7893, 
                0.14400319018172203, 
                6.13537325078216
            ], 
            [
                8420, 
                0.13779303438884472, 
                6.54699794163055
            ], 
            [
                8946, 
                0.13247359368339684, 
                6.951792589451017
            ], 
            [
                9472, 
                0.12785907471621172, 
                7.347411466394197
            ], 
            [
                9999, 
                0.12377572311999918, 
                7.731771703132623
            ]
        ]
    }
]