[
    {
        "jobnum": 28, 
        "model": {
            "L2_reg": 0.003943184168730902, 
            "conv_width": 10, 
            "fp_depth": 2, 
            "fp_length": 718, 
            "h1_size": 61, 
            "net_type": "morgan_plus_net"
        }, 
        "num_records": 20, 
        "task": {
            "name": "cep", 
            "test_slices": [
                [
                    16000, 
                    20000
                ]
            ], 
            "train_slices": [
                [
                    4000, 
                    8000
                ], 
                [
                    8000, 
                    12000
                ], 
                [
                    12000, 
                    16000
                ]
            ]
        }, 
        "train": {
            "batch_size": 100, 
            "init_scale": 0.029866812729940385, 
            "num_iters": 10000, 
            "seed": 5, 
            "step_size": 0.0009279116143062864
        }, 
        "varied_params": {
            "conv_width": 9.676938229911539, 
            "fp_depth": 2.3032498766743625, 
            "fp_length": 717.9142367259832, 
            "h1_size": 61.370731398666166, 
            "log_L2_reg": -5.535766717408995, 
            "log_init_scale": -3.5110073571699236, 
            "log_step_size": -6.982574072918428
        }
    }, 
    {
        "host_name": "hefty", 
        "minutes_duration": 3.2969862818717957, 
        "timestamp": "2021-09-11 07:14:40.638080", 
        "training_curve": [
            [
                0, 
                6.438582057450501, 
                6.41530427733925
            ], 
            [
                526, 
                1.7688223886312213, 
                2.233041256948703
            ], 
            [
                1052, 
                1.3546111270661227, 
                2.0357594497324367
            ], 
            [
                1578, 
                1.069445853860112, 
                1.9687185875411994
            ], 
            [
                2105, 
                0.8035776667544144, 
                1.9070114272308865
            ], 
            [
                2631, 
                0.6017826637276033, 
                1.8913027540512113
            ], 
            [
                3157, 
                0.48299646321811157, 
                1.9395598849208715
            ], 
            [
                3683, 
                0.4403569911368038, 
                2.043566951588558
            ], 
            [
                4210, 
                0.38165242072042166, 
                2.1048895646994796
            ], 
            [
                4736, 
                0.3484418997271723, 
                2.169521353948943
            ], 
            [
                5262, 
                0.402061097578606, 
                2.2839966221565464
            ], 
            [
                5788, 
                0.3900128506409019, 
                2.370417408456294
            ], 
            [
                6315, 
                0.5159607002662683, 
                2.567994246590689
            ], 
            [
                6841, 
                0.6612882697602563, 
                2.6278357694140824
            ], 
            [
                7367, 
                0.5477464579854519, 
                2.500828043150337
            ], 
            [
                7893, 
                0.47971523827276014, 
                2.4793837889312176
            ], 
            [
                8420, 
                0.4189435984287909, 
                2.48254526504802
            ], 
            [
                8946, 
                0.5007584654298944, 
                2.5435444820395405
            ], 
            [
                9472, 
                0.5402294477192622, 
                2.625339020824833
            ], 
            [
                9999, 
                0.4566917777300903, 
                2.5895043205493713
            ]
        ]
    }
]