[
    {
        "jobnum": 29, 
        "model": {
            "L2_reg": 0.004245044619110333, 
            "conv_width": 12, 
            "fp_depth": 3, 
            "fp_length": 76, 
            "h1_size": 59, 
            "net_type": "conv_plus_linear"
        }, 
        "num_records": 20, 
        "task": {
            "name": "delaney", 
            "test_slices": [
                [
                    899, 
                    1124
                ]
            ], 
            "train_slices": [
                [
                    224, 
                    449
                ], 
                [
                    449, 
                    674
                ], 
                [
                    674, 
                    899
                ]
            ]
        }, 
        "train": {
            "batch_size": 100, 
            "init_scale": 0.0037474293821238764, 
            "num_iters": 10000, 
            "seed": 5, 
            "step_size": 0.0003702674089650885
        }, 
        "varied_params": {
            "conv_width": 11.80545266834068, 
            "fp_depth": 3.038178320495702, 
            "fp_length": 76.09687164417689, 
            "h1_size": 58.980183877981744, 
            "log_L2_reg": -5.462002948294011, 
            "log_init_scale": -5.586685172161369, 
            "log_step_size": -7.901285086434675
        }
    }, 
    {
        "host_name": "clumsy", 
        "minutes_duration": 35.793775769074756, 
        "timestamp": "2021-08-07 04:29:31.668262", 
        "training_curve": [
            [
                0, 
                4.35065261557681, 
                4.176591048527816
            ], 
            [
                526, 
                1.3020087658045576, 
                1.5913332023520994
            ], 
            [
                1052, 
                0.679079307588888, 
                1.1110393771807416
            ], 
            [
                1578, 
                0.5329837047929973, 
                1.0234746650783646
            ], 
            [
                2105, 
                0.45098586186187656, 
                0.9671925199496407
            ], 
            [
                2631, 
                0.3908021836883351, 
                0.9187225950565834
            ], 
            [
                3157, 
                0.3469740856758209, 
                0.8844728589180297
            ], 
            [
                3683, 
                0.31682864551789863, 
                0.8705945117031775
            ], 
            [
                4210, 
                0.291829489217467, 
                0.8665595509872721
            ], 
            [
                4736, 
                0.27112625752065617, 
                0.866794689190048
            ], 
            [
                5262, 
                0.2524458056523768, 
                0.8656138851462367
            ], 
            [
                5788, 
                0.2376754347190443, 
                0.8733911600807733
            ], 
            [
                6315, 
                0.22345449562441697, 
                0.8769556716000937
            ], 
            [
                6841, 
                0.20786468844838502, 
                0.8814021351091409
            ], 
            [
                7367, 
                0.1936448355687198, 
                0.8829936929971932
            ], 
            [
                7893, 
                0.1812936927709995, 
                0.8905022901058052
            ], 
            [
                8420, 
                0.17190900315049296, 
                0.9011805898509239
            ], 
            [
                8946, 
                0.16481849719404434, 
                0.8833014951797029
            ], 
            [
                9472, 
                0.1578264671867234, 
                0.9100374479141801
            ], 
            [
                9999, 
                0.15397909153755013, 
                0.9368345008984978
            ]
        ]
    }
]