[
    {
        "jobnum": 2, 
        "model": {
            "L2_reg": 0.002913929338489009, 
            "conv_width": 17, 
            "fp_depth": 3, 
            "fp_length": 893, 
            "h1_size": 54, 
            "net_type": "morgan_plus_net"
        }, 
        "num_records": 20, 
        "task": {
            "name": "delaney", 
            "test_slices": [
                [
                    899, 
                    1124
                ]
            ], 
            "train_slices": [
                [
                    224, 
                    449
                ], 
                [
                    449, 
                    674
                ], 
                [
                    674, 
                    899
                ]
            ]
        }, 
        "train": {
            "batch_size": 100, 
            "init_scale": 0.002700081371236293, 
            "num_iters": 10000, 
            "seed": 5, 
            "step_size": 0.00047533877329982853
        }, 
        "varied_params": {
            "conv_width": 16.67235126424776, 
            "fp_depth": 3.497859536643814, 
            "fp_length": 892.9722454327937, 
            "h1_size": 53.55180290989435, 
            "log_L2_reg": -5.838252820477394, 
            "log_init_scale": -5.914473368931056, 
            "log_step_size": -7.651482801193837
        }
    }, 
    {
        "host_name": "hefty", 
        "minutes_duration": 3.572045067946116, 
        "timestamp": "2021-08-07 05:45:36.707463", 
        "training_curve": [
            [
                0, 
                4.330862853874299, 
                4.1556847078164525
            ], 
            [
                526, 
                0.17635854587486496, 
                1.628000554988176
            ], 
            [
                1052, 
                0.08695687301400133, 
                1.700494698224618
            ], 
            [
                1578, 
                0.09909238779800088, 
                1.801308467713144
            ], 
            [
                2105, 
                0.13982188034831736, 
                1.894907270224939
            ], 
            [
                2631, 
                0.1977684070459659, 
                2.010784859141425
            ], 
            [
                3157, 
                0.26073140304130055, 
                2.125990551434905
            ], 
            [
                3683, 
                0.31769343190212446, 
                2.21115663818874
            ], 
            [
                4210, 
                0.35767405820163434, 
                2.2642276333458797
            ], 
            [
                4736, 
                0.3860168745354706, 
                2.285428797154541
            ], 
            [
                5262, 
                0.4036966600658696, 
                2.3054502830536143
            ], 
            [
                5788, 
                0.4172607917966533, 
                2.308063876754633
            ], 
            [
                6315, 
                0.4250622984533446, 
                2.3196816685684545
            ], 
            [
                6841, 
                0.4273965029783831, 
                2.3190599484615184
            ], 
            [
                7367, 
                0.42980149855803573, 
                2.3088621420378743
            ], 
            [
                7893, 
                0.42698555199781285, 
                2.308810888922806
            ], 
            [
                8420, 
                0.43083539638441015, 
                2.3121581311233586
            ], 
            [
                8946, 
                0.4312646276273075, 
                2.309350477530601
            ], 
            [
                9472, 
                0.4323153773363194, 
                2.299055328278794
            ], 
            [
                9999, 
                0.4354775509970111, 
                2.3041441133878613
            ]
        ]
    }
]