[
    {
        "jobnum": 2, 
        "model": {
            "L2_reg": 0.002913929338489009, 
            "conv_width": 17, 
            "fp_depth": 3, 
            "fp_length": 113, 
            "h1_size": 54, 
            "net_type": "conv_plus_linear"
        }, 
        "num_records": 20, 
        "task": {
            "name": "delaney", 
            "test_slices": [
                [
                    899, 
                    1124
                ]
            ], 
            "train_slices": [
                [
                    224, 
                    449
                ], 
                [
                    449, 
                    674
                ], 
                [
                    674, 
                    899
                ]
            ]
        }, 
        "train": {
            "batch_size": 100, 
            "init_scale": 0.002700081371236293, 
            "num_iters": 10000, 
            "seed": 5, 
            "step_size": 0.00047533877329982853
        }, 
        "varied_params": {
            "conv_width": 16.67235126424776, 
            "fp_depth": 3.497859536643814, 
            "fp_length": 113.44136060364374, 
            "h1_size": 53.55180290989435, 
            "log_L2_reg": -5.838252820477394, 
            "log_init_scale": -5.914473368931056, 
            "log_step_size": -7.651482801193837
        }
    }, 
    {
        "host_name": "handy", 
        "minutes_duration": 37.90250086784363, 
        "timestamp": "2021-08-07 01:48:58.800471", 
        "training_curve": [
            [
                0, 
                4.3520848943667, 
                4.1769204532428965
            ], 
            [
                526, 
                0.8506450823149241, 
                1.2775062864780682
            ], 
            [
                1052, 
                0.5275068302274101, 
                1.046029510644945
            ], 
            [
                1578, 
                0.40686588107500027, 
                0.9588068580494994
            ], 
            [
                2105, 
                0.3359511089895992, 
                0.9233740483746328
            ], 
            [
                2631, 
                0.29099945698694984, 
                0.9120700974920027
            ], 
            [
                3157, 
                0.25968891100698926, 
                0.9000997958166118
            ], 
            [
                3683, 
                0.23574899712950798, 
                0.8942983763602311
            ], 
            [
                4210, 
                0.2152267327373334, 
                0.9059094988015004
            ], 
            [
                4736, 
                0.19530566521147902, 
                0.9276094841943202
            ], 
            [
                5262, 
                0.178481962907894, 
                0.9620691091515676
            ], 
            [
                5788, 
                0.16999395729388028, 
                1.0006167572704163
            ], 
            [
                6315, 
                0.16615477877590445, 
                1.0256753984409346
            ], 
            [
                6841, 
                0.14883845157619285, 
                1.0924738800296279
            ], 
            [
                7367, 
                0.1432578760152778, 
                1.122426278757557
            ], 
            [
                7893, 
                0.14205707874858925, 
                1.1365398320766908
            ], 
            [
                8420, 
                0.13267780164932552, 
                1.1690297654514712
            ], 
            [
                8946, 
                0.1373236052007756, 
                1.153471696858327
            ], 
            [
                9472, 
                0.1313476229124339, 
                1.1894259334201704
            ], 
            [
                9999, 
                0.12768790301281097, 
                1.2559398763674539
            ]
        ]
    }
]