[
    {
        "jobnum": 2, 
        "model": {
            "L2_reg": 0.002913929338489009, 
            "conv_width": 17, 
            "fp_depth": 3, 
            "fp_length": 113, 
            "h1_size": 54, 
            "net_type": "conv_plus_linear"
        }, 
        "num_records": 20, 
        "task": {
            "name": "malaria", 
            "test_slices": [
                [
                    8000, 
                    10000
                ]
            ], 
            "train_slices": [
                [
                    2000, 
                    4000
                ], 
                [
                    4000, 
                    6000
                ], 
                [
                    6000, 
                    8000
                ]
            ]
        }, 
        "train": {
            "batch_size": 100, 
            "init_scale": 0.002700081371236293, 
            "num_iters": 10000, 
            "seed": 5, 
            "step_size": 0.00047533877329982853
        }, 
        "varied_params": {
            "conv_width": 16.67235126424776, 
            "fp_depth": 3.497859536643814, 
            "fp_length": 113.44136060364374, 
            "h1_size": 53.55180290989435, 
            "log_L2_reg": -5.838252820477394, 
            "log_init_scale": -5.914473368931056, 
            "log_step_size": -7.651482801193837
        }
    }, 
    {
        "host_name": "hefty", 
        "minutes_duration": 48.66857116619746, 
        "timestamp": "2021-09-04 05:15:36.935810", 
        "training_curve": [
            [
                0, 
                1.4854246123879118, 
                1.419890891991223
            ], 
            [
                526, 
                1.2666935252186542, 
                1.2348931962009322
            ], 
            [
                1052, 
                1.1927890180337715, 
                1.1574256104365195
            ], 
            [
                1578, 
                1.1693708670587357, 
                1.1541108604034116
            ], 
            [
                2105, 
                1.148333638402853, 
                1.1227225617360033
            ], 
            [
                2631, 
                1.1320356514748429, 
                1.1303469942052549
            ], 
            [
                3157, 
                1.1172773963009885, 
                1.1156469190089915
            ], 
            [
                3683, 
                1.1080600442557065, 
                1.1116866509127663
            ], 
            [
                4210, 
                1.0963932300142445, 
                1.108944852176081
            ], 
            [
                4736, 
                1.0850762975777453, 
                1.1298787888531594
            ], 
            [
                5262, 
                1.070274358027179, 
                1.1031611519759559
            ], 
            [
                5788, 
                1.0671649315218055, 
                1.1068717739609641
            ], 
            [
                6315, 
                1.0641005060927315, 
                1.1229818317553841
            ], 
            [
                6841, 
                1.0600870140043221, 
                1.1295519705373922
            ], 
            [
                7367, 
                1.0426207374086127, 
                1.115146018962934
            ], 
            [
                7893, 
                1.0385962794736392, 
                1.1109753171546706
            ], 
            [
                8420, 
                1.0316742085269246, 
                1.1089524227780607
            ], 
            [
                8946, 
                1.0490157888848675, 
                1.118727659455356
            ], 
            [
                9472, 
                1.0268308997638567, 
                1.1245147664945994
            ], 
            [
                9999, 
                1.0232781725902205, 
                1.1111636496727644
            ]
        ]
    }
]