[
    {
        "jobnum": 30, 
        "model": {
            "L2_reg": 0.49888764185923123, 
            "conv_width": 5, 
            "fp_depth": 2, 
            "fp_length": 780, 
            "h1_size": 100, 
            "net_type": "morgan_plus_net"
        }, 
        "num_records": 20, 
        "task": {
            "name": "delaney", 
            "test_slices": [
                [
                    899, 
                    1124
                ]
            ], 
            "train_slices": [
                [
                    224, 
                    449
                ], 
                [
                    449, 
                    674
                ], 
                [
                    674, 
                    899
                ]
            ]
        }, 
        "train": {
            "batch_size": 100, 
            "init_scale": 0.037625675473512116, 
            "num_iters": 10000, 
            "seed": 5, 
            "step_size": 0.0007987903297989221
        }, 
        "varied_params": {
            "conv_width": 5.30976499198593, 
            "fp_depth": 1.789967130211452, 
            "fp_length": 780.4456830668306, 
            "h1_size": 99.51694736983521, 
            "log_L2_reg": -0.6953743751991937, 
            "log_init_scale": -3.2800686032898714, 
            "log_step_size": -7.132412062406104
        }
    }, 
    {
        "host_name": "hefty", 
        "minutes_duration": 2.951170567671458, 
        "timestamp": "2021-08-07 06:03:18.914496", 
        "training_curve": [
            [
                0, 
                4.283726133175564, 
                4.129321411693921
            ], 
            [
                526, 
                0.1224935469407231, 
                1.5678697901988006
            ], 
            [
                1052, 
                0.1875993055647655, 
                1.7406768586043049
            ], 
            [
                1578, 
                0.2740065279216033, 
                1.9114491582070332
            ], 
            [
                2105, 
                0.3215175830441465, 
                1.9627030372805294
            ], 
            [
                2631, 
                0.34737991561782966, 
                2.0181453638215587
            ], 
            [
                3157, 
                0.3470285441814905, 
                1.979194336422392
            ], 
            [
                3683, 
                0.35076368264474694, 
                1.98844210675544
            ], 
            [
                4210, 
                0.3550190591204185, 
                1.9826003106404106
            ], 
            [
                4736, 
                0.3457525567455363, 
                1.9484109772434777
            ], 
            [
                5262, 
                0.3528554064932733, 
                1.9617537391105033
            ], 
            [
                5788, 
                0.35016554886123646, 
                1.9559729591726578
            ], 
            [
                6315, 
                0.3471695088155439, 
                1.9418318091201834
            ], 
            [
                6841, 
                0.3426841541583493, 
                1.9178603270885919
            ], 
            [
                7367, 
                0.33316345889534965, 
                1.9016697440563288
            ], 
            [
                7893, 
                0.3435917233575732, 
                1.9370166530703528
            ], 
            [
                8420, 
                0.3347345864971577, 
                1.9235866389449991
            ], 
            [
                8946, 
                0.3355624761525114, 
                1.9052334096499504
            ], 
            [
                9472, 
                0.3265623901165554, 
                1.8902745373472196
            ], 
            [
                9999, 
                0.3244362823025585, 
                1.9067489603582548
            ]
        ]
    }
]