[
    {
        "jobnum": 30, 
        "model": {
            "L2_reg": 0.49888764185923123, 
            "conv_width": 5, 
            "fp_depth": 2, 
            "fp_length": 780, 
            "h1_size": 100, 
            "net_type": "morgan_plus_linear"
        }, 
        "num_records": 20, 
        "task": {
            "name": "delaney", 
            "test_slices": [
                [
                    899, 
                    1124
                ]
            ], 
            "train_slices": [
                [
                    224, 
                    449
                ], 
                [
                    449, 
                    674
                ], 
                [
                    674, 
                    899
                ]
            ]
        }, 
        "train": {
            "batch_size": 100, 
            "init_scale": 0.037625675473512116, 
            "num_iters": 10000, 
            "seed": 5, 
            "step_size": 0.0007987903297989221
        }, 
        "varied_params": {
            "conv_width": 5.30976499198593, 
            "fp_depth": 1.789967130211452, 
            "fp_length": 780.4456830668306, 
            "h1_size": 99.51694736983521, 
            "log_L2_reg": -0.6953743751991937, 
            "log_init_scale": -3.2800686032898714, 
            "log_step_size": -7.132412062406104
        }
    }, 
    {
        "host_name": "papaschlumpf", 
        "minutes_duration": 0.44300551811854044, 
        "timestamp": "2021-08-07 01:08:33.481787", 
        "training_curve": [
            [
                0, 
                4.574532068584652, 
                4.247285791063605
            ], 
            [
                526, 
                0.9951432179799856, 
                1.9579232934026414
            ], 
            [
                1052, 
                0.604272226798364, 
                1.892784887133051
            ], 
            [
                1578, 
                0.4560254804725104, 
                1.9498276571395803
            ], 
            [
                2105, 
                0.38014826883308495, 
                2.0331674146474126
            ], 
            [
                2631, 
                0.33475849639216904, 
                2.116880565517117
            ], 
            [
                3157, 
                0.3049609998976716, 
                2.1917329300252417
            ], 
            [
                3683, 
                0.2843429587440283, 
                2.2548678399924937
            ], 
            [
                4210, 
                0.2696026676840809, 
                2.3075391709179542
            ], 
            [
                4736, 
                0.25889395637877577, 
                2.3496609100244985
            ], 
            [
                5262, 
                0.2509782908635645, 
                2.384306271277268
            ], 
            [
                5788, 
                0.24505919111978688, 
                2.412616485145837
            ], 
            [
                6315, 
                0.2406158979264288, 
                2.4355294216309216
            ], 
            [
                6841, 
                0.23720780077683298, 
                2.454793738055832
            ], 
            [
                7367, 
                0.2345924175114948, 
                2.470626383073187
            ], 
            [
                7893, 
                0.23254674022375402, 
                2.482753964691582
            ], 
            [
                8420, 
                0.23091178860886843, 
                2.4924106956494065
            ], 
            [
                8946, 
                0.22964273855397055, 
                2.4998515575762648
            ], 
            [
                9472, 
                0.2286194087429379, 
                2.505974070860108
            ], 
            [
                9999, 
                0.2277757660094286, 
                2.511735805802359
            ]
        ]
    }
]