[
    {
        "jobnum": 31, 
        "model": {
            "L2_reg": 1.9124547797990932, 
            "conv_width": 18, 
            "fp_depth": 3, 
            "fp_length": 47, 
            "h1_size": 69, 
            "net_type": "conv_plus_net"
        }, 
        "num_records": 20, 
        "task": {
            "name": "delaney", 
            "test_slices": [
                [
                    899, 
                    1124
                ]
            ], 
            "train_slices": [
                [
                    224, 
                    449
                ], 
                [
                    449, 
                    674
                ], 
                [
                    674, 
                    899
                ]
            ]
        }, 
        "train": {
            "batch_size": 100, 
            "init_scale": 0.005559832285515376, 
            "num_iters": 10000, 
            "seed": 5, 
            "step_size": 0.0035290324263775666
        }, 
        "varied_params": {
            "conv_width": 18.08975983171093, 
            "fp_depth": 2.8869455307734464, 
            "fp_length": 46.63670789935121, 
            "h1_size": 69.1731947085949, 
            "log_L2_reg": 0.6483876418895234, 
            "log_init_scale": -5.192187335650255, 
            "log_step_size": -5.646731545785578
        }
    }, 
    {
        "host_name": "papaschlumpf", 
        "minutes_duration": 36.260478766759235, 
        "timestamp": "2021-08-06 23:53:10.768300", 
        "training_curve": [
            [
                0, 
                4.330941794434823, 
                4.157881618130771
            ], 
            [
                526, 
                0.26747052487432477, 
                0.5502977938514837
            ], 
            [
                1052, 
                0.17134158482792028, 
                0.6298587253945951
            ], 
            [
                1578, 
                0.13642782957318075, 
                0.6844296052210491
            ], 
            [
                2105, 
                0.11124785980915933, 
                0.7405044109221622
            ], 
            [
                2631, 
                0.09279484559399433, 
                0.7167019725859534
            ], 
            [
                3157, 
                0.10368724048665239, 
                0.8522225154695096
            ], 
            [
                3683, 
                0.11332123176310271, 
                0.7745106521449606
            ], 
            [
                4210, 
                0.07899473828619337, 
                0.7816513198441448
            ], 
            [
                4736, 
                0.07459906091319593, 
                0.7623555140391044
            ], 
            [
                5262, 
                0.08402623144431466, 
                0.7350132078554682
            ], 
            [
                5788, 
                0.08444880943923272, 
                0.7601817362345744
            ], 
            [
                6315, 
                0.07634946790592437, 
                0.766517826197399
            ], 
            [
                6841, 
                0.07635637829494421, 
                0.7866281450189861
            ], 
            [
                7367, 
                0.06476244197044383, 
                0.8194018985295796
            ], 
            [
                7893, 
                0.07248259297853207, 
                0.8591852767816343
            ], 
            [
                8420, 
                0.09412510250703458, 
                0.9382096463902414
            ], 
            [
                8946, 
                0.0846948286996036, 
                0.8188057984016139
            ], 
            [
                9472, 
                0.06148165019768356, 
                0.8675013040191574
            ], 
            [
                9999, 
                0.061369591370167946, 
                0.8210393773885963
            ]
        ]
    }
]