[
    {
        "jobnum": 31, 
        "model": {
            "L2_reg": 1.9124547797990932, 
            "conv_width": 18, 
            "fp_depth": 3, 
            "fp_length": 292, 
            "h1_size": 69, 
            "net_type": "morgan_plus_net"
        }, 
        "num_records": 20, 
        "task": {
            "name": "delaney", 
            "test_slices": [
                [
                    899, 
                    1124
                ]
            ], 
            "train_slices": [
                [
                    224, 
                    449
                ], 
                [
                    449, 
                    674
                ], 
                [
                    674, 
                    899
                ]
            ]
        }, 
        "train": {
            "batch_size": 100, 
            "init_scale": 0.005559832285515376, 
            "num_iters": 10000, 
            "seed": 5, 
            "step_size": 0.0035290324263775666
        }, 
        "varied_params": {
            "conv_width": 18.08975983171093, 
            "fp_depth": 2.8869455307734464, 
            "fp_length": 291.73037109416083, 
            "h1_size": 69.1731947085949, 
            "log_L2_reg": 0.6483876418895234, 
            "log_init_scale": -5.192187335650255, 
            "log_step_size": -5.646731545785578
        }
    }, 
    {
        "host_name": "clumsy", 
        "minutes_duration": 1.0395999034245809, 
        "timestamp": "2021-08-07 06:01:31.454790", 
        "training_curve": [
            [
                0, 
                4.331414496465368, 
                4.1572951457790985
            ], 
            [
                526, 
                0.07299196846754952, 
                1.78059445850634
            ], 
            [
                1052, 
                0.10695668812064821, 
                1.8548639871382404
            ], 
            [
                1578, 
                0.11753307968665996, 
                1.8383857457128132
            ], 
            [
                2105, 
                0.13339695235400675, 
                1.8348752800213066
            ], 
            [
                2631, 
                0.131394721742119, 
                1.8031417923786695
            ], 
            [
                3157, 
                0.15055479903053903, 
                1.7324648958249866
            ], 
            [
                3683, 
                0.14664151924311838, 
                1.808447218118439
            ], 
            [
                4210, 
                0.13362150640135217, 
                1.7464600045923484
            ], 
            [
                4736, 
                0.17240485139787726, 
                1.7547994701645533
            ], 
            [
                5262, 
                0.14925695193367527, 
                1.7793127699941411
            ], 
            [
                5788, 
                0.13566487829925067, 
                1.7462850860541483
            ], 
            [
                6315, 
                0.15320416811062393, 
                1.7861847576467462
            ], 
            [
                6841, 
                0.15095071224256684, 
                1.8278234764718724
            ], 
            [
                7367, 
                0.1384435518056702, 
                1.8244641871299543
            ], 
            [
                7893, 
                0.14808433491810336, 
                1.8576758698614846
            ], 
            [
                8420, 
                0.16131476322570748, 
                1.887091554986094
            ], 
            [
                8946, 
                0.15149555835550835, 
                1.8727536332720591
            ], 
            [
                9472, 
                0.15956302017826268, 
                1.89910791959439
            ], 
            [
                9999, 
                0.16129009155186455, 
                1.877766277385641
            ]
        ]
    }
]