[
    {
        "jobnum": 31, 
        "model": {
            "L2_reg": 1.9124547797990932, 
            "conv_width": 18, 
            "fp_depth": 3, 
            "fp_length": 292, 
            "h1_size": 69, 
            "net_type": "morgan_plus_linear"
        }, 
        "num_records": 20, 
        "task": {
            "name": "malaria", 
            "test_slices": [
                [
                    8000, 
                    10000
                ]
            ], 
            "train_slices": [
                [
                    2000, 
                    4000
                ], 
                [
                    4000, 
                    6000
                ], 
                [
                    6000, 
                    8000
                ]
            ]
        }, 
        "train": {
            "batch_size": 100, 
            "init_scale": 0.005559832285515376, 
            "num_iters": 10000, 
            "seed": 5, 
            "step_size": 0.0035290324263775666
        }, 
        "varied_params": {
            "conv_width": 18.08975983171093, 
            "fp_depth": 2.8869455307734464, 
            "fp_length": 291.73037109416083, 
            "h1_size": 69.1731947085949, 
            "log_L2_reg": 0.6483876418895234, 
            "log_init_scale": -5.192187335650255, 
            "log_step_size": -5.646731545785578
        }
    }, 
    {
        "host_name": "schlaubi", 
        "minutes_duration": 0.6249906659126282, 
        "timestamp": "2021-09-04 04:19:04.187787", 
        "training_curve": [
            [
                0, 
                1.4878457093623716, 
                1.4217898123781638
            ], 
            [
                526, 
                1.188725588714731, 
                1.24133995486495
            ], 
            [
                1052, 
                1.1788388542910528, 
                1.2292902158568362
            ], 
            [
                1578, 
                1.18232971206883, 
                1.2290568956231889
            ], 
            [
                2105, 
                1.1901616746068997, 
                1.2319293809894534
            ], 
            [
                2631, 
                1.181386855976105, 
                1.2335622133341122
            ], 
            [
                3157, 
                1.182285051928569, 
                1.2270698613451532
            ], 
            [
                3683, 
                1.2042924785041393, 
                1.2449341587918685
            ], 
            [
                4210, 
                1.1947927830621856, 
                1.2506161600196675
            ], 
            [
                4736, 
                1.1782792199267096, 
                1.228348277094645
            ], 
            [
                5262, 
                1.1877874264061201, 
                1.2299489885606654
            ], 
            [
                5788, 
                1.1814698650924, 
                1.2348400813546476
            ], 
            [
                6315, 
                1.193913335160929, 
                1.2509737531217726
            ], 
            [
                6841, 
                1.1785312943366495, 
                1.2260100318245923
            ], 
            [
                7367, 
                1.1956058848979767, 
                1.2519854701418092
            ], 
            [
                7893, 
                1.1779915721115939, 
                1.2278232217633904
            ], 
            [
                8420, 
                1.2004545268599598, 
                1.2423432831118923
            ], 
            [
                8946, 
                1.1851078084409368, 
                1.2281366629817063
            ], 
            [
                9472, 
                1.1782958476513457, 
                1.2274380145498534
            ], 
            [
                9999, 
                1.1922636659869794, 
                1.2332300949670465
            ]
        ]
    }
]