[
    {
        "jobnum": 32, 
        "model": {
            "L2_reg": 0.6064737765383194, 
            "conv_width": 19, 
            "fp_depth": 2, 
            "fp_length": 753, 
            "h1_size": 59, 
            "net_type": "morgan_plus_linear"
        }, 
        "num_records": 20, 
        "task": {
            "name": "delaney", 
            "test_slices": [
                [
                    899, 
                    1124
                ]
            ], 
            "train_slices": [
                [
                    224, 
                    449
                ], 
                [
                    449, 
                    674
                ], 
                [
                    674, 
                    899
                ]
            ]
        }, 
        "train": {
            "batch_size": 100, 
            "init_scale": 0.04900825280898925, 
            "num_iters": 10000, 
            "seed": 5, 
            "step_size": 0.015163965262588588
        }, 
        "varied_params": {
            "conv_width": 19.210558857333865, 
            "fp_depth": 1.6465230313406753, 
            "fp_length": 752.7026532243191, 
            "h1_size": 59.28179721529761, 
            "log_L2_reg": -0.5000937888974777, 
            "log_init_scale": -3.0157665703801033, 
            "log_step_size": -4.188833372112222
        }
    }, 
    {
        "host_name": "handy", 
        "minutes_duration": 0.35124289989471436, 
        "timestamp": "2021-08-07 01:08:55.938963", 
        "training_curve": [
            [
                0, 
                4.876554220358588, 
                4.782725957580502
            ], 
            [
                526, 
                0.21160723807928017, 
                2.6775261092074185
            ], 
            [
                1052, 
                0.20254654305845773, 
                2.7253880742751404
            ], 
            [
                1578, 
                0.2009260952498943, 
                2.733936408254658
            ], 
            [
                2105, 
                0.2073503275356877, 
                2.7534552062099764
            ], 
            [
                2631, 
                0.20005914887589185, 
                2.7337503085552286
            ], 
            [
                3157, 
                0.19980215718256902, 
                2.7313416749860466
            ], 
            [
                3683, 
                0.2764004002312364, 
                2.803622470373835
            ], 
            [
                4210, 
                0.1998859741726939, 
                2.734535527057263
            ], 
            [
                4736, 
                0.19986935535485145, 
                2.735114470213205
            ], 
            [
                5262, 
                0.20367833717250375, 
                2.736156087041554
            ], 
            [
                5788, 
                0.19960133565308336, 
                2.732136254038104
            ], 
            [
                6315, 
                0.2092312216237248, 
                2.740377654121155
            ], 
            [
                6841, 
                0.19987491910095395, 
                2.7319338629269816
            ], 
            [
                7367, 
                0.19990406399156932, 
                2.7334736478350603
            ], 
            [
                7893, 
                0.19976890250243287, 
                2.736158298075524
            ], 
            [
                8420, 
                0.19959840972727189, 
                2.731595413963465
            ], 
            [
                8946, 
                0.37506439152655147, 
                2.891391242917684
            ], 
            [
                9472, 
                0.19963376005439248, 
                2.730954159369242
            ], 
            [
                9999, 
                0.19986836750342238, 
                2.732299264008643
            ]
        ]
    }
]