[
    {
        "jobnum": 32, 
        "model": {
            "L2_reg": 0.6064737765383194, 
            "conv_width": 19, 
            "fp_depth": 2, 
            "fp_length": 753, 
            "h1_size": 59, 
            "net_type": "mean"
        }, 
        "num_records": 20, 
        "task": {
            "name": "malaria", 
            "test_slices": [
                [
                    8000, 
                    10000
                ]
            ], 
            "train_slices": [
                [
                    2000, 
                    4000
                ], 
                [
                    4000, 
                    6000
                ], 
                [
                    6000, 
                    8000
                ]
            ]
        }, 
        "train": {
            "batch_size": 100, 
            "init_scale": 0.04900825280898925, 
            "num_iters": 10000, 
            "seed": 5, 
            "step_size": 0.015163965262588588
        }, 
        "varied_params": {
            "conv_width": 19.210558857333865, 
            "fp_depth": 1.6465230313406753, 
            "fp_length": 752.7026532243191, 
            "h1_size": 59.28179721529761, 
            "log_L2_reg": -0.5000937888974777, 
            "log_init_scale": -3.0157665703801033, 
            "log_step_size": -4.188833372112222
        }
    }, 
    {
        "host_name": "schlaubi", 
        "minutes_duration": 0.054809852441151934, 
        "timestamp": "2021-09-04 12:45:39.536748", 
        "training_curve": [
            [
                0, 
                1.4853726265877112, 
                1.4192694336587868
            ], 
            [
                526, 
                1.486223767052524, 
                1.4191061702545988
            ], 
            [
                1052, 
                1.4852907665956447, 
                1.4193129475569983
            ], 
            [
                1578, 
                1.4854831618746205, 
                1.4236617087369776
            ], 
            [
                2105, 
                1.4857262705988747, 
                1.4242180293068238
            ], 
            [
                2631, 
                1.4854311358226877, 
                1.4192428140897038
            ], 
            [
                3157, 
                1.485307885521585, 
                1.4193031855568663
            ], 
            [
                3683, 
                1.4846849250437444, 
                1.4208433224566364
            ], 
            [
                4210, 
                1.4855047595090982, 
                1.4237128976817728
            ], 
            [
                4736, 
                1.4847960697101843, 
                1.4216035351657172
            ], 
            [
                5262, 
                1.486434057509792, 
                1.4191138295059529
            ], 
            [
                5788, 
                1.4848556484398123, 
                1.4197724810368801
            ], 
            [
                6315, 
                1.4858885890541678, 
                1.4245694829209297
            ], 
            [
                6841, 
                1.4863541055750493, 
                1.425516073643382
            ], 
            [
                7367, 
                1.4860530414442374, 
                1.4191103419305784
            ], 
            [
                7893, 
                1.48524888673618, 
                1.4193384584550581
            ], 
            [
                8420, 
                1.485056118362483, 
                1.4225355931867645
            ], 
            [
                8946, 
                1.4854928863683132, 
                1.4236848054622124
            ], 
            [
                9472, 
                1.4852979524025511, 
                1.4193088047004572
            ], 
            [
                9999, 
                1.4857644263885201, 
                1.4191442301205703
            ]
        ]
    }
]