[
    {
        "jobnum": 33, 
        "model": {
            "L2_reg": 0.003043648692201047, 
            "conv_width": 11, 
            "fp_depth": 2, 
            "fp_length": 58, 
            "h1_size": 61, 
            "net_type": "conv_plus_net"
        }, 
        "num_records": 20, 
        "task": {
            "name": "malaria", 
            "test_slices": [
                [
                    8000, 
                    10000
                ]
            ], 
            "train_slices": [
                [
                    2000, 
                    4000
                ], 
                [
                    4000, 
                    6000
                ], 
                [
                    6000, 
                    8000
                ]
            ]
        }, 
        "train": {
            "batch_size": 100, 
            "init_scale": 0.021188394054711204, 
            "num_iters": 10000, 
            "seed": 5, 
            "step_size": 0.002665943782512829
        }, 
        "varied_params": {
            "conv_width": 11.370282031272595, 
            "fp_depth": 1.6224102263233282, 
            "fp_length": 57.90703779743326, 
            "h1_size": 60.6655988683741, 
            "log_L2_reg": -5.794698255563747, 
            "log_init_scale": -3.854301697459243, 
            "log_step_size": -5.927197144277347
        }
    }, 
    {
        "host_name": "handy", 
        "minutes_duration": 28.33480176528295, 
        "timestamp": "2021-09-04 01:52:58.730855", 
        "training_curve": [
            [
                0, 
                1.4862495670242413, 
                1.4244465712260892
            ], 
            [
                526, 
                1.1726872734346663, 
                1.1741046882346569
            ], 
            [
                1052, 
                1.1078881924681203, 
                1.1266469652290225
            ], 
            [
                1578, 
                1.1064315526967967, 
                1.1519717446550177
            ], 
            [
                2105, 
                1.0749323342280215, 
                1.1407901511403624
            ], 
            [
                2631, 
                1.0484981876539157, 
                1.1376623821927965
            ], 
            [
                3157, 
                1.0325495849948911, 
                1.1246230549478005
            ], 
            [
                3683, 
                1.0415913643543446, 
                1.1363243034529227
            ], 
            [
                4210, 
                0.9809616493627779, 
                1.1316451169763884
            ], 
            [
                4736, 
                0.9731638576218536, 
                1.132630686141303
            ], 
            [
                5262, 
                0.9532175824522431, 
                1.127623224975605
            ], 
            [
                5788, 
                0.9531236589366004, 
                1.1088248293879868
            ], 
            [
                6315, 
                0.9260957641112063, 
                1.1402256111860267
            ], 
            [
                6841, 
                0.9348007158620573, 
                1.1556774933299245
            ], 
            [
                7367, 
                0.9022512798376409, 
                1.1452180426035672
            ], 
            [
                7893, 
                0.8878156798727275, 
                1.1122696497593947
            ], 
            [
                8420, 
                0.886086841009925, 
                1.1481752458856602
            ], 
            [
                8946, 
                0.8722970344345451, 
                1.1743957063807156
            ], 
            [
                9472, 
                0.8403552030341122, 
                1.1410419565479089
            ], 
            [
                9999, 
                0.8210789952540588, 
                1.1332708548606734
            ]
        ]
    }
]