[
    {
        "jobnum": 33, 
        "model": {
            "L2_reg": 0.003043648692201047, 
            "conv_width": 11, 
            "fp_depth": 2, 
            "fp_length": 58, 
            "h1_size": 61, 
            "net_type": "conv_plus_net"
        }, 
        "num_records": 20, 
        "task": {
            "name": "cep", 
            "test_slices": [
                [
                    16000, 
                    20000
                ]
            ], 
            "train_slices": [
                [
                    4000, 
                    8000
                ], 
                [
                    8000, 
                    12000
                ], 
                [
                    12000, 
                    16000
                ]
            ]
        }, 
        "train": {
            "batch_size": 100, 
            "init_scale": 0.021188394054711204, 
            "num_iters": 10000, 
            "seed": 5, 
            "step_size": 0.002665943782512829
        }, 
        "varied_params": {
            "conv_width": 11.370282031272595, 
            "fp_depth": 1.6224102263233282, 
            "fp_length": 57.90703779743326, 
            "h1_size": 60.6655988683741, 
            "log_L2_reg": -5.794698255563747, 
            "log_init_scale": -3.854301697459243, 
            "log_step_size": -5.927197144277347
        }
    }, 
    {
        "host_name": "handy", 
        "minutes_duration": 40.97963948647181, 
        "timestamp": "2021-09-10 21:03:00.534734", 
        "training_curve": [
            [
                0, 
                6.398081926994666, 
                6.365920588943336
            ], 
            [
                526, 
                2.794013850490443, 
                3.011084013924284
            ], 
            [
                1052, 
                2.598071096470782, 
                2.8585383899866583
            ], 
            [
                1578, 
                2.4538395354607867, 
                2.7139111007053844
            ], 
            [
                2105, 
                2.280049217021275, 
                2.515418372857327
            ], 
            [
                2631, 
                2.1596668647202097, 
                2.3916997548690833
            ], 
            [
                3157, 
                2.0614983323493745, 
                2.3409163749389372
            ], 
            [
                3683, 
                1.9957385543229877, 
                2.246972003892133
            ], 
            [
                4210, 
                1.8809042148093515, 
                2.099220426196397
            ], 
            [
                4736, 
                1.7566674641655668, 
                1.9568332373912016
            ], 
            [
                5262, 
                1.6836359907842453, 
                1.8739502379512203
            ], 
            [
                5788, 
                1.6400337528589903, 
                1.8687547725085178
            ], 
            [
                6315, 
                1.5871451527274312, 
                1.7769107546705591
            ], 
            [
                6841, 
                1.597610217336176, 
                1.8237215944862768
            ], 
            [
                7367, 
                1.5106946286751421, 
                1.7723603648943185
            ], 
            [
                7893, 
                1.5023097378264987, 
                1.7262581287587895
            ], 
            [
                8420, 
                1.513253117796235, 
                1.7229366027338355
            ], 
            [
                8946, 
                1.488167646660604, 
                1.7388989155730719
            ], 
            [
                9472, 
                1.4071033198066651, 
                1.6101497563307792
            ], 
            [
                9999, 
                1.4125314868323249, 
                1.699306936487454
            ]
        ]
    }
]