[
    {
        "jobnum": 33, 
        "model": {
            "L2_reg": 0.003043648692201047, 
            "conv_width": 11, 
            "fp_depth": 2, 
            "fp_length": 58, 
            "h1_size": 61, 
            "net_type": "conv_plus_net"
        }, 
        "num_records": 20, 
        "task": {
            "name": "delaney", 
            "test_slices": [
                [
                    899, 
                    1124
                ]
            ], 
            "train_slices": [
                [
                    224, 
                    449
                ], 
                [
                    449, 
                    674
                ], 
                [
                    674, 
                    899
                ]
            ]
        }, 
        "train": {
            "batch_size": 100, 
            "init_scale": 0.021188394054711204, 
            "num_iters": 10000, 
            "seed": 5, 
            "step_size": 0.002665943782512829
        }, 
        "varied_params": {
            "conv_width": 11.370282031272595, 
            "fp_depth": 1.6224102263233282, 
            "fp_length": 57.90703779743326, 
            "h1_size": 60.6655988683741, 
            "log_L2_reg": -5.794698255563747, 
            "log_init_scale": -3.854301697459243, 
            "log_step_size": -5.927197144277347
        }
    }, 
    {
        "host_name": "handy", 
        "minutes_duration": 22.87336589892705, 
        "timestamp": "2021-08-06 23:46:07.057988", 
        "training_curve": [
            [
                0, 
                4.3642711984926965, 
                4.1973011567957705
            ], 
            [
                526, 
                0.3214400657609332, 
                0.5406709678265196
            ], 
            [
                1052, 
                0.26042438748494817, 
                0.6471811593142974
            ], 
            [
                1578, 
                0.18634882865154173, 
                0.5664842915973946
            ], 
            [
                2105, 
                0.15301084681623825, 
                0.5029758193720465
            ], 
            [
                2631, 
                0.14249112300638397, 
                0.5783510545522152
            ], 
            [
                3157, 
                0.17458241050075665, 
                0.6458544286611381
            ], 
            [
                3683, 
                0.10568693847127339, 
                0.548616135669278
            ], 
            [
                4210, 
                0.1027454219210595, 
                0.5567119404418533
            ], 
            [
                4736, 
                0.12218624815256433, 
                0.5577468601429868
            ], 
            [
                5262, 
                0.10500588534008945, 
                0.6111046831011432
            ], 
            [
                5788, 
                0.09916938970438796, 
                0.6334932937857292
            ], 
            [
                6315, 
                0.08542963301888529, 
                0.5940215302353997
            ], 
            [
                6841, 
                0.11002734898062516, 
                0.7060763070084236
            ], 
            [
                7367, 
                0.0858479825346337, 
                0.6077070066887075
            ], 
            [
                7893, 
                0.0807951684153716, 
                0.6260472533526663
            ], 
            [
                8420, 
                0.08694225923369492, 
                0.6496059120746466
            ], 
            [
                8946, 
                0.08328122021624096, 
                0.655911558215004
            ], 
            [
                9472, 
                0.08473673993285652, 
                0.6899340960015191
            ], 
            [
                9999, 
                0.0963658326187941, 
                0.7392349758576198
            ]
        ]
    }
]