[
    {
        "jobnum": 34, 
        "model": {
            "L2_reg": 2.486422293646347, 
            "conv_width": 13, 
            "fp_depth": 1, 
            "fp_length": 149, 
            "h1_size": 64, 
            "net_type": "morgan_plus_linear"
        }, 
        "num_records": 20, 
        "task": {
            "name": "delaney", 
            "test_slices": [
                [
                    899, 
                    1124
                ]
            ], 
            "train_slices": [
                [
                    224, 
                    449
                ], 
                [
                    449, 
                    674
                ], 
                [
                    674, 
                    899
                ]
            ]
        }, 
        "train": {
            "batch_size": 100, 
            "init_scale": 0.00769304407897736, 
            "num_iters": 10000, 
            "seed": 5, 
            "step_size": 0.0035074618800669663
        }, 
        "varied_params": {
            "conv_width": 12.760686607311712, 
            "fp_depth": 1.3525955678860992, 
            "fp_length": 149.12465119591454, 
            "h1_size": 63.88143531473659, 
            "log_L2_reg": 0.9108448473858513, 
            "log_init_scale": -4.867438724770375, 
            "log_step_size": -5.652862614167325
        }
    }, 
    {
        "host_name": "papaschlumpf", 
        "minutes_duration": 0.19199348290761312, 
        "timestamp": "2021-08-07 01:08:47.078843", 
        "training_curve": [
            [
                0, 
                4.357134887629605, 
                4.200349117722561
            ], 
            [
                526, 
                1.6479579254217536, 
                2.250742549163386
            ], 
            [
                1052, 
                1.634050258609287, 
                2.242091114414043
            ], 
            [
                1578, 
                1.6331713019622625, 
                2.241588099243835
            ], 
            [
                2105, 
                1.6331723718552922, 
                2.241801903591733
            ], 
            [
                2631, 
                1.633140360950565, 
                2.2421186697740505
            ], 
            [
                3157, 
                1.6331664102420964, 
                2.241847958595637
            ], 
            [
                3683, 
                1.6331702007687534, 
                2.2405688965948216
            ], 
            [
                4210, 
                1.6330988209666912, 
                2.241509774898888
            ], 
            [
                4736, 
                1.6332255407808536, 
                2.242267094126793
            ], 
            [
                5262, 
                1.6331590039320916, 
                2.2417965579937427
            ], 
            [
                5788, 
                1.633136655675667, 
                2.2421204000639907
            ], 
            [
                6315, 
                1.6331696374720526, 
                2.240563236199682
            ], 
            [
                6841, 
                1.6332176875011228, 
                2.240980700348781
            ], 
            [
                7367, 
                1.633098245363199, 
                2.2415099824230267
            ], 
            [
                7893, 
                1.633225249803376, 
                2.2422679063983173
            ], 
            [
                8420, 
                1.6331365290266007, 
                2.2421204921104123
            ], 
            [
                8946, 
                1.6331648324813708, 
                2.2418467793051757
            ], 
            [
                9472, 
                1.6331695960365373, 
                2.24056283743923
            ], 
            [
                9999, 
                1.633098222287296, 
                2.241509991575809
            ]
        ]
    }
]