[
    {
        "jobnum": 34, 
        "model": {
            "L2_reg": 2.486422293646347, 
            "conv_width": 13, 
            "fp_depth": 1, 
            "fp_length": 149, 
            "h1_size": 64, 
            "net_type": "mean"
        }, 
        "num_records": 20, 
        "task": {
            "name": "delaney", 
            "test_slices": [
                [
                    899, 
                    1124
                ]
            ], 
            "train_slices": [
                [
                    224, 
                    449
                ], 
                [
                    449, 
                    674
                ], 
                [
                    674, 
                    899
                ]
            ]
        }, 
        "train": {
            "batch_size": 100, 
            "init_scale": 0.00769304407897736, 
            "num_iters": 10000, 
            "seed": 5, 
            "step_size": 0.0035074618800669663
        }, 
        "varied_params": {
            "conv_width": 12.760686607311712, 
            "fp_depth": 1.3525955678860992, 
            "fp_length": 149.12465119591454, 
            "h1_size": 63.88143531473659, 
            "log_L2_reg": 0.9108448473858513, 
            "log_init_scale": -4.867438724770375, 
            "log_step_size": -5.652862614167325
        }
    }, 
    {
        "host_name": "papaschlumpf", 
        "minutes_duration": 0.041874965031941734, 
        "timestamp": "2021-08-07 06:12:10.432127", 
        "training_curve": [
            [
                0, 
                4.330708458426666, 
                4.156668460444636
            ], 
            [
                526, 
                4.330688064618566, 
                4.1586954379626695
            ], 
            [
                1052, 
                4.330689142741312, 
                4.158712631150147
            ], 
            [
                1578, 
                4.330683673374809, 
                4.15862214812741
            ], 
            [
                2105, 
                4.330672505385522, 
                4.158401742313449
            ], 
            [
                2631, 
                4.330670433723796, 
                4.158352393743504
            ], 
            [
                3157, 
                4.330674950927081, 
                4.158455674493178
            ], 
            [
                3683, 
                4.3306880652646065, 
                4.1586954483526775
            ], 
            [
                4210, 
                4.33068367266525, 
                4.158622135817712
            ], 
            [
                4736, 
                4.330680038980962, 
                4.158556776606209
            ], 
            [
                5262, 
                4.330672504777607, 
                4.1584017283683
            ], 
            [
                5788, 
                4.330670433426216, 
                4.158352386370551
            ], 
            [
                6315, 
                4.330688065274076, 
                4.158695448504983
            ], 
            [
                6841, 
                4.330689143741508, 
                4.158712646967534
            ], 
            [
                7367, 
                4.330683672623076, 
                4.158622135086037
            ], 
            [
                7893, 
                4.3306800389471105, 
                4.1585567759739375
            ], 
            [
                8420, 
                4.330670433414984, 
                4.158352386092257
            ], 
            [
                8946, 
                4.330674950765331, 
                4.158455671058217
            ], 
            [
                9472, 
                4.330688065274667, 
                4.158695448514483
            ], 
            [
                9999, 
                4.330683672621347, 
                4.158622135056044
            ]
        ]
    }
]