[
    {
        "jobnum": 34, 
        "model": {
            "L2_reg": 2.486422293646347, 
            "conv_width": 13, 
            "fp_depth": 1, 
            "fp_length": 149, 
            "h1_size": 64, 
            "net_type": "mean"
        }, 
        "num_records": 20, 
        "task": {
            "name": "malaria", 
            "test_slices": [
                [
                    8000, 
                    10000
                ]
            ], 
            "train_slices": [
                [
                    2000, 
                    4000
                ], 
                [
                    4000, 
                    6000
                ], 
                [
                    6000, 
                    8000
                ]
            ]
        }, 
        "train": {
            "batch_size": 100, 
            "init_scale": 0.00769304407897736, 
            "num_iters": 10000, 
            "seed": 5, 
            "step_size": 0.0035074618800669663
        }, 
        "varied_params": {
            "conv_width": 12.760686607311712, 
            "fp_depth": 1.3525955678860992, 
            "fp_length": 149.12465119591454, 
            "h1_size": 63.88143531473659, 
            "log_L2_reg": 0.9108448473858513, 
            "log_init_scale": -4.867438724770375, 
            "log_step_size": -5.652862614167325
        }
    }, 
    {
        "host_name": "handy", 
        "minutes_duration": 0.045073068141937254, 
        "timestamp": "2021-09-04 12:45:38.739433", 
        "training_curve": [
            [
                0, 
                1.484695514673757, 
                1.4203304950856916
            ], 
            [
                526, 
                1.4847641033472931, 
                1.4199983323716634
            ], 
            [
                1052, 
                1.4846810582430525, 
                1.4207670754227066
            ], 
            [
                1578, 
                1.4847565638733855, 
                1.4214070039151345
            ], 
            [
                2105, 
                1.4846789313867856, 
                1.4206941542662277
            ], 
            [
                2631, 
                1.4847923298018857, 
                1.4199157328726764
            ], 
            [
                3157, 
                1.4846784103002277, 
                1.4206404040213174
            ], 
            [
                3683, 
                1.4847161474306738, 
                1.4211555101200863
            ], 
            [
                4210, 
                1.4846871862446012, 
                1.42087766548815
            ], 
            [
                4736, 
                1.4847037615468404, 
                1.4202683748298823
            ], 
            [
                5262, 
                1.484723760960842, 
                1.420155402455909
            ], 
            [
                5788, 
                1.4846965825204796, 
                1.4209888205519803
            ], 
            [
                6315, 
                1.4847431000576212, 
                1.4213311370465138
            ], 
            [
                6841, 
                1.4846800568532739, 
                1.4207391612438036
            ], 
            [
                7367, 
                1.484769855360847, 
                1.4199801674226262
            ], 
            [
                7893, 
                1.4846811419074335, 
                1.420769154447827
            ], 
            [
                8420, 
                1.4847459207438976, 
                1.4213475329494945
            ], 
            [
                8946, 
                1.4846785406868226, 
                1.420665630993125
            ], 
            [
                9472, 
                1.4847965760375348, 
                1.4199045555550436
            ], 
            [
                9999, 
                1.4846861343410396, 
                1.420427259422109
            ]
        ]
    }
]