[
    {
        "jobnum": 35, 
        "model": {
            "L2_reg": 0.010740202768968962, 
            "conv_width": 12, 
            "fp_depth": 1, 
            "fp_length": 374, 
            "h1_size": 70, 
            "net_type": "mean"
        }, 
        "num_records": 20, 
        "task": {
            "name": "malaria", 
            "test_slices": [
                [
                    8000, 
                    10000
                ]
            ], 
            "train_slices": [
                [
                    2000, 
                    4000
                ], 
                [
                    4000, 
                    6000
                ], 
                [
                    6000, 
                    8000
                ]
            ]
        }, 
        "train": {
            "batch_size": 100, 
            "init_scale": 0.0031456718683447325, 
            "num_iters": 10000, 
            "seed": 5, 
            "step_size": 0.0032201905229250023
        }, 
        "varied_params": {
            "conv_width": 12.320844209734318, 
            "fp_depth": 1.4345432780301317, 
            "fp_length": 374.45763975275526, 
            "h1_size": 69.80298514036468, 
            "log_L2_reg": -4.533761310287371, 
            "log_init_scale": -5.761727781011253, 
            "log_step_size": -5.738314752565964
        }
    }, 
    {
        "host_name": "hefty", 
        "minutes_duration": 0.04102733532587687, 
        "timestamp": "2021-09-04 12:45:38.084760", 
        "training_curve": [
            [
                0, 
                1.4846812685782982, 
                1.420507561617966
            ], 
            [
                526, 
                1.484748472595783, 
                1.4200520907432606
            ], 
            [
                1052, 
                1.4846809750474113, 
                1.4207649765574193
            ], 
            [
                1578, 
                1.4847427577997507, 
                1.4213291276203455
            ], 
            [
                2105, 
                1.4846786816054465, 
                1.4206782144040175
            ], 
            [
                2631, 
                1.4847733545220139, 
                1.4199694839235553
            ], 
            [
                3157, 
                1.4846784446144887, 
                1.420651959186157
            ], 
            [
                3683, 
                1.4847099677695745, 
                1.4211082130457366
            ], 
            [
                4210, 
                1.4846850084352852, 
                1.4208446799482306
            ], 
            [
                4736, 
                1.4847001246018083, 
                1.4202940929057448
            ], 
            [
                5262, 
                1.4847147222431532, 
                1.4202017934817175
            ], 
            [
                5788, 
                1.484694168338301, 
                1.4209634598121148
            ], 
            [
                6315, 
                1.4847310850829594, 
                1.4212576740193705
            ], 
            [
                6841, 
                1.4846795518711733, 
                1.4207218635499899
            ], 
            [
                7367, 
                1.4847534467456904, 
                1.4200342123396381
            ], 
            [
                7893, 
                1.484681086395659, 
                1.420767778474139
            ], 
            [
                8420, 
                1.484734300851783, 
                1.421277969041712
            ], 
            [
                8946, 
                1.4846784437310607, 
                1.4206517753967443
            ], 
            [
                9472, 
                1.4847772836915367, 
                1.419957795586035
            ], 
            [
                9999, 
                1.4846841382930906, 
                1.4204554567364795
            ]
        ]
    }
]