[
    {
        "jobnum": 35, 
        "model": {
            "L2_reg": 0.010740202768968962, 
            "conv_width": 12, 
            "fp_depth": 1, 
            "fp_length": 374, 
            "h1_size": 70, 
            "net_type": "morgan_plus_net"
        }, 
        "num_records": 20, 
        "task": {
            "name": "delaney", 
            "test_slices": [
                [
                    899, 
                    1124
                ]
            ], 
            "train_slices": [
                [
                    224, 
                    449
                ], 
                [
                    449, 
                    674
                ], 
                [
                    674, 
                    899
                ]
            ]
        }, 
        "train": {
            "batch_size": 100, 
            "init_scale": 0.0031456718683447325, 
            "num_iters": 10000, 
            "seed": 5, 
            "step_size": 0.0032201905229250023
        }, 
        "varied_params": {
            "conv_width": 12.320844209734318, 
            "fp_depth": 1.4345432780301317, 
            "fp_length": 374.45763975275526, 
            "h1_size": 69.80298514036468, 
            "log_L2_reg": -4.533761310287371, 
            "log_init_scale": -5.761727781011253, 
            "log_step_size": -5.738314752565964
        }
    }, 
    {
        "host_name": "handy", 
        "minutes_duration": 2.0255582849184672, 
        "timestamp": "2021-08-07 06:04:45.658776", 
        "training_curve": [
            [
                0, 
                4.330628848029497, 
                4.158637130064025
            ], 
            [
                526, 
                0.36768634682778084, 
                2.636073165311701
            ], 
            [
                1052, 
                0.45052505212525334, 
                2.981144131416718
            ], 
            [
                1578, 
                0.4660439295114296, 
                2.866135560486142
            ], 
            [
                2105, 
                0.4768169800864226, 
                2.7698003153354316
            ], 
            [
                2631, 
                0.4751910070402905, 
                2.8578629880285966
            ], 
            [
                3157, 
                0.48007786489271254, 
                2.800026783124592
            ], 
            [
                3683, 
                0.4968249987788524, 
                2.7799295334794154
            ], 
            [
                4210, 
                0.4694957112157706, 
                2.6790311232097674
            ], 
            [
                4736, 
                0.4712153602458715, 
                2.647719720120142
            ], 
            [
                5262, 
                0.4806031648226166, 
                2.627392536169562
            ], 
            [
                5788, 
                0.4708493099661623, 
                2.5695553883334883
            ], 
            [
                6315, 
                0.4888360893955449, 
                2.5909558677685167
            ], 
            [
                6841, 
                0.468544885664111, 
                2.532386414104238
            ], 
            [
                7367, 
                0.47661677426271465, 
                2.4819958945077136
            ], 
            [
                7893, 
                0.4689120010298164, 
                2.46996506115882
            ], 
            [
                8420, 
                0.46811026754468593, 
                2.454757726707994
            ], 
            [
                8946, 
                0.47632539344166214, 
                2.4487299038448467
            ], 
            [
                9472, 
                0.47424852988044996, 
                2.4265141528451952
            ], 
            [
                9999, 
                0.4661126342657083, 
                2.4011476354955215
            ]
        ]
    }
]