[
    {
        "jobnum": 36, 
        "model": {
            "L2_reg": 3.4204014183300524, 
            "conv_width": 13, 
            "fp_depth": 1, 
            "fp_length": 605, 
            "h1_size": 88, 
            "net_type": "morgan_plus_linear"
        }, 
        "num_records": 20, 
        "task": {
            "name": "malaria", 
            "test_slices": [
                [
                    8000, 
                    10000
                ]
            ], 
            "train_slices": [
                [
                    2000, 
                    4000
                ], 
                [
                    4000, 
                    6000
                ], 
                [
                    6000, 
                    8000
                ]
            ]
        }, 
        "train": {
            "batch_size": 100, 
            "init_scale": 0.002886399174221437, 
            "num_iters": 10000, 
            "seed": 5, 
            "step_size": 0.006702025260349436
        }, 
        "varied_params": {
            "conv_width": 13.282887048836098, 
            "fp_depth": 1.2502673063260556, 
            "fp_length": 605.1518775074151, 
            "h1_size": 88.26626269034827, 
            "log_L2_reg": 1.2297579179674676, 
            "log_init_scale": -5.847745514188916, 
            "log_step_size": -5.00534552059781
        }
    }, 
    {
        "host_name": "handy", 
        "minutes_duration": 0.9235734184583028, 
        "timestamp": "2021-09-04 04:21:53.581941", 
        "training_curve": [
            [
                0, 
                1.4834345247251912, 
                1.4205992389820061
            ], 
            [
                526, 
                1.0511319156741128, 
                1.1053506869589609
            ], 
            [
                1052, 
                1.053304496487601, 
                1.117264445996569
            ], 
            [
                1578, 
                1.0514133223197988, 
                1.105770219374875
            ], 
            [
                2105, 
                1.055960946948644, 
                1.1065383880478525
            ], 
            [
                2631, 
                1.0680615434400953, 
                1.1353040325397497
            ], 
            [
                3157, 
                1.0463956273099393, 
                1.107985083263859
            ], 
            [
                3683, 
                1.0608569073242926, 
                1.1135584542175276
            ], 
            [
                4210, 
                1.0628556923256358, 
                1.1241407260490162
            ], 
            [
                4736, 
                1.0501834992824723, 
                1.1120693664846046
            ], 
            [
                5262, 
                1.0792632435682965, 
                1.1271197670388542
            ], 
            [
                5788, 
                1.0488745395433399, 
                1.1111965369396228
            ], 
            [
                6315, 
                1.0529542083172625, 
                1.1129215822196563
            ], 
            [
                6841, 
                1.0562113740950967, 
                1.1082888772270794
            ], 
            [
                7367, 
                1.0512341163228975, 
                1.1132470607611422
            ], 
            [
                7893, 
                1.052628966601652, 
                1.118030621058658
            ], 
            [
                8420, 
                1.061461495256034, 
                1.1136613954207994
            ], 
            [
                8946, 
                1.051824348018969, 
                1.104363844627264
            ], 
            [
                9472, 
                1.0612911231518403, 
                1.1271389232159272
            ], 
            [
                9999, 
                1.0545867895330714, 
                1.1086483351073908
            ]
        ]
    }
]