[
    {
        "jobnum": 36, 
        "model": {
            "L2_reg": 3.4204014183300524, 
            "conv_width": 13, 
            "fp_depth": 1, 
            "fp_length": 605, 
            "h1_size": 88, 
            "net_type": "morgan_plus_linear"
        }, 
        "num_records": 20, 
        "task": {
            "name": "delaney", 
            "test_slices": [
                [
                    899, 
                    1124
                ]
            ], 
            "train_slices": [
                [
                    224, 
                    449
                ], 
                [
                    449, 
                    674
                ], 
                [
                    674, 
                    899
                ]
            ]
        }, 
        "train": {
            "batch_size": 100, 
            "init_scale": 0.002886399174221437, 
            "num_iters": 10000, 
            "seed": 5, 
            "step_size": 0.006702025260349436
        }, 
        "varied_params": {
            "conv_width": 13.282887048836098, 
            "fp_depth": 1.2502673063260556, 
            "fp_length": 605.1518775074151, 
            "h1_size": 88.26626269034827, 
            "log_L2_reg": 1.2297579179674676, 
            "log_init_scale": -5.847745514188916, 
            "log_step_size": -5.00534552059781
        }
    }, 
    {
        "host_name": "hefty", 
        "minutes_duration": 0.4045156200726827, 
        "timestamp": "2021-08-07 01:09:19.260505", 
        "training_curve": [
            [
                0, 
                4.327975202689584, 
                4.1577874376225346
            ], 
            [
                526, 
                0.9276492576597559, 
                2.0066230677088233
            ], 
            [
                1052, 
                0.9183687926022797, 
                2.0086850980301216
            ], 
            [
                1578, 
                0.9176470265956895, 
                2.010787039358045
            ], 
            [
                2105, 
                0.9170067988457877, 
                2.0050691949109054
            ], 
            [
                2631, 
                0.9168125481125238, 
                2.00341333630872
            ], 
            [
                3157, 
                0.916998435177766, 
                2.0053986993435338
            ], 
            [
                3683, 
                0.9171469712361253, 
                2.004553664594938
            ], 
            [
                4210, 
                0.917478510400772, 
                2.0108182656487763
            ], 
            [
                4736, 
                0.9172907912182581, 
                2.0095911628788463
            ], 
            [
                5262, 
                0.9169432833735855, 
                2.0050649957434743
            ], 
            [
                5788, 
                0.916783307180913, 
                2.003403739546452
            ], 
            [
                6315, 
                0.9171396729592036, 
                2.0045457628693004
            ], 
            [
                6841, 
                0.9173524132683707, 
                2.0079887953757414
            ], 
            [
                7367, 
                0.9174753037278586, 
                2.0109136773517204
            ], 
            [
                7893, 
                0.9172875913489271, 
                2.0095799518183566
            ], 
            [
                8420, 
                0.916782263819264, 
                2.003401629548647
            ], 
            [
                8946, 
                0.9169836839043448, 
                2.005407831683006
            ], 
            [
                9472, 
                0.917139177125554, 
                2.00466515110546
            ], 
            [
                9999, 
                0.9174734251926926, 
                2.0108368335665148
            ]
        ]
    }
]