[
    {
        "jobnum": 37, 
        "model": {
            "L2_reg": 0.005529552096832446, 
            "conv_width": 19, 
            "fp_depth": 1, 
            "fp_length": 91, 
            "h1_size": 65, 
            "net_type": "conv_plus_linear"
        }, 
        "num_records": 20, 
        "task": {
            "name": "delaney", 
            "test_slices": [
                [
                    899, 
                    1124
                ]
            ], 
            "train_slices": [
                [
                    224, 
                    449
                ], 
                [
                    449, 
                    674
                ], 
                [
                    674, 
                    899
                ]
            ]
        }, 
        "train": {
            "batch_size": 100, 
            "init_scale": 0.005854107964092415, 
            "num_iters": 10000, 
            "seed": 5, 
            "step_size": 0.0008790358462989377
        }, 
        "varied_params": {
            "conv_width": 18.942939751882857, 
            "fp_depth": 1.0492888887744227, 
            "fp_length": 91.03065321818193, 
            "h1_size": 64.60737633962745, 
            "log_L2_reg": -5.1976484618760175, 
            "log_init_scale": -5.140611648092551, 
            "log_step_size": -7.036684880338212
        }
    }, 
    {
        "host_name": "papaschlumpf", 
        "minutes_duration": 14.271554299195607, 
        "timestamp": "2021-08-07 04:44:27.612033", 
        "training_curve": [
            [
                0, 
                4.325960724251966, 
                4.151722514356284
            ], 
            [
                526, 
                0.8691568443469606, 
                1.1650612304781551
            ], 
            [
                1052, 
                0.528213576010139, 
                0.9651424826264409
            ], 
            [
                1578, 
                0.4596274047950731, 
                0.9601277714977664
            ], 
            [
                2105, 
                0.42528414195591974, 
                0.9453638773879518
            ], 
            [
                2631, 
                0.40160968805569913, 
                0.9432340276183413
            ], 
            [
                3157, 
                0.38405203120197323, 
                0.9479022091137681
            ], 
            [
                3683, 
                0.3668912442405983, 
                0.9482509245353073
            ], 
            [
                4210, 
                0.3510858820272557, 
                0.9282835825828987
            ], 
            [
                4736, 
                0.3362929096258916, 
                0.9275211136755293
            ], 
            [
                5262, 
                0.3207862254045735, 
                0.9234221192712704
            ], 
            [
                5788, 
                0.3081170870271467, 
                0.9375275535975061
            ], 
            [
                6315, 
                0.29983836970493016, 
                0.9502871023224376
            ], 
            [
                6841, 
                0.2928058583897239, 
                0.9361904849455025
            ], 
            [
                7367, 
                0.28650264886587606, 
                0.933161039019436
            ], 
            [
                7893, 
                0.2800986078137893, 
                0.9405838987331335
            ], 
            [
                8420, 
                0.27353331803602593, 
                0.9538662112700987
            ], 
            [
                8946, 
                0.2686900427306734, 
                0.9639067610685196
            ], 
            [
                9472, 
                0.2664702600423557, 
                0.9672717442139525
            ], 
            [
                9999, 
                0.259309401971021, 
                0.9721265897632472
            ]
        ]
    }
]