[
    {
        "jobnum": 37, 
        "model": {
            "L2_reg": 0.005529552096832446, 
            "conv_width": 19, 
            "fp_depth": 1, 
            "fp_length": 91, 
            "h1_size": 65, 
            "net_type": "conv_plus_linear"
        }, 
        "num_records": 20, 
        "task": {
            "name": "malaria", 
            "test_slices": [
                [
                    8000, 
                    10000
                ]
            ], 
            "train_slices": [
                [
                    2000, 
                    4000
                ], 
                [
                    4000, 
                    6000
                ], 
                [
                    6000, 
                    8000
                ]
            ]
        }, 
        "train": {
            "batch_size": 100, 
            "init_scale": 0.005854107964092415, 
            "num_iters": 10000, 
            "seed": 5, 
            "step_size": 0.0008790358462989377
        }, 
        "varied_params": {
            "conv_width": 18.942939751882857, 
            "fp_depth": 1.0492888887744227, 
            "fp_length": 91.03065321818193, 
            "h1_size": 64.60737633962745, 
            "log_L2_reg": -5.1976484618760175, 
            "log_init_scale": -5.140611648092551, 
            "log_step_size": -7.036684880338212
        }
    }, 
    {
        "host_name": "hefty", 
        "minutes_duration": 21.088806867599487, 
        "timestamp": "2021-09-04 10:31:51.961648", 
        "training_curve": [
            [
                0, 
                1.484623423645716, 
                1.4203810245198865
            ], 
            [
                526, 
                1.4164884367869521, 
                1.350031628422465
            ], 
            [
                1052, 
                1.261874734352036, 
                1.2126161336250076
            ], 
            [
                1578, 
                1.240284514464557, 
                1.2067518854763752
            ], 
            [
                2105, 
                1.2239131606117493, 
                1.1740866279026776
            ], 
            [
                2631, 
                1.2001860007583296, 
                1.162251395180004
            ], 
            [
                3157, 
                1.190447154706823, 
                1.158988474985133
            ], 
            [
                3683, 
                1.1847593332281907, 
                1.148462017613935
            ], 
            [
                4210, 
                1.173153878872567, 
                1.143459197218863
            ], 
            [
                4736, 
                1.1869620589833214, 
                1.1782608745525345
            ], 
            [
                5262, 
                1.1680687701530164, 
                1.14415479416073
            ], 
            [
                5788, 
                1.1599041270978667, 
                1.142869102977801
            ], 
            [
                6315, 
                1.170625146731957, 
                1.1764417585148164
            ], 
            [
                6841, 
                1.146104964582088, 
                1.143202166174718
            ], 
            [
                7367, 
                1.1428815100270584, 
                1.135996817435865
            ], 
            [
                7893, 
                1.1380059685731898, 
                1.1441532004239867
            ], 
            [
                8420, 
                1.133674916475492, 
                1.144174658138377
            ], 
            [
                8946, 
                1.151908691429336, 
                1.1471746693042255
            ], 
            [
                9472, 
                1.1284495712251843, 
                1.143346551157633
            ], 
            [
                9999, 
                1.1233234435261656, 
                1.1356580172947395
            ]
        ]
    }
]