[
    {
        "jobnum": 38, 
        "model": {
            "L2_reg": 0.004134628195343046, 
            "conv_width": 20, 
            "fp_depth": 2, 
            "fp_length": 114, 
            "h1_size": 64, 
            "net_type": "conv_plus_net"
        }, 
        "num_records": 20, 
        "task": {
            "name": "delaney", 
            "test_slices": [
                [
                    899, 
                    1124
                ]
            ], 
            "train_slices": [
                [
                    224, 
                    449
                ], 
                [
                    449, 
                    674
                ], 
                [
                    674, 
                    899
                ]
            ]
        }, 
        "train": {
            "batch_size": 100, 
            "init_scale": 0.03499200026945039, 
            "num_iters": 10000, 
            "seed": 5, 
            "step_size": 0.003502216114611105
        }, 
        "varied_params": {
            "conv_width": 19.662427096166702, 
            "fp_depth": 2.4568827878038686, 
            "fp_length": 114.16858747545817, 
            "h1_size": 64.08650528769745, 
            "log_L2_reg": -5.488357871032151, 
            "log_init_scale": -3.3526358073473825, 
            "log_step_size": -5.654359335254693
        }
    }, 
    {
        "host_name": "clumsy", 
        "minutes_duration": 35.04209829966227, 
        "timestamp": "2021-08-07 00:25:09.909942", 
        "training_curve": [
            [
                0, 
                4.402680019049701, 
                4.236220856960198
            ], 
            [
                526, 
                0.20149836064474058, 
                0.5786970157394566
            ], 
            [
                1052, 
                0.1342736170940976, 
                0.6563136143976315
            ], 
            [
                1578, 
                0.11310548820954959, 
                0.6480675230013303
            ], 
            [
                2105, 
                0.09278304525477402, 
                0.674744235695035
            ], 
            [
                2631, 
                0.12089794748538207, 
                0.79845487716227
            ], 
            [
                3157, 
                0.081428095438934, 
                0.7007001535512586
            ], 
            [
                3683, 
                0.08421378031162692, 
                0.7499978089887688
            ], 
            [
                4210, 
                0.0692949517392309, 
                0.7124258497264913
            ], 
            [
                4736, 
                0.07592389965963363, 
                0.7482762931747834
            ], 
            [
                5262, 
                0.06670712207889962, 
                0.731212283885227
            ], 
            [
                5788, 
                0.058221692451460055, 
                0.6743965983862674
            ], 
            [
                6315, 
                0.06478774168980016, 
                0.6845579636350415
            ], 
            [
                6841, 
                0.058916445572490345, 
                0.6651522067146941
            ], 
            [
                7367, 
                0.05080478656962688, 
                0.6542285653246949
            ], 
            [
                7893, 
                0.04840904478610676, 
                0.6394926186180525
            ], 
            [
                8420, 
                0.056017619638994834, 
                0.6642262213411448
            ], 
            [
                8946, 
                0.05307227286813803, 
                0.6127393277179264
            ], 
            [
                9472, 
                0.04768240958218133, 
                0.6068085956289825
            ], 
            [
                9999, 
                0.047675700971308806, 
                0.62745081104185
            ]
        ]
    }
]