[
    {
        "jobnum": 38, 
        "model": {
            "L2_reg": 0.004134628195343046, 
            "conv_width": 20, 
            "fp_depth": 2, 
            "fp_length": 900, 
            "h1_size": 64, 
            "net_type": "mean"
        }, 
        "num_records": 20, 
        "task": {
            "name": "delaney", 
            "test_slices": [
                [
                    899, 
                    1124
                ]
            ], 
            "train_slices": [
                [
                    224, 
                    449
                ], 
                [
                    449, 
                    674
                ], 
                [
                    674, 
                    899
                ]
            ]
        }, 
        "train": {
            "batch_size": 100, 
            "init_scale": 0.03499200026945039, 
            "num_iters": 10000, 
            "seed": 5, 
            "step_size": 0.003502216114611105
        }, 
        "varied_params": {
            "conv_width": 19.662427096166702, 
            "fp_depth": 2.4568827878038686, 
            "fp_length": 899.5172872791235, 
            "h1_size": 64.08650528769745, 
            "log_L2_reg": -5.488357871032151, 
            "log_init_scale": -3.3526358073473825, 
            "log_step_size": -5.654359335254693
        }
    }, 
    {
        "host_name": "clumsy", 
        "minutes_duration": 0.047196980317433676, 
        "timestamp": "2021-08-07 06:12:17.592033", 
        "training_curve": [
            [
                0, 
                4.331690886676305, 
                4.153543847357611
            ], 
            [
                526, 
                4.330688046473512, 
                4.158695146099752
            ], 
            [
                1052, 
                4.330689124857519, 
                4.158712348289634
            ], 
            [
                1578, 
                4.330683666066172, 
                4.158622021326391
            ], 
            [
                2105, 
                4.330672514744692, 
                4.1584019569698265
            ], 
            [
                2631, 
                4.330670445271793, 
                4.158352679793209
            ], 
            [
                3157, 
                4.330674957016769, 
                4.158455803803594
            ], 
            [
                3683, 
                4.330688050814158, 
                4.158695215926635
            ], 
            [
                4210, 
                4.330683665666151, 
                4.158622014385736
            ], 
            [
                4736, 
                4.3306800378123675, 
                4.158556754779534
            ], 
            [
                5262, 
                4.330672513918564, 
                4.158401938025005
            ], 
            [
                5788, 
                4.330670444822529, 
                4.158352668667165
            ], 
            [
                6315, 
                4.330688050884688, 
                4.158695217061212
            ], 
            [
                6841, 
                4.330689127432291, 
                4.158712389018513
            ], 
            [
                7367, 
                4.330683665641856, 
                4.158622013964194
            ], 
            [
                7893, 
                4.330680037780312, 
                4.158556754180828
            ], 
            [
                8420, 
                4.330670444805612, 
                4.158352668248239
            ], 
            [
                8946, 
                4.330674956807355, 
                4.158455799357208
            ], 
            [
                9472, 
                4.3306880508896155, 
                4.158695217140468
            ], 
            [
                9999, 
                4.330683665640837, 
                4.158622013946535
            ]
        ]
    }
]