[
    {
        "jobnum": 38, 
        "model": {
            "L2_reg": 0.004134628195343046, 
            "conv_width": 20, 
            "fp_depth": 2, 
            "fp_length": 900, 
            "h1_size": 64, 
            "net_type": "morgan_plus_linear"
        }, 
        "num_records": 20, 
        "task": {
            "name": "delaney", 
            "test_slices": [
                [
                    899, 
                    1124
                ]
            ], 
            "train_slices": [
                [
                    224, 
                    449
                ], 
                [
                    449, 
                    674
                ], 
                [
                    674, 
                    899
                ]
            ]
        }, 
        "train": {
            "batch_size": 100, 
            "init_scale": 0.03499200026945039, 
            "num_iters": 10000, 
            "seed": 5, 
            "step_size": 0.003502216114611105
        }, 
        "varied_params": {
            "conv_width": 19.662427096166702, 
            "fp_depth": 2.4568827878038686, 
            "fp_length": 899.5172872791235, 
            "h1_size": 64.08650528769745, 
            "log_L2_reg": -5.488357871032151, 
            "log_init_scale": -3.3526358073473825, 
            "log_step_size": -5.654359335254693
        }
    }, 
    {
        "host_name": "papaschlumpf", 
        "minutes_duration": 0.42331043084462483, 
        "timestamp": "2021-08-07 01:09:31.827900", 
        "training_curve": [
            [
                0, 
                4.521363611472384, 
                4.206372014501562
            ], 
            [
                526, 
                0.28184008500763974, 
                2.5668261525472835
            ], 
            [
                1052, 
                0.15496592898551345, 
                3.668006659314808
            ], 
            [
                1578, 
                0.1127827080162504, 
                4.571782021826234
            ], 
            [
                2105, 
                0.09349136416748358, 
                5.311046315701423
            ], 
            [
                2631, 
                0.08344461252833435, 
                5.928336403591498
            ], 
            [
                3157, 
                0.07789295650885392, 
                6.437924116455174
            ], 
            [
                3683, 
                0.07491757081407784, 
                6.8055703531331355
            ], 
            [
                4210, 
                0.07341815663835384, 
                7.022212926965648
            ], 
            [
                4736, 
                0.15376031974242657, 
                7.226745101799015
            ], 
            [
                5262, 
                0.07180374880259074, 
                7.288749704425316
            ], 
            [
                5788, 
                0.0787314035047789, 
                7.405378844565215
            ], 
            [
                6315, 
                0.07112189526664427, 
                7.414451970105885
            ], 
            [
                6841, 
                0.07095469276044476, 
                7.447814328530107
            ], 
            [
                7367, 
                0.07080545624839203, 
                7.466918316217813
            ], 
            [
                7893, 
                0.07069050631769841, 
                7.477201037343285
            ], 
            [
                8420, 
                0.07181217476413537, 
                7.469654043411826
            ], 
            [
                8946, 
                0.07056248898915758, 
                7.483793775049852
            ], 
            [
                9472, 
                0.07053632959871149, 
                7.481572891151563
            ], 
            [
                9999, 
                0.0704944733168517, 
                7.474539973035094
            ]
        ]
    }
]