[
    {
        "jobnum": 39, 
        "model": {
            "L2_reg": 4.9261146767779325, 
            "conv_width": 17, 
            "fp_depth": 4, 
            "fp_length": 87, 
            "h1_size": 98, 
            "net_type": "conv_plus_linear"
        }, 
        "num_records": 20, 
        "task": {
            "name": "delaney", 
            "test_slices": [
                [
                    899, 
                    1124
                ]
            ], 
            "train_slices": [
                [
                    224, 
                    449
                ], 
                [
                    449, 
                    674
                ], 
                [
                    674, 
                    899
                ]
            ]
        }, 
        "train": {
            "batch_size": 100, 
            "init_scale": 0.004098427700521392, 
            "num_iters": 10000, 
            "seed": 5, 
            "step_size": 0.0008475222256352551
        }, 
        "varied_params": {
            "conv_width": 16.988038810285875, 
            "fp_depth": 3.824133114119496, 
            "fp_length": 86.6101689290806, 
            "h1_size": 98.07850772707494, 
            "log_L2_reg": 1.5945505793254515, 
            "log_init_scale": -5.497151866499788, 
            "log_step_size": -7.073193494115182
        }
    }, 
    {
        "host_name": "handy", 
        "minutes_duration": 49.195436183611555, 
        "timestamp": "2021-08-07 05:26:05.003997", 
        "training_curve": [
            [
                0, 
                4.3226566503617905, 
                4.152802313352931
            ], 
            [
                526, 
                0.6389884640234362, 
                1.1795980133927646
            ], 
            [
                1052, 
                0.41099782436202414, 
                1.0502564143288984
            ], 
            [
                1578, 
                0.32656634927332173, 
                0.9932423625927203
            ], 
            [
                2105, 
                0.2825629150568423, 
                0.9818162985966802
            ], 
            [
                2631, 
                0.24307143464359207, 
                0.9750256161758388
            ], 
            [
                3157, 
                0.22174876681381633, 
                0.9459121694634817
            ], 
            [
                3683, 
                0.19344223635728028, 
                1.0243935098140127
            ], 
            [
                4210, 
                0.18065919354162963, 
                1.061163318396538
            ], 
            [
                4736, 
                0.16862495616187598, 
                1.0786084362997854
            ], 
            [
                5262, 
                0.1493325597406567, 
                1.0793707328846471
            ], 
            [
                5788, 
                0.14759011720683163, 
                1.1476558179350371
            ], 
            [
                6315, 
                0.14281739500426247, 
                1.1550563366197462
            ], 
            [
                6841, 
                0.12241636439205965, 
                1.0161116547323712
            ], 
            [
                7367, 
                0.11984706313145504, 
                1.075366944660138
            ], 
            [
                7893, 
                0.13442091013156524, 
                1.020898228485663
            ], 
            [
                8420, 
                0.11199287418324054, 
                1.0171247351620605
            ], 
            [
                8946, 
                0.11089457931214602, 
                1.088658089083215
            ], 
            [
                9472, 
                0.11200092957370224, 
                0.978303229909752
            ], 
            [
                9999, 
                0.10707276178089378, 
                1.0592959463359595
            ]
        ]
    }
]