[
    {
        "jobnum": 3, 
        "model": {
            "L2_reg": 1.2766422771624293, 
            "conv_width": 15, 
            "fp_depth": 1, 
            "fp_length": 161, 
            "h1_size": 90, 
            "net_type": "mean"
        }, 
        "num_records": 20, 
        "task": {
            "name": "delaney", 
            "test_slices": [
                [
                    899, 
                    1124
                ]
            ], 
            "train_slices": [
                [
                    224, 
                    449
                ], 
                [
                    449, 
                    674
                ], 
                [
                    674, 
                    899
                ]
            ]
        }, 
        "train": {
            "batch_size": 100, 
            "init_scale": 0.0030928086020533207, 
            "num_iters": 10000, 
            "seed": 5, 
            "step_size": 0.0021247894773660262
        }, 
        "varied_params": {
            "conv_width": 14.598815319912857, 
            "fp_depth": 1.3548232776067997, 
            "fp_length": 160.50011370831876, 
            "h1_size": 89.95792821083617, 
            "log_L2_reg": 0.2442334102916437, 
            "log_init_scale": -5.778675668198336, 
            "log_step_size": -6.154082550988273
        }
    }, 
    {
        "host_name": "clumsy", 
        "minutes_duration": 0.046545219421386716, 
        "timestamp": "2021-08-07 06:10:44.296213", 
        "training_curve": [
            [
                0, 
                4.330666625946808, 
                4.1573187187952945
            ], 
            [
                526, 
                4.330684399768385, 
                4.1586346651549055
            ], 
            [
                1052, 
                4.3306850024694485, 
                4.158644925505065
            ], 
            [
                1578, 
                4.330681870899627, 
                4.158590329626388
            ], 
            [
                2105, 
                4.33067501129231, 
                4.1584569552986945
            ], 
            [
                2631, 
                4.33067362182471, 
                4.158426880831616
            ], 
            [
                3157, 
                4.330676582820056, 
                4.158489546223356
            ], 
            [
                3683, 
                4.330684397735761, 
                4.158634630362143
            ], 
            [
                4210, 
                4.330681870142511, 
                4.158590316021967
            ], 
            [
                4736, 
                4.330679729263029, 
                4.1585509719803735
            ], 
            [
                5262, 
                4.330675010788489, 
                4.158456944618073
            ], 
            [
                5788, 
                4.330673621572267, 
                4.158426875250037
            ], 
            [
                6315, 
                4.330684397702359, 
                4.1586346297903685
            ], 
            [
                6841, 
                4.330685002114368, 
                4.158644919492779
            ], 
            [
                7367, 
                4.33068187009795, 
                4.158590315221254
            ], 
            [
                7893, 
                4.330679729232658, 
                4.158550971409218
            ], 
            [
                8420, 
                4.330673621562671, 
                4.158426875037859
            ], 
            [
                8946, 
                4.330676582676456, 
                4.158489543308532
            ], 
            [
                9472, 
                4.33068439769992, 
                4.158634629748633
            ], 
            [
                9999, 
                4.330681870096137, 
                4.158590315188679
            ]
        ]
    }
]