[
    {
        "jobnum": 42, 
        "model": {
            "L2_reg": 0.005422251607555463, 
            "conv_width": 20, 
            "fp_depth": 4, 
            "fp_length": 985, 
            "h1_size": 76, 
            "net_type": "mean"
        }, 
        "num_records": 20, 
        "task": {
            "name": "delaney", 
            "test_slices": [
                [
                    899, 
                    1124
                ]
            ], 
            "train_slices": [
                [
                    224, 
                    449
                ], 
                [
                    449, 
                    674
                ], 
                [
                    674, 
                    899
                ]
            ]
        }, 
        "train": {
            "batch_size": 100, 
            "init_scale": 0.003602158618800242, 
            "num_iters": 10000, 
            "seed": 5, 
            "step_size": 0.0008228539084001822
        }, 
        "varied_params": {
            "conv_width": 19.593792335346954, 
            "fp_depth": 3.58657455226505, 
            "fp_length": 984.5213353275042, 
            "h1_size": 75.5659491273228, 
            "log_L2_reg": -5.217244124047728, 
            "log_init_scale": -5.626221996884716, 
            "log_step_size": -7.102731884101043
        }
    }, 
    {
        "host_name": "clumsy", 
        "minutes_duration": 0.04681501785914103, 
        "timestamp": "2021-08-07 06:12:23.103550", 
        "training_curve": [
            [
                0, 
                4.33066950098649, 
                4.1572449637411735
            ], 
            [
                526, 
                4.330681172721, 
                4.158577694264231
            ], 
            [
                1052, 
                4.33068138892207, 
                4.158581626442296
            ], 
            [
                1578, 
                4.330680241733995, 
                4.158560555098664
            ], 
            [
                2105, 
                4.330677551017588, 
                4.1585089545039295
            ], 
            [
                2631, 
                4.3306769637798626, 
                4.158497240591544
            ], 
            [
                3157, 
                4.330678191861953, 
                4.15852154315966
            ], 
            [
                3683, 
                4.330681171223319, 
                4.158577666963185
            ], 
            [
                4210, 
                4.3306802409680145, 
                4.158560540855453
            ], 
            [
                4736, 
                4.330679433708183, 
                4.1585453951839
            ], 
            [
                5262, 
                4.3306775505674935, 
                4.1585089455920885
            ], 
            [
                5788, 
                4.330676963540697, 
                4.1584972357849175
            ], 
            [
                6315, 
                4.330681171163731, 
                4.158577665876949
            ], 
            [
                6841, 
                4.330681387677692, 
                4.158581603860527
            ], 
            [
                7367, 
                4.330680240923548, 
                4.1585605400286045
            ], 
            [
                7893, 
                4.330679433680564, 
                4.158545394661015
            ], 
            [
                8420, 
                4.330676963531595, 
                4.158497235601997
            ], 
            [
                8946, 
                4.330678191723062, 
                4.158521540452613
            ], 
            [
                9472, 
                4.33068117115943, 
                4.158577665798534
            ], 
            [
                9999, 
                4.330680240921746, 
                4.158560539995069
            ]
        ]
    }
]