[
    {
        "jobnum": 43, 
        "model": {
            "L2_reg": 0.004742509371469441, 
            "conv_width": 8, 
            "fp_depth": 2, 
            "fp_length": 31, 
            "h1_size": 89, 
            "net_type": "conv_plus_net"
        }, 
        "num_records": 20, 
        "task": {
            "name": "delaney", 
            "test_slices": [
                [
                    899, 
                    1124
                ]
            ], 
            "train_slices": [
                [
                    224, 
                    449
                ], 
                [
                    449, 
                    674
                ], 
                [
                    674, 
                    899
                ]
            ]
        }, 
        "train": {
            "batch_size": 100, 
            "init_scale": 0.10929455225786909, 
            "num_iters": 10000, 
            "seed": 5, 
            "step_size": 0.0012716762182269788
        }, 
        "varied_params": {
            "conv_width": 8.48351213256414, 
            "fp_depth": 2.221723514241422, 
            "fp_length": 30.838615092894095, 
            "h1_size": 88.70236663493193, 
            "log_L2_reg": -5.351188880096026, 
            "log_init_scale": -2.213708727147301, 
            "log_step_size": -6.667419391885432
        }
    }, 
    {
        "host_name": "hefty", 
        "minutes_duration": 21.932288682460786, 
        "timestamp": "2021-08-07 00:35:14.301946", 
        "training_curve": [
            [
                0, 
                4.940702101636715, 
                4.789064212487283
            ], 
            [
                526, 
                0.3473984316187313, 
                0.5862580756288625
            ], 
            [
                1052, 
                0.23697855344707208, 
                0.5217476959088192
            ], 
            [
                1578, 
                0.19705037594445798, 
                0.5373710794083651
            ], 
            [
                2105, 
                0.15794865943814249, 
                0.5611344496278111
            ], 
            [
                2631, 
                0.15281386558281287, 
                0.615336164753501
            ], 
            [
                3157, 
                0.13572580845053497, 
                0.6134749408868222
            ], 
            [
                3683, 
                0.13558974534823495, 
                0.6832159376527628
            ], 
            [
                4210, 
                0.11261874294946606, 
                0.6792843866420031
            ], 
            [
                4736, 
                0.11071667837385367, 
                0.7058010224157928
            ], 
            [
                5262, 
                0.12057739638659065, 
                0.7117386654127353
            ], 
            [
                5788, 
                0.12089774435927025, 
                0.7170796591124735
            ], 
            [
                6315, 
                0.10209486128435062, 
                0.7364779997427038
            ], 
            [
                6841, 
                0.09733176804396665, 
                0.7725740414019932
            ], 
            [
                7367, 
                0.09523916761783059, 
                0.791470634287921
            ], 
            [
                7893, 
                0.0874321125203026, 
                0.7756457994000879
            ], 
            [
                8420, 
                0.08487544370154593, 
                0.7853067026102742
            ], 
            [
                8946, 
                0.08528966525031412, 
                0.7700879699527972
            ], 
            [
                9472, 
                0.0917154697257894, 
                0.770881197923958
            ], 
            [
                9999, 
                0.07996636988210092, 
                0.7846505078653598
            ]
        ]
    }
]