[
    {
        "jobnum": 44, 
        "model": {
            "L2_reg": 1.1789756733155383, 
            "conv_width": 6, 
            "fp_depth": 1, 
            "fp_length": 26, 
            "h1_size": 86, 
            "net_type": "conv_plus_net"
        }, 
        "num_records": 20, 
        "task": {
            "name": "delaney", 
            "test_slices": [
                [
                    899, 
                    1124
                ]
            ], 
            "train_slices": [
                [
                    224, 
                    449
                ], 
                [
                    449, 
                    674
                ], 
                [
                    674, 
                    899
                ]
            ]
        }, 
        "train": {
            "batch_size": 100, 
            "init_scale": 0.009203317800811987, 
            "num_iters": 10000, 
            "seed": 5, 
            "step_size": 0.00035115242640550056
        }, 
        "varied_params": {
            "conv_width": 6.192831238801336, 
            "fp_depth": 1.440839936201125, 
            "fp_length": 26.035539834723803, 
            "h1_size": 86.27971821052894, 
            "log_L2_reg": 0.16464598802220998, 
            "log_init_scale": -4.688191229415658, 
            "log_step_size": -7.954290165499875
        }
    }, 
    {
        "host_name": "clumsy", 
        "minutes_duration": 12.476732397079468, 
        "timestamp": "2021-08-07 00:37:41.295690", 
        "training_curve": [
            [
                0, 
                4.335054133272934, 
                4.165744171831712
            ], 
            [
                526, 
                1.105990730805947, 
                1.364697510970318
            ], 
            [
                1052, 
                0.6326843567027123, 
                0.8922715931279492
            ], 
            [
                1578, 
                0.506836033148953, 
                0.7574188655966337
            ], 
            [
                2105, 
                0.44752983943733354, 
                0.7020152942044128
            ], 
            [
                2631, 
                0.41109392182690346, 
                0.6622541225885321
            ], 
            [
                3157, 
                0.38441114408688093, 
                0.6343037476059153
            ], 
            [
                3683, 
                0.362445026074416, 
                0.6104568073550742
            ], 
            [
                4210, 
                0.34452104160799346, 
                0.5914739508597939
            ], 
            [
                4736, 
                0.32888494560997245, 
                0.5767854383436003
            ], 
            [
                5262, 
                0.3139265945009655, 
                0.5606643167774715
            ], 
            [
                5788, 
                0.3017115164258924, 
                0.5515222735803709
            ], 
            [
                6315, 
                0.2904334958770328, 
                0.5469475842811523
            ], 
            [
                6841, 
                0.28074498057468117, 
                0.5449969108292987
            ], 
            [
                7367, 
                0.2726874537691587, 
                0.545179881384944
            ], 
            [
                7893, 
                0.26576482980015737, 
                0.5437023659857815
            ], 
            [
                8420, 
                0.25889259817360183, 
                0.5404689849748872
            ], 
            [
                8946, 
                0.25195875825967945, 
                0.5386942212779018
            ], 
            [
                9472, 
                0.2461213944107445, 
                0.535285530046575
            ], 
            [
                9999, 
                0.2405436721998605, 
                0.529628895303511
            ]
        ]
    }
]