[
    {
        "jobnum": 44, 
        "model": {
            "L2_reg": 1.1789756733155383, 
            "conv_width": 6, 
            "fp_depth": 1, 
            "fp_length": 106, 
            "h1_size": 86, 
            "net_type": "morgan_plus_linear"
        }, 
        "num_records": 20, 
        "task": {
            "name": "delaney", 
            "test_slices": [
                [
                    899, 
                    1124
                ]
            ], 
            "train_slices": [
                [
                    224, 
                    449
                ], 
                [
                    449, 
                    674
                ], 
                [
                    674, 
                    899
                ]
            ]
        }, 
        "train": {
            "batch_size": 100, 
            "init_scale": 0.009203317800811987, 
            "num_iters": 10000, 
            "seed": 5, 
            "step_size": 0.00035115242640550056
        }, 
        "varied_params": {
            "conv_width": 6.192831238801336, 
            "fp_depth": 1.440839936201125, 
            "fp_length": 106.31985851251423, 
            "h1_size": 86.27971821052894, 
            "log_L2_reg": 0.16464598802220998, 
            "log_init_scale": -4.688191229415658, 
            "log_step_size": -7.954290165499875
        }
    }, 
    {
        "host_name": "papaschlumpf", 
        "minutes_duration": 0.17800243298212687, 
        "timestamp": "2021-08-07 01:10:15.240608", 
        "training_curve": [
            [
                0, 
                4.351099653092703, 
                4.16370811728248
            ], 
            [
                526, 
                2.8506955138544154, 
                2.9253538304598736
            ], 
            [
                1052, 
                2.3656702189173, 
                2.6046352948489644
            ], 
            [
                1578, 
                2.142226243126394, 
                2.502444755387848
            ], 
            [
                2105, 
                2.021598968793041, 
                2.463020384669832
            ], 
            [
                2631, 
                1.9514816552756518, 
                2.443128152740116
            ], 
            [
                3157, 
                1.9084800477799675, 
                2.430663936957331
            ], 
            [
                3683, 
                1.8810516326395461, 
                2.4214290440980233
            ], 
            [
                4210, 
                1.8630263821086703, 
                2.414507501866008
            ], 
            [
                4736, 
                1.8509602262959028, 
                2.409180084033378
            ], 
            [
                5262, 
                1.8427043660171432, 
                2.4051012998408816
            ], 
            [
                5788, 
                1.8369522922224992, 
                2.401813441442234
            ], 
            [
                6315, 
                1.8328944319155187, 
                2.3994493107268156
            ], 
            [
                6841, 
                1.8299979432261704, 
                2.397711228323251
            ], 
            [
                7367, 
                1.8278954977052813, 
                2.3964029578611306
            ], 
            [
                7893, 
                1.8263586425890983, 
                2.3953988434624427
            ], 
            [
                8420, 
                1.8251974354157405, 
                2.394420559474232
            ], 
            [
                8946, 
                1.824345018588508, 
                2.3938834096014534
            ], 
            [
                9472, 
                1.8236934908795168, 
                2.3933215597378417
            ], 
            [
                9999, 
                1.8232051388338975, 
                2.39306418524469
            ]
        ]
    }
]