[
    {
        "jobnum": 49, 
        "model": {
            "L2_reg": 0.004587828667129028, 
            "conv_width": 10, 
            "fp_depth": 3, 
            "fp_length": 81, 
            "h1_size": 52, 
            "net_type": "conv_plus_net"
        }, 
        "num_records": 20, 
        "task": {
            "name": "malaria", 
            "test_slices": [
                [
                    8000, 
                    10000
                ]
            ], 
            "train_slices": [
                [
                    2000, 
                    4000
                ], 
                [
                    4000, 
                    6000
                ], 
                [
                    6000, 
                    8000
                ]
            ]
        }, 
        "train": {
            "batch_size": 100, 
            "init_scale": 0.002915443393109303, 
            "num_iters": 10000, 
            "seed": 5, 
            "step_size": 0.008223030517877953
        }, 
        "varied_params": {
            "conv_width": 9.602151493177942, 
            "fp_depth": 2.5565054464945782, 
            "fp_length": 80.68481026911405, 
            "h1_size": 52.2306150627057, 
            "log_L2_reg": -5.384348424106938, 
            "log_init_scale": -5.837733363333701, 
            "log_step_size": -4.8008164617175275
        }
    }, 
    {
        "host_name": "schlumpfine", 
        "minutes_duration": 44.58359384934108, 
        "timestamp": "2021-09-04 04:34:58.183852", 
        "training_curve": [
            [
                0, 
                1.4846824076890812, 
                1.4208015495762105
            ], 
            [
                526, 
                1.1338515794986792, 
                1.1194226853887985
            ], 
            [
                1052, 
                1.0537608311989886, 
                1.1173182563197284
            ], 
            [
                1578, 
                1.010209039465488, 
                1.1600646592218273
            ], 
            [
                2105, 
                0.9548433785651655, 
                1.1558623471131657
            ], 
            [
                2631, 
                0.9281638021767229, 
                1.1215779590636363
            ], 
            [
                3157, 
                0.8292618448769358, 
                1.136146289840382
            ], 
            [
                3683, 
                0.7836539207959256, 
                1.1543114142077384
            ], 
            [
                4210, 
                0.7730985409888038, 
                1.2376149044339069
            ], 
            [
                4736, 
                0.7839862657289869, 
                1.2827974242371925
            ], 
            [
                5262, 
                0.672739200801066, 
                1.2148195344111457
            ], 
            [
                5788, 
                0.6729330905283323, 
                1.2851278635381296
            ], 
            [
                6315, 
                0.6261327605277067, 
                1.3404457445802644
            ], 
            [
                6841, 
                0.7041682703187204, 
                1.4316116181719576
            ], 
            [
                7367, 
                0.6178854581236819, 
                1.3702408928865557
            ], 
            [
                7893, 
                0.6449403498775781, 
                1.458450751047585
            ], 
            [
                8420, 
                0.6122104323067614, 
                1.4957847858566296
            ], 
            [
                8946, 
                0.5790186265748872, 
                1.4032630772553745
            ], 
            [
                9472, 
                0.6390330665191716, 
                1.4885869693738436
            ], 
            [
                9999, 
                0.5223401947316791, 
                1.4527889289026301
            ]
        ]
    }
]