[
    {
        "jobnum": 4, 
        "model": {
            "L2_reg": 0.020577539713676856, 
            "conv_width": 12, 
            "fp_depth": 3, 
            "fp_length": 589, 
            "h1_size": 76, 
            "net_type": "morgan_plus_linear"
        }, 
        "num_records": 20, 
        "task": {
            "name": "delaney", 
            "test_slices": [
                [
                    899, 
                    1124
                ]
            ], 
            "train_slices": [
                [
                    224, 
                    449
                ], 
                [
                    449, 
                    674
                ], 
                [
                    674, 
                    899
                ]
            ]
        }, 
        "train": {
            "batch_size": 100, 
            "init_scale": 0.12553644028183322, 
            "num_iters": 10000, 
            "seed": 5, 
            "step_size": 0.0017619180890440656
        }, 
        "varied_params": {
            "conv_width": 11.842254983248228, 
            "fp_depth": 3.32270106830265, 
            "fp_length": 588.9814204595976, 
            "h1_size": 76.09241608750358, 
            "log_L2_reg": -3.8835551031629842, 
            "log_init_scale": -2.0751592017454206, 
            "log_step_size": -6.341352240037906
        }
    }, 
    {
        "host_name": "papaschlumpf", 
        "minutes_duration": 0.2953118681907654, 
        "timestamp": "2021-08-07 01:03:49.658565", 
        "training_curve": [
            [
                0, 
                5.835509653505112, 
                5.497446571252553
            ], 
            [
                526, 
                0.64944266928828, 
                2.3575509132303774
            ], 
            [
                1052, 
                0.40463467108575496, 
                2.6967498787508903
            ], 
            [
                1578, 
                0.3100455601561463, 
                3.17806142418024
            ], 
            [
                2105, 
                0.26219982085593707, 
                3.649799042015177
            ], 
            [
                2631, 
                0.23381996820381448, 
                4.085039225941455
            ], 
            [
                3157, 
                0.21522729113969827, 
                4.4937744602411955
            ], 
            [
                3683, 
                0.20210566455318002, 
                4.882901531713881
            ], 
            [
                4210, 
                0.19245342897579307, 
                5.253824261006845
            ], 
            [
                4736, 
                0.18510233437199694, 
                5.603705512824999
            ], 
            [
                5262, 
                0.17934974512293034, 
                5.9303626031982875
            ], 
            [
                5788, 
                0.17476375862851784, 
                6.234144182627204
            ], 
            [
                6315, 
                0.17110169867214653, 
                6.5176356702964435
            ], 
            [
                6841, 
                0.16802612451245605, 
                6.781362757132801
            ], 
            [
                7367, 
                0.16547432309154322, 
                7.026669164000519
            ], 
            [
                7893, 
                0.16327462935604242, 
                7.256308125699466
            ], 
            [
                8420, 
                0.16133120907989787, 
                7.468500682046367
            ], 
            [
                8946, 
                0.15977307479503366, 
                7.667418237321991
            ], 
            [
                9472, 
                0.15829809456241486, 
                7.855765604741992
            ], 
            [
                9999, 
                0.15702559735881846, 
                8.034093604490739
            ]
        ]
    }
]