[
    {
        "jobnum": 4, 
        "model": {
            "L2_reg": 0.020577539713676856, 
            "conv_width": 12, 
            "fp_depth": 3, 
            "fp_length": 589, 
            "h1_size": 76, 
            "net_type": "morgan_plus_net"
        }, 
        "num_records": 20, 
        "task": {
            "name": "delaney", 
            "test_slices": [
                [
                    899, 
                    1124
                ]
            ], 
            "train_slices": [
                [
                    224, 
                    449
                ], 
                [
                    449, 
                    674
                ], 
                [
                    674, 
                    899
                ]
            ]
        }, 
        "train": {
            "batch_size": 100, 
            "init_scale": 0.12553644028183322, 
            "num_iters": 10000, 
            "seed": 5, 
            "step_size": 0.0017619180890440656
        }, 
        "varied_params": {
            "conv_width": 11.842254983248228, 
            "fp_depth": 3.32270106830265, 
            "fp_length": 588.9814204595976, 
            "h1_size": 76.09241608750358, 
            "log_L2_reg": -3.8835551031629842, 
            "log_init_scale": -2.0751592017454206, 
            "log_step_size": -6.341352240037906
        }
    }, 
    {
        "host_name": "hefty", 
        "minutes_duration": 1.8945887684822083, 
        "timestamp": "2021-08-07 05:47:32.514558", 
        "training_curve": [
            [
                0, 
                4.940340688120818, 
                4.731609376038776
            ], 
            [
                526, 
                0.07216927937603543, 
                1.8502008758194832
            ], 
            [
                1052, 
                0.13076344654079136, 
                2.0088757350486257
            ], 
            [
                1578, 
                0.16668907994073037, 
                2.0684796936429763
            ], 
            [
                2105, 
                0.1808426841188331, 
                2.0728421121731797
            ], 
            [
                2631, 
                0.17972213881993118, 
                2.0479652824592116
            ], 
            [
                3157, 
                0.20821591849164195, 
                2.007433086248961
            ], 
            [
                3683, 
                0.1786346370056451, 
                1.9823626745873888
            ], 
            [
                4210, 
                0.17842841064202047, 
                1.9604690138902872
            ], 
            [
                4736, 
                0.17852202845521128, 
                1.9473257203204726
            ], 
            [
                5262, 
                0.17617286368254642, 
                1.9322740526049822
            ], 
            [
                5788, 
                0.17602715893002008, 
                1.919358468566635
            ], 
            [
                6315, 
                0.1709693809513163, 
                1.8975132533310686
            ], 
            [
                6841, 
                0.17352506499873854, 
                1.8861540908205447
            ], 
            [
                7367, 
                0.17260996756362798, 
                1.8826458256459198
            ], 
            [
                7893, 
                0.16485972429766851, 
                1.8632617102626237
            ], 
            [
                8420, 
                0.1587843533635, 
                1.8370480221881331
            ], 
            [
                8946, 
                0.16464792015771645, 
                1.8343320805475032
            ], 
            [
                9472, 
                0.16006394552118575, 
                1.829852349596583
            ], 
            [
                9999, 
                0.15951323796921238, 
                1.8236337461180918
            ]
        ]
    }
]