[
    {
        "jobnum": 4, 
        "model": {
            "L2_reg": 0.020577539713676856, 
            "conv_width": 12, 
            "fp_depth": 3, 
            "fp_length": 589, 
            "h1_size": 76, 
            "net_type": "mean"
        }, 
        "num_records": 20, 
        "task": {
            "name": "cep", 
            "test_slices": [
                [
                    16000, 
                    20000
                ]
            ], 
            "train_slices": [
                [
                    4000, 
                    8000
                ], 
                [
                    8000, 
                    12000
                ], 
                [
                    12000, 
                    16000
                ]
            ]
        }, 
        "train": {
            "batch_size": 100, 
            "init_scale": 0.12553644028183322, 
            "num_iters": 10000, 
            "seed": 5, 
            "step_size": 0.0017619180890440656
        }, 
        "varied_params": {
            "conv_width": 11.842254983248228, 
            "fp_depth": 3.32270106830265, 
            "fp_length": 588.9814204595976, 
            "h1_size": 76.09241608750358, 
            "log_L2_reg": -3.8835551031629842, 
            "log_init_scale": -2.0751592017454206, 
            "log_step_size": -6.341352240037906
        }
    }, 
    {
        "host_name": "handy", 
        "minutes_duration": 0.049782450993855795, 
        "timestamp": "2021-09-11 07:29:26.551002", 
        "training_curve": [
            [
                0, 
                6.422226610490273, 
                6.402929910278631
            ], 
            [
                526, 
                6.402666412443356, 
                6.374824495148612
            ], 
            [
                1052, 
                6.402595755801923, 
                6.373926052719366
            ], 
            [
                1578, 
                6.402583061289697, 
                6.374146110300709
            ], 
            [
                2105, 
                6.402588658288939, 
                6.373997029806657
            ], 
            [
                2631, 
                6.4027166827914925, 
                6.373525462806262
            ], 
            [
                3157, 
                6.402626266092124, 
                6.37461760970039
            ], 
            [
                3683, 
                6.402616617442598, 
                6.373801489694592
            ], 
            [
                4210, 
                6.402596894816691, 
                6.374402126990085
            ], 
            [
                4736, 
                6.4026707141879475, 
                6.374843968343919
            ], 
            [
                5262, 
                6.402587129083418, 
                6.374018256364993
            ], 
            [
                5788, 
                6.402587824069702, 
                6.3742928188851335
            ], 
            [
                6315, 
                6.40261118667678, 
                6.373827978474372
            ], 
            [
                6841, 
                6.402583752106467, 
                6.374092208900888
            ], 
            [
                7367, 
                6.4026635197057296, 
                6.37481117905272
            ], 
            [
                7893, 
                6.402588924559225, 
                6.373993668599569
            ], 
            [
                8420, 
                6.402583449265435, 
                6.374105488972388
            ], 
            [
                8946, 
                6.402593949598037, 
                6.373941411318406
            ], 
            [
                9472, 
                6.402733393379837, 
                6.373496421648227
            ], 
            [
                9999, 
                6.402647929910867, 
                6.374735865664294
            ]
        ]
    }
]