[
    {
        "jobnum": 5, 
        "model": {
            "L2_reg": 0.3448905960977021, 
            "conv_width": 15, 
            "fp_depth": 4, 
            "fp_length": 56, 
            "h1_size": 81, 
            "net_type": "conv_plus_net"
        }, 
        "num_records": 20, 
        "task": {
            "name": "delaney", 
            "test_slices": [
                [
                    899, 
                    1124
                ]
            ], 
            "train_slices": [
                [
                    224, 
                    449
                ], 
                [
                    449, 
                    674
                ], 
                [
                    674, 
                    899
                ]
            ]
        }, 
        "train": {
            "batch_size": 100, 
            "init_scale": 0.02356181666386867, 
            "num_iters": 10000, 
            "seed": 5, 
            "step_size": 0.0038811758811447094
        }, 
        "varied_params": {
            "conv_width": 15.227304486552251, 
            "fp_depth": 3.8312442355438723, 
            "fp_length": 56.26488486426403, 
            "h1_size": 80.88177485379386, 
            "log_L2_reg": -1.0645280250019447, 
            "log_init_scale": -3.748127815197366, 
            "log_step_size": -5.551617109110314
        }
    }, 
    {
        "host_name": "hefty", 
        "minutes_duration": 38.96085431575775, 
        "timestamp": "2021-08-06 21:09:50.281775", 
        "training_curve": [
            [
                0, 
                4.372380340862623, 
                4.1950807144777
            ], 
            [
                526, 
                0.2559999534752346, 
                0.6833505568523512
            ], 
            [
                1052, 
                0.1730115539000624, 
                0.6202566178099821
            ], 
            [
                1578, 
                0.12996637539014988, 
                0.5954692091447871
            ], 
            [
                2105, 
                0.09411298056148427, 
                0.6116486417483199
            ], 
            [
                2631, 
                0.11553167151816669, 
                0.6142276281257417
            ], 
            [
                3157, 
                0.0921631350982505, 
                0.5991354757282605
            ], 
            [
                3683, 
                0.08789802174747523, 
                0.6970882379977549
            ], 
            [
                4210, 
                0.08690860069774017, 
                0.6382718303045731
            ], 
            [
                4736, 
                0.09367294770253183, 
                0.7175008996800597
            ], 
            [
                5262, 
                0.09749817995348845, 
                0.6995986380289426
            ], 
            [
                5788, 
                0.08627156891468382, 
                0.6480443639051272
            ], 
            [
                6315, 
                0.08668202685846425, 
                0.5994211847721291
            ], 
            [
                6841, 
                0.10377728015761932, 
                0.7327372198228534
            ], 
            [
                7367, 
                0.09485552037716685, 
                0.6439819929356013
            ], 
            [
                7893, 
                0.09784672320351726, 
                0.6281325319031661
            ], 
            [
                8420, 
                0.0830177426688948, 
                0.634312771919804
            ], 
            [
                8946, 
                0.12643114661170654, 
                0.7086605793903833
            ], 
            [
                9472, 
                0.08236329814343829, 
                0.6241950065199813
            ], 
            [
                9999, 
                0.09449158950371475, 
                0.6491818066027908
            ]
        ]
    }
]