[
    {
        "jobnum": 5, 
        "model": {
            "L2_reg": 0.3448905960977021, 
            "conv_width": 15, 
            "fp_depth": 4, 
            "fp_length": 56, 
            "h1_size": 81, 
            "net_type": "conv_plus_linear"
        }, 
        "num_records": 20, 
        "task": {
            "name": "malaria", 
            "test_slices": [
                [
                    8000, 
                    10000
                ]
            ], 
            "train_slices": [
                [
                    2000, 
                    4000
                ], 
                [
                    4000, 
                    6000
                ], 
                [
                    6000, 
                    8000
                ]
            ]
        }, 
        "train": {
            "batch_size": 100, 
            "init_scale": 0.02356181666386867, 
            "num_iters": 10000, 
            "seed": 5, 
            "step_size": 0.0038811758811447094
        }, 
        "varied_params": {
            "conv_width": 15.227304486552251, 
            "fp_depth": 3.8312442355438723, 
            "fp_length": 56.26488486426403, 
            "h1_size": 80.88177485379386, 
            "log_L2_reg": -1.0645280250019447, 
            "log_init_scale": -3.748127815197366, 
            "log_step_size": -5.551617109110314
        }
    }, 
    {
        "host_name": "hefty", 
        "minutes_duration": 44.52353038390478, 
        "timestamp": "2021-09-04 06:00:33.006811", 
        "training_curve": [
            [
                0, 
                2.437822967552751, 
                2.3119965208335698
            ], 
            [
                526, 
                1.2095590249789059, 
                1.2408436125482467
            ], 
            [
                1052, 
                1.094019702197624, 
                1.1405108452831738
            ], 
            [
                1578, 
                1.0328649428529573, 
                1.1034458253169035
            ], 
            [
                2105, 
                1.0664969378734965, 
                1.1854254315671557
            ], 
            [
                2631, 
                0.9714207403261257, 
                1.087906132119672
            ], 
            [
                3157, 
                0.9305553359050704, 
                1.1054584335719353
            ], 
            [
                3683, 
                0.9952221532653349, 
                1.1685659783808349
            ], 
            [
                4210, 
                0.8680105712187532, 
                1.092209025063734
            ], 
            [
                4736, 
                0.9753723013614509, 
                1.2702595036433584
            ], 
            [
                5262, 
                0.8549546804340137, 
                1.1896670768772888
            ], 
            [
                5788, 
                0.986508012094074, 
                1.3887664461388873
            ], 
            [
                6315, 
                0.8193391985177129, 
                1.195024596076215
            ], 
            [
                6841, 
                0.9355634733779078, 
                1.3295538734279488
            ], 
            [
                7367, 
                0.8125048972851003, 
                1.3095115130879715
            ], 
            [
                7893, 
                0.7674634430625907, 
                1.3017813278325197
            ], 
            [
                8420, 
                0.8078587782756534, 
                1.2497408777877648
            ], 
            [
                8946, 
                0.7788535541412351, 
                1.3385907776557564
            ], 
            [
                9472, 
                0.7552675675703007, 
                1.2897953042057377
            ], 
            [
                9999, 
                0.7095633223194461, 
                1.3236100779804998
            ]
        ]
    }
]