[
    {
        "jobnum": 5, 
        "model": {
            "L2_reg": 0.3448905960977021, 
            "conv_width": 15, 
            "fp_depth": 4, 
            "fp_length": 56, 
            "h1_size": 81, 
            "net_type": "conv_plus_linear"
        }, 
        "num_records": 20, 
        "task": {
            "name": "delaney", 
            "test_slices": [
                [
                    899, 
                    1124
                ]
            ], 
            "train_slices": [
                [
                    224, 
                    449
                ], 
                [
                    449, 
                    674
                ], 
                [
                    674, 
                    899
                ]
            ]
        }, 
        "train": {
            "batch_size": 100, 
            "init_scale": 0.02356181666386867, 
            "num_iters": 10000, 
            "seed": 5, 
            "step_size": 0.0038811758811447094
        }, 
        "varied_params": {
            "conv_width": 15.227304486552251, 
            "fp_depth": 3.8312442355438723, 
            "fp_length": 56.26488486426403, 
            "h1_size": 80.88177485379386, 
            "log_L2_reg": -1.0645280250019447, 
            "log_init_scale": -3.748127815197366, 
            "log_step_size": -5.551617109110314
        }
    }, 
    {
        "host_name": "clumsy", 
        "minutes_duration": 41.587342365582785, 
        "timestamp": "2021-08-07 02:13:11.381749", 
        "training_curve": [
            [
                0, 
                5.844275817297367, 
                5.557313449533349
            ], 
            [
                526, 
                0.3288445712462875, 
                1.1273960660061189
            ], 
            [
                1052, 
                0.21770444930214294, 
                1.0186376197382532
            ], 
            [
                1578, 
                0.17627540383840032, 
                1.1130113553819319
            ], 
            [
                2105, 
                0.18598164320770744, 
                1.263449302258954
            ], 
            [
                2631, 
                0.17255505190630868, 
                1.1526285280093667
            ], 
            [
                3157, 
                0.10929957597177621, 
                1.1002649525815602
            ], 
            [
                3683, 
                0.1245566346555909, 
                1.0118848550612622
            ], 
            [
                4210, 
                0.12747461974396923, 
                1.0484299104349732
            ], 
            [
                4736, 
                0.12703207427749838, 
                1.0608093023394676
            ], 
            [
                5262, 
                0.0983246200308749, 
                1.1332998673953365
            ], 
            [
                5788, 
                0.1205303792807371, 
                0.9818793269739327
            ], 
            [
                6315, 
                0.12260542062004694, 
                1.1644939106613477
            ], 
            [
                6841, 
                0.09309440020917147, 
                1.0914228799364147
            ], 
            [
                7367, 
                0.0871489403475487, 
                1.0264812602716125
            ], 
            [
                7893, 
                0.09705794250423887, 
                1.046531051686994
            ], 
            [
                8420, 
                0.11814689643517094, 
                1.1456484094314845
            ], 
            [
                8946, 
                0.13153592666057926, 
                1.1357540453013033
            ], 
            [
                9472, 
                0.13003402686954801, 
                1.2806514139399632
            ], 
            [
                9999, 
                0.1336698125633705, 
                1.2242279429927865
            ]
        ]
    }
]