[
    {
        "jobnum": 6, 
        "model": {
            "L2_reg": 0.5138282175772946, 
            "conv_width": 8, 
            "fp_depth": 3, 
            "fp_length": 146, 
            "h1_size": 85, 
            "net_type": "morgan_plus_net"
        }, 
        "num_records": 20, 
        "task": {
            "name": "delaney", 
            "test_slices": [
                [
                    899, 
                    1124
                ]
            ], 
            "train_slices": [
                [
                    224, 
                    449
                ], 
                [
                    449, 
                    674
                ], 
                [
                    674, 
                    899
                ]
            ]
        }, 
        "train": {
            "batch_size": 100, 
            "init_scale": 0.03832267951172023, 
            "num_iters": 10000, 
            "seed": 5, 
            "step_size": 0.00042684136961778653
        }, 
        "varied_params": {
            "conv_width": 8.155738416107614, 
            "fp_depth": 3.0119136088544782, 
            "fp_length": 145.95770803609213, 
            "h1_size": 84.88155979636323, 
            "log_L2_reg": -0.6658662764346586, 
            "log_init_scale": -3.2617134036967355, 
            "log_step_size": -7.759098113482921
        }
    }, 
    {
        "host_name": "hefty", 
        "minutes_duration": 0.8114663163820902, 
        "timestamp": "2021-08-07 05:48:23.294159", 
        "training_curve": [
            [
                0, 
                4.306856713206945, 
                4.161256872640166
            ], 
            [
                526, 
                0.43597191276886255, 
                1.566068287630463
            ], 
            [
                1052, 
                0.12983255704877705, 
                1.5329137105498476
            ], 
            [
                1578, 
                0.0796023391757588, 
                1.5506895040501538
            ], 
            [
                2105, 
                0.07140193669949524, 
                1.5715026338166382
            ], 
            [
                2631, 
                0.07336490946452905, 
                1.6049872492908344
            ], 
            [
                3157, 
                0.08023993469720064, 
                1.6542573407019814
            ], 
            [
                3683, 
                0.09038761830235123, 
                1.7217744184065946
            ], 
            [
                4210, 
                0.10243268789915956, 
                1.7959659337494642
            ], 
            [
                4736, 
                0.11603417339806249, 
                1.8766939102977505
            ], 
            [
                5262, 
                0.1299319605103238, 
                1.9407150407586395
            ], 
            [
                5788, 
                0.13982548826824934, 
                1.9879874155333526
            ], 
            [
                6315, 
                0.14802926885775852, 
                2.0159985770114304
            ], 
            [
                6841, 
                0.15385525278129114, 
                2.048874620281831
            ], 
            [
                7367, 
                0.15684624269837252, 
                2.0613248541698743
            ], 
            [
                7893, 
                0.16113462837774414, 
                2.0605711387213588
            ], 
            [
                8420, 
                0.1640782615219082, 
                2.0874612611049814
            ], 
            [
                8946, 
                0.1671911215989359, 
                2.091757049422747
            ], 
            [
                9472, 
                0.16906387309607768, 
                2.101279845539295
            ], 
            [
                9999, 
                0.16909402883177896, 
                2.08425556196364
            ]
        ]
    }
]