[
    {
        "jobnum": 6, 
        "model": {
            "L2_reg": 0.5138282175772946, 
            "conv_width": 8, 
            "fp_depth": 3, 
            "fp_length": 30, 
            "h1_size": 85, 
            "net_type": "conv_plus_linear"
        }, 
        "num_records": 20, 
        "task": {
            "name": "delaney", 
            "test_slices": [
                [
                    899, 
                    1124
                ]
            ], 
            "train_slices": [
                [
                    224, 
                    449
                ], 
                [
                    449, 
                    674
                ], 
                [
                    674, 
                    899
                ]
            ]
        }, 
        "train": {
            "batch_size": 100, 
            "init_scale": 0.03832267951172023, 
            "num_iters": 10000, 
            "seed": 5, 
            "step_size": 0.00042684136961778653
        }, 
        "varied_params": {
            "conv_width": 8.155738416107614, 
            "fp_depth": 3.0119136088544782, 
            "fp_length": 30.43974533734357, 
            "h1_size": 84.88155979636323, 
            "log_L2_reg": -0.6658662764346586, 
            "log_init_scale": -3.2617134036967355, 
            "log_step_size": -7.759098113482921
        }
    }, 
    {
        "host_name": "hefty", 
        "minutes_duration": 18.70556583404541, 
        "timestamp": "2021-08-07 02:03:02.111033", 
        "training_curve": [
            [
                0, 
                4.036771096298535, 
                3.9068926711345426
            ], 
            [
                526, 
                1.2524867993539037, 
                1.5291115047856116
            ], 
            [
                1052, 
                0.6234016665355594, 
                1.0684801222508742
            ], 
            [
                1578, 
                0.47839673581175585, 
                0.9573222238413199
            ], 
            [
                2105, 
                0.4107416503130615, 
                0.9113520304139732
            ], 
            [
                2631, 
                0.3742507893915774, 
                0.8830739454616324
            ], 
            [
                3157, 
                0.3492148093412833, 
                0.873063594849318
            ], 
            [
                3683, 
                0.3292676683579508, 
                0.8605788186262564
            ], 
            [
                4210, 
                0.31293252442601055, 
                0.8497074330744125
            ], 
            [
                4736, 
                0.29942383020163016, 
                0.841850248982795
            ], 
            [
                5262, 
                0.2877303565838688, 
                0.8367899417400931
            ], 
            [
                5788, 
                0.27774167675221717, 
                0.8337969960164172
            ], 
            [
                6315, 
                0.26881028150250763, 
                0.8325879247469514
            ], 
            [
                6841, 
                0.26105249913000755, 
                0.8334067289770722
            ], 
            [
                7367, 
                0.2526264554596205, 
                0.8347579924150572
            ], 
            [
                7893, 
                0.24270430117519826, 
                0.8381439758266003
            ], 
            [
                8420, 
                0.23348922255661406, 
                0.8395824615777853
            ], 
            [
                8946, 
                0.22452051304785434, 
                0.840464977573104
            ], 
            [
                9472, 
                0.21635541736619918, 
                0.83923069891668
            ], 
            [
                9999, 
                0.2081053621613873, 
                0.8426822470623465
            ]
        ]
    }
]