[
    {
        "jobnum": 8, 
        "model": {
            "L2_reg": 0.1033624209054227, 
            "conv_width": 7, 
            "fp_depth": 2, 
            "fp_length": 28, 
            "h1_size": 83, 
            "net_type": "conv_plus_linear"
        }, 
        "num_records": 20, 
        "task": {
            "name": "malaria", 
            "test_slices": [
                [
                    8000, 
                    10000
                ]
            ], 
            "train_slices": [
                [
                    2000, 
                    4000
                ], 
                [
                    4000, 
                    6000
                ], 
                [
                    6000, 
                    8000
                ]
            ]
        }, 
        "train": {
            "batch_size": 100, 
            "init_scale": 0.009800534461929696, 
            "num_iters": 10000, 
            "seed": 5, 
            "step_size": 0.0009239675649184034
        }, 
        "varied_params": {
            "conv_width": 7.384543754682795, 
            "fp_depth": 1.7332767760048082, 
            "fp_length": 28.362015810402177, 
            "h1_size": 82.65541627326992, 
            "log_L2_reg": -2.2695138171495497, 
            "log_init_scale": -4.625318357861094, 
            "log_step_size": -6.986833589840872
        }
    }, 
    {
        "host_name": "schlumpfine", 
        "minutes_duration": 22.541350030899046, 
        "timestamp": "2021-09-04 06:05:06.419152", 
        "training_curve": [
            [
                0, 
                1.493805838649471, 
                1.4230573008854865
            ], 
            [
                526, 
                1.3470429974050955, 
                1.2950397529727355
            ], 
            [
                1052, 
                1.230089775556887, 
                1.2068499330145397
            ], 
            [
                1578, 
                1.2084079704397954, 
                1.2026366175830137
            ], 
            [
                2105, 
                1.1988234132200344, 
                1.1677022706140923
            ], 
            [
                2631, 
                1.1552551777470292, 
                1.1489357914182812
            ], 
            [
                3157, 
                1.1484265908781017, 
                1.1507811963541936
            ], 
            [
                3683, 
                1.1464786434546441, 
                1.1407210384261581
            ], 
            [
                4210, 
                1.1278450189673521, 
                1.1353011506876913
            ], 
            [
                4736, 
                1.142724783651567, 
                1.1767741146473933
            ], 
            [
                5262, 
                1.1185924886050556, 
                1.129015856041358
            ], 
            [
                5788, 
                1.114429123560193, 
                1.1296716450412319
            ], 
            [
                6315, 
                1.134131849127949, 
                1.178897221102521
            ], 
            [
                6841, 
                1.096794454914719, 
                1.1317624430899307
            ], 
            [
                7367, 
                1.0912518334858512, 
                1.1238455144334367
            ], 
            [
                7893, 
                1.0909422582559847, 
                1.123221236538499
            ], 
            [
                8420, 
                1.0827984845188574, 
                1.1220470502280506
            ], 
            [
                8946, 
                1.1178640032657317, 
                1.1420414482410841
            ], 
            [
                9472, 
                1.0799193384649453, 
                1.1286725792546732
            ], 
            [
                9999, 
                1.0783369294060938, 
                1.1107522044476732
            ]
        ]
    }
]