[
    {
        "jobnum": 8, 
        "model": {
            "L2_reg": 0.1033624209054227, 
            "conv_width": 7, 
            "fp_depth": 2, 
            "fp_length": 28, 
            "h1_size": 83, 
            "net_type": "conv_plus_net"
        }, 
        "num_records": 20, 
        "task": {
            "name": "delaney", 
            "test_slices": [
                [
                    899, 
                    1124
                ]
            ], 
            "train_slices": [
                [
                    224, 
                    449
                ], 
                [
                    449, 
                    674
                ], 
                [
                    674, 
                    899
                ]
            ]
        }, 
        "train": {
            "batch_size": 100, 
            "init_scale": 0.009800534461929696, 
            "num_iters": 10000, 
            "seed": 5, 
            "step_size": 0.0009239675649184034
        }, 
        "varied_params": {
            "conv_width": 7.384543754682795, 
            "fp_depth": 1.7332767760048082, 
            "fp_length": 28.362015810402177, 
            "h1_size": 82.65541627326992, 
            "log_L2_reg": -2.2695138171495497, 
            "log_init_scale": -4.625318357861094, 
            "log_step_size": -6.986833589840872
        }
    }, 
    {
        "host_name": "clumsy", 
        "minutes_duration": 16.90760311683019, 
        "timestamp": "2021-08-06 21:16:25.848602", 
        "training_curve": [
            [
                0, 
                4.321700563778406, 
                4.15315803850841
            ], 
            [
                526, 
                0.474519847604608, 
                0.7462037960778756
            ], 
            [
                1052, 
                0.36585923520320546, 
                0.6324626098728009
            ], 
            [
                1578, 
                0.2960859591424504, 
                0.5712527093826303
            ], 
            [
                2105, 
                0.24981862493168502, 
                0.5778849441214563
            ], 
            [
                2631, 
                0.22907279829870084, 
                0.585478417105641
            ], 
            [
                3157, 
                0.2128084960814527, 
                0.5892410101710092
            ], 
            [
                3683, 
                0.2000912689991897, 
                0.5847132018423121
            ], 
            [
                4210, 
                0.1885425369353793, 
                0.6037659325473858
            ], 
            [
                4736, 
                0.18495340873991506, 
                0.6230450662466511
            ], 
            [
                5262, 
                0.18142230613564855, 
                0.6405078586281173
            ], 
            [
                5788, 
                0.16493631833798317, 
                0.6018168852355255
            ], 
            [
                6315, 
                0.1664899631762226, 
                0.638747295153728
            ], 
            [
                6841, 
                0.15276038454211602, 
                0.6266990449344876
            ], 
            [
                7367, 
                0.15217362136824716, 
                0.6498129086248572
            ], 
            [
                7893, 
                0.14633820649765455, 
                0.6457905366295116
            ], 
            [
                8420, 
                0.1477876504216932, 
                0.6700922971559996
            ], 
            [
                8946, 
                0.15168453699863987, 
                0.7013657164340564
            ], 
            [
                9472, 
                0.14058085991880143, 
                0.6370779764339936
            ], 
            [
                9999, 
                0.15206153476883663, 
                0.7138490105549179
            ]
        ]
    }
]