[
    {
        "jobnum": 8, 
        "model": {
            "L2_reg": 0.1033624209054227, 
            "conv_width": 7, 
            "fp_depth": 2, 
            "fp_length": 127, 
            "h1_size": 83, 
            "net_type": "morgan_plus_linear"
        }, 
        "num_records": 20, 
        "task": {
            "name": "delaney", 
            "test_slices": [
                [
                    899, 
                    1124
                ]
            ], 
            "train_slices": [
                [
                    224, 
                    449
                ], 
                [
                    449, 
                    674
                ], 
                [
                    674, 
                    899
                ]
            ]
        }, 
        "train": {
            "batch_size": 100, 
            "init_scale": 0.009800534461929696, 
            "num_iters": 10000, 
            "seed": 5, 
            "step_size": 0.0009239675649184034
        }, 
        "varied_params": {
            "conv_width": 7.384543754682795, 
            "fp_depth": 1.7332767760048082, 
            "fp_length": 127.25814229361957, 
            "h1_size": 82.65541627326992, 
            "log_L2_reg": -2.2695138171495497, 
            "log_init_scale": -4.625318357861094, 
            "log_step_size": -6.986833589840872
        }
    }, 
    {
        "host_name": "papaschlumpf", 
        "minutes_duration": 0.20821341673533122, 
        "timestamp": "2021-08-07 01:04:52.697825", 
        "training_curve": [
            [
                0, 
                4.359119438190104, 
                4.135027787570087
            ], 
            [
                526, 
                2.0263684307838323, 
                2.5168409866488815
            ], 
            [
                1052, 
                1.7938694847182848, 
                2.500636545363749
            ], 
            [
                1578, 
                1.7338429067367818, 
                2.5302741781512244
            ], 
            [
                2105, 
                1.7140542926764573, 
                2.5538277564020033
            ], 
            [
                2631, 
                1.7066126507797894, 
                2.569260127523345
            ], 
            [
                3157, 
                1.703581270528227, 
                2.5791567154370236
            ], 
            [
                3683, 
                1.7022148693073715, 
                2.584680112041015
            ], 
            [
                4210, 
                1.7015585739235846, 
                2.588469163591652
            ], 
            [
                4736, 
                1.7012188474594783, 
                2.591278170958785
            ], 
            [
                5262, 
                1.7010222815427782, 
                2.5929855688915855
            ], 
            [
                5788, 
                1.7008907350595863, 
                2.594134637127784
            ], 
            [
                6315, 
                1.7008954075359977, 
                2.5944236777865752
            ], 
            [
                6841, 
                1.7008697300862183, 
                2.5947364533477453
            ], 
            [
                7367, 
                1.7008486767691982, 
                2.5950843424943564
            ], 
            [
                7893, 
                1.7008285641700098, 
                2.5956271907592408
            ], 
            [
                8420, 
                1.7007631563864163, 
                2.5959550721140032
            ], 
            [
                8946, 
                1.700804373731055, 
                2.5962748615176476
            ], 
            [
                9472, 
                1.700814066079452, 
                2.5957133007877666
            ], 
            [
                9999, 
                1.7008174349573593, 
                2.595654101667544
            ]
        ]
    }
]