[
    {
        "jobnum": 0, 
        "model": {
            "L2_reg": 0.30792686009670756, 
            "conv_width": 11, 
            "fp_depth": 3, 
            "fp_length": 667, 
            "h1_size": 77, 
            "net_type": "mean"
        }, 
        "num_records": 20, 
        "task": {
            "name": "toxin", 
            "test_slices": [
                [
                    0, 
                    2432
                ]
            ], 
            "train_slices": [
                [
                    4864, 
                    7297
                ]
            ]
        }, 
        "train": {
            "batch_size": 100, 
            "init_scale": 0.02350954323756658, 
            "num_iters": 1, 
            "seed": 1, 
            "step_size": 0.005862128392003446
        }, 
        "varied_params": {
            "conv_width": 11.354821990083572, 
            "fp_depth": 2.6346495489906907, 
            "fp_length": 667.0612659711894, 
            "h1_size": 77.44067519636624, 
            "log_L2_reg": -1.177892991426849, 
            "log_init_scale": -3.75034884505077, 
            "log_step_size": -5.139242534510322
        }
    }, 
    {
        "host_name": "Pauls-MacBook-Pro.local", 
        "minutes_duration": 1.766681671142578e-05, 
        "timestamp": "2021-06-25 13:22:53.470955", 
        "training_curve": [
            [
                0, 
                0.7195386061745661, 
                0.7211978834358629
            ]
        ]
    }
]