[
    {
        "jobnum": 1, 
        "model": {
            "L2_reg": 0.05326542476477831, 
            "conv_width": 13, 
            "fp_depth": 3, 
            "fp_length": 80, 
            "h1_size": 95, 
            "net_type": "conv_plus_net"
        }, 
        "num_records": 20, 
        "task": {
            "name": "toxin", 
            "test_slices": [
                [
                    0, 
                    2432
                ]
            ], 
            "train_slices": [
                [
                    4864, 
                    7297
                ]
            ]
        }, 
        "train": {
            "batch_size": 100, 
            "init_scale": 0.003337989654124867, 
            "num_iters": 1, 
            "seed": 1, 
            "step_size": 0.01583790822219237
        }, 
        "varied_params": {
            "conv_width": 12.933423796293567, 
            "fp_depth": 3.3751751142479938, 
            "fp_length": 79.62099084252043, 
            "h1_size": 94.58865003910398, 
            "log_L2_reg": -2.9324678493937784, 
            "log_init_scale": -5.702386553170644, 
            "log_step_size": -4.145348957995883
        }
    }, 
    {
        "host_name": "Pauls-MacBook-Pro.local", 
        "minutes_duration": 0.5111667474110921, 
        "timestamp": "2021-06-25 13:20:43.589832", 
        "training_curve": [
            [
                0, 
                0.6918349524248151, 
                0.6917642563332647
            ]
        ]
    }
]