[
    {
        "jobnum": 0, 
        "model": {
            "L2_reg": 0.30792686009670756, 
            "conv_width": 11, 
            "fp_depth": 3, 
            "fp_length": 88, 
            "h1_size": 77, 
            "net_type": "conv_plus_linear"
        }, 
        "num_records": 20, 
        "task": {
            "name": "delaney", 
            "test_slices": [
                [
                    0, 
                    224
                ]
            ], 
            "train_slices": [
                [
                    449, 
                    674
                ], 
                [
                    674, 
                    899
                ], 
                [
                    899, 
                    1124
                ]
            ]
        }, 
        "train": {
            "batch_size": 100, 
            "init_scale": 0.02350954323756658, 
            "num_iters": 10000, 
            "seed": 1, 
            "step_size": 0.005862128392003446
        }, 
        "varied_params": {
            "conv_width": 11.354821990083572, 
            "fp_depth": 2.6346495489906907, 
            "fp_length": 88.34014066346549, 
            "h1_size": 77.44067519636624, 
            "log_L2_reg": -1.177892991426849, 
            "log_init_scale": -3.75034884505077, 
            "log_step_size": -5.139242534510322
        }
    }, 
    {
        "host_name": "handy", 
        "minutes_duration": 63.626036465168, 
        "timestamp": "2021-07-09 17:07:18.908724", 
        "training_curve": [
            [
                0, 
                4.723099344767989, 
                5.118810468359724
            ], 
            [
                526, 
                0.38668118498186854, 
                0.6158979210538303
            ], 
            [
                1052, 
                0.2889958389928508, 
                0.6329241926623954
            ], 
            [
                1578, 
                0.2729655400953939, 
                0.7493719325114331
            ], 
            [
                2105, 
                0.15566172846123524, 
                0.6256707885997737
            ], 
            [
                2631, 
                0.15576698199628453, 
                0.5651024498088913
            ], 
            [
                3157, 
                0.13951702265456511, 
                0.6075887870428682
            ], 
            [
                3683, 
                0.1902923930351627, 
                0.5857029633111672
            ], 
            [
                4210, 
                0.18868166101057968, 
                0.6340217342308839
            ], 
            [
                4736, 
                0.12428409082233496, 
                0.6086654755540933
            ], 
            [
                5262, 
                0.12674730400152118, 
                0.6338535817554425
            ], 
            [
                5788, 
                0.1466343992973882, 
                0.7021879982626534
            ], 
            [
                6315, 
                0.1532851029207162, 
                0.7271505224878411
            ], 
            [
                6841, 
                0.15220488518718314, 
                0.7212179695193852
            ], 
            [
                7367, 
                0.14640517275080264, 
                0.6641106797265433
            ], 
            [
                7893, 
                0.19722873139527364, 
                0.7562640116641
            ], 
            [
                8420, 
                0.1617060725131307, 
                0.725601402962141
            ], 
            [
                8946, 
                0.17167927636290436, 
                0.6496927284962118
            ], 
            [
                9472, 
                0.138920820898465, 
                0.6829324988335291
            ], 
            [
                9999, 
                0.15475444985549794, 
                0.6529359465535698
            ]
        ]
    }
]