[
    {
        "jobnum": 0, 
        "model": {
            "L2_reg": 0.30792686009670756, 
            "conv_width": 11, 
            "fp_depth": 3, 
            "fp_length": 667, 
            "h1_size": 77, 
            "net_type": "mean"
        }, 
        "num_records": 20, 
        "task": {
            "name": "delaney", 
            "test_slices": [
                [
                    0, 
                    224
                ]
            ], 
            "train_slices": [
                [
                    449, 
                    674
                ], 
                [
                    674, 
                    899
                ], 
                [
                    899, 
                    1124
                ]
            ]
        }, 
        "train": {
            "batch_size": 100, 
            "init_scale": 0.02350954323756658, 
            "num_iters": 10000, 
            "seed": 1, 
            "step_size": 0.005862128392003446
        }, 
        "varied_params": {
            "conv_width": 11.354821990083572, 
            "fp_depth": 2.6346495489906907, 
            "fp_length": 667.0612659711894, 
            "h1_size": 77.44067519636624, 
            "log_L2_reg": -1.177892991426849, 
            "log_init_scale": -3.75034884505077, 
            "log_step_size": -5.139242534510322
        }
    }, 
    {
        "host_name": "schlaubi", 
        "minutes_duration": 0.08069263299306234, 
        "timestamp": "2021-07-09 20:35:19.774058", 
        "training_curve": [
            [
                0, 
                4.459998977997349, 
                4.845847280745955
            ], 
            [
                526, 
                4.453577911712599, 
                4.834608356933864
            ], 
            [
                1052, 
                4.45357706431839, 
                4.8346041927295955
            ], 
            [
                1578, 
                4.453575552280019, 
                4.8345967139316395
            ], 
            [
                2105, 
                4.453564673612945, 
                4.834540888368657
            ], 
            [
                2631, 
                4.453545038332077, 
                4.834428291102666
            ], 
            [
                3157, 
                4.453550061193663, 
                4.834458918910145
            ], 
            [
                3683, 
                4.4535779656344285, 
                4.834608621263586
            ], 
            [
                4210, 
                4.453575559870297, 
                4.834596751632058
            ], 
            [
                4736, 
                4.453584044463126, 
                4.834637944860598
            ], 
            [
                5262, 
                4.453564674987231, 
                4.834540895666796
            ], 
            [
                5788, 
                4.4535450378885715, 
                4.834428288330378
            ], 
            [
                6315, 
                4.453577966541226, 
                4.834608625708127
            ], 
            [
                6841, 
                4.453577082960686, 
                4.83460428454783
            ], 
            [
                7367, 
                4.45357556031514, 
                4.8345967538415175
            ], 
            [
                7893, 
                4.453584044787974, 
                4.834637946403441
            ], 
            [
                8420, 
                4.453545037872529, 
                4.834428288230106
            ], 
            [
                8946, 
                4.453550061120221, 
                4.834458918472925
            ], 
            [
                9472, 
                4.4535779666064705, 
                4.834608626027913
            ], 
            [
                9999, 
                4.453575560333105, 
                4.834596753930746
            ]
        ]
    }
]