[
    {
        "jobnum": 0, 
        "model": {
            "L2_reg": 0.30792686009670756, 
            "conv_width": 11, 
            "fp_depth": 3, 
            "fp_length": 88, 
            "h1_size": 77, 
            "net_type": "conv_plus_net"
        }, 
        "num_records": 20, 
        "task": {
            "name": "delaney", 
            "test_slices": [
                [
                    0, 
                    224
                ]
            ], 
            "train_slices": [
                [
                    449, 
                    674
                ], 
                [
                    674, 
                    899
                ], 
                [
                    899, 
                    1124
                ]
            ]
        }, 
        "train": {
            "batch_size": 100, 
            "init_scale": 0.02350954323756658, 
            "num_iters": 10000, 
            "seed": 1, 
            "step_size": 0.005862128392003446
        }, 
        "varied_params": {
            "conv_width": 11.354821990083572, 
            "fp_depth": 2.6346495489906907, 
            "fp_length": 88.34014066346549, 
            "h1_size": 77.44067519636624, 
            "log_L2_reg": -1.177892991426849, 
            "log_init_scale": -3.75034884505077, 
            "log_step_size": -5.139242534510322
        }
    }, 
    {
        "host_name": "clumsy", 
        "minutes_duration": 137.90856570005417, 
        "timestamp": "2021-07-09 17:25:28.297682", 
        "training_curve": [
            [
                0, 
                4.4490660013872825, 
                4.833526908893205
            ], 
            [
                526, 
                0.24493457996402265, 
                0.5464412836387542
            ], 
            [
                1052, 
                0.16886661879684856, 
                0.46906165544505857
            ], 
            [
                1578, 
                0.15030979183423, 
                0.5505105300879645
            ], 
            [
                2105, 
                0.13947468301344318, 
                0.4713835246335486
            ], 
            [
                2631, 
                0.09898839493453303, 
                0.5066591407496934
            ], 
            [
                3157, 
                0.11670421697876159, 
                0.5490793491194086
            ], 
            [
                3683, 
                0.10397853360962034, 
                0.5543906070744483
            ], 
            [
                4210, 
                0.09305098831016506, 
                0.5991933608775426
            ], 
            [
                4736, 
                0.084766137764044, 
                0.5803503232279991
            ], 
            [
                5262, 
                0.10909073325100482, 
                0.6281253738383162
            ], 
            [
                5788, 
                0.08466433460406483, 
                0.6178365128292399
            ], 
            [
                6315, 
                0.08791585682613062, 
                0.6377234504783894
            ], 
            [
                6841, 
                0.08976101355470696, 
                0.5363033980664867
            ], 
            [
                7367, 
                0.0961006101978806, 
                0.6126142498966314
            ], 
            [
                7893, 
                0.07292859752966316, 
                0.5787311636419294
            ], 
            [
                8420, 
                0.07291823885871661, 
                0.593621423477461
            ], 
            [
                8946, 
                0.08181991477700015, 
                0.5586438989740912
            ], 
            [
                9472, 
                0.09114078489927677, 
                0.554841536073078
            ], 
            [
                9999, 
                0.07941020755070002, 
                0.6326619808124853
            ]
        ]
    }
]