[
    {
        "jobnum": 0, 
        "model": {
            "L2_reg": 0.30792686009670756, 
            "conv_width": 11, 
            "fp_depth": 3, 
            "fp_length": 667, 
            "h1_size": 77, 
            "net_type": "morgan_plus_linear"
        }, 
        "num_records": 20, 
        "task": {
            "name": "delaney", 
            "test_slices": [
                [
                    0, 
                    224
                ]
            ], 
            "train_slices": [
                [
                    449, 
                    674
                ], 
                [
                    674, 
                    899
                ], 
                [
                    899, 
                    1124
                ]
            ]
        }, 
        "train": {
            "batch_size": 100, 
            "init_scale": 0.02350954323756658, 
            "num_iters": 10000, 
            "seed": 1, 
            "step_size": 0.005862128392003446
        }, 
        "varied_params": {
            "conv_width": 11.354821990083572, 
            "fp_depth": 2.6346495489906907, 
            "fp_length": 667.0612659711894, 
            "h1_size": 77.44067519636624, 
            "log_L2_reg": -1.177892991426849, 
            "log_init_scale": -3.75034884505077, 
            "log_step_size": -5.139242534510322
        }
    }, 
    {
        "host_name": "schlumpfine", 
        "minutes_duration": 2.2329744974772137, 
        "timestamp": "2021-07-09 15:10:21.513499", 
        "training_curve": [
            [
                0, 
                4.594595403907334, 
                5.117382844917173
            ], 
            [
                526, 
                0.23213865131844588, 
                3.327441868487881
            ], 
            [
                1052, 
                0.1676656792149273, 
                4.199370149709841
            ], 
            [
                1578, 
                0.1495601647616301, 
                4.6052710187244
            ], 
            [
                2105, 
                0.15277324428619155, 
                4.810475107458834
            ], 
            [
                2631, 
                0.1409168663988949, 
                4.849304131370246
            ], 
            [
                3157, 
                0.13983617319984118, 
                4.885795135649878
            ], 
            [
                3683, 
                0.13939406970069934, 
                4.894578563361847
            ], 
            [
                4210, 
                0.1392161803590468, 
                4.900381942597162
            ], 
            [
                4736, 
                0.13894571717344972, 
                4.907680841656051
            ], 
            [
                5262, 
                0.13886421391217993, 
                4.905737066318049
            ], 
            [
                5788, 
                0.13867079511382585, 
                4.9050602222497846
            ], 
            [
                6315, 
                0.13882636271501358, 
                4.900364410892668
            ], 
            [
                6841, 
                0.1387909213553667, 
                4.899356260774431
            ], 
            [
                7367, 
                0.3292591130816714, 
                4.929341416329383
            ], 
            [
                7893, 
                0.13877977727716395, 
                4.901274798572636
            ], 
            [
                8420, 
                0.13857409396959858, 
                4.902568349200361
            ], 
            [
                8946, 
                0.1386930288954282, 
                4.9007687983496755
            ], 
            [
                9472, 
                0.13876931550310515, 
                4.898184912222362
            ], 
            [
                9999, 
                0.1388122320184724, 
                4.897348075684275
            ]
        ]
    }
]