[
    {
        "jobnum": 0, 
        "model": {
            "L2_reg": 0.30792686009670756, 
            "conv_width": 11, 
            "fp_depth": 3, 
            "fp_length": 667, 
            "h1_size": 77, 
            "net_type": "morgan_plus_net"
        }, 
        "num_records": 20, 
        "task": {
            "name": "delaney", 
            "test_slices": [
                [
                    0, 
                    224
                ]
            ], 
            "train_slices": [
                [
                    449, 
                    674
                ], 
                [
                    674, 
                    899
                ], 
                [
                    899, 
                    1124
                ]
            ]
        }, 
        "train": {
            "batch_size": 100, 
            "init_scale": 0.02350954323756658, 
            "num_iters": 10000, 
            "seed": 1, 
            "step_size": 0.005862128392003446
        }, 
        "varied_params": {
            "conv_width": 11.354821990083572, 
            "fp_depth": 2.6346495489906907, 
            "fp_length": 667.0612659711894, 
            "h1_size": 77.44067519636624, 
            "log_L2_reg": -1.177892991426849, 
            "log_init_scale": -3.75034884505077, 
            "log_step_size": -5.139242534510322
        }
    }, 
    {
        "host_name": "papaschlumpf", 
        "minutes_duration": 29.017329065004983, 
        "timestamp": "2021-07-09 20:08:58.651675", 
        "training_curve": [
            [
                0, 
                4.491093011815813, 
                4.8827908847628265
            ], 
            [
                526, 
                0.10678884923226839, 
                1.5644718531631578
            ], 
            [
                1052, 
                0.11340423327499463, 
                1.5355712695080672
            ], 
            [
                1578, 
                0.10645456773409463, 
                1.5222385606771185
            ], 
            [
                2105, 
                0.11616059850034882, 
                1.5050395736355537
            ], 
            [
                2631, 
                0.11916285468008384, 
                1.4767393164826896
            ], 
            [
                3157, 
                0.11604600676681594, 
                1.4625726091294255
            ], 
            [
                3683, 
                0.14877846550631113, 
                1.4278775468036329
            ], 
            [
                4210, 
                0.12030794829632269, 
                1.460421385790261
            ], 
            [
                4736, 
                0.12105749670603894, 
                1.4360445178734733
            ], 
            [
                5262, 
                0.12579304549981418, 
                1.4601011862381923
            ], 
            [
                5788, 
                0.12717038983742057, 
                1.4534603968307225
            ], 
            [
                6315, 
                0.1345108739337476, 
                1.4503298260540411
            ], 
            [
                6841, 
                0.12707893554395, 
                1.4608854323970009
            ], 
            [
                7367, 
                0.1214826959660514, 
                1.4567387458081906
            ], 
            [
                7893, 
                0.13008722679210014, 
                1.464515564168567
            ], 
            [
                8420, 
                0.12674318990813338, 
                1.483169173016708
            ], 
            [
                8946, 
                0.13722520300364713, 
                1.4771375104846405
            ], 
            [
                9472, 
                0.37258574039487813, 
                1.5845282204003435
            ], 
            [
                9999, 
                0.13198416864469817, 
                1.4722298085809282
            ]
        ]
    }
]