[
    {
        "jobnum": 10, 
        "model": {
            "L2_reg": 6.1354823978170945, 
            "conv_width": 16, 
            "fp_depth": 3, 
            "fp_length": 20, 
            "h1_size": 99, 
            "net_type": "conv_plus_net"
        }, 
        "num_records": 20, 
        "task": {
            "name": "delaney", 
            "test_slices": [
                [
                    0, 
                    224
                ]
            ], 
            "train_slices": [
                [
                    449, 
                    674
                ], 
                [
                    674, 
                    899
                ], 
                [
                    899, 
                    1124
                ]
            ]
        }, 
        "train": {
            "batch_size": 100, 
            "init_scale": 0.04366415128338205, 
            "num_iters": 10000, 
            "seed": 1, 
            "step_size": 0.0021866268069066185
        }, 
        "varied_params": {
            "conv_width": 16.088953690974527, 
            "fp_depth": 2.8145365592351377, 
            "fp_length": 20.389032732483916, 
            "h1_size": 98.82297325066979, 
            "log_L2_reg": 1.814088705522697, 
            "log_init_scale": -3.1312278503056383, 
            "log_step_size": -6.125395193409194
        }
    }, 
    {
        "host_name": "schlaubi", 
        "minutes_duration": 174.71226218541463, 
        "timestamp": "2021-07-09 18:02:25.765774", 
        "training_curve": [
            [
                0, 
                4.295259340542231, 
                4.669754207679844
            ], 
            [
                526, 
                0.25149762056593755, 
                0.49650255945802224
            ], 
            [
                1052, 
                0.1855880557508492, 
                0.5089771455652399
            ], 
            [
                1578, 
                0.1543913622133376, 
                0.4945858389271937
            ], 
            [
                2105, 
                0.13629366480433375, 
                0.5137316228408138
            ], 
            [
                2631, 
                0.12490783386451064, 
                0.5170842592328052
            ], 
            [
                3157, 
                0.12655710479314738, 
                0.6250742558705233
            ], 
            [
                3683, 
                0.12888158802007374, 
                0.598260873519129
            ], 
            [
                4210, 
                NaN, 
                NaN
            ], 
            [
                4736, 
                NaN, 
                NaN
            ], 
            [
                5262, 
                NaN, 
                NaN
            ], 
            [
                5788, 
                NaN, 
                NaN
            ], 
            [
                6315, 
                NaN, 
                NaN
            ], 
            [
                6841, 
                NaN, 
                NaN
            ], 
            [
                7367, 
                NaN, 
                NaN
            ], 
            [
                7893, 
                NaN, 
                NaN
            ], 
            [
                8420, 
                NaN, 
                NaN
            ], 
            [
                8946, 
                NaN, 
                NaN
            ], 
            [
                9472, 
                NaN, 
                NaN
            ], 
            [
                9999, 
                NaN, 
                NaN
            ]
        ]
    }
]