[
    {
        "jobnum": 10, 
        "model": {
            "L2_reg": 6.1354823978170945, 
            "conv_width": 16, 
            "fp_depth": 3, 
            "fp_length": 56, 
            "h1_size": 99, 
            "net_type": "mean"
        }, 
        "num_records": 20, 
        "task": {
            "name": "delaney", 
            "test_slices": [
                [
                    0, 
                    224
                ]
            ], 
            "train_slices": [
                [
                    449, 
                    674
                ], 
                [
                    674, 
                    899
                ], 
                [
                    899, 
                    1124
                ]
            ]
        }, 
        "train": {
            "batch_size": 100, 
            "init_scale": 0.04366415128338205, 
            "num_iters": 10000, 
            "seed": 1, 
            "step_size": 0.0021866268069066185
        }, 
        "varied_params": {
            "conv_width": 16.088953690974527, 
            "fp_depth": 2.8145365592351377, 
            "fp_length": 55.50129459235524, 
            "h1_size": 98.82297325066979, 
            "log_L2_reg": 1.814088705522697, 
            "log_init_scale": -3.1312278503056383, 
            "log_step_size": -6.125395193409194
        }
    }, 
    {
        "host_name": "schlaubi", 
        "minutes_duration": 0.07814439932505289, 
        "timestamp": "2021-07-09 20:37:51.015927", 
        "training_curve": [
            [
                0, 
                4.475907587784373, 
                4.866377741827824
            ], 
            [
                526, 
                4.453570870861736, 
                4.834573144910132
            ], 
            [
                1052, 
                4.45357058482281, 
                4.83457168356353
            ], 
            [
                1578, 
                4.453570052527787, 
                4.834568957330433
            ], 
            [
                2105, 
                4.453566104733263, 
                4.834548452138962
            ], 
            [
                2631, 
                4.453558245760102, 
                4.834505971377444
            ], 
            [
                3157, 
                4.453560350402327, 
                4.834517582806674
            ], 
            [
                3683, 
                4.453570948910441, 
                4.834573543214049
            ], 
            [
                4210, 
                4.453570063875482, 
                4.834569015542115
            ], 
            [
                4736, 
                4.453573073799376, 
                4.8345843159962145
            ], 
            [
                5262, 
                4.453566105971865, 
                4.834548458654221
            ], 
            [
                5788, 
                4.453558241754919, 
                4.834505949105006
            ], 
            [
                6315, 
                4.4535709502348375, 
                4.834573549971187
            ], 
            [
                6841, 
                4.453570612507001, 
                4.83457182511048
            ], 
            [
                7367, 
                4.453570064542217, 
                4.834569018962226
            ], 
            [
                7893, 
                4.453573074406603, 
                4.834584319055451
            ], 
            [
                8420, 
                4.453558241602689, 
                4.834505948258453
            ], 
            [
                8946, 
                4.453560348755298, 
                4.8345175737905794
            ], 
            [
                9472, 
                4.453570950330269, 
                4.8345735504580825
            ], 
            [
                9999, 
                4.4535700645691865, 
                4.834569019100568
            ]
        ]
    }
]