[
    {
        "jobnum": 10, 
        "model": {
            "L2_reg": 6.1354823978170945, 
            "conv_width": 16, 
            "fp_depth": 3, 
            "fp_length": 56, 
            "h1_size": 99, 
            "net_type": "morgan_plus_linear"
        }, 
        "num_records": 20, 
        "task": {
            "name": "delaney", 
            "test_slices": [
                [
                    0, 
                    224
                ]
            ], 
            "train_slices": [
                [
                    449, 
                    674
                ], 
                [
                    674, 
                    899
                ], 
                [
                    899, 
                    1124
                ]
            ]
        }, 
        "train": {
            "batch_size": 100, 
            "init_scale": 0.04366415128338205, 
            "num_iters": 10000, 
            "seed": 1, 
            "step_size": 0.0021866268069066185
        }, 
        "varied_params": {
            "conv_width": 16.088953690974527, 
            "fp_depth": 2.8145365592351377, 
            "fp_length": 55.50129459235524, 
            "h1_size": 98.82297325066979, 
            "log_L2_reg": 1.814088705522697, 
            "log_init_scale": -3.1312278503056383, 
            "log_step_size": -6.125395193409194
        }
    }, 
    {
        "host_name": "schlumpfine", 
        "minutes_duration": 0.33012026945749917, 
        "timestamp": "2021-07-09 15:26:45.943444", 
        "training_curve": [
            [
                0, 
                4.391700038112983, 
                4.806817869160911
            ], 
            [
                526, 
                2.6921903810139036, 
                3.1784330916255286
            ], 
            [
                1052, 
                2.6842260516113514, 
                3.1670466805746655
            ], 
            [
                1578, 
                2.684010130257809, 
                3.1671365064785797
            ], 
            [
                2105, 
                2.683994166868645, 
                3.165798464707588
            ], 
            [
                2631, 
                2.6838565755278903, 
                3.16404027981701
            ], 
            [
                3157, 
                2.6838277438462415, 
                3.164672773607072
            ], 
            [
                3683, 
                2.6839527978746736, 
                3.1664374979032828
            ], 
            [
                4210, 
                2.683998770245541, 
                3.16714155500891
            ], 
            [
                4736, 
                2.6839064512227027, 
                3.166906904107747
            ], 
            [
                5262, 
                2.6839920291298225, 
                3.1657918122512245
            ], 
            [
                5788, 
                2.6838556393665556, 
                3.164030862741466
            ], 
            [
                6315, 
                2.683952040644592, 
                3.1664387060033716
            ], 
            [
                6841, 
                2.68395762802205, 
                3.166702477809035
            ], 
            [
                7367, 
                2.6839986261876865, 
                3.1671424553281113
            ], 
            [
                7893, 
                2.683906234939112, 
                3.1669073300123314
            ], 
            [
                8420, 
                2.6838556050103874, 
                3.164030539439143
            ], 
            [
                8946, 
                2.6838263571584, 
                3.1646692109139276
            ], 
            [
                9472, 
                2.683951987459179, 
                3.1664387876243234
            ], 
            [
                9999, 
                2.683998621288982, 
                3.1671424871178173
            ]
        ]
    }
]