[
    {
        "jobnum": 10, 
        "model": {
            "L2_reg": 6.1354823978170945, 
            "conv_width": 16, 
            "fp_depth": 3, 
            "fp_length": 56, 
            "h1_size": 99, 
            "net_type": "morgan_plus_net"
        }, 
        "num_records": 20, 
        "task": {
            "name": "delaney", 
            "test_slices": [
                [
                    0, 
                    224
                ]
            ], 
            "train_slices": [
                [
                    449, 
                    674
                ], 
                [
                    674, 
                    899
                ], 
                [
                    899, 
                    1124
                ]
            ]
        }, 
        "train": {
            "batch_size": 100, 
            "init_scale": 0.04366415128338205, 
            "num_iters": 10000, 
            "seed": 1, 
            "step_size": 0.0021866268069066185
        }, 
        "varied_params": {
            "conv_width": 16.088953690974527, 
            "fp_depth": 2.8145365592351377, 
            "fp_length": 55.50129459235524, 
            "h1_size": 98.82297325066979, 
            "log_L2_reg": 1.814088705522697, 
            "log_init_scale": -3.1312278503056383, 
            "log_step_size": -6.125395193409194
        }
    }, 
    {
        "host_name": "papaschlumpf", 
        "minutes_duration": 7.233680435021719, 
        "timestamp": "2021-07-09 20:12:49.561429", 
        "training_curve": [
            [
                0, 
                4.448560871852585, 
                4.806534439464763
            ], 
            [
                526, 
                0.1498054733551066, 
                2.5892021854584684
            ], 
            [
                1052, 
                0.1512891712098835, 
                2.7046696457929236
            ], 
            [
                1578, 
                0.1440821070280939, 
                2.484173207700067
            ], 
            [
                2105, 
                0.11294798441114486, 
                2.550058000272655
            ], 
            [
                2631, 
                0.15189980080799298, 
                2.672272482417775
            ], 
            [
                3157, 
                0.11554637265177953, 
                2.650529262935519
            ], 
            [
                3683, 
                0.10679483755665417, 
                2.5882644570282665
            ], 
            [
                4210, 
                0.11713240784842532, 
                2.669894971217359
            ], 
            [
                4736, 
                0.14715343365192687, 
                2.718445319423371
            ], 
            [
                5262, 
                0.10538184527174482, 
                2.586641689665676
            ], 
            [
                5788, 
                0.14659488134824386, 
                2.578473829952986
            ], 
            [
                6315, 
                0.1475097074881091, 
                2.5431551032217152
            ], 
            [
                6841, 
                0.15232418447880905, 
                2.5322085203335205
            ], 
            [
                7367, 
                0.14684971929262275, 
                2.548011586810366
            ], 
            [
                7893, 
                0.10678305899526949, 
                2.609890042317384
            ], 
            [
                8420, 
                0.10240109933495546, 
                2.5998375893226355
            ], 
            [
                8946, 
                0.1372108982600772, 
                2.705921182027133
            ], 
            [
                9472, 
                0.10648999460355722, 
                2.625977626226647
            ], 
            [
                9999, 
                0.11773121395648414, 
                2.527277282513638
            ]
        ]
    }
]