[
    {
        "jobnum": 11, 
        "model": {
            "L2_reg": 0.006408191094856293, 
            "conv_width": 11, 
            "fp_depth": 2, 
            "fp_length": 81, 
            "h1_size": 56, 
            "net_type": "morgan_plus_net"
        }, 
        "num_records": 20, 
        "task": {
            "name": "delaney", 
            "test_slices": [
                [
                    0, 
                    224
                ]
            ], 
            "train_slices": [
                [
                    449, 
                    674
                ], 
                [
                    674, 
                    899
                ], 
                [
                    899, 
                    1124
                ]
            ]
        }, 
        "train": {
            "batch_size": 100, 
            "init_scale": 0.008481325966056948, 
            "num_iters": 10000, 
            "seed": 1, 
            "step_size": 0.001096711403860304
        }, 
        "varied_params": {
            "conv_width": 11.213944917720049, 
            "fp_depth": 1.953949538181928, 
            "fp_length": 80.66067631957463, 
            "h1_size": 56.00982806065844, 
            "log_L2_reg": -5.050178248366048, 
            "log_init_scale": -4.769888477480079, 
            "log_step_size": -6.81543920991142
        }
    }, 
    {
        "host_name": "schlumpfine", 
        "minutes_duration": 4.790419348080953, 
        "timestamp": "2021-07-09 20:12:23.564785", 
        "training_curve": [
            [
                0, 
                4.4538601381014145, 
                4.833873907716621
            ], 
            [
                526, 
                0.6524933558580599, 
                1.9772710637090447
            ], 
            [
                1052, 
                0.21680932184180707, 
                2.09130618878865
            ], 
            [
                1578, 
                0.12527019336394285, 
                2.2410935552531117
            ], 
            [
                2105, 
                0.11177514985861291, 
                2.3310663619671805
            ], 
            [
                2631, 
                0.11360351794914351, 
                2.408917473584844
            ], 
            [
                3157, 
                0.1221627924772697, 
                2.504088609345549
            ], 
            [
                3683, 
                0.13200339415166246, 
                2.59216414552569
            ], 
            [
                4210, 
                0.14584657971500198, 
                2.697092282010785
            ], 
            [
                4736, 
                0.15964794199228596, 
                2.76414900954002
            ], 
            [
                5262, 
                0.16935476421407547, 
                2.8317674630348884
            ], 
            [
                5788, 
                0.17990481748036902, 
                2.9952027625439817
            ], 
            [
                6315, 
                0.18780178453780805, 
                3.0280940006989496
            ], 
            [
                6841, 
                0.195629170776652, 
                3.0494744048381746
            ], 
            [
                7367, 
                0.2002336801006797, 
                3.0971657153095102
            ], 
            [
                7893, 
                0.20652199853399372, 
                3.1937346690232222
            ], 
            [
                8420, 
                0.21198477176971686, 
                3.128350928413991
            ], 
            [
                8946, 
                0.21273895443501548, 
                3.2354753089156207
            ], 
            [
                9472, 
                0.21717499635245183, 
                3.1623102407292083
            ], 
            [
                9999, 
                0.2148816089120638, 
                3.239839854448938
            ]
        ]
    }
]