[
    {
        "jobnum": 11, 
        "model": {
            "L2_reg": 0.006408191094856293, 
            "conv_width": 11, 
            "fp_depth": 2, 
            "fp_length": 23, 
            "h1_size": 56, 
            "net_type": "conv_plus_linear"
        }, 
        "num_records": 20, 
        "task": {
            "name": "delaney", 
            "test_slices": [
                [
                    0, 
                    224
                ]
            ], 
            "train_slices": [
                [
                    449, 
                    674
                ], 
                [
                    674, 
                    899
                ], 
                [
                    899, 
                    1124
                ]
            ]
        }, 
        "train": {
            "batch_size": 100, 
            "init_scale": 0.008481325966056948, 
            "num_iters": 10000, 
            "seed": 1, 
            "step_size": 0.001096711403860304
        }, 
        "varied_params": {
            "conv_width": 11.213944917720049, 
            "fp_depth": 1.953949538181928, 
            "fp_length": 23.184519591063847, 
            "h1_size": 56.00982806065844, 
            "log_L2_reg": -5.050178248366048, 
            "log_init_scale": -4.769888477480079, 
            "log_step_size": -6.81543920991142
        }
    }, 
    {
        "host_name": "schlaubi", 
        "minutes_duration": 117.86419115066528, 
        "timestamp": "2021-07-09 19:04:25.233852", 
        "training_curve": [
            [
                0, 
                4.5349284458449395, 
                4.921477445122407
            ], 
            [
                526, 
                0.7300345222827234, 
                0.9780085480311774
            ], 
            [
                1052, 
                0.4869603788169405, 
                0.6656892296537312
            ], 
            [
                1578, 
                0.37292141978393123, 
                0.5934864143581577
            ], 
            [
                2105, 
                0.3138396520301144, 
                0.600460652123621
            ], 
            [
                2631, 
                0.2781988992148284, 
                0.5997311688528525
            ], 
            [
                3157, 
                0.25148111939478857, 
                0.6214144214016565
            ], 
            [
                3683, 
                0.2301104233265436, 
                0.6476165319174808
            ], 
            [
                4210, 
                0.21031150752168346, 
                0.6663411401070533
            ], 
            [
                4736, 
                0.20068683025839054, 
                0.6927437643300084
            ], 
            [
                5262, 
                0.18769083647082357, 
                0.7005984447651618
            ], 
            [
                5788, 
                0.18240973116226608, 
                0.7133838852123997
            ], 
            [
                6315, 
                0.17402783254894796, 
                0.739330359168897
            ], 
            [
                6841, 
                0.1751881231373588, 
                0.7386162600105737
            ], 
            [
                7367, 
                0.18572177312022473, 
                0.8105927570788111
            ], 
            [
                7893, 
                0.1733265804882719, 
                0.8192764809338645
            ], 
            [
                8420, 
                0.16816404838099977, 
                0.7913578823851658
            ], 
            [
                8946, 
                0.18094425467836664, 
                0.8593386675680981
            ], 
            [
                9472, 
                0.1947002241236793, 
                0.8745331081101072
            ], 
            [
                9999, 
                0.1605823488409487, 
                0.8158377763840249
            ]
        ]
    }
]