[
    {
        "jobnum": 11, 
        "model": {
            "L2_reg": 0.006408191094856293, 
            "conv_width": 11, 
            "fp_depth": 2, 
            "fp_length": 23, 
            "h1_size": 56, 
            "net_type": "conv_plus_net"
        }, 
        "num_records": 20, 
        "task": {
            "name": "delaney", 
            "test_slices": [
                [
                    0, 
                    224
                ]
            ], 
            "train_slices": [
                [
                    449, 
                    674
                ], 
                [
                    674, 
                    899
                ], 
                [
                    899, 
                    1124
                ]
            ]
        }, 
        "train": {
            "batch_size": 100, 
            "init_scale": 0.008481325966056948, 
            "num_iters": 10000, 
            "seed": 1, 
            "step_size": 0.001096711403860304
        }, 
        "varied_params": {
            "conv_width": 11.213944917720049, 
            "fp_depth": 1.953949538181928, 
            "fp_length": 23.184519591063847, 
            "h1_size": 56.00982806065844, 
            "log_L2_reg": -5.050178248366048, 
            "log_init_scale": -4.769888477480079, 
            "log_step_size": -6.81543920991142
        }
    }, 
    {
        "host_name": "schlaubi", 
        "minutes_duration": 117.51363503138224, 
        "timestamp": "2021-07-09 17:05:13.879113", 
        "training_curve": [
            [
                0, 
                4.452070443048537, 
                4.832936308558915
            ], 
            [
                526, 
                0.4496471556751651, 
                0.5821597115628805
            ], 
            [
                1052, 
                0.3391872017406077, 
                0.5188356859053777
            ], 
            [
                1578, 
                0.2834498447528522, 
                0.5040531771502993
            ], 
            [
                2105, 
                0.2542831281889142, 
                0.5164846888977752
            ], 
            [
                2631, 
                0.23018713290839987, 
                0.5181220496740315
            ], 
            [
                3157, 
                0.20675307229778236, 
                0.5232711099585118
            ], 
            [
                3683, 
                0.19204230923814222, 
                0.5479408985064269
            ], 
            [
                4210, 
                0.18811798783434522, 
                0.5768863960854479
            ], 
            [
                4736, 
                0.17980881881559543, 
                0.5649467649762746
            ], 
            [
                5262, 
                0.19611422021631092, 
                0.6250816418522475
            ], 
            [
                5788, 
                0.15677183148200918, 
                0.5932098063038811
            ], 
            [
                6315, 
                0.15228784846354312, 
                0.603881983831502
            ], 
            [
                6841, 
                0.15182554753395838, 
                0.6110649888609387
            ], 
            [
                7367, 
                0.14575412828682818, 
                0.6772977300991417
            ], 
            [
                7893, 
                0.15382886364606527, 
                0.682852005629974
            ], 
            [
                8420, 
                0.1312660400108189, 
                0.6577314519555066
            ], 
            [
                8946, 
                0.12793945807980017, 
                0.6748438167389372
            ], 
            [
                9472, 
                0.13826439858253523, 
                0.7241696720386616
            ], 
            [
                9999, 
                0.12660497178163502, 
                0.7202819037852696
            ]
        ]
    }
]