[
    {
        "jobnum": 12, 
        "model": {
            "L2_reg": 0.16299828947213768, 
            "conv_width": 14, 
            "fp_depth": 1, 
            "fp_length": 953, 
            "h1_size": 78, 
            "net_type": "morgan_plus_linear"
        }, 
        "num_records": 20, 
        "task": {
            "name": "delaney", 
            "test_slices": [
                [
                    0, 
                    224
                ]
            ], 
            "train_slices": [
                [
                    449, 
                    674
                ], 
                [
                    674, 
                    899
                ], 
                [
                    899, 
                    1124
                ]
            ]
        }, 
        "train": {
            "batch_size": 100, 
            "init_scale": 0.0378442657541654, 
            "num_iters": 10000, 
            "seed": 1, 
            "step_size": 0.0009697793018287504
        }, 
        "varied_params": {
            "conv_width": 13.639197433342689, 
            "fp_depth": 1.281821532275325, 
            "fp_length": 952.7305671568238, 
            "h1_size": 78.33007271032875, 
            "log_L2_reg": -1.8140155722664026, 
            "log_init_scale": -3.2742758098052946, 
            "log_step_size": -6.938442036242218
        }
    }, 
    {
        "host_name": "schlumpfine", 
        "minutes_duration": 2.5395418485005696, 
        "timestamp": "2021-07-09 15:30:19.529437", 
        "training_curve": [
            [
                0, 
                4.726725893624844, 
                5.018194292580949
            ], 
            [
                526, 
                1.3216212235663167, 
                1.9804683165520616
            ], 
            [
                1052, 
                0.8711912056190458, 
                1.732861647429426
            ], 
            [
                1578, 
                0.7019623293226673, 
                1.7046565974253032
            ], 
            [
                2105, 
                0.6183540023452779, 
                1.7246928613923997
            ], 
            [
                2631, 
                0.5696354699405376, 
                1.7489990635340535
            ], 
            [
                3157, 
                0.5379361060008925, 
                1.7711502528649044
            ], 
            [
                3683, 
                0.5157679931070169, 
                1.793180580686702
            ], 
            [
                4210, 
                0.49949196635468895, 
                1.8164375713999807
            ], 
            [
                4736, 
                0.4872397514960736, 
                1.8415347940485662
            ], 
            [
                5262, 
                0.47780834566049885, 
                1.8668875253161175
            ], 
            [
                5788, 
                0.4704325408064344, 
                1.8910065352742222
            ], 
            [
                6315, 
                0.4646165359487172, 
                1.9135363669393877
            ], 
            [
                6841, 
                0.4599455840932749, 
                1.933526633058843
            ], 
            [
                7367, 
                0.4561598924740506, 
                1.9513199268404653
            ], 
            [
                7893, 
                0.4530557582685437, 
                1.9674284296126352
            ], 
            [
                8420, 
                0.450467042745479, 
                1.9820313365276867
            ], 
            [
                8946, 
                0.4483276833891445, 
                1.9952005156418327
            ], 
            [
                9472, 
                0.4465066981940847, 
                2.0071303688926694
            ], 
            [
                9999, 
                0.44493496388282083, 
                2.0177210836386865
            ]
        ]
    }
]