[
    {
        "jobnum": 12, 
        "model": {
            "L2_reg": 0.16299828947213768, 
            "conv_width": 14, 
            "fp_depth": 1, 
            "fp_length": 120, 
            "h1_size": 78, 
            "net_type": "conv_plus_linear"
        }, 
        "num_records": 20, 
        "task": {
            "name": "delaney", 
            "test_slices": [
                [
                    0, 
                    224
                ]
            ], 
            "train_slices": [
                [
                    449, 
                    674
                ], 
                [
                    674, 
                    899
                ], 
                [
                    899, 
                    1124
                ]
            ]
        }, 
        "train": {
            "batch_size": 100, 
            "init_scale": 0.0378442657541654, 
            "num_iters": 10000, 
            "seed": 1, 
            "step_size": 0.0009697793018287504
        }, 
        "varied_params": {
            "conv_width": 13.639197433342689, 
            "fp_depth": 1.281821532275325, 
            "fp_length": 120.08117412853598, 
            "h1_size": 78.33007271032875, 
            "log_L2_reg": -1.8140155722664026, 
            "log_init_scale": -3.2742758098052946, 
            "log_step_size": -6.938442036242218
        }
    }, 
    {
        "host_name": "handy", 
        "minutes_duration": 33.52457468509674, 
        "timestamp": "2021-07-09 17:41:05.524408", 
        "training_curve": [
            [
                0, 
                5.145237516462073, 
                5.55411857574204
            ], 
            [
                526, 
                1.1537621209988318, 
                1.4389445488028902
            ], 
            [
                1052, 
                0.736814644379, 
                0.9775222374184056
            ], 
            [
                1578, 
                0.6037171971679182, 
                0.8066661322774646
            ], 
            [
                2105, 
                0.5063106893049111, 
                0.6733424784081928
            ], 
            [
                2631, 
                0.46598694618966985, 
                0.6263210023580884
            ], 
            [
                3157, 
                0.4378969470484964, 
                0.6040097915809721
            ], 
            [
                3683, 
                0.4164095036239358, 
                0.5936058253521507
            ], 
            [
                4210, 
                0.39546554951904145, 
                0.5865984830551488
            ], 
            [
                4736, 
                0.37797385137138434, 
                0.5795014338755307
            ], 
            [
                5262, 
                0.3639668843243234, 
                0.5798417939290653
            ], 
            [
                5788, 
                0.35239978491636587, 
                0.5828003282681777
            ], 
            [
                6315, 
                0.34243731104335023, 
                0.5917479484833289
            ], 
            [
                6841, 
                0.332527249268348, 
                0.5966924085945512
            ], 
            [
                7367, 
                0.3237250919535231, 
                0.603699544229034
            ], 
            [
                7893, 
                0.31540869395404547, 
                0.6085815575681659
            ], 
            [
                8420, 
                0.30872142054345025, 
                0.6118519648499635
            ], 
            [
                8946, 
                0.30332767497878727, 
                0.6193631831653198
            ], 
            [
                9472, 
                0.2985179145046385, 
                0.6252739851929183
            ], 
            [
                9999, 
                0.2906581299709471, 
                0.6250991422473717
            ]
        ]
    }
]