[
    {
        "jobnum": 12, 
        "model": {
            "L2_reg": 0.16299828947213768, 
            "conv_width": 14, 
            "fp_depth": 1, 
            "fp_length": 120, 
            "h1_size": 78, 
            "net_type": "conv_plus_net"
        }, 
        "num_records": 20, 
        "task": {
            "name": "delaney", 
            "test_slices": [
                [
                    0, 
                    224
                ]
            ], 
            "train_slices": [
                [
                    449, 
                    674
                ], 
                [
                    674, 
                    899
                ], 
                [
                    899, 
                    1124
                ]
            ]
        }, 
        "train": {
            "batch_size": 100, 
            "init_scale": 0.0378442657541654, 
            "num_iters": 10000, 
            "seed": 1, 
            "step_size": 0.0009697793018287504
        }, 
        "varied_params": {
            "conv_width": 13.639197433342689, 
            "fp_depth": 1.281821532275325, 
            "fp_length": 120.08117412853598, 
            "h1_size": 78.33007271032875, 
            "log_L2_reg": -1.8140155722664026, 
            "log_init_scale": -3.2742758098052946, 
            "log_step_size": -6.938442036242218
        }
    }, 
    {
        "host_name": "hefty", 
        "minutes_duration": 216.027134680748, 
        "timestamp": "2021-07-09 18:43:44.153818", 
        "training_curve": [
            [
                0, 
                4.453129175611123, 
                4.834719378554426
            ], 
            [
                526, 
                0.5451454455867201, 
                0.6632485303354253
            ], 
            [
                1052, 
                0.3351795998986738, 
                0.5004636245017077
            ], 
            [
                1578, 
                0.27265387089325455, 
                0.468282361373824
            ], 
            [
                2105, 
                0.2442594168598091, 
                0.4533000982934824
            ], 
            [
                2631, 
                0.22451334159302275, 
                0.44781622036872104
            ], 
            [
                3157, 
                0.20334898196098972, 
                0.45418374983439885
            ], 
            [
                3683, 
                0.18522914945036545, 
                0.4572791635550048
            ], 
            [
                4210, 
                0.17271975273796417, 
                0.45558631704466396
            ], 
            [
                4736, 
                0.1673856657905753, 
                0.45699916036757177
            ], 
            [
                5262, 
                0.15998643695824452, 
                0.5017684667259489
            ], 
            [
                5788, 
                0.150455844860889, 
                0.47232582067778356
            ], 
            [
                6315, 
                0.147169020394867, 
                0.5107421174838562
            ], 
            [
                6841, 
                0.13354885336341862, 
                0.5022444189272112
            ], 
            [
                7367, 
                0.13155611198224254, 
                0.49195470814601616
            ], 
            [
                7893, 
                0.1309204425599734, 
                0.5253641270847645
            ], 
            [
                8420, 
                0.1264785754712355, 
                0.49918913750345884
            ], 
            [
                8946, 
                0.11900636046318461, 
                0.5011217864396234
            ], 
            [
                9472, 
                0.14075357349917486, 
                0.5830165977349109
            ], 
            [
                9999, 
                0.11721722068969972, 
                0.5024202585828307
            ]
        ]
    }
]