[
    {
        "jobnum": 12, 
        "model": {
            "L2_reg": 0.16299828947213768, 
            "conv_width": 14, 
            "fp_depth": 1, 
            "fp_length": 953, 
            "h1_size": 78, 
            "net_type": "morgan_plus_net"
        }, 
        "num_records": 20, 
        "task": {
            "name": "delaney", 
            "test_slices": [
                [
                    0, 
                    224
                ]
            ], 
            "train_slices": [
                [
                    449, 
                    674
                ], 
                [
                    674, 
                    899
                ], 
                [
                    899, 
                    1124
                ]
            ]
        }, 
        "train": {
            "batch_size": 100, 
            "init_scale": 0.0378442657541654, 
            "num_iters": 10000, 
            "seed": 1, 
            "step_size": 0.0009697793018287504
        }, 
        "varied_params": {
            "conv_width": 13.639197433342689, 
            "fp_depth": 1.281821532275325, 
            "fp_length": 952.7305671568238, 
            "h1_size": 78.33007271032875, 
            "log_L2_reg": -1.8140155722664026, 
            "log_init_scale": -3.2742758098052946, 
            "log_step_size": -6.938442036242218
        }
    }, 
    {
        "host_name": "hefty", 
        "minutes_duration": 52.28889291683833, 
        "timestamp": "2021-07-09 21:00:54.282413", 
        "training_curve": [
            [
                0, 
                4.443168521418047, 
                4.807544009126745
            ], 
            [
                526, 
                0.29319999524501456, 
                1.3749655530095661
            ], 
            [
                1052, 
                0.3603762393871252, 
                1.4879078546879254
            ], 
            [
                1578, 
                0.4586810799038063, 
                1.5795743532577444
            ], 
            [
                2105, 
                0.5217709812683876, 
                1.6545062923610645
            ], 
            [
                2631, 
                0.581316459839957, 
                1.7193826798360472
            ], 
            [
                3157, 
                0.5868580068239796, 
                1.7504152554055525
            ], 
            [
                3683, 
                0.5940821807542007, 
                1.799241075566314
            ], 
            [
                4210, 
                0.5937036640630249, 
                1.8017122983088913
            ], 
            [
                4736, 
                0.5905953720086189, 
                1.7853281304694864
            ], 
            [
                5262, 
                0.5819209827637748, 
                1.8173069225412437
            ], 
            [
                5788, 
                0.6010356477285198, 
                1.8475830464628145
            ], 
            [
                6315, 
                0.5719662039032799, 
                1.7992219390012654
            ], 
            [
                6841, 
                0.5810844473954805, 
                1.7911042234181005
            ], 
            [
                7367, 
                0.573924317016313, 
                1.802791631392213
            ], 
            [
                7893, 
                0.5674556671421213, 
                1.8197475546786681
            ], 
            [
                8420, 
                0.5603713330050064, 
                1.803122696095427
            ], 
            [
                8946, 
                0.5505179902735123, 
                1.8177161713173242
            ], 
            [
                9472, 
                0.5574224818972014, 
                1.8178971844620777
            ], 
            [
                9999, 
                0.5639180680008667, 
                1.799351759807618
            ]
        ]
    }
]