[
    {
        "jobnum": 14, 
        "model": {
            "L2_reg": 0.5613179907412793, 
            "conv_width": 16, 
            "fp_depth": 2, 
            "fp_length": 986, 
            "h1_size": 91, 
            "net_type": "mean"
        }, 
        "num_records": 20, 
        "task": {
            "name": "delaney", 
            "test_slices": [
                [
                    0, 
                    224
                ]
            ], 
            "train_slices": [
                [
                    449, 
                    674
                ], 
                [
                    674, 
                    899
                ], 
                [
                    899, 
                    1124
                ]
            ]
        }, 
        "train": {
            "batch_size": 100, 
            "init_scale": 0.05003599792599834, 
            "num_iters": 10000, 
            "seed": 1, 
            "step_size": 0.0003418227961038568
        }, 
        "varied_params": {
            "conv_width": 16.027910331838925, 
            "fp_depth": 1.8100239195764947, 
            "fp_length": 985.8860534783778, 
            "h1_size": 91.44700146086817, 
            "log_L2_reg": -0.5774677056301591, 
            "log_init_scale": -2.995012574079832, 
            "log_step_size": -7.981218095229812
        }
    }, 
    {
        "host_name": "schlaubi", 
        "minutes_duration": 0.07813119888305664, 
        "timestamp": "2021-07-09 20:38:22.067280", 
        "training_curve": [
            [
                0, 
                4.482923178342382, 
                4.874854523175986
            ], 
            [
                526, 
                4.454447038946765, 
                4.836958000323975
            ], 
            [
                1052, 
                4.4536099984460575, 
                4.834754355977426
            ], 
            [
                1578, 
                4.453570920524853, 
                4.834573398376388
            ], 
            [
                2105, 
                4.453567120216007, 
                4.834553776103318
            ], 
            [
                2631, 
                4.45356557501962, 
                4.834545660874308
            ], 
            [
                3157, 
                4.453565893353635, 
                4.834547339468078
            ], 
            [
                3683, 
                4.453567558458273, 
                4.834556062925737
            ], 
            [
                4210, 
                4.453567421816439, 
                4.834555350596169
            ], 
            [
                4736, 
                4.453567880097092, 
                4.834557737210296
            ], 
            [
                5262, 
                4.453566811710604, 
                4.834552162390017
            ], 
            [
                5788, 
                4.453565540624501, 
                4.834545479295
            ], 
            [
                6315, 
                4.453567559977345, 
                4.834556070841329
            ], 
            [
                6841, 
                4.453567506731427, 
                4.83455579334114
            ], 
            [
                7367, 
                4.453567422669123, 
                4.834555355043248
            ], 
            [
                7893, 
                4.453567880938327, 
                4.834557741584825
            ], 
            [
                8420, 
                4.453565540340883, 
                4.834545477797546
            ], 
            [
                8946, 
                4.453565887882765, 
                4.834547310649664
            ], 
            [
                9472, 
                4.4535675601023605, 
                4.834556071492756
            ], 
            [
                9999, 
                4.453567422704454, 
                4.83455535522751
            ]
        ]
    }
]