[
    {
        "jobnum": 14, 
        "model": {
            "L2_reg": 0.5613179907412793, 
            "conv_width": 16, 
            "fp_depth": 2, 
            "fp_length": 124, 
            "h1_size": 91, 
            "net_type": "conv_plus_linear"
        }, 
        "num_records": 20, 
        "task": {
            "name": "delaney", 
            "test_slices": [
                [
                    0, 
                    224
                ]
            ], 
            "train_slices": [
                [
                    449, 
                    674
                ], 
                [
                    674, 
                    899
                ], 
                [
                    899, 
                    1124
                ]
            ]
        }, 
        "train": {
            "batch_size": 100, 
            "init_scale": 0.05003599792599834, 
            "num_iters": 10000, 
            "seed": 1, 
            "step_size": 0.0003418227961038568
        }, 
        "varied_params": {
            "conv_width": 16.027910331838925, 
            "fp_depth": 1.8100239195764947, 
            "fp_length": 123.76511705315308, 
            "h1_size": 91.44700146086817, 
            "log_L2_reg": -0.5774677056301591, 
            "log_init_scale": -2.995012574079832, 
            "log_step_size": -7.981218095229812
        }
    }, 
    {
        "host_name": "hefty", 
        "minutes_duration": 297.59165995121003, 
        "timestamp": "2021-07-09 22:10:11.274714", 
        "training_curve": [
            [
                0, 
                4.270489894306054, 
                4.584306521704804
            ], 
            [
                526, 
                1.6534220442959935, 
                2.001261663467132
            ], 
            [
                1052, 
                0.8851963006795611, 
                1.1498172819198074
            ], 
            [
                1578, 
                0.6883786781495553, 
                0.8808475505171004
            ], 
            [
                2105, 
                0.5784637976177635, 
                0.7530112029780154
            ], 
            [
                2631, 
                0.5062292498108399, 
                0.6704928823365828
            ], 
            [
                3157, 
                0.4527786151616862, 
                0.6167935053794739
            ], 
            [
                3683, 
                0.40789511310603876, 
                0.5779732609728147
            ], 
            [
                4210, 
                0.37185681730253917, 
                0.5563209669219014
            ], 
            [
                4736, 
                0.34283563728373595, 
                0.5451885879752394
            ], 
            [
                5262, 
                0.3184897559643725, 
                0.5397395478524698
            ], 
            [
                5788, 
                0.298293976153812, 
                0.5360459328254203
            ], 
            [
                6315, 
                0.27991853021246366, 
                0.5375661607587828
            ], 
            [
                6841, 
                0.2629658704379029, 
                0.5411576330542348
            ], 
            [
                7367, 
                0.24772777078844682, 
                0.5446050193520191
            ], 
            [
                7893, 
                0.23391915340069966, 
                0.5492617228338686
            ], 
            [
                8420, 
                0.22198584788343, 
                0.5531417728060596
            ], 
            [
                8946, 
                0.20980608416900992, 
                0.5608166055780821
            ], 
            [
                9472, 
                0.19816409754048966, 
                0.5699732835196476
            ], 
            [
                9999, 
                0.18790294033504798, 
                0.5781303845822547
            ]
        ]
    }
]