[
    {
        "jobnum": 14, 
        "model": {
            "L2_reg": 0.5613179907412793, 
            "conv_width": 16, 
            "fp_depth": 2, 
            "fp_length": 986, 
            "h1_size": 91, 
            "net_type": "morgan_plus_linear"
        }, 
        "num_records": 20, 
        "task": {
            "name": "delaney", 
            "test_slices": [
                [
                    0, 
                    224
                ]
            ], 
            "train_slices": [
                [
                    449, 
                    674
                ], 
                [
                    674, 
                    899
                ], 
                [
                    899, 
                    1124
                ]
            ]
        }, 
        "train": {
            "batch_size": 100, 
            "init_scale": 0.05003599792599834, 
            "num_iters": 10000, 
            "seed": 1, 
            "step_size": 0.0003418227961038568
        }, 
        "varied_params": {
            "conv_width": 16.027910331838925, 
            "fp_depth": 1.8100239195764947, 
            "fp_length": 985.8860534783778, 
            "h1_size": 91.44700146086817, 
            "log_L2_reg": -0.5774677056301591, 
            "log_init_scale": -2.995012574079832, 
            "log_step_size": -7.981218095229812
        }
    }, 
    {
        "host_name": "schlumpfine", 
        "minutes_duration": 2.493429783980052, 
        "timestamp": "2021-07-09 15:36:13.280027", 
        "training_curve": [
            [
                0, 
                4.328824368803887, 
                4.872440585659427
            ], 
            [
                526, 
                1.608113527367329, 
                2.3417909155243306
            ], 
            [
                1052, 
                1.0093572296407234, 
                1.9099641946663855
            ], 
            [
                1578, 
                0.7312326709394119, 
                1.8082488935169365
            ], 
            [
                2105, 
                0.5678914869211883, 
                1.8078112684174776
            ], 
            [
                2631, 
                0.46078274530066926, 
                1.844389202039585
            ], 
            [
                3157, 
                0.3859246966055251, 
                1.8962884231108978
            ], 
            [
                3683, 
                0.33159677326257325, 
                1.9531224402881615
            ], 
            [
                4210, 
                0.29102582819759054, 
                2.0087478103119896
            ], 
            [
                4736, 
                0.26018428985030384, 
                2.0599912310188455
            ], 
            [
                5262, 
                0.23625664332406915, 
                2.10508866040331
            ], 
            [
                5788, 
                0.21742643499650222, 
                2.1443369657924376
            ], 
            [
                6315, 
                0.20245241498235364, 
                2.178458782295112
            ], 
            [
                6841, 
                0.1904960283678668, 
                2.208180703067177
            ], 
            [
                7367, 
                0.180896100885136, 
                2.234379083481255
            ], 
            [
                7893, 
                0.1731658832085922, 
                2.257702123256314
            ], 
            [
                8420, 
                0.16690621284746773, 
                2.277883769668633
            ], 
            [
                8946, 
                0.16186021898237557, 
                2.2953401311688535
            ], 
            [
                9472, 
                0.1577613062882193, 
                2.3104575497533135
            ], 
            [
                9999, 
                0.15441138427520307, 
                2.3235254337707
            ]
        ]
    }
]