[
    {
        "jobnum": 14, 
        "model": {
            "L2_reg": 0.5613179907412793, 
            "conv_width": 16, 
            "fp_depth": 2, 
            "fp_length": 986, 
            "h1_size": 91, 
            "net_type": "morgan_plus_net"
        }, 
        "num_records": 20, 
        "task": {
            "name": "delaney", 
            "test_slices": [
                [
                    0, 
                    224
                ]
            ], 
            "train_slices": [
                [
                    449, 
                    674
                ], 
                [
                    674, 
                    899
                ], 
                [
                    899, 
                    1124
                ]
            ]
        }, 
        "train": {
            "batch_size": 100, 
            "init_scale": 0.05003599792599834, 
            "num_iters": 10000, 
            "seed": 1, 
            "step_size": 0.0003418227961038568
        }, 
        "varied_params": {
            "conv_width": 16.027910331838925, 
            "fp_depth": 1.8100239195764947, 
            "fp_length": 985.8860534783778, 
            "h1_size": 91.44700146086817, 
            "log_L2_reg": -0.5774677056301591, 
            "log_init_scale": -2.995012574079832, 
            "log_step_size": -7.981218095229812
        }
    }, 
    {
        "host_name": "papaschlumpf", 
        "minutes_duration": 48.412837183475496, 
        "timestamp": "2021-07-09 20:57:31.511416", 
        "training_curve": [
            [
                0, 
                4.499115271565312, 
                4.866683733726068
            ], 
            [
                526, 
                0.1604607823854335, 
                1.4358222336531414
            ], 
            [
                1052, 
                0.08860163574106905, 
                1.4925760917098105
            ], 
            [
                1578, 
                0.09657155622627973, 
                1.5209079103628784
            ], 
            [
                2105, 
                0.11588746140218634, 
                1.5556193200033113
            ], 
            [
                2631, 
                0.14154297267301974, 
                1.6180629495346444
            ], 
            [
                3157, 
                0.1714498333585468, 
                1.6958239975593712
            ], 
            [
                3683, 
                0.20231718630032547, 
                1.7712163507041094
            ], 
            [
                4210, 
                0.2161870510636273, 
                1.7915872220054379
            ], 
            [
                4736, 
                0.22988237281097645, 
                1.815082523279793
            ], 
            [
                5262, 
                0.23471825123545292, 
                1.8161942071247346
            ], 
            [
                5788, 
                0.23598044177981167, 
                1.8112639218600175
            ], 
            [
                6315, 
                0.2332343895639787, 
                1.795265172473528
            ], 
            [
                6841, 
                0.23784221634383781, 
                1.8004070738790665
            ], 
            [
                7367, 
                0.23678462871080252, 
                1.7928468339371928
            ], 
            [
                7893, 
                0.2351916122771614, 
                1.7799336337605252
            ], 
            [
                8420, 
                0.23467586107810257, 
                1.7704483438681067
            ], 
            [
                8946, 
                0.23215424803262993, 
                1.7657724797027428
            ], 
            [
                9472, 
                0.2361431453903006, 
                1.7729118182931443
            ], 
            [
                9999, 
                0.23084770635826493, 
                1.7535418127935947
            ]
        ]
    }
]