[
    {
        "jobnum": 14, 
        "model": {
            "L2_reg": 0.5613179907412793, 
            "conv_width": 16, 
            "fp_depth": 2, 
            "fp_length": 124, 
            "h1_size": 91, 
            "net_type": "conv_plus_net"
        }, 
        "num_records": 20, 
        "task": {
            "name": "delaney", 
            "test_slices": [
                [
                    0, 
                    224
                ]
            ], 
            "train_slices": [
                [
                    449, 
                    674
                ], 
                [
                    674, 
                    899
                ], 
                [
                    899, 
                    1124
                ]
            ]
        }, 
        "train": {
            "batch_size": 100, 
            "init_scale": 0.05003599792599834, 
            "num_iters": 10000, 
            "seed": 1, 
            "step_size": 0.0003418227961038568
        }, 
        "varied_params": {
            "conv_width": 16.027910331838925, 
            "fp_depth": 1.8100239195764947, 
            "fp_length": 123.76511705315308, 
            "h1_size": 91.44700146086817, 
            "log_L2_reg": -0.5774677056301591, 
            "log_init_scale": -2.995012574079832, 
            "log_step_size": -7.981218095229812
        }
    }, 
    {
        "host_name": "hefty", 
        "minutes_duration": 340.5338268995285, 
        "timestamp": "2021-07-09 20:48:14.551380", 
        "training_curve": [
            [
                0, 
                4.440707744806468, 
                4.828494825122995
            ], 
            [
                526, 
                0.8198264867038493, 
                0.8188777612363972
            ], 
            [
                1052, 
                0.44014524177151526, 
                0.5534685247020616
            ], 
            [
                1578, 
                0.33967977658814846, 
                0.49400649765266114
            ], 
            [
                2105, 
                0.2772184357466912, 
                0.46578421668463565
            ], 
            [
                2631, 
                0.24524977391581027, 
                0.4576302752091192
            ], 
            [
                3157, 
                0.22311067799404596, 
                0.44821843020351754
            ], 
            [
                3683, 
                0.20684859680112533, 
                0.4449918926206098
            ], 
            [
                4210, 
                0.19376944617571107, 
                0.44348248765573844
            ], 
            [
                4736, 
                0.18435641161050545, 
                0.4406111841440185
            ], 
            [
                5262, 
                0.1773829918086995, 
                0.44014718542516384
            ], 
            [
                5788, 
                0.16981601314508757, 
                0.4425102278370856
            ], 
            [
                6315, 
                0.16212173773331673, 
                0.4487650793663852
            ], 
            [
                6841, 
                0.1537706408688171, 
                0.4555352637025849
            ], 
            [
                7367, 
                0.14968705822628106, 
                0.47054569883850406
            ], 
            [
                7893, 
                0.1460316790408029, 
                0.4827616036424854
            ], 
            [
                8420, 
                0.13904392264013907, 
                0.48361095260336195
            ], 
            [
                8946, 
                0.13705395948138688, 
                0.5008263749434942
            ], 
            [
                9472, 
                0.13515177109803897, 
                0.5047155730413965
            ], 
            [
                9999, 
                0.13004952026450267, 
                0.5165254454464773
            ]
        ]
    }
]