[
    {
        "jobnum": 15, 
        "model": {
            "L2_reg": 0.24123474988499183, 
            "conv_width": 19, 
            "fp_depth": 2, 
            "fp_length": 66, 
            "h1_size": 79, 
            "net_type": "conv_plus_net"
        }, 
        "num_records": 20, 
        "task": {
            "name": "delaney", 
            "test_slices": [
                [
                    0, 
                    224
                ]
            ], 
            "train_slices": [
                [
                    449, 
                    674
                ], 
                [
                    674, 
                    899
                ], 
                [
                    899, 
                    1124
                ]
            ]
        }, 
        "train": {
            "batch_size": 100, 
            "init_scale": 0.004581931293729009, 
            "num_iters": 10000, 
            "seed": 1, 
            "step_size": 0.003582006090948924
        }, 
        "varied_params": {
            "conv_width": 19.291235172754774, 
            "fp_depth": 1.669244897921855, 
            "fp_length": 66.07804240517427, 
            "h1_size": 78.80786672089184, 
            "log_L2_reg": -1.421984753673013, 
            "log_init_scale": -5.385634689884512, 
            "log_step_size": -5.631832274912644
        }
    }, 
    {
        "host_name": "hefty", 
        "minutes_duration": 271.78756904999415, 
        "timestamp": "2021-07-09 19:39:29.771998", 
        "training_curve": [
            [
                0, 
                4.454021090139598, 
                4.83562807014603
            ], 
            [
                526, 
                0.3651118290752672, 
                0.6215329352511457
            ], 
            [
                1052, 
                0.22803585471796542, 
                0.5592710144327083
            ], 
            [
                1578, 
                0.1856101809483348, 
                0.5841619338204319
            ], 
            [
                2105, 
                0.14644747401924207, 
                0.5297369031992695
            ], 
            [
                2631, 
                0.11149966167663324, 
                0.5648121860406325
            ], 
            [
                3157, 
                0.11629707382584357, 
                0.5905444102010085
            ], 
            [
                3683, 
                0.11754224403526875, 
                0.6056229386451975
            ], 
            [
                4210, 
                0.09606032263279966, 
                0.5118190455760697
            ], 
            [
                4736, 
                0.10854092592614607, 
                0.533503442940382
            ], 
            [
                5262, 
                0.0829006730761791, 
                0.5175434131048288
            ], 
            [
                5788, 
                0.08984450514797258, 
                0.5363432911867063
            ], 
            [
                6315, 
                0.09833278482766442, 
                0.5212006261359806
            ], 
            [
                6841, 
                0.11528121826658042, 
                0.5305385214876223
            ], 
            [
                7367, 
                0.09864967705493667, 
                0.5522170788614885
            ], 
            [
                7893, 
                0.09052923338394572, 
                0.5369997984300213
            ], 
            [
                8420, 
                0.09520852839409037, 
                0.5540913029116644
            ], 
            [
                8946, 
                0.07867145287012652, 
                0.5441033204328244
            ], 
            [
                9472, 
                0.07570117806708956, 
                0.5379778868777184
            ], 
            [
                9999, 
                0.0727248990637308, 
                0.5645992699314751
            ]
        ]
    }
]