[
    {
        "jobnum": 15, 
        "model": {
            "L2_reg": 0.24123474988499183, 
            "conv_width": 19, 
            "fp_depth": 2, 
            "fp_length": 467, 
            "h1_size": 79, 
            "net_type": "mean"
        }, 
        "num_records": 20, 
        "task": {
            "name": "delaney", 
            "test_slices": [
                [
                    0, 
                    224
                ]
            ], 
            "train_slices": [
                [
                    449, 
                    674
                ], 
                [
                    674, 
                    899
                ], 
                [
                    899, 
                    1124
                ]
            ]
        }, 
        "train": {
            "batch_size": 100, 
            "init_scale": 0.004581931293729009, 
            "num_iters": 10000, 
            "seed": 1, 
            "step_size": 0.003582006090948924
        }, 
        "varied_params": {
            "conv_width": 19.291235172754774, 
            "fp_depth": 1.669244897921855, 
            "fp_length": 466.70238164656837, 
            "h1_size": 78.80786672089184, 
            "log_L2_reg": -1.421984753673013, 
            "log_init_scale": -5.385634689884512, 
            "log_step_size": -5.631832274912644
        }
    }, 
    {
        "host_name": "schlaubi", 
        "minutes_duration": 0.07763069868087769, 
        "timestamp": "2021-07-09 20:38:22.012590", 
        "training_curve": [
            [
                0, 
                4.453751150973052, 
                4.835258976964579
            ], 
            [
                526, 
                4.453573538797666, 
                4.8345866555117905
            ], 
            [
                1052, 
                4.453573012463042, 
                4.8345840069251285
            ], 
            [
                1578, 
                4.453572108802765, 
                4.834579440494157
            ], 
            [
                2105, 
                4.45356556455208, 
                4.834545605618276
            ], 
            [
                2631, 
                4.453553016943672, 
                4.834476285289938
            ], 
            [
                3157, 
                4.453556324628961, 
                4.834495208647352
            ], 
            [
                3683, 
                4.453573572383653, 
                4.83458682424613
            ], 
            [
                4210, 
                4.453572113870561, 
                4.834579466171034
            ], 
            [
                4736, 
                4.453577141235416, 
                4.834604571505736
            ], 
            [
                5262, 
                4.453565566548115, 
                4.834545616155237
            ], 
            [
                5788, 
                4.453553018096362, 
                4.834476291975629
            ], 
            [
                6315, 
                4.453573572942697, 
                4.834586827054461
            ], 
            [
                6841, 
                4.453573024269403, 
                4.834584066425475
            ], 
            [
                7367, 
                4.453572114167948, 
                4.834579467677778
            ], 
            [
                7893, 
                4.453577141402995, 
                4.834604572330803
            ], 
            [
                8420, 
                4.45355301814043, 
                4.8344762922312166
            ], 
            [
                8946, 
                4.453556325321026, 
                4.834495212553709
            ], 
            [
                9472, 
                4.453573572983071, 
                4.8345868272572785
            ], 
            [
                9999, 
                4.453572114180011, 
                4.8345794677388865
            ]
        ]
    }
]