[
    {
        "jobnum": 16, 
        "model": {
            "L2_reg": 1.665928386655229, 
            "conv_width": 18, 
            "fp_depth": 2, 
            "fp_length": 81, 
            "h1_size": 85, 
            "net_type": "conv_plus_net"
        }, 
        "num_records": 20, 
        "task": {
            "name": "delaney", 
            "test_slices": [
                [
                    0, 
                    224
                ]
            ], 
            "train_slices": [
                [
                    449, 
                    674
                ], 
                [
                    674, 
                    899
                ], 
                [
                    899, 
                    1124
                ]
            ]
        }, 
        "train": {
            "batch_size": 100, 
            "init_scale": 0.003978137844587124, 
            "num_iters": 10000, 
            "seed": 1, 
            "step_size": 0.0011024148396445355
        }, 
        "varied_params": {
            "conv_width": 18.216547956667423, 
            "fp_depth": 2.189517222540954, 
            "fp_length": 81.10256173521617, 
            "h1_size": 84.97396376587523, 
            "log_L2_reg": 0.5103825576198178, 
            "log_init_scale": -5.526941447419411, 
            "log_step_size": -6.810252196579466
        }
    }, 
    {
        "host_name": "hefty", 
        "minutes_duration": 311.50645046631496, 
        "timestamp": "2021-07-09 20:19:12.904388", 
        "training_curve": [
            [
                0, 
                4.453752645022092, 
                4.834291823484115
            ], 
            [
                526, 
                0.45624191925313073, 
                0.6130939011554483
            ], 
            [
                1052, 
                0.31089202421080453, 
                0.5388479988919124
            ], 
            [
                1578, 
                0.2512983117530829, 
                0.5049275810613388
            ], 
            [
                2105, 
                0.2284074786182549, 
                0.5082095256436249
            ], 
            [
                2631, 
                0.20168146919919586, 
                0.5454763729120471
            ], 
            [
                3157, 
                0.20168789670984008, 
                0.5725655324264977
            ], 
            [
                3683, 
                0.19493702105271302, 
                0.5784902512517556
            ], 
            [
                4210, 
                0.1759604305269717, 
                0.5767892758768344
            ], 
            [
                4736, 
                0.16097044083959827, 
                0.6465063352012576
            ], 
            [
                5262, 
                0.14755075790769892, 
                0.6087585045415744
            ], 
            [
                5788, 
                0.17121025201922216, 
                0.6703011192543639
            ], 
            [
                6315, 
                0.15773438017675215, 
                0.6123673929030627
            ], 
            [
                6841, 
                0.13652617413407986, 
                0.6141486185522521
            ], 
            [
                7367, 
                0.13015517763425055, 
                0.6350137294540048
            ], 
            [
                7893, 
                0.13315605255436808, 
                0.6659941314673617
            ], 
            [
                8420, 
                0.13001760619825464, 
                0.6266339703726302
            ], 
            [
                8946, 
                0.12692761384414492, 
                0.6641922196542008
            ], 
            [
                9472, 
                0.12407297845000595, 
                0.6424714278528957
            ], 
            [
                9999, 
                0.11860362151674016, 
                0.6494619838359755
            ]
        ]
    }
]