[
    {
        "jobnum": 16, 
        "model": {
            "L2_reg": 1.665928386655229, 
            "conv_width": 18, 
            "fp_depth": 2, 
            "fp_length": 81, 
            "h1_size": 85, 
            "net_type": "conv_plus_linear"
        }, 
        "num_records": 20, 
        "task": {
            "name": "delaney", 
            "test_slices": [
                [
                    0, 
                    224
                ]
            ], 
            "train_slices": [
                [
                    449, 
                    674
                ], 
                [
                    674, 
                    899
                ], 
                [
                    899, 
                    1124
                ]
            ]
        }, 
        "train": {
            "batch_size": 100, 
            "init_scale": 0.003978137844587124, 
            "num_iters": 10000, 
            "seed": 1, 
            "step_size": 0.0011024148396445355
        }, 
        "varied_params": {
            "conv_width": 18.216547956667423, 
            "fp_depth": 2.189517222540954, 
            "fp_length": 81.10256173521617, 
            "h1_size": 84.97396376587523, 
            "log_L2_reg": 0.5103825576198178, 
            "log_init_scale": -5.526941447419411, 
            "log_step_size": -6.810252196579466
        }
    }, 
    {
        "host_name": "papaschlumpf", 
        "minutes_duration": 252.45632668336233, 
        "timestamp": "2021-07-09 21:28:34.388548", 
        "training_curve": [
            [
                0, 
                4.389779990677578, 
                4.76518845467056
            ], 
            [
                526, 
                0.7588987801306095, 
                1.072031824794421
            ], 
            [
                1052, 
                0.47325176186463386, 
                0.7398665625893399
            ], 
            [
                1578, 
                0.3794619908318863, 
                0.6644867038163055
            ], 
            [
                2105, 
                0.3185859317655851, 
                0.6527066447816907
            ], 
            [
                2631, 
                0.273681998243848, 
                0.6624170658784096
            ], 
            [
                3157, 
                0.24787283944927438, 
                0.6816136255382217
            ], 
            [
                3683, 
                0.2234092243263084, 
                0.7066853637675055
            ], 
            [
                4210, 
                0.20460597069076272, 
                0.7471738006305741
            ], 
            [
                4736, 
                0.19569839488527283, 
                0.7649196727146975
            ], 
            [
                5262, 
                0.1999664390704283, 
                0.777899531881972
            ], 
            [
                5788, 
                0.18579601771085083, 
                0.8286724591813464
            ], 
            [
                6315, 
                0.18254806691305156, 
                0.8842315852349009
            ], 
            [
                6841, 
                0.17395477756222025, 
                0.9096986194100631
            ], 
            [
                7367, 
                0.1628225812184594, 
                0.8613293843408992
            ], 
            [
                7893, 
                0.15580811929883742, 
                0.895701186676561
            ], 
            [
                8420, 
                0.1607375280894541, 
                0.9622484914828765
            ], 
            [
                8946, 
                0.14883655258277154, 
                0.9247551322681328
            ], 
            [
                9472, 
                0.1415008872654169, 
                0.945532788799742
            ], 
            [
                9999, 
                0.14074929703090053, 
                1.0178519188966626
            ]
        ]
    }
]