[
    {
        "jobnum": 16, 
        "model": {
            "L2_reg": 1.665928386655229, 
            "conv_width": 18, 
            "fp_depth": 2, 
            "fp_length": 602, 
            "h1_size": 85, 
            "net_type": "mean"
        }, 
        "num_records": 20, 
        "task": {
            "name": "delaney", 
            "test_slices": [
                [
                    0, 
                    224
                ]
            ], 
            "train_slices": [
                [
                    449, 
                    674
                ], 
                [
                    674, 
                    899
                ], 
                [
                    899, 
                    1124
                ]
            ]
        }, 
        "train": {
            "batch_size": 100, 
            "init_scale": 0.003978137844587124, 
            "num_iters": 10000, 
            "seed": 1, 
            "step_size": 0.0011024148396445355
        }, 
        "varied_params": {
            "conv_width": 18.216547956667423, 
            "fp_depth": 2.189517222540954, 
            "fp_length": 601.9230556169456, 
            "h1_size": 84.97396376587523, 
            "log_L2_reg": 0.5103825576198178, 
            "log_init_scale": -5.526941447419411, 
            "log_step_size": -6.810252196579466
        }
    }, 
    {
        "host_name": "papaschlumpf", 
        "minutes_duration": 0.08212573528289795, 
        "timestamp": "2021-07-09 20:38:20.947504", 
        "training_curve": [
            [
                0, 
                4.453690418032801, 
                4.835059782213094
            ], 
            [
                526, 
                4.453568926891847, 
                4.834563162697257
            ], 
            [
                1052, 
                4.453568764651469, 
                4.834562324153522
            ], 
            [
                1578, 
                4.453568497367725, 
                4.834560940827136
            ], 
            [
                2105, 
                4.453566519255916, 
                4.834550629649324
            ], 
            [
                2631, 
                4.4535624756655965, 
                4.834529128051071
            ], 
            [
                3157, 
                4.4535635730912855, 
                4.834535022149595
            ], 
            [
                3683, 
                4.453568946683782, 
                4.834563264934133
            ], 
            [
                4210, 
                4.453568502332571, 
                4.834560966543887
            ], 
            [
                4736, 
                4.453569996729595, 
                4.834568671036513
            ], 
            [
                5262, 
                4.453566521718776, 
                4.83455064256924
            ], 
            [
                5788, 
                4.453562477059949, 
                4.834529135568567
            ], 
            [
                6315, 
                4.4535689471797975, 
                4.8345632674961845
            ], 
            [
                6841, 
                4.453568775915213, 
                4.834562382398025
            ], 
            [
                7367, 
                4.4535685026196274, 
                4.834560968030751
            ], 
            [
                7893, 
                4.4535699968953795, 
                4.834568671887281
            ], 
            [
                8420, 
                4.453562477112976, 
                4.834529135854451
            ], 
            [
                8946, 
                4.453563573917718, 
                4.834535026571369
            ], 
            [
                9472, 
                4.453568947215579, 
                4.834563267680999
            ], 
            [
                9999, 
                4.4535685026312635, 
                4.8345609680910195
            ]
        ]
    }
]