[
    {
        "jobnum": 16, 
        "model": {
            "L2_reg": 1.665928386655229, 
            "conv_width": 18, 
            "fp_depth": 2, 
            "fp_length": 602, 
            "h1_size": 85, 
            "net_type": "morgan_plus_net"
        }, 
        "num_records": 20, 
        "task": {
            "name": "delaney", 
            "test_slices": [
                [
                    0, 
                    224
                ]
            ], 
            "train_slices": [
                [
                    449, 
                    674
                ], 
                [
                    674, 
                    899
                ], 
                [
                    899, 
                    1124
                ]
            ]
        }, 
        "train": {
            "batch_size": 100, 
            "init_scale": 0.003978137844587124, 
            "num_iters": 10000, 
            "seed": 1, 
            "step_size": 0.0011024148396445355
        }, 
        "varied_params": {
            "conv_width": 18.216547956667423, 
            "fp_depth": 2.189517222540954, 
            "fp_length": 601.9230556169456, 
            "h1_size": 84.97396376587523, 
            "log_L2_reg": 0.5103825576198178, 
            "log_init_scale": -5.526941447419411, 
            "log_step_size": -6.810252196579466
        }
    }, 
    {
        "host_name": "papaschlumpf", 
        "minutes_duration": 27.165689265728, 
        "timestamp": "2021-07-09 20:37:47.028611", 
        "training_curve": [
            [
                0, 
                4.453111044153105, 
                4.833754840383979
            ], 
            [
                526, 
                0.08785333589937008, 
                1.4628881606144926
            ], 
            [
                1052, 
                0.11897159743226035, 
                1.4361935782234276
            ], 
            [
                1578, 
                0.14919844299677543, 
                1.5069572531645714
            ], 
            [
                2105, 
                0.17902163999708906, 
                1.5351619197694382
            ], 
            [
                2631, 
                0.18890296051900576, 
                1.529412074105103
            ], 
            [
                3157, 
                0.1938959116442482, 
                1.5177090100248738
            ], 
            [
                3683, 
                0.19475855972184308, 
                1.4984291491565773
            ], 
            [
                4210, 
                0.20262394229591155, 
                1.5481715801383271
            ], 
            [
                4736, 
                0.196450887104076, 
                1.5055902008005144
            ], 
            [
                5262, 
                0.1940030215363095, 
                1.4960582993278586
            ], 
            [
                5788, 
                0.18500634988130826, 
                1.5031984562215375
            ], 
            [
                6315, 
                0.18613752042199774, 
                1.4913799039291575
            ], 
            [
                6841, 
                0.19674779759350838, 
                1.5292914948461462
            ], 
            [
                7367, 
                0.18470462267298604, 
                1.4889549831200728
            ], 
            [
                7893, 
                0.1864770941140435, 
                1.5039129503833812
            ], 
            [
                8420, 
                0.17862665577113412, 
                1.4728564923013217
            ], 
            [
                8946, 
                0.1815936954547357, 
                1.4800083988720583
            ], 
            [
                9472, 
                0.18584797096884248, 
                1.4721935141025049
            ], 
            [
                9999, 
                0.1881839889503203, 
                1.4987634445715368
            ]
        ]
    }
]