[
    {
        "jobnum": 16, 
        "model": {
            "L2_reg": 1.665928386655229, 
            "conv_width": 18, 
            "fp_depth": 2, 
            "fp_length": 602, 
            "h1_size": 85, 
            "net_type": "morgan_plus_linear"
        }, 
        "num_records": 20, 
        "task": {
            "name": "delaney", 
            "test_slices": [
                [
                    0, 
                    224
                ]
            ], 
            "train_slices": [
                [
                    449, 
                    674
                ], 
                [
                    674, 
                    899
                ], 
                [
                    899, 
                    1124
                ]
            ]
        }, 
        "train": {
            "batch_size": 100, 
            "init_scale": 0.003978137844587124, 
            "num_iters": 10000, 
            "seed": 1, 
            "step_size": 0.0011024148396445355
        }, 
        "varied_params": {
            "conv_width": 18.216547956667423, 
            "fp_depth": 2.189517222540954, 
            "fp_length": 601.9230556169456, 
            "h1_size": 84.97396376587523, 
            "log_L2_reg": 0.5103825576198178, 
            "log_init_scale": -5.526941447419411, 
            "log_step_size": -6.810252196579466
        }
    }, 
    {
        "host_name": "schlumpfine", 
        "minutes_duration": 2.102122934659322, 
        "timestamp": "2021-07-09 15:40:43.613828", 
        "training_curve": [
            [
                0, 
                4.453350750902643, 
                4.84536859560439
            ], 
            [
                526, 
                0.9108301863869457, 
                1.7204124378147936
            ], 
            [
                1052, 
                0.6289501978514775, 
                1.6225537993290486
            ], 
            [
                1578, 
                0.5318493588943853, 
                1.628191477683347
            ], 
            [
                2105, 
                0.488679208632317, 
                1.6397729619014991
            ], 
            [
                2631, 
                0.4673684246588655, 
                1.6452028186475027
            ], 
            [
                3157, 
                0.4561958139080309, 
                1.6468588203665533
            ], 
            [
                3683, 
                0.45001801735194613, 
                1.6462049035366333
            ], 
            [
                4210, 
                0.4464493763746419, 
                1.644464138143555
            ], 
            [
                4736, 
                0.44432432448451603, 
                1.6432367501731313
            ], 
            [
                5262, 
                0.44296506708336714, 
                1.6421227474093527
            ], 
            [
                5788, 
                0.44201871181498065, 
                1.6411487806242455
            ], 
            [
                6315, 
                0.4414810360387457, 
                1.6401128393683913
            ], 
            [
                6841, 
                0.44110624666314857, 
                1.6388755559586332
            ], 
            [
                7367, 
                0.4408407758305167, 
                1.638025092246706
            ], 
            [
                7893, 
                0.4406773522823576, 
                1.6376303574013826
            ], 
            [
                8420, 
                0.4404399699920493, 
                1.6376731386077419
            ], 
            [
                8946, 
                0.44035107221722514, 
                1.6375315744542618
            ], 
            [
                9472, 
                0.4402967139336913, 
                1.636995419802983
            ], 
            [
                9999, 
                0.4402633565519493, 
                1.6361610559830773
            ]
        ]
    }
]