[
    {
        "jobnum": 17, 
        "model": {
            "L2_reg": 0.13677679100455933, 
            "conv_width": 15, 
            "fp_depth": 4, 
            "fp_length": 443, 
            "h1_size": 85, 
            "net_type": "morgan_plus_net"
        }, 
        "num_records": 20, 
        "task": {
            "name": "delaney", 
            "test_slices": [
                [
                    0, 
                    224
                ]
            ], 
            "train_slices": [
                [
                    449, 
                    674
                ], 
                [
                    674, 
                    899
                ], 
                [
                    899, 
                    1124
                ]
            ]
        }, 
        "train": {
            "batch_size": 100, 
            "init_scale": 0.011967353760268416, 
            "num_iters": 10000, 
            "seed": 1, 
            "step_size": 0.006102950838691979
        }, 
        "varied_params": {
            "conv_width": 14.65985298844456, 
            "fp_depth": 3.8682509041696718, 
            "fp_length": 443.2458889466451, 
            "h1_size": 84.6265795038883, 
            "log_L2_reg": -1.989404944586382, 
            "log_init_scale": -4.425572856511698, 
            "log_step_size": -5.098982880721438
        }
    }, 
    {
        "host_name": "papaschlumpf", 
        "minutes_duration": 21.12914631764094, 
        "timestamp": "2021-07-09 20:33:15.336807", 
        "training_curve": [
            [
                0, 
                4.4428465278377995, 
                4.820716767855819
            ], 
            [
                526, 
                0.05808827129128169, 
                1.5922481096540209
            ], 
            [
                1052, 
                0.06311508758041405, 
                1.5757111460110702
            ], 
            [
                1578, 
                0.06306486331408809, 
                1.531804668217218
            ], 
            [
                2105, 
                0.07576578720432658, 
                1.4404164459516502
            ], 
            [
                2631, 
                0.06056712657506741, 
                1.4802507920037573
            ], 
            [
                3157, 
                0.07089180114812477, 
                1.4694349466830994
            ], 
            [
                3683, 
                0.059149327802966924, 
                1.4766978485514564
            ], 
            [
                4210, 
                0.06110842053984653, 
                1.448955919069027
            ], 
            [
                4736, 
                0.08125209579060283, 
                1.4863962514489628
            ], 
            [
                5262, 
                0.061362315494599216, 
                1.458502647286058
            ], 
            [
                5788, 
                0.06362122313878946, 
                1.4757427990414942
            ], 
            [
                6315, 
                0.06578874932085937, 
                1.4516366052965435
            ], 
            [
                6841, 
                0.06764301141804575, 
                1.4762641405571677
            ], 
            [
                7367, 
                0.06623680214219839, 
                1.5038365562973863
            ], 
            [
                7893, 
                0.06781825922040106, 
                1.482752146925735
            ], 
            [
                8420, 
                0.06681986381222522, 
                1.4896262956783226
            ], 
            [
                8946, 
                0.06718764692952114, 
                1.5111508602409682
            ], 
            [
                9472, 
                0.06984634986385048, 
                1.5099674134039505
            ], 
            [
                9999, 
                0.06872756371645145, 
                1.5239453291835492
            ]
        ]
    }
]