[
    {
        "jobnum": 17, 
        "model": {
            "L2_reg": 0.13677679100455933, 
            "conv_width": 15, 
            "fp_depth": 4, 
            "fp_length": 443, 
            "h1_size": 85, 
            "net_type": "morgan_plus_linear"
        }, 
        "num_records": 20, 
        "task": {
            "name": "delaney", 
            "test_slices": [
                [
                    0, 
                    224
                ]
            ], 
            "train_slices": [
                [
                    449, 
                    674
                ], 
                [
                    674, 
                    899
                ], 
                [
                    899, 
                    1124
                ]
            ]
        }, 
        "train": {
            "batch_size": 100, 
            "init_scale": 0.011967353760268416, 
            "num_iters": 10000, 
            "seed": 1, 
            "step_size": 0.006102950838691979
        }, 
        "varied_params": {
            "conv_width": 14.65985298844456, 
            "fp_depth": 3.8682509041696718, 
            "fp_length": 443.2458889466451, 
            "h1_size": 84.6265795038883, 
            "log_L2_reg": -1.989404944586382, 
            "log_init_scale": -4.425572856511698, 
            "log_step_size": -5.098982880721438
        }
    }, 
    {
        "host_name": "schlumpfine", 
        "minutes_duration": 1.5314281344413758, 
        "timestamp": "2021-07-09 15:42:47.916946", 
        "training_curve": [
            [
                0, 
                4.543967322872793, 
                4.931615562985063
            ], 
            [
                526, 
                0.4784037396278284, 
                3.1441585102513776
            ], 
            [
                1052, 
                0.43583516312832554, 
                4.121595392265728
            ], 
            [
                1578, 
                0.42535644693991465, 
                4.527179944819255
            ], 
            [
                2105, 
                0.4222105056624665, 
                4.7085234792200135
            ], 
            [
                2631, 
                0.420186609908276, 
                4.781752434168359
            ], 
            [
                3157, 
                0.4194225366769503, 
                4.8067680368554395
            ], 
            [
                3683, 
                0.4197293733906323, 
                4.819596678732515
            ], 
            [
                4210, 
                0.4192960068579429, 
                4.822756349582791
            ], 
            [
                4736, 
                0.41904323871154164, 
                4.827336882001407
            ], 
            [
                5262, 
                0.4193079333031704, 
                4.837145995041301
            ], 
            [
                5788, 
                0.4189046148406136, 
                4.838363922673225
            ], 
            [
                6315, 
                0.41922432520537417, 
                4.8313215412164325
            ], 
            [
                6841, 
                0.4220594809866991, 
                4.843897913764634
            ], 
            [
                7367, 
                0.4192545210214028, 
                4.827093338533301
            ], 
            [
                7893, 
                0.4219970235160284, 
                4.822777330094477
            ], 
            [
                8420, 
                0.41941894038174504, 
                4.841921957714011
            ], 
            [
                8946, 
                0.4196386301488714, 
                4.838229173663954
            ], 
            [
                9472, 
                0.4212677488703593, 
                4.827209674408529
            ], 
            [
                9999, 
                0.421246658210928, 
                4.82430820718392
            ]
        ]
    }
]