[
    {
        "jobnum": 17, 
        "model": {
            "L2_reg": 0.13677679100455933, 
            "conv_width": 15, 
            "fp_depth": 4, 
            "fp_length": 63, 
            "h1_size": 85, 
            "net_type": "conv_plus_linear"
        }, 
        "num_records": 20, 
        "task": {
            "name": "delaney", 
            "test_slices": [
                [
                    0, 
                    224
                ]
            ], 
            "train_slices": [
                [
                    449, 
                    674
                ], 
                [
                    674, 
                    899
                ], 
                [
                    899, 
                    1124
                ]
            ]
        }, 
        "train": {
            "batch_size": 100, 
            "init_scale": 0.011967353760268416, 
            "num_iters": 10000, 
            "seed": 1, 
            "step_size": 0.006102950838691979
        }, 
        "varied_params": {
            "conv_width": 14.65985298844456, 
            "fp_depth": 3.8682509041696718, 
            "fp_length": 63.47176543851612, 
            "h1_size": 84.6265795038883, 
            "log_L2_reg": -1.989404944586382, 
            "log_init_scale": -4.425572856511698, 
            "log_step_size": -5.098982880721438
        }
    }, 
    {
        "host_name": "schlumpfine", 
        "minutes_duration": 289.4619213183721, 
        "timestamp": "2021-07-09 22:13:07.835733", 
        "training_curve": [
            [
                0, 
                4.587877245887514, 
                4.977113111825446
            ], 
            [
                526, 
                0.4802601509838631, 
                0.729565427879816
            ], 
            [
                1052, 
                0.32850422894122616, 
                0.8556049323779779
            ], 
            [
                1578, 
                0.2339512010958473, 
                0.8004866520578835
            ], 
            [
                2105, 
                0.2431709575773516, 
                0.7524760767611217
            ], 
            [
                2631, 
                0.13136363815320865, 
                0.7593069586624512
            ], 
            [
                3157, 
                0.15574245278009988, 
                0.7732204116061239
            ], 
            [
                3683, 
                0.20286472859960866, 
                0.841919409551866
            ], 
            [
                4210, 
                0.08543518108004619, 
                0.7829451729451318
            ], 
            [
                4736, 
                0.1356701615467997, 
                0.8012597131593576
            ], 
            [
                5262, 
                0.07397820348414783, 
                0.773728743452146
            ], 
            [
                5788, 
                0.10990608343343188, 
                0.7791482515984861
            ], 
            [
                6315, 
                0.09824993573934342, 
                0.7708188167611639
            ], 
            [
                6841, 
                0.157134535370205, 
                0.7698439432064798
            ], 
            [
                7367, 
                0.08004203340053083, 
                0.801890736411732
            ], 
            [
                7893, 
                0.16384281183372357, 
                0.8988830085123592
            ], 
            [
                8420, 
                0.1198739423590721, 
                0.8738447101193919
            ], 
            [
                8946, 
                0.11988832245084917, 
                0.8596252519858237
            ], 
            [
                9472, 
                0.12163173477397973, 
                0.8908620543718478
            ], 
            [
                9999, 
                0.13116660970889704, 
                0.8540825692087773
            ]
        ]
    }
]