[
    {
        "jobnum": 17, 
        "model": {
            "L2_reg": 0.13677679100455933, 
            "conv_width": 15, 
            "fp_depth": 4, 
            "fp_length": 63, 
            "h1_size": 85, 
            "net_type": "conv_plus_net"
        }, 
        "num_records": 20, 
        "task": {
            "name": "delaney", 
            "test_slices": [
                [
                    0, 
                    224
                ]
            ], 
            "train_slices": [
                [
                    449, 
                    674
                ], 
                [
                    674, 
                    899
                ], 
                [
                    899, 
                    1124
                ]
            ]
        }, 
        "train": {
            "batch_size": 100, 
            "init_scale": 0.011967353760268416, 
            "num_iters": 10000, 
            "seed": 1, 
            "step_size": 0.006102950838691979
        }, 
        "varied_params": {
            "conv_width": 14.65985298844456, 
            "fp_depth": 3.8682509041696718, 
            "fp_length": 63.47176543851612, 
            "h1_size": 84.6265795038883, 
            "log_L2_reg": -1.989404944586382, 
            "log_init_scale": -4.425572856511698, 
            "log_step_size": -5.098982880721438
        }
    }, 
    {
        "host_name": "hefty", 
        "minutes_duration": 483.2115240017573, 
        "timestamp": "2021-07-09 23:10:55.209706", 
        "training_curve": [
            [
                0, 
                4.482629632297152, 
                4.864769274827954
            ], 
            [
                526, 
                0.22400745273180084, 
                0.48206744246040095
            ], 
            [
                1052, 
                0.14958778892339844, 
                0.4401818990494581
            ], 
            [
                1578, 
                0.13144941827993298, 
                0.4511152362820627
            ], 
            [
                2105, 
                0.11956514746012493, 
                0.47933556049577486
            ], 
            [
                2631, 
                0.11599419812173693, 
                0.49557450370843525
            ], 
            [
                3157, 
                0.11177967797600791, 
                0.473276896316358
            ], 
            [
                3683, 
                0.09845714991761889, 
                0.49854900912241173
            ], 
            [
                4210, 
                0.11233266042424121, 
                0.5486411747991672
            ], 
            [
                4736, 
                0.10780275566513309, 
                0.4667887655171549
            ], 
            [
                5262, 
                0.10255132226137416, 
                0.5055710711383276
            ], 
            [
                5788, 
                0.09264824484791243, 
                0.5139963188835838
            ], 
            [
                6315, 
                0.09978747381586897, 
                0.527670055649938
            ], 
            [
                6841, 
                0.099985962803725, 
                0.5032202619545499
            ], 
            [
                7367, 
                0.11246085620307857, 
                0.5406855615768668
            ], 
            [
                7893, 
                0.11281562166382998, 
                0.5645463140517338
            ], 
            [
                8420, 
                0.10615596829970425, 
                0.537730205854797
            ], 
            [
                8946, 
                0.11514104774702681, 
                0.5210941389581336
            ], 
            [
                9472, 
                0.13988174747156354, 
                0.5577645823034514
            ], 
            [
                9999, 
                0.10536787024748279, 
                0.54485510459259
            ]
        ]
    }
]