[
    {
        "jobnum": 18, 
        "model": {
            "L2_reg": 0.48742848338307015, 
            "conv_width": 14, 
            "fp_depth": 2, 
            "fp_length": 64, 
            "h1_size": 51, 
            "net_type": "conv_plus_net"
        }, 
        "num_records": 20, 
        "task": {
            "name": "delaney", 
            "test_slices": [
                [
                    0, 
                    224
                ]
            ], 
            "train_slices": [
                [
                    449, 
                    674
                ], 
                [
                    674, 
                    899
                ], 
                [
                    899, 
                    1124
                ]
            ]
        }, 
        "train": {
            "batch_size": 100, 
            "init_scale": 0.07871699054062835, 
            "num_iters": 10000, 
            "seed": 1, 
            "step_size": 0.0011208132587385696
        }, 
        "varied_params": {
            "conv_width": 14.270231434982623, 
            "fp_depth": 1.8702328216313322, 
            "fp_length": 64.0220945059258, 
            "h1_size": 50.95965991546667, 
            "log_L2_reg": -0.7186117000585197, 
            "log_init_scale": -2.541896256889801, 
            "log_step_size": -6.793700733301803
        }
    }, 
    {
        "host_name": "hefty", 
        "minutes_duration": 262.88472619851433, 
        "timestamp": "2021-07-09 19:30:35.610642", 
        "training_curve": [
            [
                0, 
                4.378313653703804, 
                4.770278072186451
            ], 
            [
                526, 
                0.3798165778296274, 
                0.5717424650430616
            ], 
            [
                1052, 
                0.2416434466185167, 
                0.5002573403692633
            ], 
            [
                1578, 
                0.19971628245211887, 
                0.49439218252038525
            ], 
            [
                2105, 
                0.1922729391441089, 
                0.4927194934344698
            ], 
            [
                2631, 
                0.16739133033230355, 
                0.48206334939290113
            ], 
            [
                3157, 
                0.17184566306377286, 
                0.5515877769805645
            ], 
            [
                3683, 
                0.15045280714012885, 
                0.514883645734764
            ], 
            [
                4210, 
                0.14633498584039994, 
                0.5100828767407444
            ], 
            [
                4736, 
                0.145954736827863, 
                0.5218434308515495
            ], 
            [
                5262, 
                0.1372919039018606, 
                0.5551712269305634
            ], 
            [
                5788, 
                0.12432546187985757, 
                0.5342915347714562
            ], 
            [
                6315, 
                0.12079250222153712, 
                0.5648893794065845
            ], 
            [
                6841, 
                0.11600842927171148, 
                0.5670448644386458
            ], 
            [
                7367, 
                0.10820915864832888, 
                0.5794519554776103
            ], 
            [
                7893, 
                0.11776401763783724, 
                0.585506505330318
            ], 
            [
                8420, 
                0.11626057294913275, 
                0.6019954809551932
            ], 
            [
                8946, 
                0.11524247732882989, 
                0.6140133378175255
            ], 
            [
                9472, 
                0.1076983449006648, 
                0.6215590059786015
            ], 
            [
                9999, 
                0.11754633550268018, 
                0.6079293367557239
            ]
        ]
    }
]