[
    {
        "jobnum": 18, 
        "model": {
            "L2_reg": 0.48742848338307015, 
            "conv_width": 14, 
            "fp_depth": 2, 
            "fp_length": 448, 
            "h1_size": 51, 
            "net_type": "mean"
        }, 
        "num_records": 20, 
        "task": {
            "name": "delaney", 
            "test_slices": [
                [
                    0, 
                    224
                ]
            ], 
            "train_slices": [
                [
                    449, 
                    674
                ], 
                [
                    674, 
                    899
                ], 
                [
                    899, 
                    1124
                ]
            ]
        }, 
        "train": {
            "batch_size": 100, 
            "init_scale": 0.07871699054062835, 
            "num_iters": 10000, 
            "seed": 1, 
            "step_size": 0.0011208132587385696
        }, 
        "varied_params": {
            "conv_width": 14.270231434982623, 
            "fp_depth": 1.8702328216313322, 
            "fp_length": 448.19885055333225, 
            "h1_size": 50.95965991546667, 
            "log_L2_reg": -0.7186117000585197, 
            "log_init_scale": -2.541896256889801, 
            "log_step_size": -6.793700733301803
        }
    }, 
    {
        "host_name": "clumsy", 
        "minutes_duration": 0.0867565671602885, 
        "timestamp": "2021-07-09 20:38:51.811865", 
        "training_curve": [
            [
                0, 
                4.526315224879786, 
                4.924823690069788
            ], 
            [
                526, 
                4.453573215173702, 
                4.834585027953817
            ], 
            [
                1052, 
                4.453568728687477, 
                4.834562138157188
            ], 
            [
                1578, 
                4.453568494809734, 
                4.834560927577023
            ], 
            [
                2105, 
                4.453566516912903, 
                4.834550617357921
            ], 
            [
                2631, 
                4.453562427923393, 
                4.834528870609986
            ], 
            [
                3157, 
                4.453563528749416, 
                4.834534784863997
            ], 
            [
                3683, 
                4.453568976629224, 
                4.834563419595751
            ], 
            [
                4210, 
                4.453568526894103, 
                4.834561093755119
            ], 
            [
                4736, 
                4.4535700463380365, 
                4.834568925576396
            ], 
            [
                5262, 
                4.453566514863516, 
                4.834550606606721
            ], 
            [
                5788, 
                4.453562404909674, 
                4.834528746481873
            ], 
            [
                6315, 
                4.4535689806520535, 
                4.834563440370565
            ], 
            [
                6841, 
                4.453568806667603, 
                4.8345625413968145
            ], 
            [
                7367, 
                4.453568528831314, 
                4.834561103787655
            ], 
            [
                7893, 
                4.453570048433238, 
                4.834568936325117
            ], 
            [
                8420, 
                4.45356240402497, 
                4.834528741709682
            ], 
            [
                8946, 
                4.453563518501332, 
                4.834534730013369
            ], 
            [
                9472, 
                4.45356898094293, 
                4.834563441872704
            ], 
            [
                9999, 
                4.453568528909856, 
                4.834561104194411
            ]
        ]
    }
]