[
    {
        "jobnum": 18, 
        "model": {
            "L2_reg": 0.48742848338307015, 
            "conv_width": 14, 
            "fp_depth": 2, 
            "fp_length": 448, 
            "h1_size": 51, 
            "net_type": "morgan_plus_net"
        }, 
        "num_records": 20, 
        "task": {
            "name": "delaney", 
            "test_slices": [
                [
                    0, 
                    224
                ]
            ], 
            "train_slices": [
                [
                    449, 
                    674
                ], 
                [
                    674, 
                    899
                ], 
                [
                    899, 
                    1124
                ]
            ]
        }, 
        "train": {
            "batch_size": 100, 
            "init_scale": 0.07871699054062835, 
            "num_iters": 10000, 
            "seed": 1, 
            "step_size": 0.0011208132587385696
        }, 
        "varied_params": {
            "conv_width": 14.270231434982623, 
            "fp_depth": 1.8702328216313322, 
            "fp_length": 448.19885055333225, 
            "h1_size": 50.95965991546667, 
            "log_L2_reg": -0.7186117000585197, 
            "log_init_scale": -2.541896256889801, 
            "log_step_size": -6.793700733301803
        }
    }, 
    {
        "host_name": "clumsy", 
        "minutes_duration": 10.112626632054647, 
        "timestamp": "2021-07-09 20:22:44.344744", 
        "training_curve": [
            [
                0, 
                4.466251985145753, 
                4.853106885918344
            ], 
            [
                526, 
                0.09410361042268396, 
                1.871631154413238
            ], 
            [
                1052, 
                0.09131483470855463, 
                1.9730190709174589
            ], 
            [
                1578, 
                0.11696614782048934, 
                2.0248187358074454
            ], 
            [
                2105, 
                0.14718847790108444, 
                2.0763100985432925
            ], 
            [
                2631, 
                0.1679189791001804, 
                2.0965079165148524
            ], 
            [
                3157, 
                0.1754551990259634, 
                2.105185448556552
            ], 
            [
                3683, 
                0.18219358322721751, 
                2.118030588273059
            ], 
            [
                4210, 
                0.1735871754691585, 
                2.0806694522191034
            ], 
            [
                4736, 
                0.17600308688765845, 
                2.096266922585915
            ], 
            [
                5262, 
                0.19029310003641445, 
                2.1268045107939266
            ], 
            [
                5788, 
                0.17717530215308347, 
                2.084977008545978
            ], 
            [
                6315, 
                0.17661675358174028, 
                2.0446155333577685
            ], 
            [
                6841, 
                0.1724985469381278, 
                2.074271347206929
            ], 
            [
                7367, 
                0.17753422276865102, 
                2.08596097267596
            ], 
            [
                7893, 
                0.17759546059261647, 
                2.0251846652600634
            ], 
            [
                8420, 
                0.1694927045856302, 
                2.068849760240584
            ], 
            [
                8946, 
                0.18028229337544469, 
                2.061996066563408
            ], 
            [
                9472, 
                0.16695333294012782, 
                2.06440306127311
            ], 
            [
                9999, 
                0.17068515773512288, 
                2.0526865585706218
            ]
        ]
    }
]