[
    {
        "jobnum": 18, 
        "model": {
            "L2_reg": 0.48742848338307015, 
            "conv_width": 14, 
            "fp_depth": 2, 
            "fp_length": 448, 
            "h1_size": 51, 
            "net_type": "morgan_plus_linear"
        }, 
        "num_records": 20, 
        "task": {
            "name": "delaney", 
            "test_slices": [
                [
                    0, 
                    224
                ]
            ], 
            "train_slices": [
                [
                    449, 
                    674
                ], 
                [
                    674, 
                    899
                ], 
                [
                    899, 
                    1124
                ]
            ]
        }, 
        "train": {
            "batch_size": 100, 
            "init_scale": 0.07871699054062835, 
            "num_iters": 10000, 
            "seed": 1, 
            "step_size": 0.0011208132587385696
        }, 
        "varied_params": {
            "conv_width": 14.270231434982623, 
            "fp_depth": 1.8702328216313322, 
            "fp_length": 448.19885055333225, 
            "h1_size": 50.95965991546667, 
            "log_L2_reg": -0.7186117000585197, 
            "log_init_scale": -2.541896256889801, 
            "log_step_size": -6.793700733301803
        }
    }, 
    {
        "host_name": "schlumpfine", 
        "minutes_duration": 1.4593231320381164, 
        "timestamp": "2021-07-09 15:44:38.606671", 
        "training_curve": [
            [
                0, 
                4.599505012155771, 
                4.823661661247627
            ], 
            [
                526, 
                1.1899403030840787, 
                2.1486262302535812
            ], 
            [
                1052, 
                0.883837729928569, 
                2.1524685894700943
            ], 
            [
                1578, 
                0.7612268646619428, 
                2.2606983104608975
            ], 
            [
                2105, 
                0.6965843521308005, 
                2.378152409341191
            ], 
            [
                2631, 
                0.6585076013772001, 
                2.4848532330317354
            ], 
            [
                3157, 
                0.6345269353103866, 
                2.5757880814275147
            ], 
            [
                3683, 
                0.6187022710828984, 
                2.650698704544247
            ], 
            [
                4210, 
                0.6078618055711622, 
                2.7116048546964158
            ], 
            [
                4736, 
                0.6002634634024658, 
                2.762383060517293
            ], 
            [
                5262, 
                0.5948147066151758, 
                2.80370486915476
            ], 
            [
                5788, 
                0.5908142616177825, 
                2.837489003235817
            ], 
            [
                6315, 
                0.5879607371364353, 
                2.8646786451496618
            ], 
            [
                6841, 
                0.5857828871588024, 
                2.886724163081765
            ], 
            [
                7367, 
                0.5841255709366429, 
                2.9049878116504995
            ], 
            [
                7893, 
                0.5828418688726229, 
                2.920897485282064
            ], 
            [
                8420, 
                0.5817861462102581, 
                2.934272837157128
            ], 
            [
                8946, 
                0.5810530934833239, 
                2.944853490460306
            ], 
            [
                9472, 
                0.5804959330432853, 
                2.9534040611040555
            ], 
            [
                9999, 
                0.5800338703069542, 
                2.9599029969963095
            ]
        ]
    }
]