[
    {
        "jobnum": 18, 
        "model": {
            "L2_reg": 0.48742848338307015, 
            "conv_width": 14, 
            "fp_depth": 2, 
            "fp_length": 64, 
            "h1_size": 51, 
            "net_type": "conv_plus_linear"
        }, 
        "num_records": 20, 
        "task": {
            "name": "delaney", 
            "test_slices": [
                [
                    0, 
                    224
                ]
            ], 
            "train_slices": [
                [
                    449, 
                    674
                ], 
                [
                    674, 
                    899
                ], 
                [
                    899, 
                    1124
                ]
            ]
        }, 
        "train": {
            "batch_size": 100, 
            "init_scale": 0.07871699054062835, 
            "num_iters": 10000, 
            "seed": 1, 
            "step_size": 0.0011208132587385696
        }, 
        "varied_params": {
            "conv_width": 14.270231434982623, 
            "fp_depth": 1.8702328216313322, 
            "fp_length": 64.0220945059258, 
            "h1_size": 50.95965991546667, 
            "log_L2_reg": -0.7186117000585197, 
            "log_init_scale": -2.541896256889801, 
            "log_step_size": -6.793700733301803
        }
    }, 
    {
        "host_name": "papaschlumpf", 
        "minutes_duration": 204.89127961794534, 
        "timestamp": "2021-07-09 20:49:03.460539", 
        "training_curve": [
            [
                0, 
                4.484711308952807, 
                4.853480779483228
            ], 
            [
                526, 
                0.6296628617766585, 
                0.7839056054841832
            ], 
            [
                1052, 
                0.3810242469433254, 
                0.5638877550490994
            ], 
            [
                1578, 
                0.2831910466906235, 
                0.5587886528147138
            ], 
            [
                2105, 
                0.22933980391840775, 
                0.588696967083061
            ], 
            [
                2631, 
                0.19621303178581137, 
                0.6217091158190706
            ], 
            [
                3157, 
                0.18438866624933126, 
                0.6491595590790737
            ], 
            [
                3683, 
                0.16776903556443923, 
                0.6618316138683547
            ], 
            [
                4210, 
                0.15562065721439083, 
                0.6682122438374263
            ], 
            [
                4736, 
                0.15556320933496828, 
                0.6852017018138451
            ], 
            [
                5262, 
                0.16045619817425635, 
                0.7009075748854379
            ], 
            [
                5788, 
                0.14343366289079398, 
                0.7105786302012461
            ], 
            [
                6315, 
                0.15051038252766305, 
                0.7208531221983561
            ], 
            [
                6841, 
                0.1499207680533831, 
                0.7312320329260443
            ], 
            [
                7367, 
                0.14130883871939112, 
                0.7234883050309632
            ], 
            [
                7893, 
                0.24376329133428448, 
                0.8290569436296514
            ], 
            [
                8420, 
                0.12059296823726118, 
                0.7518284464009809
            ], 
            [
                8946, 
                0.11808448120278252, 
                0.7554726406478325
            ], 
            [
                9472, 
                0.12304924839336466, 
                0.7640475827215963
            ], 
            [
                9999, 
                0.12205042123400431, 
                0.7700157923741566
            ]
        ]
    }
]