[
    {
        "jobnum": 19, 
        "model": {
            "L2_reg": 0.2799853748054875, 
            "conv_width": 15, 
            "fp_depth": 3, 
            "fp_length": 89, 
            "h1_size": 65, 
            "net_type": "conv_plus_net"
        }, 
        "num_records": 20, 
        "task": {
            "name": "delaney", 
            "test_slices": [
                [
                    0, 
                    224
                ]
            ], 
            "train_slices": [
                [
                    449, 
                    674
                ], 
                [
                    674, 
                    899
                ], 
                [
                    899, 
                    1124
                ]
            ]
        }, 
        "train": {
            "batch_size": 100, 
            "init_scale": 0.024096859896253434, 
            "num_iters": 10000, 
            "seed": 1, 
            "step_size": 0.003279250603624976
        }, 
        "varied_params": {
            "conv_width": 14.798012297857005, 
            "fp_depth": 2.7229757465487365, 
            "fp_length": 89.03556624018915, 
            "h1_size": 64.91411629780154, 
            "log_L2_reg": -1.2730179100146142, 
            "log_init_scale": -3.725673741735896, 
            "log_step_size": -5.720140357194941
        }
    }, 
    {
        "host_name": "hefty", 
        "minutes_duration": 420.5665694475174, 
        "timestamp": "2021-07-09 22:08:35.002767", 
        "training_curve": [
            [
                0, 
                4.5011715672434045, 
                4.8845975586960195
            ], 
            [
                526, 
                0.250541401352675, 
                0.4987755814260946
            ], 
            [
                1052, 
                0.18476121984338925, 
                0.4484226266389869
            ], 
            [
                1578, 
                0.177582223509175, 
                0.42888228646637633
            ], 
            [
                2105, 
                0.1452719379929607, 
                0.4875902505808561
            ], 
            [
                2631, 
                0.1203910302547019, 
                0.4901484385927734
            ], 
            [
                3157, 
                0.11760880329617664, 
                0.5215403488979325
            ], 
            [
                3683, 
                0.10693130509480735, 
                0.5270275310380967
            ], 
            [
                4210, 
                0.09212161284734013, 
                0.47909911545933787
            ], 
            [
                4736, 
                0.09482998779731638, 
                0.522867625643289
            ], 
            [
                5262, 
                0.09362523596874142, 
                0.48855682073420953
            ], 
            [
                5788, 
                0.09277082798508501, 
                0.4730743234270429
            ], 
            [
                6315, 
                0.10445881819568376, 
                0.49224998523028035
            ], 
            [
                6841, 
                0.09398050625581324, 
                0.4831449091317656
            ], 
            [
                7367, 
                0.0879365612381757, 
                0.5017446998749789
            ], 
            [
                7893, 
                0.08198647073851628, 
                0.4889360306432959
            ], 
            [
                8420, 
                0.08157775408262889, 
                0.5026777288800954
            ], 
            [
                8946, 
                0.08118731616958681, 
                0.5189498735558752
            ], 
            [
                9472, 
                0.13284821726168708, 
                0.602817682411385
            ], 
            [
                9999, 
                0.07330405556486522, 
                0.5188144064408732
            ]
        ]
    }
]