[
    {
        "jobnum": 19, 
        "model": {
            "L2_reg": 0.2799853748054875, 
            "conv_width": 15, 
            "fp_depth": 3, 
            "fp_length": 673, 
            "h1_size": 65, 
            "net_type": "morgan_plus_net"
        }, 
        "num_records": 20, 
        "task": {
            "name": "delaney", 
            "test_slices": [
                [
                    0, 
                    224
                ]
            ], 
            "train_slices": [
                [
                    449, 
                    674
                ], 
                [
                    674, 
                    899
                ], 
                [
                    899, 
                    1124
                ]
            ]
        }, 
        "train": {
            "batch_size": 100, 
            "init_scale": 0.024096859896253434, 
            "num_iters": 10000, 
            "seed": 1, 
            "step_size": 0.003279250603624976
        }, 
        "varied_params": {
            "conv_width": 14.798012297857005, 
            "fp_depth": 2.7229757465487365, 
            "fp_length": 673.3200961617024, 
            "h1_size": 64.91411629780154, 
            "log_L2_reg": -1.2730179100146142, 
            "log_init_scale": -3.725673741735896, 
            "log_step_size": -5.720140357194941
        }
    }, 
    {
        "host_name": "schlumpfine", 
        "minutes_duration": 17.50470190048218, 
        "timestamp": "2021-07-09 20:30:07.994470", 
        "training_curve": [
            [
                0, 
                4.476262194377214, 
                4.847323236467773
            ], 
            [
                526, 
                0.08936444049261104, 
                1.7681212866772025
            ], 
            [
                1052, 
                0.10840740444012477, 
                1.8078173542500278
            ], 
            [
                1578, 
                0.10736875473574303, 
                1.803540951883137
            ], 
            [
                2105, 
                0.10374402581615234, 
                1.7599081346131413
            ], 
            [
                2631, 
                0.10902233906264133, 
                1.7379045282715475
            ], 
            [
                3157, 
                0.12011978190670952, 
                1.7016970245854692
            ], 
            [
                3683, 
                0.10348182429911403, 
                1.7320553485745778
            ], 
            [
                4210, 
                0.1275162865548212, 
                1.7451102243694645
            ], 
            [
                4736, 
                0.10525395023315523, 
                1.6954096840445365
            ], 
            [
                5262, 
                0.1089934753456192, 
                1.6708774564017723
            ], 
            [
                5788, 
                0.10578452473390956, 
                1.6870054969195967
            ], 
            [
                6315, 
                0.10818261278025285, 
                1.678386931512281
            ], 
            [
                6841, 
                0.16823740426418513, 
                1.6706761020430767
            ], 
            [
                7367, 
                0.10904200263230168, 
                1.692466239769995
            ], 
            [
                7893, 
                0.1200255396119842, 
                1.7129970152972334
            ], 
            [
                8420, 
                0.10759112912666208, 
                1.6850309170503708
            ], 
            [
                8946, 
                0.11026698166749294, 
                1.6942825980812657
            ], 
            [
                9472, 
                0.12962168272227997, 
                1.6767929791971952
            ], 
            [
                9999, 
                0.11149458989977387, 
                1.6905875008254403
            ]
        ]
    }
]