[
    {
        "jobnum": 19, 
        "model": {
            "L2_reg": 0.2799853748054875, 
            "conv_width": 15, 
            "fp_depth": 3, 
            "fp_length": 673, 
            "h1_size": 65, 
            "net_type": "mean"
        }, 
        "num_records": 20, 
        "task": {
            "name": "delaney", 
            "test_slices": [
                [
                    0, 
                    224
                ]
            ], 
            "train_slices": [
                [
                    449, 
                    674
                ], 
                [
                    674, 
                    899
                ], 
                [
                    899, 
                    1124
                ]
            ]
        }, 
        "train": {
            "batch_size": 100, 
            "init_scale": 0.024096859896253434, 
            "num_iters": 10000, 
            "seed": 1, 
            "step_size": 0.003279250603624976
        }, 
        "varied_params": {
            "conv_width": 14.798012297857005, 
            "fp_depth": 2.7229757465487365, 
            "fp_length": 673.3200961617024, 
            "h1_size": 64.91411629780154, 
            "log_L2_reg": -1.2730179100146142, 
            "log_init_scale": -3.725673741735896, 
            "log_step_size": -5.720140357194941
        }
    }, 
    {
        "host_name": "clumsy", 
        "minutes_duration": 0.07728270292282105, 
        "timestamp": "2021-07-09 20:38:51.255294", 
        "training_curve": [
            [
                0, 
                4.460327524105524, 
                4.846310510210574
            ], 
            [
                526, 
                4.453572953265609, 
                4.834583708526755
            ], 
            [
                1052, 
                4.45357248031694, 
                4.834581320795548
            ], 
            [
                1578, 
                4.453571658532143, 
                4.8345771560276685
            ], 
            [
                2105, 
                4.45356568220405, 
                4.834546226458764
            ], 
            [
                2631, 
                4.4535541297848225, 
                4.834482709619745
            ], 
            [
                3157, 
                4.453557185975716, 
                4.834500054061768
            ], 
            [
                3683, 
                4.453572998861742, 
                4.8345839383737665
            ], 
            [
                4210, 
                4.453571665270113, 
                4.83457719025825
            ], 
            [
                4736, 
                4.453576248539015, 
                4.834600165548916
            ], 
            [
                5262, 
                4.453565683993862, 
                4.834546235899732
            ], 
            [
                5788, 
                4.453554129647788, 
                4.834482708832342
            ], 
            [
                6315, 
                4.453572999623865, 
                4.834583942215057
            ], 
            [
                6841, 
                4.453572496370932, 
                4.83458140195476
            ], 
            [
                7367, 
                4.453571665665219, 
                4.834577192265443
            ], 
            [
                7893, 
                4.453576248823119, 
                4.834600166954595
            ], 
            [
                8420, 
                4.453554129642949, 
                4.834482708804535
            ], 
            [
                8946, 
                4.453557186076873, 
                4.834500054628898
            ], 
            [
                9472, 
                4.453572999678808, 
                4.8345839424919825
            ], 
            [
                9999, 
                4.4535716656812125, 
                4.834577192346694
            ]
        ]
    }
]