[
    {
        "jobnum": 19, 
        "model": {
            "L2_reg": 0.2799853748054875, 
            "conv_width": 15, 
            "fp_depth": 3, 
            "fp_length": 89, 
            "h1_size": 65, 
            "net_type": "conv_plus_linear"
        }, 
        "num_records": 20, 
        "task": {
            "name": "delaney", 
            "test_slices": [
                [
                    0, 
                    224
                ]
            ], 
            "train_slices": [
                [
                    449, 
                    674
                ], 
                [
                    674, 
                    899
                ], 
                [
                    899, 
                    1124
                ]
            ]
        }, 
        "train": {
            "batch_size": 100, 
            "init_scale": 0.024096859896253434, 
            "num_iters": 10000, 
            "seed": 1, 
            "step_size": 0.003279250603624976
        }, 
        "varied_params": {
            "conv_width": 14.798012297857005, 
            "fp_depth": 2.7229757465487365, 
            "fp_length": 89.03556624018915, 
            "h1_size": 64.91411629780154, 
            "log_L2_reg": -1.2730179100146142, 
            "log_init_scale": -3.725673741735896, 
            "log_step_size": -5.720140357194941
        }
    }, 
    {
        "host_name": "clumsy", 
        "minutes_duration": 218.16364744901657, 
        "timestamp": "2021-07-09 21:03:20.193017", 
        "training_curve": [
            [
                0, 
                4.3176063683546175, 
                4.686211459614094
            ], 
            [
                526, 
                0.2556545666804213, 
                0.5901790161837676
            ], 
            [
                1052, 
                0.21422673247410637, 
                0.6507352060853282
            ], 
            [
                1578, 
                0.16066538250313508, 
                0.683130630501182
            ], 
            [
                2105, 
                0.13662112339377552, 
                0.7029469276755822
            ], 
            [
                2631, 
                0.12633284620575222, 
                0.7537118841295788
            ], 
            [
                3157, 
                0.09873228653441347, 
                0.7174036267483702
            ], 
            [
                3683, 
                0.14389788008955193, 
                0.7524223304347696
            ], 
            [
                4210, 
                0.10466994512752918, 
                0.7724754502947386
            ], 
            [
                4736, 
                0.1393384097676121, 
                0.7965183395027624
            ], 
            [
                5262, 
                0.12954448107658878, 
                0.8107226016006734
            ], 
            [
                5788, 
                0.10218552554776322, 
                0.7374582667761229
            ], 
            [
                6315, 
                0.1108762595487857, 
                0.7624231067872261
            ], 
            [
                6841, 
                0.10941818607533706, 
                0.7703890619631516
            ], 
            [
                7367, 
                0.11896218545243224, 
                0.8274179071572222
            ], 
            [
                7893, 
                0.11585003396866143, 
                0.7517991445689487
            ], 
            [
                8420, 
                0.0980261430542572, 
                0.8116688883395646
            ], 
            [
                8946, 
                0.09759931741493018, 
                0.7430360304250531
            ], 
            [
                9472, 
                0.11168740174496672, 
                0.8117985929057294
            ], 
            [
                9999, 
                0.10618454315467202, 
                0.727898864770564
            ]
        ]
    }
]