[
    {
        "jobnum": 1, 
        "model": {
            "L2_reg": 0.05326542476477831, 
            "conv_width": 13, 
            "fp_depth": 3, 
            "fp_length": 589, 
            "h1_size": 95, 
            "net_type": "morgan_plus_linear"
        }, 
        "num_records": 20, 
        "task": {
            "name": "delaney", 
            "test_slices": [
                [
                    0, 
                    224
                ]
            ], 
            "train_slices": [
                [
                    449, 
                    674
                ], 
                [
                    674, 
                    899
                ], 
                [
                    899, 
                    1124
                ]
            ]
        }, 
        "train": {
            "batch_size": 100, 
            "init_scale": 0.003337989654124867, 
            "num_iters": 10000, 
            "seed": 1, 
            "step_size": 0.01583790822219237
        }, 
        "varied_params": {
            "conv_width": 12.933423796293567, 
            "fp_depth": 3.3751751142479938, 
            "fp_length": 588.5889175826837, 
            "h1_size": 94.58865003910398, 
            "log_L2_reg": -2.9324678493937784, 
            "log_init_scale": -5.702386553170644, 
            "log_step_size": -4.145348957995883
        }
    }, 
    {
        "host_name": "schlumpfine", 
        "minutes_duration": 2.1236081163088483, 
        "timestamp": "2021-07-09 15:12:54.612589", 
        "training_curve": [
            [
                0, 
                4.442971486496633, 
                4.8349844685450165
            ], 
            [
                526, 
                0.3313045453565876, 
                5.128389816256195
            ], 
            [
                1052, 
                0.21098763272052817, 
                7.182416185777284
            ], 
            [
                1578, 
                0.2714331802288085, 
                8.019747190785578
            ], 
            [
                2105, 
                0.19302155389786152, 
                9.019358458110215
            ], 
            [
                2631, 
                0.1891105237356026, 
                9.553353393371566
            ], 
            [
                3157, 
                0.18709094830341147, 
                9.94240457323899
            ], 
            [
                3683, 
                0.18542630696930598, 
                10.18419388555756
            ], 
            [
                4210, 
                0.19230104461201547, 
                10.50264107505302
            ], 
            [
                4736, 
                0.1836499910494667, 
                10.52748072192107
            ], 
            [
                5262, 
                1.8663768762026471, 
                13.230931814146158
            ], 
            [
                5788, 
                0.1822442292036025, 
                10.7623150110289
            ], 
            [
                6315, 
                1.664129502815768, 
                10.733204588796111
            ], 
            [
                6841, 
                0.1818295787481953, 
                10.888350619578471
            ], 
            [
                7367, 
                0.2847626218059236, 
                10.65260493017962
            ], 
            [
                7893, 
                0.1815477682101193, 
                10.96159621650894
            ], 
            [
                8420, 
                0.18268685766312934, 
                11.000447122392314
            ], 
            [
                8946, 
                0.18111123784514566, 
                11.039908266734423
            ], 
            [
                9472, 
                0.18113908099014034, 
                11.055877306526156
            ], 
            [
                9999, 
                0.18108905619370766, 
                11.054265756656948
            ]
        ]
    }
]