[
    {
        "jobnum": 1, 
        "model": {
            "L2_reg": 0.05326542476477831, 
            "conv_width": 13, 
            "fp_depth": 3, 
            "fp_length": 80, 
            "h1_size": 95, 
            "net_type": "conv_plus_linear"
        }, 
        "num_records": 20, 
        "task": {
            "name": "delaney", 
            "test_slices": [
                [
                    0, 
                    224
                ]
            ], 
            "train_slices": [
                [
                    449, 
                    674
                ], 
                [
                    674, 
                    899
                ], 
                [
                    899, 
                    1124
                ]
            ]
        }, 
        "train": {
            "batch_size": 100, 
            "init_scale": 0.003337989654124867, 
            "num_iters": 10000, 
            "seed": 1, 
            "step_size": 0.01583790822219237
        }, 
        "varied_params": {
            "conv_width": 12.933423796293567, 
            "fp_depth": 3.3751751142479938, 
            "fp_length": 79.62099084252043, 
            "h1_size": 94.58865003910398, 
            "log_L2_reg": -2.9324678493937784, 
            "log_init_scale": -5.702386553170644, 
            "log_step_size": -4.145348957995883
        }
    }, 
    {
        "host_name": "schlumpfine", 
        "minutes_duration": 243.605541797479, 
        "timestamp": "2021-07-09 20:07:17.792521", 
        "training_curve": [
            [
                0, 
                4.350906283894482, 
                4.721237950814564
            ], 
            [
                526, 
                0.42528990433662933, 
                0.6717336928808167
            ], 
            [
                1052, 
                0.15803779528537937, 
                0.5380815687988932
            ], 
            [
                1578, 
                0.4162312517025992, 
                0.9142133385872553
            ], 
            [
                2105, 
                0.700841917953787, 
                1.0156163583353288
            ], 
            [
                2631, 
                0.14194543564338366, 
                0.6373315730623502
            ], 
            [
                3157, 
                0.4826407233038666, 
                0.8292199264323271
            ], 
            [
                3683, 
                0.22239681166427663, 
                0.7877211494956892
            ], 
            [
                4210, 
                0.40280321528327356, 
                0.860781232519996
            ], 
            [
                4736, 
                0.46795075421655147, 
                0.9486704839202217
            ], 
            [
                5262, 
                0.2505486539266959, 
                0.7698922839446238
            ], 
            [
                5788, 
                0.3066981242485272, 
                0.7928569368329208
            ], 
            [
                6315, 
                0.11664419612720159, 
                0.5925216176468587
            ], 
            [
                6841, 
                0.16325381627163013, 
                0.7015704855544883
            ], 
            [
                7367, 
                0.13624741533234086, 
                0.6738430186291291
            ], 
            [
                7893, 
                0.13860954976536338, 
                0.7047852729050502
            ], 
            [
                8420, 
                0.2365332605065257, 
                0.8101205066097589
            ], 
            [
                8946, 
                0.2554338253906198, 
                0.7872373767445249
            ], 
            [
                9472, 
                0.3612758975510789, 
                0.8723815798550373
            ], 
            [
                9999, 
                0.13328873052091164, 
                0.6249826719831082
            ]
        ]
    }
]