[
    {
        "jobnum": 1, 
        "model": {
            "L2_reg": 0.05326542476477831, 
            "conv_width": 13, 
            "fp_depth": 3, 
            "fp_length": 80, 
            "h1_size": 95, 
            "net_type": "conv_plus_net"
        }, 
        "num_records": 20, 
        "task": {
            "name": "delaney", 
            "test_slices": [
                [
                    0, 
                    224
                ]
            ], 
            "train_slices": [
                [
                    449, 
                    674
                ], 
                [
                    674, 
                    899
                ], 
                [
                    899, 
                    1124
                ]
            ]
        }, 
        "train": {
            "batch_size": 100, 
            "init_scale": 0.003337989654124867, 
            "num_iters": 10000, 
            "seed": 1, 
            "step_size": 0.01583790822219237
        }, 
        "varied_params": {
            "conv_width": 12.933423796293567, 
            "fp_depth": 3.3751751142479938, 
            "fp_length": 79.62099084252043, 
            "h1_size": 94.58865003910398, 
            "log_L2_reg": -2.9324678493937784, 
            "log_init_scale": -5.702386553170644, 
            "log_step_size": -4.145348957995883
        }
    }, 
    {
        "host_name": "clumsy", 
        "minutes_duration": 137.4544109304746, 
        "timestamp": "2021-07-09 17:25:01.050064", 
        "training_curve": [
            [
                0, 
                4.4543183018678665, 
                4.834492772504333
            ], 
            [
                526, 
                0.2007559279840755, 
                0.42871126117128616
            ], 
            [
                1052, 
                0.1606034746218067, 
                0.5368044059268604
            ], 
            [
                1578, 
                0.13638749514535026, 
                0.5859160299547425
            ], 
            [
                2105, 
                0.09392670661465752, 
                0.5811468728066471
            ], 
            [
                2631, 
                0.10385111543547547, 
                0.5301030956916757
            ], 
            [
                3157, 
                0.12094798413234352, 
                0.5509072591302233
            ], 
            [
                3683, 
                0.11700649582192287, 
                0.6350412332652307
            ], 
            [
                4210, 
                0.07585726811633635, 
                0.5973185546472367
            ], 
            [
                4736, 
                0.08722336194603546, 
                0.6411337254225681
            ], 
            [
                5262, 
                0.1375676117469159, 
                0.6123342838292756
            ], 
            [
                5788, 
                0.3465112477057063, 
                0.7117291641476123
            ], 
            [
                6315, 
                0.06732555647121341, 
                0.6107224369376026
            ], 
            [
                6841, 
                0.0781627920071602, 
                0.625440377500766
            ], 
            [
                7367, 
                0.07362607709252662, 
                0.5746482603153258
            ], 
            [
                7893, 
                0.11438074660731422, 
                0.5819983052719923
            ], 
            [
                8420, 
                0.06090063454109451, 
                0.587158852014377
            ], 
            [
                8946, 
                0.06602025905411221, 
                0.5923691208869053
            ], 
            [
                9472, 
                0.11543197659521741, 
                0.577053777609012
            ], 
            [
                9999, 
                0.12557426515095507, 
                0.6637287873038117
            ]
        ]
    }
]