[
    {
        "jobnum": 1, 
        "model": {
            "L2_reg": 0.05326542476477831, 
            "conv_width": 13, 
            "fp_depth": 3, 
            "fp_length": 589, 
            "h1_size": 95, 
            "net_type": "mean"
        }, 
        "num_records": 20, 
        "task": {
            "name": "delaney", 
            "test_slices": [
                [
                    0, 
                    224
                ]
            ], 
            "train_slices": [
                [
                    449, 
                    674
                ], 
                [
                    674, 
                    899
                ], 
                [
                    899, 
                    1124
                ]
            ]
        }, 
        "train": {
            "batch_size": 100, 
            "init_scale": 0.003337989654124867, 
            "num_iters": 10000, 
            "seed": 1, 
            "step_size": 0.01583790822219237
        }, 
        "varied_params": {
            "conv_width": 12.933423796293567, 
            "fp_depth": 3.3751751142479938, 
            "fp_length": 588.5889175826837, 
            "h1_size": 94.58865003910398, 
            "log_L2_reg": -2.9324678493937784, 
            "log_init_scale": -5.702386553170644, 
            "log_step_size": -4.145348957995883
        }
    }, 
    {
        "host_name": "schlaubi", 
        "minutes_duration": 0.09224956432978312, 
        "timestamp": "2021-07-09 20:35:50.533268", 
        "training_curve": [
            [
                0, 
                4.453635385382886, 
                4.834857950888838
            ], 
            [
                526, 
                4.453598684411566, 
                4.834705160313685
            ], 
            [
                1052, 
                4.453596600030724, 
                4.834695853287511
            ], 
            [
                1578, 
                4.453592109344496, 
                4.834675518835821
            ], 
            [
                2105, 
                4.453560632392755, 
                4.834519124870148
            ], 
            [
                2631, 
                4.4535183771679066, 
                4.834225055639128
            ], 
            [
                3157, 
                4.453527257234207, 
                4.834303779144875
            ], 
            [
                3683, 
                4.4535987625701585, 
                4.8347055077397965
            ], 
            [
                4210, 
                4.453592118826518, 
                4.834675562193963
            ], 
            [
                4736, 
                4.453618028457555, 
                4.834788051832187
            ], 
            [
                5262, 
                4.45356063250487, 
                4.83451912548262
            ], 
            [
                5788, 
                4.453518376911821, 
                4.83422505308704
            ], 
            [
                6315, 
                4.453598763878934, 
                4.834705513556543
            ], 
            [
                6841, 
                4.453596625504448, 
                4.834695967521211
            ], 
            [
                7367, 
                4.453592119378474, 
                4.834675564717817
            ], 
            [
                7893, 
                4.4536180288164715, 
                4.834788053317633
            ], 
            [
                8420, 
                4.45351837690364, 
                4.83422505300551
            ], 
            [
                8946, 
                4.453527257142465, 
                4.83430377841046
            ], 
            [
                9472, 
                4.453598763972596, 
                4.834705513972809
            ], 
            [
                9999, 
                4.453592119400587, 
                4.834675564818931
            ]
        ]
    }
]