[
    {
        "jobnum": 1, 
        "model": {
            "L2_reg": 0.05326542476477831, 
            "conv_width": 13, 
            "fp_depth": 3, 
            "fp_length": 589, 
            "h1_size": 95, 
            "net_type": "morgan_plus_net"
        }, 
        "num_records": 20, 
        "task": {
            "name": "delaney", 
            "test_slices": [
                [
                    0, 
                    224
                ]
            ], 
            "train_slices": [
                [
                    449, 
                    674
                ], 
                [
                    674, 
                    899
                ], 
                [
                    899, 
                    1124
                ]
            ]
        }, 
        "train": {
            "batch_size": 100, 
            "init_scale": 0.003337989654124867, 
            "num_iters": 10000, 
            "seed": 1, 
            "step_size": 0.01583790822219237
        }, 
        "varied_params": {
            "conv_width": 12.933423796293567, 
            "fp_depth": 3.3751751142479938, 
            "fp_length": 588.5889175826837, 
            "h1_size": 94.58865003910398, 
            "log_L2_reg": -2.9324678493937784, 
            "log_init_scale": -5.702386553170644, 
            "log_step_size": -4.145348957995883
        }
    }, 
    {
        "host_name": "hefty", 
        "minutes_duration": 34.85680256684621, 
        "timestamp": "2021-07-09 20:16:49.643796", 
        "training_curve": [
            [
                0, 
                4.453816862455418, 
                4.834773785969426
            ], 
            [
                526, 
                0.10794765053407787, 
                1.8779769663230783
            ], 
            [
                1052, 
                0.10253234397024107, 
                1.9084880185115876
            ], 
            [
                1578, 
                0.0842810686535771, 
                1.934143409114353
            ], 
            [
                2105, 
                0.089945455791117, 
                1.8924097140807696
            ], 
            [
                2631, 
                0.08445405757477313, 
                1.829786065976611
            ], 
            [
                3157, 
                0.3273830109534958, 
                1.8067510450804574
            ], 
            [
                3683, 
                0.08212522999228691, 
                1.8682854558484543
            ], 
            [
                4210, 
                0.0832223842250258, 
                1.8444093080415407
            ], 
            [
                4736, 
                0.0854590380392008, 
                1.8266044525420126
            ], 
            [
                5262, 
                0.08827473331331277, 
                1.790544476757946
            ], 
            [
                5788, 
                0.09137762849083748, 
                1.8002903242407857
            ], 
            [
                6315, 
                0.0892502988862043, 
                1.8067429153260466
            ], 
            [
                6841, 
                0.10378082565253054, 
                1.8018350209531693
            ], 
            [
                7367, 
                0.09131968947083598, 
                1.765968262390711
            ], 
            [
                7893, 
                0.08958756875499232, 
                1.7510086633853885
            ], 
            [
                8420, 
                0.08578267834618335, 
                1.7758397329943745
            ], 
            [
                8946, 
                0.09243336671590724, 
                1.7884374915148373
            ], 
            [
                9472, 
                0.09304813268957454, 
                1.778450795715758
            ], 
            [
                9999, 
                0.09227599316784511, 
                1.7612508620623533
            ]
        ]
    }
]