[
    {
        "jobnum": 20, 
        "model": {
            "L2_reg": 0.08101826970128459, 
            "conv_width": 17, 
            "fp_depth": 4, 
            "fp_length": 726, 
            "h1_size": 95, 
            "net_type": "morgan_plus_net"
        }, 
        "num_records": 20, 
        "task": {
            "name": "delaney", 
            "test_slices": [
                [
                    0, 
                    224
                ]
            ], 
            "train_slices": [
                [
                    449, 
                    674
                ], 
                [
                    674, 
                    899
                ], 
                [
                    899, 
                    1124
                ]
            ]
        }, 
        "train": {
            "batch_size": 100, 
            "init_scale": 0.0906356596274393, 
            "num_iters": 10000, 
            "seed": 1, 
            "step_size": 0.001459366969517237
        }, 
        "varied_params": {
            "conv_width": 17.092909835691287, 
            "fp_depth": 3.675770065047016, 
            "fp_length": 725.5196922086892, 
            "h1_size": 94.82732979255314, 
            "log_L2_reg": -2.5130805978749855, 
            "log_init_scale": -2.4009075492492045, 
            "log_step_size": -6.529752519808413
        }
    }, 
    {
        "host_name": "schlaubi", 
        "minutes_duration": 24.544498733679454, 
        "timestamp": "2021-07-09 20:37:41.039699", 
        "training_curve": [
            [
                0, 
                4.560868989015219, 
                4.87303474363336
            ], 
            [
                526, 
                0.048110828920974166, 
                1.5318049709716057
            ], 
            [
                1052, 
                0.06628096562560735, 
                1.5854621581639772
            ], 
            [
                1578, 
                0.06972622429185474, 
                1.5927400907388205
            ], 
            [
                2105, 
                0.06880536605284147, 
                1.5637803896412694
            ], 
            [
                2631, 
                0.06704734341765795, 
                1.539617569147958
            ], 
            [
                3157, 
                0.06346108579420758, 
                1.521792621496203
            ], 
            [
                3683, 
                0.0903091713013375, 
                1.4671189779636198
            ], 
            [
                4210, 
                0.0627071993859303, 
                1.509546991199825
            ], 
            [
                4736, 
                0.06053485680658418, 
                1.500735576055623
            ], 
            [
                5262, 
                0.05852567945196495, 
                1.4851692240432943
            ], 
            [
                5788, 
                0.06144519338220226, 
                1.473546152815848
            ], 
            [
                6315, 
                0.06477622398031763, 
                1.4339725082368153
            ], 
            [
                6841, 
                0.05653513533912209, 
                1.475014197962603
            ], 
            [
                7367, 
                0.061663841464344685, 
                1.4521225522779528
            ], 
            [
                7893, 
                0.05858932570379562, 
                1.444370647493803
            ], 
            [
                8420, 
                0.05396983803370411, 
                1.4582919963430006
            ], 
            [
                8946, 
                0.05397181887232629, 
                1.4624055708850694
            ], 
            [
                9472, 
                0.05371090881988039, 
                1.4523686836298706
            ], 
            [
                9999, 
                0.05620378331774955, 
                1.4825538478470193
            ]
        ]
    }
]