[
    {
        "jobnum": 20, 
        "model": {
            "L2_reg": 0.08101826970128459, 
            "conv_width": 17, 
            "fp_depth": 4, 
            "fp_length": 726, 
            "h1_size": 95, 
            "net_type": "morgan_plus_linear"
        }, 
        "num_records": 20, 
        "task": {
            "name": "delaney", 
            "test_slices": [
                [
                    0, 
                    224
                ]
            ], 
            "train_slices": [
                [
                    449, 
                    674
                ], 
                [
                    674, 
                    899
                ], 
                [
                    899, 
                    1124
                ]
            ]
        }, 
        "train": {
            "batch_size": 100, 
            "init_scale": 0.0906356596274393, 
            "num_iters": 10000, 
            "seed": 1, 
            "step_size": 0.001459366969517237
        }, 
        "varied_params": {
            "conv_width": 17.092909835691287, 
            "fp_depth": 3.675770065047016, 
            "fp_length": 725.5196922086892, 
            "h1_size": 94.82732979255314, 
            "log_L2_reg": -2.5130805978749855, 
            "log_init_scale": -2.4009075492492045, 
            "log_step_size": -6.529752519808413
        }
    }, 
    {
        "host_name": "handy", 
        "minutes_duration": 0.7621702671051025, 
        "timestamp": "2021-07-09 15:48:27.440914", 
        "training_curve": [
            [
                0, 
                5.349668701959084, 
                5.4053751268374794
            ], 
            [
                526, 
                0.5501333122513291, 
                2.155813908909959
            ], 
            [
                1052, 
                0.2816664474795535, 
                2.5683642163316547
            ], 
            [
                1578, 
                0.1875520725455461, 
                3.170176629439731
            ], 
            [
                2105, 
                0.14109728207541736, 
                3.8237377966780417
            ], 
            [
                2631, 
                0.11395640772672394, 
                4.469237737113709
            ], 
            [
                3157, 
                0.09633532622168435, 
                5.072436662857203
            ], 
            [
                3683, 
                0.08403560608200267, 
                5.612604774813245
            ], 
            [
                4210, 
                0.07504951462444079, 
                6.086236975377119
            ], 
            [
                4736, 
                0.06825861035010654, 
                6.493074119074568
            ], 
            [
                5262, 
                0.0630343965018573, 
                6.8388414842286664
            ], 
            [
                5788, 
                0.05895786208237995, 
                7.1314058406788785
            ], 
            [
                6315, 
                0.05580908814413016, 
                7.379162128820523
            ], 
            [
                6841, 
                0.05333373813672585, 
                7.5887168121770845
            ], 
            [
                7367, 
                0.05138108404714725, 
                7.764341992920573
            ], 
            [
                7893, 
                0.04981761172158807, 
                7.912856619187299
            ], 
            [
                8420, 
                0.04861684881373508, 
                8.027241099243048
            ], 
            [
                8946, 
                0.04775928074284551, 
                8.118523977216189
            ], 
            [
                9472, 
                0.04701818677414085, 
                8.196099586870874
            ], 
            [
                9999, 
                0.046460727103709167, 
                8.258734745676833
            ]
        ]
    }
]