[
    {
        "jobnum": 21, 
        "model": {
            "L2_reg": 7.321213204376401, 
            "conv_width": 18, 
            "fp_depth": 1, 
            "fp_length": 180, 
            "h1_size": 96, 
            "net_type": "morgan_plus_linear"
        }, 
        "num_records": 20, 
        "task": {
            "name": "delaney", 
            "test_slices": [
                [
                    0, 
                    224
                ]
            ], 
            "train_slices": [
                [
                    449, 
                    674
                ], 
                [
                    674, 
                    899
                ], 
                [
                    899, 
                    1124
                ]
            ]
        }, 
        "train": {
            "batch_size": 100, 
            "init_scale": 0.011536512686277006, 
            "num_iters": 10000, 
            "seed": 1, 
            "step_size": 0.005839939733487496
        }, 
        "varied_params": {
            "conv_width": 18.021890860523214, 
            "fp_depth": 1.4483449139739812, 
            "fp_length": 179.7928781537858, 
            "h1_size": 95.97413068723367, 
            "log_L2_reg": 1.990776052542932, 
            "log_init_scale": -4.462238257135377, 
            "log_step_size": -5.143034801803554
        }
    }, 
    {
        "host_name": "schlumpfine", 
        "minutes_duration": 0.6139042019844055, 
        "timestamp": "2021-07-09 15:48:12.828284", 
        "training_curve": [
            [
                0, 
                4.441758969158769, 
                4.82384716774766
            ], 
            [
                526, 
                2.0084521987501804, 
                2.3903583566861144
            ], 
            [
                1052, 
                2.0069196151282793, 
                2.3859223294694654
            ], 
            [
                1578, 
                2.0070140468278805, 
                2.3876431462209795
            ], 
            [
                2105, 
                2.0065798371528376, 
                2.3901382707058274
            ], 
            [
                2631, 
                2.0062885032405866, 
                2.386639908293176
            ], 
            [
                3157, 
                2.0068222099947626, 
                2.3883071260716346
            ], 
            [
                3683, 
                2.0067608440083986, 
                2.3879785709859362
            ], 
            [
                4210, 
                2.006997119899311, 
                2.387621414709509
            ], 
            [
                4736, 
                2.0070643912406396, 
                2.391221291673592
            ], 
            [
                5262, 
                2.0065686556919475, 
                2.3901401987120003
            ], 
            [
                5788, 
                2.006285928123227, 
                2.3866362230423053
            ], 
            [
                6315, 
                2.0067603387902784, 
                2.3879774635424207
            ], 
            [
                6841, 
                2.0068787681628715, 
                2.385844828302194
            ], 
            [
                7367, 
                2.006996069724346, 
                2.3876200576623674
            ], 
            [
                7893, 
                2.00706408253824, 
                2.3912220237419364
            ], 
            [
                8420, 
                2.0062858332817926, 
                2.386636098677285
            ], 
            [
                8946, 
                2.0068233369273116, 
                2.38830869258046
            ], 
            [
                9472, 
                2.006760304611325, 
                2.3879773879835406
            ], 
            [
                9999, 
                2.0069960279716184, 
                2.3876200030366452
            ]
        ]
    }
]