[
    {
        "jobnum": 21, 
        "model": {
            "L2_reg": 7.321213204376401, 
            "conv_width": 18, 
            "fp_depth": 1, 
            "fp_length": 180, 
            "h1_size": 96, 
            "net_type": "mean"
        }, 
        "num_records": 20, 
        "task": {
            "name": "delaney", 
            "test_slices": [
                [
                    0, 
                    224
                ]
            ], 
            "train_slices": [
                [
                    449, 
                    674
                ], 
                [
                    674, 
                    899
                ], 
                [
                    899, 
                    1124
                ]
            ]
        }, 
        "train": {
            "batch_size": 100, 
            "init_scale": 0.011536512686277006, 
            "num_iters": 10000, 
            "seed": 1, 
            "step_size": 0.005839939733487496
        }, 
        "varied_params": {
            "conv_width": 18.021890860523214, 
            "fp_depth": 1.4483449139739812, 
            "fp_length": 179.7928781537858, 
            "h1_size": 95.97413068723367, 
            "log_L2_reg": 1.990776052542932, 
            "log_init_scale": -4.462238257135377, 
            "log_step_size": -5.143034801803554
        }
    }, 
    {
        "host_name": "schlaubi", 
        "minutes_duration": 0.09227889776229858, 
        "timestamp": "2021-07-09 20:38:53.526023", 
        "training_curve": [
            [
                0, 
                4.455068354079269, 
                4.838171003494857
            ], 
            [
                526, 
                4.4535778805414195, 
                4.834608204094671
            ], 
            [
                1052, 
                4.453577028339419, 
                4.834604015497087
            ], 
            [
                1578, 
                4.453575519894414, 
                4.8345965530563735
            ], 
            [
                2105, 
                4.453564682108346, 
                4.834540933482372
            ], 
            [
                2631, 
                4.453545111526942, 
                4.8344287484577935
            ], 
            [
                3157, 
                4.453550119776053, 
                4.834459267570695
            ], 
            [
                3683, 
                4.453577922449649, 
                4.834608409574017
            ], 
            [
                4210, 
                4.453575525846966, 
                4.834596582627831
            ], 
            [
                4736, 
                4.453583975858175, 
                4.834637618971327
            ], 
            [
                5262, 
                4.453564683714823, 
                4.834540942013068
            ], 
            [
                5788, 
                4.4535451121679825, 
                4.834428752461777
            ], 
            [
                6315, 
                4.453577923154505, 
                4.8346084130295806
            ], 
            [
                6841, 
                4.45357704276075, 
                4.834604086540805
            ], 
            [
                7367, 
                4.453575526196523, 
                4.834596584364347
            ], 
            [
                7893, 
                4.453583976070433, 
                4.834637619979776
            ], 
            [
                8420, 
                4.45354511219279, 
                4.834428752616731
            ], 
            [
                8946, 
                4.45355012021467, 
                4.8344592701804805
            ], 
            [
                9472, 
                4.453577923205341, 
                4.8346084132788025
            ], 
            [
                9999, 
                4.453575526210676, 
                4.834596584434664
            ]
        ]
    }
]