[
    {
        "jobnum": 21, 
        "model": {
            "L2_reg": 7.321213204376401, 
            "conv_width": 18, 
            "fp_depth": 1, 
            "fp_length": 180, 
            "h1_size": 96, 
            "net_type": "morgan_plus_net"
        }, 
        "num_records": 20, 
        "task": {
            "name": "delaney", 
            "test_slices": [
                [
                    0, 
                    224
                ]
            ], 
            "train_slices": [
                [
                    449, 
                    674
                ], 
                [
                    674, 
                    899
                ], 
                [
                    899, 
                    1124
                ]
            ]
        }, 
        "train": {
            "batch_size": 100, 
            "init_scale": 0.011536512686277006, 
            "num_iters": 10000, 
            "seed": 1, 
            "step_size": 0.005839939733487496
        }, 
        "varied_params": {
            "conv_width": 18.021890860523214, 
            "fp_depth": 1.4483449139739812, 
            "fp_length": 179.7928781537858, 
            "h1_size": 95.97413068723367, 
            "log_L2_reg": 1.990776052542932, 
            "log_init_scale": -4.462238257135377, 
            "log_step_size": -5.143034801803554
        }
    }, 
    {
        "host_name": "papaschlumpf", 
        "minutes_duration": 13.141591580708821, 
        "timestamp": "2021-07-09 20:26:16.423032", 
        "training_curve": [
            [
                0, 
                4.452101052309762, 
                4.829963930520035
            ], 
            [
                526, 
                0.2410638566097504, 
                1.6639256493862402
            ], 
            [
                1052, 
                0.32701924440913577, 
                1.6293592258448382
            ], 
            [
                1578, 
                0.23020133712712335, 
                1.7186315446189593
            ], 
            [
                2105, 
                0.3274550197910122, 
                1.6565974559852492
            ], 
            [
                2631, 
                0.23778723931029108, 
                1.7825346265112039
            ], 
            [
                3157, 
                0.2928737374588717, 
                1.8783331866874704
            ], 
            [
                3683, 
                0.3249853545378366, 
                1.8718674291733144
            ], 
            [
                4210, 
                0.27015125124321143, 
                1.9723566614923431
            ], 
            [
                4736, 
                0.30045275184831716, 
                2.0205532857755655
            ], 
            [
                5262, 
                0.3129606331163787, 
                2.009317978951862
            ], 
            [
                5788, 
                0.3041927163202337, 
                1.884697264699435
            ], 
            [
                6315, 
                0.4115044626854907, 
                1.8572073235944262
            ], 
            [
                6841, 
                0.2886335886055783, 
                1.8468475842341923
            ], 
            [
                7367, 
                0.383537384291641, 
                1.9311225560076746
            ], 
            [
                7893, 
                0.27744781276708746, 
                1.9883462417737061
            ], 
            [
                8420, 
                0.2708823523602621, 
                1.9656782642315442
            ], 
            [
                8946, 
                0.27913452510790615, 
                1.9144415974389355
            ], 
            [
                9472, 
                0.31125868082286934, 
                1.9162779118673376
            ], 
            [
                9999, 
                0.30927700452925794, 
                2.026757995065719
            ]
        ]
    }
]