[
    {
        "jobnum": 22, 
        "model": {
            "L2_reg": 1.5817813834259178, 
            "conv_width": 11, 
            "fp_depth": 3, 
            "fp_length": 86, 
            "h1_size": 56, 
            "net_type": "morgan_plus_net"
        }, 
        "num_records": 20, 
        "task": {
            "name": "delaney", 
            "test_slices": [
                [
                    0, 
                    224
                ]
            ], 
            "train_slices": [
                [
                    449, 
                    674
                ], 
                [
                    674, 
                    899
                ], 
                [
                    899, 
                    1124
                ]
            ]
        }, 
        "train": {
            "batch_size": 100, 
            "init_scale": 0.008314826000126603, 
            "num_iters": 10000, 
            "seed": 1, 
            "step_size": 0.009972070109487014
        }, 
        "varied_params": {
            "conv_width": 11.107749458389995, 
            "fp_depth": 2.70730221584378, 
            "fp_length": 85.72033141877915, 
            "h1_size": 56.19099914247207, 
            "log_L2_reg": 0.45855166980008555, 
            "log_init_scale": -4.789715092578255, 
            "log_step_size": -4.607967082711062
        }
    }, 
    {
        "host_name": "handy", 
        "minutes_duration": 1.3010371843973796, 
        "timestamp": "2021-07-09 20:15:26.298275", 
        "training_curve": [
            [
                0, 
                4.4540302091851425, 
                4.8367465214342005
            ], 
            [
                526, 
                0.4232230164435975, 
                2.2809665942085275
            ], 
            [
                1052, 
                0.13150978395707474, 
                2.3555910801049578
            ], 
            [
                1578, 
                0.10395649866779536, 
                2.234939704034384
            ], 
            [
                2105, 
                0.1095461863792754, 
                2.3408384671089792
            ], 
            [
                2631, 
                0.40245603879583636, 
                2.3481266862719576
            ], 
            [
                3157, 
                0.08835021512990181, 
                2.2824625993929124
            ], 
            [
                3683, 
                0.08929363426671216, 
                2.2811622554254494
            ], 
            [
                4210, 
                0.15388383442876394, 
                2.3671159543296523
            ], 
            [
                4736, 
                0.16968286809420277, 
                2.2854842266347566
            ], 
            [
                5262, 
                0.25735910560822034, 
                2.427326191763622
            ], 
            [
                5788, 
                0.13010933543015038, 
                2.3013616844810945
            ], 
            [
                6315, 
                0.09950600628612866, 
                2.2757109441712764
            ], 
            [
                6841, 
                0.09791672893824352, 
                2.2839054912502124
            ], 
            [
                7367, 
                0.09469856921636555, 
                2.294354075452596
            ], 
            [
                7893, 
                0.10008114937188774, 
                2.3200448097635116
            ], 
            [
                8420, 
                0.09108767964210375, 
                2.334177656707842
            ], 
            [
                8946, 
                0.1004812226659447, 
                2.2950970887004423
            ], 
            [
                9472, 
                0.10186078232788075, 
                2.286649313781927
            ], 
            [
                9999, 
                0.10110961301891722, 
                2.282317160798222
            ]
        ]
    }
]