[
    {
        "jobnum": 22, 
        "model": {
            "L2_reg": 1.5817813834259178, 
            "conv_width": 11, 
            "fp_depth": 3, 
            "fp_length": 86, 
            "h1_size": 56, 
            "net_type": "mean"
        }, 
        "num_records": 20, 
        "task": {
            "name": "delaney", 
            "test_slices": [
                [
                    0, 
                    224
                ]
            ], 
            "train_slices": [
                [
                    449, 
                    674
                ], 
                [
                    674, 
                    899
                ], 
                [
                    899, 
                    1124
                ]
            ]
        }, 
        "train": {
            "batch_size": 100, 
            "init_scale": 0.008314826000126603, 
            "num_iters": 10000, 
            "seed": 1, 
            "step_size": 0.009972070109487014
        }, 
        "varied_params": {
            "conv_width": 11.107749458389995, 
            "fp_depth": 2.70730221584378, 
            "fp_length": 85.72033141877915, 
            "h1_size": 56.19099914247207, 
            "log_L2_reg": 0.45855166980008555, 
            "log_init_scale": -4.789715092578255, 
            "log_step_size": -4.607967082711062
        }
    }, 
    {
        "host_name": "schlaubi", 
        "minutes_duration": 0.09191803534825643, 
        "timestamp": "2021-07-09 20:38:53.550859", 
        "training_curve": [
            [
                0, 
                4.454316849313415, 
                4.8366807020851725
            ], 
            [
                526, 
                4.453586169151973, 
                4.834647983432048
            ], 
            [
                1052, 
                4.453584757930581, 
                4.834641327449451
            ], 
            [
                1578, 
                4.4535820765415846, 
                4.8346285521869055
            ], 
            [
                2105, 
                4.453563035799167, 
                4.834532142053947
            ], 
            [
                2631, 
                4.453532411599396, 
                4.834343203130517
            ], 
            [
                3157, 
                4.453539751242494, 
                4.834394273987068
            ], 
            [
                3683, 
                4.453586223615728, 
                4.834648239397341
            ], 
            [
                4210, 
                4.4535820836670235, 
                4.834628586364559
            ], 
            [
                4736, 
                4.453597298230004, 
                4.834698979850598
            ], 
            [
                5262, 
                4.453563036805847, 
                4.834532147460171
            ], 
            [
                5788, 
                4.453532411849996, 
                4.834343204966554
            ], 
            [
                6315, 
                4.453586224533267, 
                4.834648243708957
            ], 
            [
                6841, 
                4.45358477608896, 
                4.834641413384276
            ], 
            [
                7367, 
                4.4535820840846325, 
                4.834628588367612
            ], 
            [
                7893, 
                4.453597298487456, 
                4.834698981001793
            ], 
            [
                8420, 
                4.453532411860343, 
                4.834343205042368
            ], 
            [
                8946, 
                4.45353975146481, 
                4.834394275461112
            ], 
            [
                9472, 
                4.45358622459928, 
                4.834648244019159
            ], 
            [
                9999, 
                4.453582084101489, 
                4.834628588448463
            ]
        ]
    }
]