[
    {
        "jobnum": 22, 
        "model": {
            "L2_reg": 1.5817813834259178, 
            "conv_width": 11, 
            "fp_depth": 3, 
            "fp_length": 24, 
            "h1_size": 56, 
            "net_type": "conv_plus_net"
        }, 
        "num_records": 20, 
        "task": {
            "name": "delaney", 
            "test_slices": [
                [
                    0, 
                    224
                ]
            ], 
            "train_slices": [
                [
                    449, 
                    674
                ], 
                [
                    674, 
                    899
                ], 
                [
                    899, 
                    1124
                ]
            ]
        }, 
        "train": {
            "batch_size": 100, 
            "init_scale": 0.008314826000126603, 
            "num_iters": 10000, 
            "seed": 1, 
            "step_size": 0.009972070109487014
        }, 
        "varied_params": {
            "conv_width": 11.107749458389995, 
            "fp_depth": 2.70730221584378, 
            "fp_length": 23.746703490975463, 
            "h1_size": 56.19099914247207, 
            "log_L2_reg": 0.45855166980008555, 
            "log_init_scale": -4.789715092578255, 
            "log_step_size": -4.607967082711062
        }
    }, 
    {
        "host_name": "hefty", 
        "minutes_duration": 300.1255350311597, 
        "timestamp": "2021-07-09 20:08:08.448923", 
        "training_curve": [
            [
                0, 
                4.452841231448947, 
                4.832782082291222
            ], 
            [
                526, 
                0.29591412876447437, 
                0.5483134321401384
            ], 
            [
                1052, 
                0.14227090570221973, 
                0.4251263265641126
            ], 
            [
                1578, 
                0.12943362215750986, 
                0.4187411700025501
            ], 
            [
                2105, 
                0.15663791448149725, 
                0.44493631989245197
            ], 
            [
                2631, 
                0.13620842865238467, 
                0.45396504727194287
            ], 
            [
                3157, 
                0.13671532505556314, 
                0.5219753221242641
            ], 
            [
                3683, 
                0.11332543636311167, 
                0.4806094496327747
            ], 
            [
                4210, 
                0.10793183557923544, 
                0.4726953579604961
            ], 
            [
                4736, 
                0.1252017654798399, 
                0.511326922422991
            ], 
            [
                5262, 
                0.109531749639271, 
                0.52538867033128
            ], 
            [
                5788, 
                0.08912324062794173, 
                0.530143401755765
            ], 
            [
                6315, 
                0.11011807992084152, 
                0.5620600300620423
            ], 
            [
                6841, 
                0.12649590060704544, 
                0.5729955313949008
            ], 
            [
                7367, 
                0.10670345894618216, 
                0.58590580214804
            ], 
            [
                7893, 
                0.09161978271758243, 
                0.5414250624394397
            ], 
            [
                8420, 
                0.08956251910419424, 
                0.5278670479594932
            ], 
            [
                8946, 
                0.11138240128872232, 
                0.6045454048947541
            ], 
            [
                9472, 
                0.10433677886182995, 
                0.5985654782511752
            ], 
            [
                9999, 
                0.0899993738804614, 
                0.5460199315508215
            ]
        ]
    }
]