[
    {
        "jobnum": 22, 
        "model": {
            "L2_reg": 1.5817813834259178, 
            "conv_width": 11, 
            "fp_depth": 3, 
            "fp_length": 86, 
            "h1_size": 56, 
            "net_type": "morgan_plus_linear"
        }, 
        "num_records": 20, 
        "task": {
            "name": "delaney", 
            "test_slices": [
                [
                    0, 
                    224
                ]
            ], 
            "train_slices": [
                [
                    449, 
                    674
                ], 
                [
                    674, 
                    899
                ], 
                [
                    899, 
                    1124
                ]
            ]
        }, 
        "train": {
            "batch_size": 100, 
            "init_scale": 0.008314826000126603, 
            "num_iters": 10000, 
            "seed": 1, 
            "step_size": 0.009972070109487014
        }, 
        "varied_params": {
            "conv_width": 11.107749458389995, 
            "fp_depth": 2.70730221584378, 
            "fp_length": 85.72033141877915, 
            "h1_size": 56.19099914247207, 
            "log_L2_reg": 0.45855166980008555, 
            "log_init_scale": -4.789715092578255, 
            "log_step_size": -4.607967082711062
        }
    }, 
    {
        "host_name": "handy", 
        "minutes_duration": 0.27422218322753905, 
        "timestamp": "2021-07-09 15:48:52.446036", 
        "training_curve": [
            [
                0, 
                4.4408725150096195, 
                4.812736452498593
            ], 
            [
                526, 
                2.2046411438801377, 
                2.7023244506986375
            ], 
            [
                1052, 
                2.204696801419832, 
                2.700523836615509
            ], 
            [
                1578, 
                2.2054289939059943, 
                2.702687397700963
            ], 
            [
                2105, 
                2.2045504929675723, 
                2.7011626581521506
            ], 
            [
                2631, 
                2.2054284146495355, 
                2.6959129656110172
            ], 
            [
                3157, 
                2.2060846893100146, 
                2.696327250130804
            ], 
            [
                3683, 
                2.2042847354532853, 
                2.700885780117872
            ], 
            [
                4210, 
                2.205435249090512, 
                2.70275346879712
            ], 
            [
                4736, 
                2.2065094832767556, 
                2.705956694248376
            ], 
            [
                5262, 
                2.20455118777361, 
                2.7012103458372656
            ], 
            [
                5788, 
                2.205434818212365, 
                2.695909534928368
            ], 
            [
                6315, 
                2.2042844735691145, 
                2.7008825969969226
            ], 
            [
                6841, 
                2.204694621879767, 
                2.700541760567556
            ], 
            [
                7367, 
                2.2054352983469894, 
                2.7027559950651314
            ], 
            [
                7893, 
                2.206509940727918, 
                2.705959900707201
            ], 
            [
                8420, 
                2.205434981473878, 
                2.695909333140017
            ], 
            [
                8946, 
                2.2060914526353432, 
                2.6963181259312137
            ], 
            [
                9472, 
                2.2042844610381565, 
                2.700882379453082
            ], 
            [
                9999, 
                2.2054352908232766, 
                2.7027560456664412
            ]
        ]
    }
]