[
    {
        "jobnum": 22, 
        "model": {
            "L2_reg": 1.5817813834259178, 
            "conv_width": 11, 
            "fp_depth": 3, 
            "fp_length": 24, 
            "h1_size": 56, 
            "net_type": "conv_plus_linear"
        }, 
        "num_records": 20, 
        "task": {
            "name": "delaney", 
            "test_slices": [
                [
                    0, 
                    224
                ]
            ], 
            "train_slices": [
                [
                    449, 
                    674
                ], 
                [
                    674, 
                    899
                ], 
                [
                    899, 
                    1124
                ]
            ]
        }, 
        "train": {
            "batch_size": 100, 
            "init_scale": 0.008314826000126603, 
            "num_iters": 10000, 
            "seed": 1, 
            "step_size": 0.009972070109487014
        }, 
        "varied_params": {
            "conv_width": 11.107749458389995, 
            "fp_depth": 2.70730221584378, 
            "fp_length": 23.746703490975463, 
            "h1_size": 56.19099914247207, 
            "log_L2_reg": 0.45855166980008555, 
            "log_init_scale": -4.789715092578255, 
            "log_step_size": -4.607967082711062
        }
    }, 
    {
        "host_name": "papaschlumpf", 
        "minutes_duration": 229.0955145160357, 
        "timestamp": "2021-07-09 21:28:51.400722", 
        "training_curve": [
            [
                0, 
                4.670455444228501, 
                5.065323816532521
            ], 
            [
                526, 
                0.34665277934909816, 
                0.6261001998996275
            ], 
            [
                1052, 
                0.297322944814634, 
                0.7185861978085635
            ], 
            [
                1578, 
                0.2486069236823769, 
                0.730044679537296
            ], 
            [
                2105, 
                0.2852773041387353, 
                0.7901450678218315
            ], 
            [
                2631, 
                0.23752585354218536, 
                0.783031117682133
            ], 
            [
                3157, 
                0.346926274767459, 
                0.8686740578319794
            ], 
            [
                3683, 
                0.38544414295973217, 
                0.9698813486449495
            ], 
            [
                4210, 
                0.29249785915833915, 
                0.8431249895670734
            ], 
            [
                4736, 
                0.34841772036155855, 
                0.9419249988186431
            ], 
            [
                5262, 
                0.23079998126672802, 
                0.8095664978441126
            ], 
            [
                5788, 
                0.16368013091410208, 
                0.7364343435612023
            ], 
            [
                6315, 
                0.27606070673547684, 
                0.8995873387438799
            ], 
            [
                6841, 
                0.1718349584940493, 
                0.7585291424107038
            ], 
            [
                7367, 
                0.19059896726339953, 
                0.7932779985812589
            ], 
            [
                7893, 
                0.14078172017183987, 
                0.7336149438599086
            ], 
            [
                8420, 
                0.19623873230418343, 
                0.7899079053205629
            ], 
            [
                8946, 
                0.3054360762141656, 
                0.8396531775255065
            ], 
            [
                9472, 
                0.2532239160402969, 
                0.8731313311343069
            ], 
            [
                9999, 
                0.24195672297786924, 
                0.8518653444207124
            ]
        ]
    }
]