[
    {
        "jobnum": 23, 
        "model": {
            "L2_reg": 2.537193648511954, 
            "conv_width": 18, 
            "fp_depth": 4, 
            "fp_length": 28, 
            "h1_size": 73, 
            "net_type": "mean"
        }, 
        "num_records": 20, 
        "task": {
            "name": "delaney", 
            "test_slices": [
                [
                    0, 
                    224
                ]
            ], 
            "train_slices": [
                [
                    449, 
                    674
                ], 
                [
                    674, 
                    899
                ], 
                [
                    899, 
                    1124
                ]
            ]
        }, 
        "train": {
            "batch_size": 100, 
            "init_scale": 0.03206749887368721, 
            "num_iters": 10000, 
            "seed": 1, 
            "step_size": 0.006025362700774759
        }, 
        "varied_params": {
            "conv_width": 17.837050135889164, 
            "fp_depth": 3.9265645150086574, 
            "fp_length": 27.807796858481986, 
            "h1_size": 72.67713413390345, 
            "log_L2_reg": 0.9310586074290335, 
            "log_init_scale": -3.4399122579134556, 
            "log_step_size": -5.111777602118608
        }
    }, 
    {
        "host_name": "papaschlumpf", 
        "minutes_duration": 0.0805951992670695, 
        "timestamp": "2021-07-09 20:38:50.918883", 
        "training_curve": [
            [
                0, 
                4.465587849156267, 
                4.853398660838221
            ], 
            [
                526, 
                4.45357821576467, 
                4.8346098464170595
            ], 
            [
                1052, 
                4.453577355151149, 
                4.8346056240900825
            ], 
            [
                1578, 
                4.453575801457717, 
                4.834597950742859
            ], 
            [
                2105, 
                4.453564609626383, 
                4.834540548493351
            ], 
            [
                2631, 
                4.453544494984958, 
                4.834424885120347
            ], 
            [
                3157, 
                4.453549628215694, 
                4.8344563361833925
            ], 
            [
                3683, 
                4.453578285038236, 
                4.834610185430836
            ], 
            [
                4210, 
                4.4535758111305634, 
                4.834597998719914
            ], 
            [
                4736, 
                4.45358455081502, 
                4.834640346728857
            ], 
            [
                5262, 
                4.453564610691608, 
                4.834540554152672
            ], 
            [
                5788, 
                4.4535444931936246, 
                4.834424873859321
            ], 
            [
                6315, 
                4.453578286203835, 
                4.834610191134006
            ], 
            [
                6841, 
                4.4535773791803965, 
                4.834605742250422
            ], 
            [
                7367, 
                4.4535758116965765, 
                4.834598001527245
            ], 
            [
                7893, 
                4.45358455128212, 
                4.834640348941764
            ], 
            [
                8420, 
                4.453544493126853, 
                4.83442487343956
            ], 
            [
                8946, 
                4.453549627502798, 
                4.834456331922468
            ], 
            [
                9472, 
                4.453578286287535, 
                4.834610191543549
            ], 
            [
                9999, 
                4.453575811719383, 
                4.8345980016403605
            ]
        ]
    }
]