[
    {
        "jobnum": 23, 
        "model": {
            "L2_reg": 2.537193648511954, 
            "conv_width": 18, 
            "fp_depth": 4, 
            "fp_length": 28, 
            "h1_size": 73, 
            "net_type": "morgan_plus_linear"
        }, 
        "num_records": 20, 
        "task": {
            "name": "delaney", 
            "test_slices": [
                [
                    0, 
                    224
                ]
            ], 
            "train_slices": [
                [
                    449, 
                    674
                ], 
                [
                    674, 
                    899
                ], 
                [
                    899, 
                    1124
                ]
            ]
        }, 
        "train": {
            "batch_size": 100, 
            "init_scale": 0.03206749887368721, 
            "num_iters": 10000, 
            "seed": 1, 
            "step_size": 0.006025362700774759
        }, 
        "varied_params": {
            "conv_width": 17.837050135889164, 
            "fp_depth": 3.9265645150086574, 
            "fp_length": 27.807796858481986, 
            "h1_size": 72.67713413390345, 
            "log_L2_reg": 0.9310586074290335, 
            "log_init_scale": -3.4399122579134556, 
            "log_step_size": -5.111777602118608
        }
    }, 
    {
        "host_name": "schlumpfine", 
        "minutes_duration": 0.3040456493695577, 
        "timestamp": "2021-07-09 15:48:54.281842", 
        "training_curve": [
            [
                0, 
                4.375932669194764, 
                4.824639433341545
            ], 
            [
                526, 
                3.188201736393396, 
                3.5550690713818547
            ], 
            [
                1052, 
                3.1886723452294183, 
                3.5570392874511154
            ], 
            [
                1578, 
                3.189037396709608, 
                3.5575706658875137
            ], 
            [
                2105, 
                3.187859141208161, 
                3.5515733314151055
            ], 
            [
                2631, 
                3.1880580473990254, 
                3.547386519291582
            ], 
            [
                3157, 
                3.1877670858312452, 
                3.549226713182541
            ], 
            [
                3683, 
                3.187788699975159, 
                3.5545320663337585
            ], 
            [
                4210, 
                3.189038492399404, 
                3.557585206540755
            ], 
            [
                4736, 
                3.18865443504736, 
                3.55650555002345
            ], 
            [
                5262, 
                3.1878597584026602, 
                3.5515694613227575
            ], 
            [
                5788, 
                3.188062392741977, 
                3.547384622639406
            ], 
            [
                6315, 
                3.1877885003538795, 
                3.554532472666403
            ], 
            [
                6841, 
                3.188671356053656, 
                3.5570680946934803
            ], 
            [
                7367, 
                3.1890384447193996, 
                3.5575857047262973
            ], 
            [
                7893, 
                3.188654392356958, 
                3.5565056790059257
            ], 
            [
                8420, 
                3.1880625358743417, 
                3.547384609435682
            ], 
            [
                8946, 
                3.1877687745844594, 
                3.549226324287791
            ], 
            [
                9472, 
                3.187788485899048, 
                3.5545324951754993
            ], 
            [
                9999, 
                3.189038439462223, 
                3.5575857135498663
            ]
        ]
    }
]