[
    {
        "jobnum": 23, 
        "model": {
            "L2_reg": 2.537193648511954, 
            "conv_width": 18, 
            "fp_depth": 4, 
            "fp_length": 17, 
            "h1_size": 73, 
            "net_type": "conv_plus_net"
        }, 
        "num_records": 20, 
        "task": {
            "name": "delaney", 
            "test_slices": [
                [
                    0, 
                    224
                ]
            ], 
            "train_slices": [
                [
                    449, 
                    674
                ], 
                [
                    674, 
                    899
                ], 
                [
                    899, 
                    1124
                ]
            ]
        }, 
        "train": {
            "batch_size": 100, 
            "init_scale": 0.03206749887368721, 
            "num_iters": 10000, 
            "seed": 1, 
            "step_size": 0.006025362700774759
        }, 
        "varied_params": {
            "conv_width": 17.837050135889164, 
            "fp_depth": 3.9265645150086574, 
            "fp_length": 17.31197742872022, 
            "h1_size": 72.67713413390345, 
            "log_L2_reg": 0.9310586074290335, 
            "log_init_scale": -3.4399122579134556, 
            "log_step_size": -5.111777602118608
        }
    }, 
    {
        "host_name": "hefty", 
        "minutes_duration": 390.04481779734294, 
        "timestamp": "2021-07-09 21:38:03.790973", 
        "training_curve": [
            [
                0, 
                4.538093701259403, 
                4.9255734177617585
            ], 
            [
                526, 
                0.24131950347234865, 
                0.4438231550412154
            ], 
            [
                1052, 
                0.12314404740201347, 
                0.4298013674668085
            ], 
            [
                1578, 
                0.08812449828053513, 
                0.5082812717006292
            ], 
            [
                2105, 
                0.09049315805615074, 
                0.5430949793552826
            ], 
            [
                2631, 
                0.06416607266462103, 
                0.5337666178187447
            ], 
            [
                3157, 
                0.08231222683061216, 
                0.5491589628571681
            ], 
            [
                3683, 
                0.06014558930577826, 
                0.557110312112398
            ], 
            [
                4210, 
                0.09349761681061804, 
                0.48611427184562916
            ], 
            [
                4736, 
                0.06835614741468966, 
                0.5749817433054615
            ], 
            [
                5262, 
                0.08901135220534452, 
                0.5132522243805602
            ], 
            [
                5788, 
                0.06358521487368884, 
                0.5294173061956772
            ], 
            [
                6315, 
                0.09359174676919209, 
                0.6145465852184459
            ], 
            [
                6841, 
                0.07551420978634255, 
                0.5848383912239713
            ], 
            [
                7367, 
                0.0757970346569926, 
                0.5792205411488099
            ], 
            [
                7893, 
                0.0723205121080088, 
                0.515385205105802
            ], 
            [
                8420, 
                0.07714120037436052, 
                0.5731194893104863
            ], 
            [
                8946, 
                0.08003716892785291, 
                0.5185131362963433
            ], 
            [
                9472, 
                0.0637907391936705, 
                0.5478743935762188
            ], 
            [
                9999, 
                0.06896815478266523, 
                0.520974065978474
            ]
        ]
    }
]