[
    {
        "jobnum": 23, 
        "model": {
            "L2_reg": 2.537193648511954, 
            "conv_width": 18, 
            "fp_depth": 4, 
            "fp_length": 17, 
            "h1_size": 73, 
            "net_type": "conv_plus_linear"
        }, 
        "num_records": 20, 
        "task": {
            "name": "delaney", 
            "test_slices": [
                [
                    0, 
                    224
                ]
            ], 
            "train_slices": [
                [
                    449, 
                    674
                ], 
                [
                    674, 
                    899
                ], 
                [
                    899, 
                    1124
                ]
            ]
        }, 
        "train": {
            "batch_size": 100, 
            "init_scale": 0.03206749887368721, 
            "num_iters": 10000, 
            "seed": 1, 
            "step_size": 0.006025362700774759
        }, 
        "varied_params": {
            "conv_width": 17.837050135889164, 
            "fp_depth": 3.9265645150086574, 
            "fp_length": 17.31197742872022, 
            "h1_size": 72.67713413390345, 
            "log_L2_reg": 0.9310586074290335, 
            "log_init_scale": -3.4399122579134556, 
            "log_step_size": -5.111777602118608
        }
    }, 
    {
        "host_name": "handy", 
        "minutes_duration": 56.4878760655721, 
        "timestamp": "2021-07-09 18:37:45.738628", 
        "training_curve": [
            [
                0, 
                5.148747731020326, 
                5.221685990982357
            ], 
            [
                526, 
                0.29476280265456933, 
                0.6498692126603428
            ], 
            [
                1052, 
                0.14525707157734033, 
                0.6372656339556887
            ], 
            [
                1578, 
                0.14790084541740733, 
                0.6584276994130399
            ], 
            [
                2105, 
                0.13648684673353573, 
                0.69828872276704
            ], 
            [
                2631, 
                0.1506918418087908, 
                0.7925299274789436
            ], 
            [
                3157, 
                0.17192361017068206, 
                0.7361659550508399
            ], 
            [
                3683, 
                0.1768479271478147, 
                0.8516839109535556
            ], 
            [
                4210, 
                0.09290878530755514, 
                0.7251936182068145
            ], 
            [
                4736, 
                0.16872371732764618, 
                0.7645404666998055
            ], 
            [
                5262, 
                0.10252730851631718, 
                0.719369055194243
            ], 
            [
                5788, 
                0.11120477501065788, 
                0.7200723329088141
            ], 
            [
                6315, 
                0.126153854884652, 
                0.6902308562524687
            ], 
            [
                6841, 
                0.09044630122045187, 
                0.6778623581697543
            ], 
            [
                7367, 
                0.13968533976016148, 
                0.7780765010898154
            ], 
            [
                7893, 
                0.21137284280308424, 
                0.8402715389377663
            ], 
            [
                8420, 
                0.1626383132015986, 
                0.7492035147700097
            ], 
            [
                8946, 
                0.0803911941679012, 
                0.6835411601914779
            ], 
            [
                9472, 
                0.0780995895112595, 
                0.6591993781968469
            ], 
            [
                9999, 
                0.08213259784348824, 
                0.6429441041582535
            ]
        ]
    }
]