[
    {
        "jobnum": 24, 
        "model": {
            "L2_reg": 0.16013995131275266, 
            "conv_width": 8, 
            "fp_depth": 1, 
            "fp_length": 35, 
            "h1_size": 86, 
            "net_type": "mean"
        }, 
        "num_records": 20, 
        "task": {
            "name": "delaney", 
            "test_slices": [
                [
                    0, 
                    224
                ]
            ], 
            "train_slices": [
                [
                    449, 
                    674
                ], 
                [
                    674, 
                    899
                ], 
                [
                    899, 
                    1124
                ]
            ]
        }, 
        "train": {
            "batch_size": 100, 
            "init_scale": 0.005657400242334197, 
            "num_iters": 10000, 
            "seed": 1, 
            "step_size": 0.0006664927534456779
        }, 
        "varied_params": {
            "conv_width": 7.999947873446001, 
            "fp_depth": 1.1630139650177609, 
            "fp_length": 34.66996881629888, 
            "h1_size": 86.4995281212029, 
            "log_L2_reg": -1.8317071503669657, 
            "log_init_scale": -5.1747908134296825, 
            "log_step_size": -7.313481290954238
        }
    }, 
    {
        "host_name": "handy", 
        "minutes_duration": 0.0715323805809021, 
        "timestamp": "2021-07-09 20:39:20.649089", 
        "training_curve": [
            [
                0, 
                4.45388054913836, 
                4.835635001486567
            ], 
            [
                526, 
                4.453569417002874, 
                4.834565690697173
            ], 
            [
                1052, 
                4.453568042998899, 
                4.834558583883967
            ], 
            [
                1578, 
                4.453567876562529, 
                4.834557718829864
            ], 
            [
                2105, 
                4.4535666853908715, 
                4.834551500712114
            ], 
            [
                2631, 
                4.453564221966294, 
                4.834538486225226
            ], 
            [
                3157, 
                4.453564894074085, 
                4.834542058263972
            ], 
            [
                3683, 
                4.453568149839457, 
                4.834559138706687
            ], 
            [
                4210, 
                4.453567881790733, 
                4.834557746017426
            ], 
            [
                4736, 
                4.453568779671686, 
                4.834562401821726
            ], 
            [
                5262, 
                4.453566688062498, 
                4.834551514712031
            ], 
            [
                5788, 
                4.453564223434801, 
                4.834538494047592
            ], 
            [
                6315, 
                4.453568150350604, 
                4.834559141360174
            ], 
            [
                6841, 
                4.4535680465921565, 
                4.834558602549859
            ], 
            [
                7367, 
                4.453567882090619, 
                4.834557747576851
            ], 
            [
                7893, 
                4.4535687798470365, 
                4.834562402728399
            ], 
            [
                8420, 
                4.453564223490346, 
                4.834538494343468
            ], 
            [
                8946, 
                4.453564894946333, 
                4.834542062889191
            ], 
            [
                9472, 
                4.453568150387415, 
                4.834559141551266
            ], 
            [
                9999, 
                4.453567882102762, 
                4.834557747639998
            ]
        ]
    }
]