[
    {
        "jobnum": 24, 
        "model": {
            "L2_reg": 0.16013995131275266, 
            "conv_width": 8, 
            "fp_depth": 1, 
            "fp_length": 18, 
            "h1_size": 86, 
            "net_type": "conv_plus_net"
        }, 
        "num_records": 20, 
        "task": {
            "name": "delaney", 
            "test_slices": [
                [
                    0, 
                    224
                ]
            ], 
            "train_slices": [
                [
                    449, 
                    674
                ], 
                [
                    674, 
                    899
                ], 
                [
                    899, 
                    1124
                ]
            ]
        }, 
        "train": {
            "batch_size": 100, 
            "init_scale": 0.005657400242334197, 
            "num_iters": 10000, 
            "seed": 1, 
            "step_size": 0.0006664927534456779
        }, 
        "varied_params": {
            "conv_width": 7.999947873446001, 
            "fp_depth": 1.1630139650177609, 
            "fp_length": 18.074440979588765, 
            "h1_size": 86.4995281212029, 
            "log_L2_reg": -1.8317071503669657, 
            "log_init_scale": -5.1747908134296825, 
            "log_step_size": -7.313481290954238
        }
    }, 
    {
        "host_name": "hefty", 
        "minutes_duration": 124.28576391537985, 
        "timestamp": "2021-07-09 17:12:18.298244", 
        "training_curve": [
            [
                0, 
                4.454024467011422, 
                4.834686864779344
            ], 
            [
                526, 
                0.7272372160139897, 
                0.7673085787898135
            ], 
            [
                1052, 
                0.49418496814335566, 
                0.616406516738704
            ], 
            [
                1578, 
                0.40204638198364145, 
                0.5823771764763869
            ], 
            [
                2105, 
                0.3331497946693698, 
                0.5915716950798557
            ], 
            [
                2631, 
                0.3048921626116915, 
                0.5882994660390312
            ], 
            [
                3157, 
                0.2863576185970648, 
                0.5718230547464854
            ], 
            [
                3683, 
                0.2716821442448604, 
                0.5573646728824663
            ], 
            [
                4210, 
                0.2612568563833365, 
                0.5496112645871795
            ], 
            [
                4736, 
                0.25514871685631274, 
                0.5455194144214622
            ], 
            [
                5262, 
                0.24899081544448298, 
                0.5406348597267149
            ], 
            [
                5788, 
                0.24336052379807457, 
                0.5403782575171734
            ], 
            [
                6315, 
                0.23592634821361727, 
                0.5439021168100503
            ], 
            [
                6841, 
                0.22906277302687242, 
                0.5441134060231858
            ], 
            [
                7367, 
                0.223506545431507, 
                0.5517271534312094
            ], 
            [
                7893, 
                0.2185010054445637, 
                0.5553083083394009
            ], 
            [
                8420, 
                0.21443582859080876, 
                0.5609365965713727
            ], 
            [
                8946, 
                0.20870006645312705, 
                0.5636059460353662
            ], 
            [
                9472, 
                0.20257136830100275, 
                0.5628566574031869
            ], 
            [
                9999, 
                0.19710030896382158, 
                0.5658645868250156
            ]
        ]
    }
]