[
    {
        "jobnum": 24, 
        "model": {
            "L2_reg": 0.16013995131275266, 
            "conv_width": 8, 
            "fp_depth": 1, 
            "fp_length": 35, 
            "h1_size": 86, 
            "net_type": "morgan_plus_net"
        }, 
        "num_records": 20, 
        "task": {
            "name": "delaney", 
            "test_slices": [
                [
                    0, 
                    224
                ]
            ], 
            "train_slices": [
                [
                    449, 
                    674
                ], 
                [
                    674, 
                    899
                ], 
                [
                    899, 
                    1124
                ]
            ]
        }, 
        "train": {
            "batch_size": 100, 
            "init_scale": 0.005657400242334197, 
            "num_iters": 10000, 
            "seed": 1, 
            "step_size": 0.0006664927534456779
        }, 
        "varied_params": {
            "conv_width": 7.999947873446001, 
            "fp_depth": 1.1630139650177609, 
            "fp_length": 34.66996881629888, 
            "h1_size": 86.4995281212029, 
            "log_L2_reg": -1.8317071503669657, 
            "log_init_scale": -5.1747908134296825, 
            "log_step_size": -7.313481290954238
        }
    }, 
    {
        "host_name": "papaschlumpf", 
        "minutes_duration": 5.771699730555216, 
        "timestamp": "2021-07-09 20:21:57.338574", 
        "training_curve": [
            [
                0, 
                4.453858848899133, 
                4.834586518157715
            ], 
            [
                526, 
                1.8446424218810393, 
                2.5385759410636353
            ], 
            [
                1052, 
                1.219229700624428, 
                2.2896301467884657
            ], 
            [
                1578, 
                0.8536768267596909, 
                2.2323584310174986
            ], 
            [
                2105, 
                0.643021503313512, 
                2.2737691252727976
            ], 
            [
                2631, 
                0.5132599164938121, 
                2.3535306459450984
            ], 
            [
                3157, 
                0.43263587063095493, 
                2.457856454937746
            ], 
            [
                3683, 
                0.38055413467144666, 
                2.6034232430455506
            ], 
            [
                4210, 
                0.34873054646363083, 
                2.7529095360678775
            ], 
            [
                4736, 
                0.33038887173728737, 
                2.9011800650809527
            ], 
            [
                5262, 
                0.3187912337068081, 
                2.999198839052672
            ], 
            [
                5788, 
                0.3145696004261042, 
                3.0827390099111014
            ], 
            [
                6315, 
                0.3142822634410981, 
                3.1628590542330057
            ], 
            [
                6841, 
                0.3160563913587776, 
                3.2376714671327673
            ], 
            [
                7367, 
                0.31722146131329954, 
                3.3013744487116528
            ], 
            [
                7893, 
                0.3196232938333457, 
                3.3598781939498394
            ], 
            [
                8420, 
                0.3251118621900219, 
                3.419903449646843
            ], 
            [
                8946, 
                0.3331142547010951, 
                3.4613010900633108
            ], 
            [
                9472, 
                0.3414097868861415, 
                3.4842780716134647
            ], 
            [
                9999, 
                0.34828672340462097, 
                3.538799668359791
            ]
        ]
    }
]