[
    {
        "jobnum": 24, 
        "model": {
            "L2_reg": 0.16013995131275266, 
            "conv_width": 8, 
            "fp_depth": 1, 
            "fp_length": 18, 
            "h1_size": 86, 
            "net_type": "conv_plus_linear"
        }, 
        "num_records": 20, 
        "task": {
            "name": "delaney", 
            "test_slices": [
                [
                    0, 
                    224
                ]
            ], 
            "train_slices": [
                [
                    449, 
                    674
                ], 
                [
                    674, 
                    899
                ], 
                [
                    899, 
                    1124
                ]
            ]
        }, 
        "train": {
            "batch_size": 100, 
            "init_scale": 0.005657400242334197, 
            "num_iters": 10000, 
            "seed": 1, 
            "step_size": 0.0006664927534456779
        }, 
        "varied_params": {
            "conv_width": 7.999947873446001, 
            "fp_depth": 1.1630139650177609, 
            "fp_length": 18.074440979588765, 
            "h1_size": 86.4995281212029, 
            "log_L2_reg": -1.8317071503669657, 
            "log_init_scale": -5.1747908134296825, 
            "log_step_size": -7.313481290954238
        }
    }, 
    {
        "host_name": "clumsy", 
        "minutes_duration": 68.63447903394699, 
        "timestamp": "2021-07-09 18:53:55.575382", 
        "training_curve": [
            [
                0, 
                4.445751857369249, 
                4.824827139240625
            ], 
            [
                526, 
                1.5456562716160638, 
                1.807366453542455
            ], 
            [
                1052, 
                0.8365009018862769, 
                1.0759989617498826
            ], 
            [
                1578, 
                0.6513594999228586, 
                0.8541715188248344
            ], 
            [
                2105, 
                0.5795971440624138, 
                0.7525578985089949
            ], 
            [
                2631, 
                0.5401215434389576, 
                0.7020613515011502
            ], 
            [
                3157, 
                0.511346145565142, 
                0.6685884408356725
            ], 
            [
                3683, 
                0.48990312411151116, 
                0.6499949959731233
            ], 
            [
                4210, 
                0.4726007378979867, 
                0.6392888299027535
            ], 
            [
                4736, 
                0.4587133247266109, 
                0.6331931854184584
            ], 
            [
                5262, 
                0.447105674215982, 
                0.6272149803264634
            ], 
            [
                5788, 
                0.4376663678951503, 
                0.6222004208437256
            ], 
            [
                6315, 
                0.4290592436406858, 
                0.6197889987554746
            ], 
            [
                6841, 
                0.4198860415290998, 
                0.6176470895232004
            ], 
            [
                7367, 
                0.4117563783826605, 
                0.6170994111664301
            ], 
            [
                7893, 
                0.4039802916364172, 
                0.6133981214244392
            ], 
            [
                8420, 
                0.39693976138730547, 
                0.6132970826328378
            ], 
            [
                8946, 
                0.3907323115949192, 
                0.6147345089401465
            ], 
            [
                9472, 
                0.38447833825717126, 
                0.6165213983857782
            ], 
            [
                9999, 
                0.378867161448841, 
                0.6188142948408181
            ]
        ]
    }
]