[
    {
        "jobnum": 25, 
        "model": {
            "L2_reg": 4.1564042924344236, 
            "conv_width": 5, 
            "fp_depth": 3, 
            "fp_length": 182, 
            "h1_size": 61, 
            "net_type": "morgan_plus_linear"
        }, 
        "num_records": 20, 
        "task": {
            "name": "delaney", 
            "test_slices": [
                [
                    0, 
                    224
                ]
            ], 
            "train_slices": [
                [
                    449, 
                    674
                ], 
                [
                    674, 
                    899
                ], 
                [
                    899, 
                    1124
                ]
            ]
        }, 
        "train": {
            "batch_size": 100, 
            "init_scale": 0.011266589593491302, 
            "num_iters": 10000, 
            "seed": 1, 
            "step_size": 0.0013353080332717088
        }, 
        "varied_params": {
            "conv_width": 5.477583942969618, 
            "fp_depth": 3.1132432057705985, 
            "fp_length": 182.01170974989606, 
            "h1_size": 61.196234403019005, 
            "log_L2_reg": 1.424650347724727, 
            "log_init_scale": -4.485913605999054, 
            "log_step_size": -6.618593277212389
        }
    }, 
    {
        "host_name": "schlumpfine", 
        "minutes_duration": 0.6124085664749146, 
        "timestamp": "2021-07-09 15:49:45.477897", 
        "training_curve": [
            [
                0, 
                4.558689288865069, 
                4.990164612512279
            ], 
            [
                526, 
                1.6048025135945503, 
                2.3682886015643705
            ], 
            [
                1052, 
                1.4834829143806738, 
                2.276082616335896
            ], 
            [
                1578, 
                1.4594560217676467, 
                2.256054268886889
            ], 
            [
                2105, 
                1.4529022806939702, 
                2.251154760351291
            ], 
            [
                2631, 
                1.4508260580769776, 
                2.2494890758944406
            ], 
            [
                3157, 
                1.4502610266123126, 
                2.2494846047570505
            ], 
            [
                3683, 
                1.4502083847475469, 
                2.2499474394583707
            ], 
            [
                4210, 
                1.4501122136790683, 
                2.2486931363065366
            ], 
            [
                4736, 
                1.4499875430024824, 
                2.248892067857563
            ], 
            [
                5262, 
                1.4499378070125613, 
                2.249028956454873
            ], 
            [
                5788, 
                1.449818948328609, 
                2.2488674295442665
            ], 
            [
                6315, 
                1.4500757052587405, 
                2.2498995752060362
            ], 
            [
                6841, 
                1.4501291218297365, 
                2.2492224437577266
            ], 
            [
                7367, 
                1.4500611388438382, 
                2.248677576370778
            ], 
            [
                7893, 
                1.4499672721444228, 
                2.2488887265928805
            ], 
            [
                8420, 
                1.4498156056360716, 
                2.2488675789952572
            ], 
            [
                8946, 
                1.4499003768225547, 
                2.2493127013075163
            ], 
            [
                9472, 
                1.4500742464163836, 
                2.2498997675386048
            ], 
            [
                9999, 
                1.4500608696303665, 
                2.2486774654090325
            ]
        ]
    }
]