[
    {
        "jobnum": 25, 
        "model": {
            "L2_reg": 4.1564042924344236, 
            "conv_width": 5, 
            "fp_depth": 3, 
            "fp_length": 182, 
            "h1_size": 61, 
            "net_type": "morgan_plus_net"
        }, 
        "num_records": 20, 
        "task": {
            "name": "delaney", 
            "test_slices": [
                [
                    0, 
                    224
                ]
            ], 
            "train_slices": [
                [
                    449, 
                    674
                ], 
                [
                    674, 
                    899
                ], 
                [
                    899, 
                    1124
                ]
            ]
        }, 
        "train": {
            "batch_size": 100, 
            "init_scale": 0.011266589593491302, 
            "num_iters": 10000, 
            "seed": 1, 
            "step_size": 0.0013353080332717088
        }, 
        "varied_params": {
            "conv_width": 5.477583942969618, 
            "fp_depth": 3.1132432057705985, 
            "fp_length": 182.01170974989606, 
            "h1_size": 61.196234403019005, 
            "log_L2_reg": 1.424650347724727, 
            "log_init_scale": -4.485913605999054, 
            "log_step_size": -6.618593277212389
        }
    }, 
    {
        "host_name": "clumsy", 
        "minutes_duration": 6.593752733866373, 
        "timestamp": "2021-07-09 20:23:44.727045", 
        "training_curve": [
            [
                0, 
                4.455998722723326, 
                4.833871406725444
            ], 
            [
                526, 
                0.16533556917184558, 
                1.9213242554498418
            ], 
            [
                1052, 
                0.08374883702102631, 
                2.0896310396331126
            ], 
            [
                1578, 
                0.08073714673831085, 
                2.1190564597896158
            ], 
            [
                2105, 
                0.08552855769706635, 
                2.2085492255516583
            ], 
            [
                2631, 
                0.0865870362754353, 
                2.2060074532918845
            ], 
            [
                3157, 
                0.09012309774372738, 
                2.275066647350748
            ], 
            [
                3683, 
                0.09182668162005267, 
                2.298848397958387
            ], 
            [
                4210, 
                0.09118277036450684, 
                2.295846101138799
            ], 
            [
                4736, 
                0.09862563264918671, 
                2.3263263492072985
            ], 
            [
                5262, 
                0.10176319069529577, 
                2.3424661843569945
            ], 
            [
                5788, 
                0.09539867138990756, 
                2.312891849729482
            ], 
            [
                6315, 
                0.10563308524597453, 
                2.326466995362806
            ], 
            [
                6841, 
                0.10263806854796417, 
                2.261101343321234
            ], 
            [
                7367, 
                0.098516306788848, 
                2.2846748827862413
            ], 
            [
                7893, 
                0.11126961077764193, 
                2.270099943372118
            ], 
            [
                8420, 
                0.11830745295307545, 
                2.356041186102121
            ], 
            [
                8946, 
                0.09854668382999432, 
                2.3137490423666844
            ], 
            [
                9472, 
                0.0999428840009698, 
                2.3213804053683496
            ], 
            [
                9999, 
                0.11057490939482921, 
                2.2903371179762506
            ]
        ]
    }
]