[
    {
        "jobnum": 25, 
        "model": {
            "L2_reg": 4.1564042924344236, 
            "conv_width": 5, 
            "fp_depth": 3, 
            "fp_length": 34, 
            "h1_size": 61, 
            "net_type": "conv_plus_linear"
        }, 
        "num_records": 20, 
        "task": {
            "name": "delaney", 
            "test_slices": [
                [
                    0, 
                    224
                ]
            ], 
            "train_slices": [
                [
                    449, 
                    674
                ], 
                [
                    674, 
                    899
                ], 
                [
                    899, 
                    1124
                ]
            ]
        }, 
        "train": {
            "batch_size": 100, 
            "init_scale": 0.011266589593491302, 
            "num_iters": 10000, 
            "seed": 1, 
            "step_size": 0.0013353080332717088
        }, 
        "varied_params": {
            "conv_width": 5.477583942969618, 
            "fp_depth": 3.1132432057705985, 
            "fp_length": 34.44574552776623, 
            "h1_size": 61.196234403019005, 
            "log_L2_reg": 1.424650347724727, 
            "log_init_scale": -4.485913605999054, 
            "log_step_size": -6.618593277212389
        }
    }, 
    {
        "host_name": "schlaubi", 
        "minutes_duration": 158.25932010014853, 
        "timestamp": "2021-07-09 20:28:05.605180", 
        "training_curve": [
            [
                0, 
                4.247093068200693, 
                4.601691052749991
            ], 
            [
                526, 
                0.7549040596097347, 
                0.9993781913072114
            ], 
            [
                1052, 
                0.5221657799133159, 
                0.7625366465724419
            ], 
            [
                1578, 
                0.4471333179296444, 
                0.704882217999475
            ], 
            [
                2105, 
                0.3971907620712817, 
                0.6664319182220199
            ], 
            [
                2631, 
                0.35926666611744607, 
                0.6462023004711412
            ], 
            [
                3157, 
                0.32982395179875945, 
                0.6429145894352991
            ], 
            [
                3683, 
                0.3025968273545292, 
                0.6469206463746049
            ], 
            [
                4210, 
                0.2816072920947858, 
                0.6774995074021487
            ], 
            [
                4736, 
                0.2699451629278944, 
                0.6854101858862477
            ], 
            [
                5262, 
                0.2588294629451238, 
                0.6832143769699129
            ], 
            [
                5788, 
                0.2490031787994768, 
                0.6815343085818
            ], 
            [
                6315, 
                0.23997672131382783, 
                0.6826786098643304
            ], 
            [
                6841, 
                0.2343527998194301, 
                0.6852922221879582
            ], 
            [
                7367, 
                0.22519797364641767, 
                0.6826210824742287
            ], 
            [
                7893, 
                0.21933754758384238, 
                0.6885804272676229
            ], 
            [
                8420, 
                0.21218121366419962, 
                0.6968702731440428
            ], 
            [
                8946, 
                0.2099873517333736, 
                0.6890590597619125
            ], 
            [
                9472, 
                0.19610583796613346, 
                0.7160025097430014
            ], 
            [
                9999, 
                0.19249259105511934, 
                0.7012992210126029
            ]
        ]
    }
]