[
    {
        "jobnum": 25, 
        "model": {
            "L2_reg": 4.1564042924344236, 
            "conv_width": 5, 
            "fp_depth": 3, 
            "fp_length": 34, 
            "h1_size": 61, 
            "net_type": "conv_plus_net"
        }, 
        "num_records": 20, 
        "task": {
            "name": "delaney", 
            "test_slices": [
                [
                    0, 
                    224
                ]
            ], 
            "train_slices": [
                [
                    449, 
                    674
                ], 
                [
                    674, 
                    899
                ], 
                [
                    899, 
                    1124
                ]
            ]
        }, 
        "train": {
            "batch_size": 100, 
            "init_scale": 0.011266589593491302, 
            "num_iters": 10000, 
            "seed": 1, 
            "step_size": 0.0013353080332717088
        }, 
        "varied_params": {
            "conv_width": 5.477583942969618, 
            "fp_depth": 3.1132432057705985, 
            "fp_length": 34.44574552776623, 
            "h1_size": 61.196234403019005, 
            "log_L2_reg": 1.424650347724727, 
            "log_init_scale": -4.485913605999054, 
            "log_step_size": -6.618593277212389
        }
    }, 
    {
        "host_name": "hefty", 
        "minutes_duration": 310.379813349247, 
        "timestamp": "2021-07-09 20:18:23.810367", 
        "training_curve": [
            [
                0, 
                4.458441391126844, 
                4.838053619066395
            ], 
            [
                526, 
                0.56547032313134, 
                0.6560056739674608
            ], 
            [
                1052, 
                0.384738195596779, 
                0.5740093191844462
            ], 
            [
                1578, 
                0.32476771302764845, 
                0.5377717965454072
            ], 
            [
                2105, 
                0.2866362377938922, 
                0.5181079574020676
            ], 
            [
                2631, 
                0.2688334667288996, 
                0.5052073169652945
            ], 
            [
                3157, 
                0.2535644141381138, 
                0.5057177779595488
            ], 
            [
                3683, 
                0.23949345410993592, 
                0.51079719445507
            ], 
            [
                4210, 
                0.22795613119648078, 
                0.5186546935191664
            ], 
            [
                4736, 
                0.22266427963722898, 
                0.5300744344155718
            ], 
            [
                5262, 
                0.2158339414826123, 
                0.5299467287266639
            ], 
            [
                5788, 
                0.203761516186711, 
                0.519456378085299
            ], 
            [
                6315, 
                0.1963894219487995, 
                0.5136770643516403
            ], 
            [
                6841, 
                0.19430037469193306, 
                0.5382662498965409
            ], 
            [
                7367, 
                0.18519120988607454, 
                0.5370780271647438
            ], 
            [
                7893, 
                0.1858348611510488, 
                0.5551583333607584
            ], 
            [
                8420, 
                0.1879592848270701, 
                0.5651654338148161
            ], 
            [
                8946, 
                0.17562262017133956, 
                0.5611406384534862
            ], 
            [
                9472, 
                0.1891453053284674, 
                0.5694043399044698
            ], 
            [
                9999, 
                0.17658475996820164, 
                0.5694864943927459
            ]
        ]
    }
]