[
    {
        "jobnum": 26, 
        "model": {
            "L2_reg": 4.365409430476897, 
            "conv_width": 13, 
            "fp_depth": 3, 
            "fp_length": 611, 
            "h1_size": 79, 
            "net_type": "morgan_plus_linear"
        }, 
        "num_records": 20, 
        "task": {
            "name": "delaney", 
            "test_slices": [
                [
                    0, 
                    224
                ]
            ], 
            "train_slices": [
                [
                    449, 
                    674
                ], 
                [
                    674, 
                    899
                ], 
                [
                    899, 
                    1124
                ]
            ]
        }, 
        "train": {
            "batch_size": 100, 
            "init_scale": 0.0072955688785495435, 
            "num_iters": 10000, 
            "seed": 1, 
            "step_size": 0.0008687729757730617
        }, 
        "varied_params": {
            "conv_width": 13.034492045374375, 
            "fp_depth": 2.841897867897688, 
            "fp_length": 610.6292561654076, 
            "h1_size": 78.86142943020837, 
            "log_L2_reg": 1.47371198339835, 
            "log_init_scale": -4.9204881180670785, 
            "log_step_size": -7.0484287145019655
        }
    }, 
    {
        "host_name": "handy", 
        "minutes_duration": 0.6785428841908773, 
        "timestamp": "2021-07-09 15:50:17.051139", 
        "training_curve": [
            [
                0, 
                4.501163565455205, 
                4.897700543882349
            ], 
            [
                526, 
                0.9732126994000819, 
                2.029733305735949
            ], 
            [
                1052, 
                0.6894934686862529, 
                1.9361402321221175
            ], 
            [
                1578, 
                0.5952510289536712, 
                1.9225830581748506
            ], 
            [
                2105, 
                0.5563293476925557, 
                1.9153580861643957
            ], 
            [
                2631, 
                0.5387331518192252, 
                1.9068200244147548
            ], 
            [
                3157, 
                0.5302922581413473, 
                1.899432862713484
            ], 
            [
                3683, 
                0.5259729043849943, 
                1.8932660480243826
            ], 
            [
                4210, 
                0.5236717703662721, 
                1.8881522195109937
            ], 
            [
                4736, 
                0.5223387909239272, 
                1.8849745187898417
            ], 
            [
                5262, 
                0.5215103218092136, 
                1.882581250181522
            ], 
            [
                5788, 
                0.5209564084297464, 
                1.8807048654349345
            ], 
            [
                6315, 
                0.5206936107820351, 
                1.87989236202843
            ], 
            [
                6841, 
                0.5205093746543591, 
                1.8789862989468369
            ], 
            [
                7367, 
                0.520395216556894, 
                1.8778932671826192
            ], 
            [
                7893, 
                0.5202989804522158, 
                1.8776084543756137
            ], 
            [
                8420, 
                0.5201340009631016, 
                1.877134592365509
            ], 
            [
                8946, 
                0.5201217831199895, 
                1.8772693545340589
            ], 
            [
                9472, 
                0.5201054759218878, 
                1.8771312967622933
            ], 
            [
                9999, 
                0.5201286406678562, 
                1.8765294607162506
            ]
        ]
    }
]