[
    {
        "jobnum": 26, 
        "model": {
            "L2_reg": 4.365409430476897, 
            "conv_width": 13, 
            "fp_depth": 3, 
            "fp_length": 82, 
            "h1_size": 79, 
            "net_type": "conv_plus_net"
        }, 
        "num_records": 20, 
        "task": {
            "name": "delaney", 
            "test_slices": [
                [
                    0, 
                    224
                ]
            ], 
            "train_slices": [
                [
                    449, 
                    674
                ], 
                [
                    674, 
                    899
                ], 
                [
                    899, 
                    1124
                ]
            ]
        }, 
        "train": {
            "batch_size": 100, 
            "init_scale": 0.0072955688785495435, 
            "num_iters": 10000, 
            "seed": 1, 
            "step_size": 0.0008687729757730617
        }, 
        "varied_params": {
            "conv_width": 13.034492045374375, 
            "fp_depth": 2.841897867897688, 
            "fp_length": 82.06991735171195, 
            "h1_size": 78.86142943020837, 
            "log_L2_reg": 1.47371198339835, 
            "log_init_scale": -4.9204881180670785, 
            "log_step_size": -7.0484287145019655
        }
    }, 
    {
        "host_name": "hefty", 
        "minutes_duration": 386.3650790651639, 
        "timestamp": "2021-07-09 21:34:23.049046", 
        "training_curve": [
            [
                0, 
                4.45500421856494, 
                4.8355836361239835
            ], 
            [
                526, 
                0.47606024843804395, 
                0.6277844250914767
            ], 
            [
                1052, 
                0.33305475552267255, 
                0.5502600880975977
            ], 
            [
                1578, 
                0.2593955463217514, 
                0.5452820946065968
            ], 
            [
                2105, 
                0.22534846694003324, 
                0.5565015368869267
            ], 
            [
                2631, 
                0.2008506019208893, 
                0.5482115797083841
            ], 
            [
                3157, 
                0.1931466533861102, 
                0.5492327711472706
            ], 
            [
                3683, 
                0.19206410329844342, 
                0.5505594793527503
            ], 
            [
                4210, 
                0.17041589544502683, 
                0.5872627975583337
            ], 
            [
                4736, 
                0.17356526417737145, 
                0.5895811891291582
            ], 
            [
                5262, 
                0.17746627547273977, 
                0.614263796627199
            ], 
            [
                5788, 
                0.1617806714137439, 
                0.6282952746288181
            ], 
            [
                6315, 
                0.1786668054759942, 
                0.6174133395028989
            ], 
            [
                6841, 
                0.15652246840674985, 
                0.658524639212284
            ], 
            [
                7367, 
                0.15559268122179207, 
                0.6423608275757927
            ], 
            [
                7893, 
                0.16297525218111059, 
                0.6559258764034982
            ], 
            [
                8420, 
                0.1518042851119836, 
                0.6732029968878679
            ], 
            [
                8946, 
                0.15653684423949943, 
                0.7068945047434184
            ], 
            [
                9472, 
                0.13888945283431384, 
                0.6915654310662853
            ], 
            [
                9999, 
                0.143073255039118, 
                0.6991901058434269
            ]
        ]
    }
]