[
    {
        "jobnum": 26, 
        "model": {
            "L2_reg": 4.365409430476897, 
            "conv_width": 13, 
            "fp_depth": 3, 
            "fp_length": 611, 
            "h1_size": 79, 
            "net_type": "morgan_plus_net"
        }, 
        "num_records": 20, 
        "task": {
            "name": "delaney", 
            "test_slices": [
                [
                    0, 
                    224
                ]
            ], 
            "train_slices": [
                [
                    449, 
                    674
                ], 
                [
                    674, 
                    899
                ], 
                [
                    899, 
                    1124
                ]
            ]
        }, 
        "train": {
            "batch_size": 100, 
            "init_scale": 0.0072955688785495435, 
            "num_iters": 10000, 
            "seed": 1, 
            "step_size": 0.0008687729757730617
        }, 
        "varied_params": {
            "conv_width": 13.034492045374375, 
            "fp_depth": 2.841897867897688, 
            "fp_length": 610.6292561654076, 
            "h1_size": 78.86142943020837, 
            "log_L2_reg": 1.47371198339835, 
            "log_init_scale": -4.9204881180670785, 
            "log_step_size": -7.0484287145019655
        }
    }, 
    {
        "host_name": "handy", 
        "minutes_duration": 4.874007964134217, 
        "timestamp": "2021-07-09 20:22:01.602367", 
        "training_curve": [
            [
                0, 
                4.453147626304356, 
                4.833190321349242
            ], 
            [
                526, 
                0.07142965629995647, 
                1.583834498390377
            ], 
            [
                1052, 
                0.07229657017851278, 
                1.635761704095307
            ], 
            [
                1578, 
                0.09486414472067219, 
                1.6744999995639938
            ], 
            [
                2105, 
                0.10655382907936664, 
                1.6567382509927875
            ], 
            [
                2631, 
                0.11702407567292429, 
                1.7066672138010242
            ], 
            [
                3157, 
                0.12982648578689573, 
                1.6935092136734444
            ], 
            [
                3683, 
                0.13014632072742854, 
                1.7055889706383134
            ], 
            [
                4210, 
                0.14854489874960725, 
                1.7835540557917955
            ], 
            [
                4736, 
                0.13530394183506486, 
                1.7060210584339666
            ], 
            [
                5262, 
                0.14359575636393146, 
                1.699780421165702
            ], 
            [
                5788, 
                0.16257838126937132, 
                1.6547034227881379
            ], 
            [
                6315, 
                0.13670391005644206, 
                1.6995568610997647
            ], 
            [
                6841, 
                0.14436560297934647, 
                1.6991802684631097
            ], 
            [
                7367, 
                0.1541887326977318, 
                1.6647952127275052
            ], 
            [
                7893, 
                0.15012278092164225, 
                1.662682952890417
            ], 
            [
                8420, 
                0.1426604928127973, 
                1.7109739766562448
            ], 
            [
                8946, 
                0.13880608065409117, 
                1.694029608506818
            ], 
            [
                9472, 
                0.14527231405089364, 
                1.6929376951589477
            ], 
            [
                9999, 
                0.1482858609740937, 
                1.728951390437646
            ]
        ]
    }
]