[
    {
        "jobnum": 27, 
        "model": {
            "L2_reg": 0.013283268965311871, 
            "conv_width": 19, 
            "fp_depth": 2, 
            "fp_length": 99, 
            "h1_size": 66, 
            "net_type": "conv_plus_linear"
        }, 
        "num_records": 20, 
        "task": {
            "name": "delaney", 
            "test_slices": [
                [
                    0, 
                    224
                ]
            ], 
            "train_slices": [
                [
                    449, 
                    674
                ], 
                [
                    674, 
                    899
                ], 
                [
                    899, 
                    1124
                ]
            ]
        }, 
        "train": {
            "batch_size": 100, 
            "init_scale": 0.0190281610906231, 
            "num_iters": 10000, 
            "seed": 1, 
            "step_size": 0.0016497760110958427
        }, 
        "varied_params": {
            "conv_width": 19.165585849759005, 
            "fp_depth": 1.5585790176410086, 
            "fp_length": 98.82968904552021, 
            "h1_size": 65.5972497739801, 
            "log_L2_reg": -4.321250008199023, 
            "log_init_scale": -3.9618352344702683, 
            "log_step_size": -6.407115751135633
        }
    }, 
    {
        "host_name": "schlumpfine", 
        "minutes_duration": 194.27892896731694, 
        "timestamp": "2021-07-09 21:13:41.329167", 
        "training_curve": [
            [
                0, 
                4.519740474121485, 
                4.9044812644548665
            ], 
            [
                526, 
                0.6627118802352735, 
                0.9238964185501525
            ], 
            [
                1052, 
                0.34931058829124095, 
                0.6003522556154273
            ], 
            [
                1578, 
                0.2569136273588532, 
                0.6447971960239458
            ], 
            [
                2105, 
                0.21428425074975233, 
                0.7259384290286326
            ], 
            [
                2631, 
                0.2019126365438944, 
                0.7941676974408883
            ], 
            [
                3157, 
                0.20013313053778115, 
                0.8541065179260457
            ], 
            [
                3683, 
                0.17427464999156236, 
                0.7870855271976591
            ], 
            [
                4210, 
                0.1925399875049019, 
                0.8976839288005645
            ], 
            [
                4736, 
                0.18093488945428426, 
                0.9045892376705316
            ], 
            [
                5262, 
                0.15924355540207183, 
                0.8628497365789303
            ], 
            [
                5788, 
                0.1669510019323727, 
                0.9069918946653444
            ], 
            [
                6315, 
                0.15797978864311, 
                0.8676012863432364
            ], 
            [
                6841, 
                0.15282503088215754, 
                0.8469100881846424
            ], 
            [
                7367, 
                0.1705381393046462, 
                0.9722333823148033
            ], 
            [
                7893, 
                0.1762261967878707, 
                0.9770857886832154
            ], 
            [
                8420, 
                0.16205504552944008, 
                0.9419616557238565
            ], 
            [
                8946, 
                0.1702018028932581, 
                0.9563920723889411
            ], 
            [
                9472, 
                0.16545301488856787, 
                0.8754810257951411
            ], 
            [
                9999, 
                0.16452390159511132, 
                0.9901922725059435
            ]
        ]
    }
]