[
    {
        "jobnum": 27, 
        "model": {
            "L2_reg": 0.013283268965311871, 
            "conv_width": 19, 
            "fp_depth": 2, 
            "fp_length": 99, 
            "h1_size": 66, 
            "net_type": "conv_plus_net"
        }, 
        "num_records": 20, 
        "task": {
            "name": "delaney", 
            "test_slices": [
                [
                    0, 
                    224
                ]
            ], 
            "train_slices": [
                [
                    449, 
                    674
                ], 
                [
                    674, 
                    899
                ], 
                [
                    899, 
                    1124
                ]
            ]
        }, 
        "train": {
            "batch_size": 100, 
            "init_scale": 0.0190281610906231, 
            "num_iters": 10000, 
            "seed": 1, 
            "step_size": 0.0016497760110958427
        }, 
        "varied_params": {
            "conv_width": 19.165585849759005, 
            "fp_depth": 1.5585790176410086, 
            "fp_length": 98.82968904552021, 
            "h1_size": 65.5972497739801, 
            "log_L2_reg": -4.321250008199023, 
            "log_init_scale": -3.9618352344702683, 
            "log_step_size": -6.407115751135633
        }
    }, 
    {
        "host_name": "papaschlumpf", 
        "minutes_duration": 292.8078704516093, 
        "timestamp": "2021-07-09 20:01:07.934919", 
        "training_curve": [
            [
                0, 
                4.428459676363396, 
                4.808139114758021
            ], 
            [
                526, 
                0.3290663636183787, 
                0.5204466424821836
            ], 
            [
                1052, 
                0.21474797531234185, 
                0.48301449162419335
            ], 
            [
                1578, 
                0.1820312655803834, 
                0.46437229857826046
            ], 
            [
                2105, 
                0.16464174477125315, 
                0.5197991916600613
            ], 
            [
                2631, 
                0.16235746691663483, 
                0.5499886641135224
            ], 
            [
                3157, 
                0.14231616211944184, 
                0.5685281123553872
            ], 
            [
                3683, 
                0.12949104976477194, 
                0.5683570835498926
            ], 
            [
                4210, 
                0.13056914748499224, 
                0.5814201491104011
            ], 
            [
                4736, 
                0.13415552179944062, 
                0.6806120182570297
            ], 
            [
                5262, 
                0.11608007296027452, 
                0.6440836337236417
            ], 
            [
                5788, 
                0.11307201887706789, 
                0.6140217459072179
            ], 
            [
                6315, 
                0.1311320615262364, 
                0.7104901412341488
            ], 
            [
                6841, 
                0.09875553880870329, 
                0.636941007101851
            ], 
            [
                7367, 
                0.0954716278466303, 
                0.6367141568206842
            ], 
            [
                7893, 
                0.11683812778292295, 
                0.7245171665611705
            ], 
            [
                8420, 
                0.11184068111726696, 
                0.6932309117926233
            ], 
            [
                8946, 
                0.10545514927520251, 
                0.6962129864474941
            ], 
            [
                9472, 
                0.0904646283164082, 
                0.6786089476259459
            ], 
            [
                9999, 
                0.08927428840506983, 
                0.6671374738560536
            ]
        ]
    }
]