[
    {
        "jobnum": 27, 
        "model": {
            "L2_reg": 0.013283268965311871, 
            "conv_width": 19, 
            "fp_depth": 2, 
            "fp_length": 761, 
            "h1_size": 66, 
            "net_type": "mean"
        }, 
        "num_records": 20, 
        "task": {
            "name": "delaney", 
            "test_slices": [
                [
                    0, 
                    224
                ]
            ], 
            "train_slices": [
                [
                    449, 
                    674
                ], 
                [
                    674, 
                    899
                ], 
                [
                    899, 
                    1124
                ]
            ]
        }, 
        "train": {
            "batch_size": 100, 
            "init_scale": 0.0190281610906231, 
            "num_iters": 10000, 
            "seed": 1, 
            "step_size": 0.0016497760110958427
        }, 
        "varied_params": {
            "conv_width": 19.165585849759005, 
            "fp_depth": 1.5585790176410086, 
            "fp_length": 761.4672014096818, 
            "h1_size": 65.5972497739801, 
            "log_L2_reg": -4.321250008199023, 
            "log_init_scale": -3.9618352344702683, 
            "log_step_size": -6.407115751135633
        }
    }, 
    {
        "host_name": "schlaubi", 
        "minutes_duration": 0.08362541993459066, 
        "timestamp": "2021-07-09 20:39:22.995344", 
        "training_curve": [
            [
                0, 
                4.4577589952895575, 
                4.84257962824516
            ], 
            [
                526, 
                4.4535699162510705, 
                4.83456825793784
            ], 
            [
                1052, 
                4.45356968567848, 
                4.834567073268082
            ], 
            [
                1578, 
                4.453569281713811, 
                4.834564993644632
            ], 
            [
                2105, 
                4.453566310000285, 
                4.834549531156335
            ], 
            [
                2631, 
                4.453560318945373, 
                4.834517410587574
            ], 
            [
                3157, 
                4.45356193446513, 
                4.834526204647318
            ], 
            [
                3683, 
                4.453569954032324, 
                4.834568451895592
            ], 
            [
                4210, 
                4.453569287496355, 
                4.834565023450124
            ], 
            [
                4736, 
                4.453571541337965, 
                4.834576560431172
            ], 
            [
                5262, 
                4.453566312181694, 
                4.83454954261545
            ], 
            [
                5788, 
                4.453560319517146, 
                4.834517413718237
            ], 
            [
                6315, 
                4.453569954646603, 
                4.834568455048751
            ], 
            [
                6841, 
                4.453569699070982, 
                4.83456714212413
            ], 
            [
                7367, 
                4.4535692878339015, 
                4.834565025189946
            ], 
            [
                7893, 
                4.4535715415627255, 
                4.834576561573838
            ], 
            [
                8420, 
                4.45356031953898, 
                4.834517413837789
            ], 
            [
                8946, 
                4.453561934910467, 
                4.834526207057498
            ], 
            [
                9472, 
                4.453569954690929, 
                4.834568455276277
            ], 
            [
                9999, 
                4.453569287847582, 
                4.83456502526046
            ]
        ]
    }
]