[
    {
        "jobnum": 28, 
        "model": {
            "L2_reg": 0.003943184168730902, 
            "conv_width": 10, 
            "fp_depth": 2, 
            "fp_length": 718, 
            "h1_size": 61, 
            "net_type": "morgan_plus_linear"
        }, 
        "num_records": 20, 
        "task": {
            "name": "delaney", 
            "test_slices": [
                [
                    0, 
                    224
                ]
            ], 
            "train_slices": [
                [
                    449, 
                    674
                ], 
                [
                    674, 
                    899
                ], 
                [
                    899, 
                    1124
                ]
            ]
        }, 
        "train": {
            "batch_size": 100, 
            "init_scale": 0.029866812729940385, 
            "num_iters": 10000, 
            "seed": 1, 
            "step_size": 0.0009279116143062864
        }, 
        "varied_params": {
            "conv_width": 9.676938229911539, 
            "fp_depth": 2.3032498766743625, 
            "fp_length": 717.9142367259832, 
            "h1_size": 61.370731398666166, 
            "log_L2_reg": -5.535766717408995, 
            "log_init_scale": -3.5110073571699236, 
            "log_step_size": -6.982574072918428
        }
    }, 
    {
        "host_name": "handy", 
        "minutes_duration": 0.7937361478805542, 
        "timestamp": "2021-07-09 15:51:24.341644", 
        "training_curve": [
            [
                0, 
                4.529332356487184, 
                4.833067948370767
            ], 
            [
                526, 
                0.9346686409830991, 
                1.9221195931878492
            ], 
            [
                1052, 
                0.5798036612043868, 
                2.031750040213389
            ], 
            [
                1578, 
                0.44551075384166594, 
                2.2941622692946426
            ], 
            [
                2105, 
                0.36928231782371895, 
                2.5677192835032545
            ], 
            [
                2631, 
                0.3176855690044493, 
                2.8425393867131565
            ], 
            [
                3157, 
                0.2793617225992612, 
                3.1289634037105674
            ], 
            [
                3683, 
                0.24942279560119102, 
                3.433690407413664
            ], 
            [
                4210, 
                0.22530913039671085, 
                3.758921027851464
            ], 
            [
                4736, 
                0.2055983698296617, 
                4.102408290932872
            ], 
            [
                5262, 
                0.18922578269872983, 
                4.460268746768105
            ], 
            [
                5788, 
                0.17546427142641083, 
                4.829829834337665
            ], 
            [
                6315, 
                0.16379200910029745, 
                5.208386310496847
            ], 
            [
                6841, 
                0.15382415666747853, 
                5.592728298833639
            ], 
            [
                7367, 
                0.1452496478452544, 
                5.983138642196326
            ], 
            [
                7893, 
                0.13783852604076044, 
                6.376127486078315
            ], 
            [
                8420, 
                0.1313935628882606, 
                6.770672888083005
            ], 
            [
                8946, 
                0.12581702395881167, 
                7.1643495188938005
            ], 
            [
                9472, 
                0.1209587976713207, 
                7.557572757070639
            ], 
            [
                9999, 
                0.11671018926563147, 
                7.94966285215361
            ]
        ]
    }
]