[
    {
        "jobnum": 28, 
        "model": {
            "L2_reg": 0.003943184168730902, 
            "conv_width": 10, 
            "fp_depth": 2, 
            "fp_length": 718, 
            "h1_size": 61, 
            "net_type": "mean"
        }, 
        "num_records": 20, 
        "task": {
            "name": "delaney", 
            "test_slices": [
                [
                    0, 
                    224
                ]
            ], 
            "train_slices": [
                [
                    449, 
                    674
                ], 
                [
                    674, 
                    899
                ], 
                [
                    899, 
                    1124
                ]
            ]
        }, 
        "train": {
            "batch_size": 100, 
            "init_scale": 0.029866812729940385, 
            "num_iters": 10000, 
            "seed": 1, 
            "step_size": 0.0009279116143062864
        }, 
        "varied_params": {
            "conv_width": 9.676938229911539, 
            "fp_depth": 2.3032498766743625, 
            "fp_length": 717.9142367259832, 
            "h1_size": 61.370731398666166, 
            "log_L2_reg": -5.535766717408995, 
            "log_init_scale": -3.5110073571699236, 
            "log_step_size": -6.982574072918428
        }
    }, 
    {
        "host_name": "schlaubi", 
        "minutes_duration": 0.08387080033620199, 
        "timestamp": "2021-07-09 20:39:22.984008", 
        "training_curve": [
            [
                0, 
                4.4639862712777045, 
                4.851292421986847
            ], 
            [
                526, 
                4.453570074782025, 
                4.834569071486947
            ], 
            [
                1052, 
                4.453568466569196, 
                4.8345607812798965
            ], 
            [
                1578, 
                4.453568245735501, 
                4.834559636374711
            ], 
            [
                2105, 
                4.453566586274987, 
                4.834550981150665
            ], 
            [
                2631, 
                4.453563174074148, 
                4.834532884285075
            ], 
            [
                3157, 
                4.453564101237864, 
                4.834537842867564
            ], 
            [
                3683, 
                4.4535686267750245, 
                4.834561610864554
            ], 
            [
                4210, 
                4.453568253260436, 
                4.834559675413796
            ], 
            [
                4736, 
                4.4535695079543345, 
                4.83456615897943
            ], 
            [
                5262, 
                4.453566588381291, 
                4.834550992195309
            ], 
            [
                5788, 
                4.453563173256002, 
                4.834532879895541
            ], 
            [
                6315, 
                4.453568627590038, 
                4.834561615082754
            ], 
            [
                6841, 
                4.4535684833229565, 
                4.834560868074122
            ], 
            [
                7367, 
                4.453568253698315, 
                4.834559677685434
            ], 
            [
                7893, 
                4.453569508295541, 
                4.834566160735702
            ], 
            [
                8420, 
                4.4535631732245555, 
                4.8345328797268206
            ], 
            [
                8946, 
                4.4535641010687215, 
                4.834537841965832
            ], 
            [
                9472, 
                4.453568627648831, 
                4.834561615387044
            ], 
            [
                9999, 
                4.453568253716058, 
                4.834559677777479
            ]
        ]
    }
]