[
    {
        "jobnum": 28, 
        "model": {
            "L2_reg": 0.003943184168730902, 
            "conv_width": 10, 
            "fp_depth": 2, 
            "fp_length": 718, 
            "h1_size": 61, 
            "net_type": "morgan_plus_net"
        }, 
        "num_records": 20, 
        "task": {
            "name": "delaney", 
            "test_slices": [
                [
                    0, 
                    224
                ]
            ], 
            "train_slices": [
                [
                    449, 
                    674
                ], 
                [
                    674, 
                    899
                ], 
                [
                    899, 
                    1124
                ]
            ]
        }, 
        "train": {
            "batch_size": 100, 
            "init_scale": 0.029866812729940385, 
            "num_iters": 10000, 
            "seed": 1, 
            "step_size": 0.0009279116143062864
        }, 
        "varied_params": {
            "conv_width": 9.676938229911539, 
            "fp_depth": 2.3032498766743625, 
            "fp_length": 717.9142367259832, 
            "h1_size": 61.370731398666166, 
            "log_L2_reg": -5.535766717408995, 
            "log_init_scale": -3.5110073571699236, 
            "log_step_size": -6.982574072918428
        }
    }, 
    {
        "host_name": "hefty", 
        "minutes_duration": 29.027038884162902, 
        "timestamp": "2021-07-09 20:47:41.245813", 
        "training_curve": [
            [
                0, 
                4.496913810362431, 
                4.876141317543309
            ], 
            [
                526, 
                0.10190287174503501, 
                1.4808148855602636
            ], 
            [
                1052, 
                0.11647461455151306, 
                1.622645879481341
            ], 
            [
                1578, 
                0.1580904044881957, 
                1.7945327533620357
            ], 
            [
                2105, 
                0.20760187059619015, 
                1.9571896282220875
            ], 
            [
                2631, 
                0.24976447835217103, 
                2.070407629893641
            ], 
            [
                3157, 
                0.268408677179599, 
                2.1214113223428273
            ], 
            [
                3683, 
                0.27328145865232273, 
                2.1264168118352265
            ], 
            [
                4210, 
                0.2789817325757058, 
                2.143303258603787
            ], 
            [
                4736, 
                0.28013941784038143, 
                2.1360338676793527
            ], 
            [
                5262, 
                0.27248773878935406, 
                2.10624406105196
            ], 
            [
                5788, 
                0.2710673932994394, 
                2.0885206919785047
            ], 
            [
                6315, 
                0.2636521415517518, 
                2.0734567685111505
            ], 
            [
                6841, 
                0.2643383679702883, 
                2.0721161376012818
            ], 
            [
                7367, 
                0.2636810680886839, 
                2.059149831382626
            ], 
            [
                7893, 
                0.26008223239720546, 
                2.0424894049508517
            ], 
            [
                8420, 
                0.2528041037400114, 
                2.0263527525533163
            ], 
            [
                8946, 
                0.25136758826930594, 
                2.021539929354549
            ], 
            [
                9472, 
                0.24663232488272882, 
                2.015346758154345
            ], 
            [
                9999, 
                0.24671941819812362, 
                2.0026068828289767
            ]
        ]
    }
]