[
    {
        "jobnum": 28, 
        "model": {
            "L2_reg": 0.003943184168730902, 
            "conv_width": 10, 
            "fp_depth": 2, 
            "fp_length": 94, 
            "h1_size": 61, 
            "net_type": "conv_plus_net"
        }, 
        "num_records": 20, 
        "task": {
            "name": "delaney", 
            "test_slices": [
                [
                    0, 
                    224
                ]
            ], 
            "train_slices": [
                [
                    449, 
                    674
                ], 
                [
                    674, 
                    899
                ], 
                [
                    899, 
                    1124
                ]
            ]
        }, 
        "train": {
            "batch_size": 100, 
            "init_scale": 0.029866812729940385, 
            "num_iters": 10000, 
            "seed": 1, 
            "step_size": 0.0009279116143062864
        }, 
        "varied_params": {
            "conv_width": 9.676938229911539, 
            "fp_depth": 2.3032498766743625, 
            "fp_length": 93.99047074733146, 
            "h1_size": 61.370731398666166, 
            "log_L2_reg": -5.535766717408995, 
            "log_init_scale": -3.5110073571699236, 
            "log_step_size": -6.982574072918428
        }
    }, 
    {
        "host_name": "papaschlumpf", 
        "minutes_duration": 243.11211711963017, 
        "timestamp": "2021-07-09 19:11:26.139948", 
        "training_curve": [
            [
                0, 
                4.47981571436426, 
                4.866047343423448
            ], 
            [
                526, 
                0.46945433981458184, 
                0.601971105368685
            ], 
            [
                1052, 
                0.32071007776062765, 
                0.4982912524992798
            ], 
            [
                1578, 
                0.25637674471533795, 
                0.452159500400862
            ], 
            [
                2105, 
                0.23108326315228808, 
                0.4314574003350914
            ], 
            [
                2631, 
                0.21274114719045548, 
                0.42618742700979517
            ], 
            [
                3157, 
                0.20445032180031408, 
                0.425700180917904
            ], 
            [
                3683, 
                0.19163286428358303, 
                0.4295948519999815
            ], 
            [
                4210, 
                0.17540038109498385, 
                0.4285336499587461
            ], 
            [
                4736, 
                0.1733192186391696, 
                0.4413905212450103
            ], 
            [
                5262, 
                0.16900067984809813, 
                0.46049914932948605
            ], 
            [
                5788, 
                0.1668847429594852, 
                0.46758963566954775
            ], 
            [
                6315, 
                0.16786311771121123, 
                0.47875773866735255
            ], 
            [
                6841, 
                0.15824831828990976, 
                0.48106135963754376
            ], 
            [
                7367, 
                0.147832706389526, 
                0.4964909155804103
            ], 
            [
                7893, 
                0.14568685030758383, 
                0.49324716666093227
            ], 
            [
                8420, 
                0.1432320617173748, 
                0.516491768538805
            ], 
            [
                8946, 
                0.15301932067817808, 
                0.543694697551268
            ], 
            [
                9472, 
                0.1429047524990922, 
                0.5441692613688465
            ], 
            [
                9999, 
                0.1481918367496037, 
                0.575356121625475
            ]
        ]
    }
]