[
    {
        "jobnum": 29, 
        "model": {
            "L2_reg": 0.004245044619110333, 
            "conv_width": 12, 
            "fp_depth": 3, 
            "fp_length": 557, 
            "h1_size": 59, 
            "net_type": "mean"
        }, 
        "num_records": 20, 
        "task": {
            "name": "delaney", 
            "test_slices": [
                [
                    0, 
                    224
                ]
            ], 
            "train_slices": [
                [
                    449, 
                    674
                ], 
                [
                    674, 
                    899
                ], 
                [
                    899, 
                    1124
                ]
            ]
        }, 
        "train": {
            "batch_size": 100, 
            "init_scale": 0.0037474293821238764, 
            "num_iters": 10000, 
            "seed": 1, 
            "step_size": 0.0003702674089650885
        }, 
        "varied_params": {
            "conv_width": 11.80545266834068, 
            "fp_depth": 3.038178320495702, 
            "fp_length": 556.871844797592, 
            "h1_size": 58.980183877981744, 
            "log_L2_reg": -5.462002948294011, 
            "log_init_scale": -5.586685172161369, 
            "log_step_size": -7.901285086434675
        }
    }, 
    {
        "host_name": "schlaubi", 
        "minutes_duration": 0.08400821685791016, 
        "timestamp": "2021-07-09 20:39:22.969778", 
        "training_curve": [
            [
                0, 
                4.453669474374741, 
                4.834985932529595
            ], 
            [
                526, 
                4.453573481485557, 
                4.834586367502707
            ], 
            [
                1052, 
                4.453567942723374, 
                4.834558062810928
            ], 
            [
                1578, 
                4.453567484396814, 
                4.834555676912301
            ], 
            [
                2105, 
                4.45356679962383, 
                4.83455209910152
            ], 
            [
                2631, 
                4.453565422755736, 
                4.834544856725594
            ], 
            [
                3157, 
                4.453565799577123, 
                4.834546845346005
            ], 
            [
                3683, 
                4.453567611114872, 
                4.83455633726423
            ], 
            [
                4210, 
                4.453567462516027, 
                4.834555562833062
            ], 
            [
                4736, 
                4.453567959267427, 
                4.834558148803542
            ], 
            [
                5262, 
                4.453566800818851, 
                4.8345521053590845
            ], 
            [
                5788, 
                4.453565424332149, 
                4.834544865055241
            ], 
            [
                6315, 
                4.453567611672393, 
                4.834556340168395
            ], 
            [
                6841, 
                4.453567553957301, 
                4.834556039471589
            ], 
            [
                7367, 
                4.4535674628467685, 
                4.834555564557556
            ], 
            [
                7893, 
                4.453567959460482, 
                4.834558149806947
            ], 
            [
                8420, 
                4.453565424395776, 
                4.834544865391436
            ], 
            [
                8946, 
                4.45356580057166, 
                4.834546850587971
            ], 
            [
                9472, 
                4.453567611712385, 
                4.834556340376715
            ], 
            [
                9999, 
                4.453567462860124, 
                4.834555564627193
            ]
        ]
    }
]