[
    {
        "jobnum": 29, 
        "model": {
            "L2_reg": 0.004245044619110333, 
            "conv_width": 12, 
            "fp_depth": 3, 
            "fp_length": 557, 
            "h1_size": 59, 
            "net_type": "morgan_plus_linear"
        }, 
        "num_records": 20, 
        "task": {
            "name": "delaney", 
            "test_slices": [
                [
                    0, 
                    224
                ]
            ], 
            "train_slices": [
                [
                    449, 
                    674
                ], 
                [
                    674, 
                    899
                ], 
                [
                    899, 
                    1124
                ]
            ]
        }, 
        "train": {
            "batch_size": 100, 
            "init_scale": 0.0037474293821238764, 
            "num_iters": 10000, 
            "seed": 1, 
            "step_size": 0.0003702674089650885
        }, 
        "varied_params": {
            "conv_width": 11.80545266834068, 
            "fp_depth": 3.038178320495702, 
            "fp_length": 556.871844797592, 
            "h1_size": 58.980183877981744, 
            "log_L2_reg": -5.462002948294011, 
            "log_init_scale": -5.586685172161369, 
            "log_step_size": -7.901285086434675
        }
    }, 
    {
        "host_name": "handy", 
        "minutes_duration": 0.6216887990633647, 
        "timestamp": "2021-07-09 15:52:14.406704", 
        "training_curve": [
            [
                0, 
                4.438387508005582, 
                4.831033415351314
            ], 
            [
                526, 
                1.578743351540743, 
                2.4463276698012453
            ], 
            [
                1052, 
                1.02451171813501, 
                2.245112534008562
            ], 
            [
                1578, 
                0.7947223970526229, 
                2.28607232346879
            ], 
            [
                2105, 
                0.6686465271307773, 
                2.382594133636606
            ], 
            [
                2631, 
                0.5877753998025143, 
                2.498842479513717
            ], 
            [
                3157, 
                0.5304010369995191, 
                2.6288183792231874
            ], 
            [
                3683, 
                0.4871015266601343, 
                2.7708528151614056
            ], 
            [
                4210, 
                0.4530548188077615, 
                2.9231948047495533
            ], 
            [
                4736, 
                0.42566904422604146, 
                3.0825085640193515
            ], 
            [
                5262, 
                0.4031590810738396, 
                3.245744693192069
            ], 
            [
                5788, 
                0.3843669455122908, 
                3.410254039408556
            ], 
            [
                6315, 
                0.36847415793078064, 
                3.5745769465141377
            ], 
            [
                6841, 
                0.3548960879373783, 
                3.7365673329563185
            ], 
            [
                7367, 
                0.34316221450948536, 
                3.895976199400259
            ], 
            [
                7893, 
                0.3329347196049755, 
                4.052997932734932
            ], 
            [
                8420, 
                0.32392384285147596, 
                4.207847181564657
            ], 
            [
                8946, 
                0.31599554474046093, 
                4.359813566621225
            ], 
            [
                9472, 
                0.3089399888664488, 
                4.508880723241904
            ], 
            [
                9999, 
                0.302612154693681, 
                4.655085962740424
            ]
        ]
    }
]