[
    {
        "jobnum": 29, 
        "model": {
            "L2_reg": 0.004245044619110333, 
            "conv_width": 12, 
            "fp_depth": 3, 
            "fp_length": 557, 
            "h1_size": 59, 
            "net_type": "morgan_plus_net"
        }, 
        "num_records": 20, 
        "task": {
            "name": "delaney", 
            "test_slices": [
                [
                    0, 
                    224
                ]
            ], 
            "train_slices": [
                [
                    449, 
                    674
                ], 
                [
                    674, 
                    899
                ], 
                [
                    899, 
                    1124
                ]
            ]
        }, 
        "train": {
            "batch_size": 100, 
            "init_scale": 0.0037474293821238764, 
            "num_iters": 10000, 
            "seed": 1, 
            "step_size": 0.0003702674089650885
        }, 
        "varied_params": {
            "conv_width": 11.80545266834068, 
            "fp_depth": 3.038178320495702, 
            "fp_length": 556.871844797592, 
            "h1_size": 58.980183877981744, 
            "log_L2_reg": -5.462002948294011, 
            "log_init_scale": -5.586685172161369, 
            "log_step_size": -7.901285086434675
        }
    }, 
    {
        "host_name": "schlumpfine", 
        "minutes_duration": 15.017837703227997, 
        "timestamp": "2021-07-09 20:33:40.659993", 
        "training_curve": [
            [
                0, 
                4.454008091161366, 
                4.835621470188962
            ], 
            [
                526, 
                0.3566157817695948, 
                1.7849821078898134
            ], 
            [
                1052, 
                0.13044201394879884, 
                1.9750108017151686
            ], 
            [
                1578, 
                0.08956287825228573, 
                2.099244998605662
            ], 
            [
                2105, 
                0.07967234257386864, 
                2.1598079108363337
            ], 
            [
                2631, 
                0.08522747194041896, 
                2.213562807976675
            ], 
            [
                3157, 
                0.09841275997367394, 
                2.2824074412443474
            ], 
            [
                3683, 
                0.11218574120300946, 
                2.363432646152463
            ], 
            [
                4210, 
                0.13258728801469283, 
                2.4519622430626518
            ], 
            [
                4736, 
                0.15118456480085474, 
                2.554913273777022
            ], 
            [
                5262, 
                0.1691360592943655, 
                2.6506395534838783
            ], 
            [
                5788, 
                0.18711536834010206, 
                2.7329163454384826
            ], 
            [
                6315, 
                0.19499622380844794, 
                2.7695971233578467
            ], 
            [
                6841, 
                0.1991322193189727, 
                2.7824263355712655
            ], 
            [
                7367, 
                0.2017982271951522, 
                2.79075522326077
            ], 
            [
                7893, 
                0.20483793228995992, 
                2.7901036785657
            ], 
            [
                8420, 
                0.20388049866311175, 
                2.777734048641272
            ], 
            [
                8946, 
                0.20196507028674665, 
                2.7679022242544704
            ], 
            [
                9472, 
                0.2019478459766641, 
                2.756782166685563
            ], 
            [
                9999, 
                0.20193460783334258, 
                2.7503475487674343
            ]
        ]
    }
]