[
    {
        "jobnum": 29, 
        "model": {
            "L2_reg": 0.004245044619110333, 
            "conv_width": 12, 
            "fp_depth": 3, 
            "fp_length": 76, 
            "h1_size": 59, 
            "net_type": "conv_plus_net"
        }, 
        "num_records": 20, 
        "task": {
            "name": "delaney", 
            "test_slices": [
                [
                    0, 
                    224
                ]
            ], 
            "train_slices": [
                [
                    449, 
                    674
                ], 
                [
                    674, 
                    899
                ], 
                [
                    899, 
                    1124
                ]
            ]
        }, 
        "train": {
            "batch_size": 100, 
            "init_scale": 0.0037474293821238764, 
            "num_iters": 10000, 
            "seed": 1, 
            "step_size": 0.0003702674089650885
        }, 
        "varied_params": {
            "conv_width": 11.80545266834068, 
            "fp_depth": 3.038178320495702, 
            "fp_length": 76.09687164417689, 
            "h1_size": 58.980183877981744, 
            "log_L2_reg": -5.462002948294011, 
            "log_init_scale": -5.586685172161369, 
            "log_step_size": -7.901285086434675
        }
    }, 
    {
        "host_name": "papaschlumpf", 
        "minutes_duration": 307.5446165005366, 
        "timestamp": "2021-07-09 20:15:52.158135", 
        "training_curve": [
            [
                0, 
                4.452389548631525, 
                4.832595582168229
            ], 
            [
                526, 
                0.8443022572169248, 
                0.8692240521989175
            ], 
            [
                1052, 
                0.49980580801198154, 
                0.6691035189723772
            ], 
            [
                1578, 
                0.40303563208404114, 
                0.5972288689443249
            ], 
            [
                2105, 
                0.3487822845267269, 
                0.5469469682378758
            ], 
            [
                2631, 
                0.306057829287101, 
                0.5209793393144443
            ], 
            [
                3157, 
                0.27389505312920204, 
                0.5118446742028211
            ], 
            [
                3683, 
                0.2509913075825662, 
                0.506564358479338
            ], 
            [
                4210, 
                0.22817108846429665, 
                0.5102032046883344
            ], 
            [
                4736, 
                0.217401304987615, 
                0.5177346738644435
            ], 
            [
                5262, 
                0.21505468707057776, 
                0.5426156610882557
            ], 
            [
                5788, 
                0.20394143300644907, 
                0.5538962869247711
            ], 
            [
                6315, 
                0.19566684826326283, 
                0.5645242289975062
            ], 
            [
                6841, 
                0.18930938154760796, 
                0.5766540782539912
            ], 
            [
                7367, 
                0.18240977360840038, 
                0.5878439721832682
            ], 
            [
                7893, 
                0.18179393492700952, 
                0.6052463698632498
            ], 
            [
                8420, 
                0.17983565374366556, 
                0.6173314080800326
            ], 
            [
                8946, 
                0.17795389512341395, 
                0.633310003337453
            ], 
            [
                9472, 
                0.17677329285901322, 
                0.6476958207177574
            ], 
            [
                9999, 
                0.1708107293282775, 
                0.6535219403874192
            ]
        ]
    }
]