[
    {
        "jobnum": 2, 
        "model": {
            "L2_reg": 0.002913929338489009, 
            "conv_width": 17, 
            "fp_depth": 3, 
            "fp_length": 893, 
            "h1_size": 54, 
            "net_type": "mean"
        }, 
        "num_records": 20, 
        "task": {
            "name": "delaney", 
            "test_slices": [
                [
                    0, 
                    224
                ]
            ], 
            "train_slices": [
                [
                    449, 
                    674
                ], 
                [
                    674, 
                    899
                ], 
                [
                    899, 
                    1124
                ]
            ]
        }, 
        "train": {
            "batch_size": 100, 
            "init_scale": 0.002700081371236293, 
            "num_iters": 10000, 
            "seed": 1, 
            "step_size": 0.00047533877329982853
        }, 
        "varied_params": {
            "conv_width": 16.67235126424776, 
            "fp_depth": 3.497859536643814, 
            "fp_length": 892.9722454327937, 
            "h1_size": 53.55180290989435, 
            "log_L2_reg": -5.838252820477394, 
            "log_init_scale": -5.914473368931056, 
            "log_step_size": -7.651482801193837
        }
    }, 
    {
        "host_name": "schlaubi", 
        "minutes_duration": 0.08852535088857015, 
        "timestamp": "2021-07-09 20:36:20.453917", 
        "training_curve": [
            [
                0, 
                4.453590125325911, 
                4.834666405812746
            ], 
            [
                526, 
                4.453568568074711, 
                4.834561306997179
            ], 
            [
                1052, 
                4.453567739880577, 
                4.834557007738689
            ], 
            [
                1578, 
                4.45356760611634, 
                4.834556311226074
            ], 
            [
                2105, 
                4.453566757981392, 
                4.834551881016294
            ], 
            [
                2631, 
                4.45356499545863, 
                4.834542595688127
            ], 
            [
                3157, 
                4.45356547766644, 
                4.83454514681833
            ], 
            [
                3683, 
                4.45356780195457, 
                4.834557330756959
            ], 
            [
                4210, 
                4.453567611015835, 
                4.834556336748334
            ], 
            [
                4736, 
                4.453568249655228, 
                4.834559656710338
            ], 
            [
                5262, 
                4.453566760851222, 
                4.834551896047751
            ], 
            [
                5788, 
                4.45356499706168, 
                4.834542604182723
            ], 
            [
                6315, 
                4.45356780248359, 
                4.834557333509298
            ], 
            [
                6841, 
                4.453567728421324, 
                4.8345569480934785
            ], 
            [
                7367, 
                4.453567611328663, 
                4.834556338377879
            ], 
            [
                7893, 
                4.4535682498373435, 
                4.834559657655148
            ], 
            [
                8420, 
                4.453564997121932, 
                4.83454260450199
            ], 
            [
                8946, 
                4.4535654786111785, 
                4.834545151808448
            ], 
            [
                9472, 
                4.4535678025216034, 
                4.8345573337070675
            ], 
            [
                9999, 
                4.453567611341314, 
                4.8345563384437815
            ]
        ]
    }
]