[
    {
        "jobnum": 2, 
        "model": {
            "L2_reg": 0.002913929338489009, 
            "conv_width": 17, 
            "fp_depth": 3, 
            "fp_length": 113, 
            "h1_size": 54, 
            "net_type": "conv_plus_net"
        }, 
        "num_records": 20, 
        "task": {
            "name": "delaney", 
            "test_slices": [
                [
                    0, 
                    224
                ]
            ], 
            "train_slices": [
                [
                    449, 
                    674
                ], 
                [
                    674, 
                    899
                ], 
                [
                    899, 
                    1124
                ]
            ]
        }, 
        "train": {
            "batch_size": 100, 
            "init_scale": 0.002700081371236293, 
            "num_iters": 10000, 
            "seed": 1, 
            "step_size": 0.00047533877329982853
        }, 
        "varied_params": {
            "conv_width": 16.67235126424776, 
            "fp_depth": 3.497859536643814, 
            "fp_length": 113.44136060364374, 
            "h1_size": 53.55180290989435, 
            "log_L2_reg": -5.838252820477394, 
            "log_init_scale": -5.914473368931056, 
            "log_step_size": -7.651482801193837
        }
    }, 
    {
        "host_name": "clumsy", 
        "minutes_duration": 157.56982394854228, 
        "timestamp": "2021-07-09 17:45:07.973156", 
        "training_curve": [
            [
                0, 
                4.452980110086858, 
                4.8331796875632635
            ], 
            [
                526, 
                0.6341309828441447, 
                0.7888756374080362
            ], 
            [
                1052, 
                0.42893624187860135, 
                0.6853175971006621
            ], 
            [
                1578, 
                0.33700406568485186, 
                0.5852161068524507
            ], 
            [
                2105, 
                0.26502979466157645, 
                0.5409700366583189
            ], 
            [
                2631, 
                0.22238312665794827, 
                0.5690495452369773
            ], 
            [
                3157, 
                0.20424876751119575, 
                0.5778608794195217
            ], 
            [
                3683, 
                0.19237812235255192, 
                0.5789211739544958
            ], 
            [
                4210, 
                0.18692373639835688, 
                0.5817570206532964
            ], 
            [
                4736, 
                0.18547470637961763, 
                0.6095581118017067
            ], 
            [
                5262, 
                0.1749542485405877, 
                0.6328421173540664
            ], 
            [
                5788, 
                0.17748713619935058, 
                0.659870112218862
            ], 
            [
                6315, 
                0.185180679378267, 
                0.6886146238962315
            ], 
            [
                6841, 
                0.17489320337221492, 
                0.699232998867955
            ], 
            [
                7367, 
                0.16495562792764804, 
                0.7146783544497534
            ], 
            [
                7893, 
                0.17890936468574287, 
                0.7231715588407589
            ], 
            [
                8420, 
                0.15772491544698483, 
                0.7146979417604863
            ], 
            [
                8946, 
                0.1500986888497116, 
                0.7126926000007456
            ], 
            [
                9472, 
                0.1574735050015431, 
                0.7478785133322975
            ], 
            [
                9999, 
                0.1525551958782229, 
                0.7233542073857114
            ]
        ]
    }
]