[
    {
        "jobnum": 2, 
        "model": {
            "L2_reg": 0.002913929338489009, 
            "conv_width": 17, 
            "fp_depth": 3, 
            "fp_length": 893, 
            "h1_size": 54, 
            "net_type": "morgan_plus_net"
        }, 
        "num_records": 20, 
        "task": {
            "name": "delaney", 
            "test_slices": [
                [
                    0, 
                    224
                ]
            ], 
            "train_slices": [
                [
                    449, 
                    674
                ], 
                [
                    674, 
                    899
                ], 
                [
                    899, 
                    1124
                ]
            ]
        }, 
        "train": {
            "batch_size": 100, 
            "init_scale": 0.002700081371236293, 
            "num_iters": 10000, 
            "seed": 1, 
            "step_size": 0.00047533877329982853
        }, 
        "varied_params": {
            "conv_width": 16.67235126424776, 
            "fp_depth": 3.497859536643814, 
            "fp_length": 892.9722454327937, 
            "h1_size": 53.55180290989435, 
            "log_L2_reg": -5.838252820477394, 
            "log_init_scale": -5.914473368931056, 
            "log_step_size": -7.651482801193837
        }
    }, 
    {
        "host_name": "schlaubi", 
        "minutes_duration": 20.626295733451844, 
        "timestamp": "2021-07-09 20:12:39.762543", 
        "training_curve": [
            [
                0, 
                4.453686163423869, 
                4.833879463312876
            ], 
            [
                526, 
                0.19396549491395615, 
                1.4820026351171618
            ], 
            [
                1052, 
                0.08945919754311621, 
                1.4485941837597351
            ], 
            [
                1578, 
                0.0955573259624896, 
                1.4329868291542514
            ], 
            [
                2105, 
                0.1229211023337304, 
                1.4719484405885088
            ], 
            [
                2631, 
                0.16512196760613507, 
                1.542708015328881
            ], 
            [
                3157, 
                0.2137487020639402, 
                1.6428906802568446
            ], 
            [
                3683, 
                0.2588867043534198, 
                1.767705471912561
            ], 
            [
                4210, 
                0.2866063088691135, 
                1.8555724025540843
            ], 
            [
                4736, 
                0.3045849653291458, 
                1.9181968899588973
            ], 
            [
                5262, 
                0.31454704820869583, 
                1.9439241216497813
            ], 
            [
                5788, 
                0.3205309568908184, 
                1.9610999110586607
            ], 
            [
                6315, 
                0.32343570768072805, 
                1.9610291784971043
            ], 
            [
                6841, 
                0.31866630990617634, 
                1.9459485032396466
            ], 
            [
                7367, 
                0.31533156628361875, 
                1.9296013312229552
            ], 
            [
                7893, 
                0.3146424534912107, 
                1.9247801405487468
            ], 
            [
                8420, 
                0.31227330830101574, 
                1.9147393253443552
            ], 
            [
                8946, 
                0.3082309429781366, 
                1.9027359418051952
            ], 
            [
                9472, 
                0.3056309834368599, 
                1.8935040929404252
            ], 
            [
                9999, 
                0.3030147119490518, 
                1.8838599191419156
            ]
        ]
    }
]