[
    {
        "jobnum": 2, 
        "model": {
            "L2_reg": 0.002913929338489009, 
            "conv_width": 17, 
            "fp_depth": 3, 
            "fp_length": 893, 
            "h1_size": 54, 
            "net_type": "morgan_plus_linear"
        }, 
        "num_records": 20, 
        "task": {
            "name": "delaney", 
            "test_slices": [
                [
                    0, 
                    224
                ]
            ], 
            "train_slices": [
                [
                    449, 
                    674
                ], 
                [
                    674, 
                    899
                ], 
                [
                    899, 
                    1124
                ]
            ]
        }, 
        "train": {
            "batch_size": 100, 
            "init_scale": 0.002700081371236293, 
            "num_iters": 10000, 
            "seed": 1, 
            "step_size": 0.00047533877329982853
        }, 
        "varied_params": {
            "conv_width": 16.67235126424776, 
            "fp_depth": 3.497859536643814, 
            "fp_length": 892.9722454327937, 
            "h1_size": 53.55180290989435, 
            "log_L2_reg": -5.838252820477394, 
            "log_init_scale": -5.914473368931056, 
            "log_step_size": -7.651482801193837
        }
    }, 
    {
        "host_name": "schlumpfine", 
        "minutes_duration": 2.5352149327596027, 
        "timestamp": "2021-07-09 15:15:29.169158", 
        "training_curve": [
            [
                0, 
                4.460493333415629, 
                4.837429721194731
            ], 
            [
                526, 
                1.0907439914324206, 
                1.9582457760093397
            ], 
            [
                1052, 
                0.6300528296692993, 
                1.8606236735442647
            ], 
            [
                1578, 
                0.44498104665016414, 
                1.9357363963510892
            ], 
            [
                2105, 
                0.3387722187499201, 
                2.059002523415296
            ], 
            [
                2631, 
                0.2693098101447544, 
                2.225751576023503
            ], 
            [
                3157, 
                0.22049828025014936, 
                2.4255848602486614
            ], 
            [
                3683, 
                0.1843148160396896, 
                2.6472357238320208
            ], 
            [
                4210, 
                0.15634950613187354, 
                2.884631554955161
            ], 
            [
                4736, 
                0.13426574787924925, 
                3.1347651794056333
            ], 
            [
                5262, 
                0.11655040743923414, 
                3.395795490920932
            ], 
            [
                5788, 
                0.10223380684505809, 
                3.6670361952984014
            ], 
            [
                6315, 
                0.0905992133589008, 
                3.946383400868125
            ], 
            [
                6841, 
                0.08112910274387942, 
                4.230271708510481
            ], 
            [
                7367, 
                0.07337145788426973, 
                4.517098975196763
            ], 
            [
                7893, 
                0.06698220798964352, 
                4.804875615162658
            ], 
            [
                8420, 
                0.061682269115641855, 
                5.091919220441403
            ], 
            [
                8946, 
                0.05730019099778753, 
                5.377019001754595
            ], 
            [
                9472, 
                0.05365607147548288, 
                5.658862194732673
            ], 
            [
                9999, 
                0.05062849782685259, 
                5.937978266761448
            ]
        ]
    }
]