[
    {
        "jobnum": 2, 
        "model": {
            "L2_reg": 0.002913929338489009, 
            "conv_width": 17, 
            "fp_depth": 3, 
            "fp_length": 113, 
            "h1_size": 54, 
            "net_type": "conv_plus_linear"
        }, 
        "num_records": 20, 
        "task": {
            "name": "delaney", 
            "test_slices": [
                [
                    0, 
                    224
                ]
            ], 
            "train_slices": [
                [
                    449, 
                    674
                ], 
                [
                    674, 
                    899
                ], 
                [
                    899, 
                    1124
                ]
            ]
        }, 
        "train": {
            "batch_size": 100, 
            "init_scale": 0.002700081371236293, 
            "num_iters": 10000, 
            "seed": 1, 
            "step_size": 0.00047533877329982853
        }, 
        "varied_params": {
            "conv_width": 16.67235126424776, 
            "fp_depth": 3.497859536643814, 
            "fp_length": 113.44136060364374, 
            "h1_size": 53.55180290989435, 
            "log_L2_reg": -5.838252820477394, 
            "log_init_scale": -5.914473368931056, 
            "log_step_size": -7.651482801193837
        }
    }, 
    {
        "host_name": "schlaubi", 
        "minutes_duration": 248.58087799946466, 
        "timestamp": "2021-07-09 20:37:55.168444", 
        "training_curve": [
            [
                0, 
                4.445996086372233, 
                4.826362825334881
            ], 
            [
                526, 
                1.018780702043559, 
                1.3717151437556896
            ], 
            [
                1052, 
                0.7156858408913848, 
                0.9987132728205127
            ], 
            [
                1578, 
                0.5019107430585692, 
                0.7143777515715011
            ], 
            [
                2105, 
                0.4000625853390459, 
                0.6288012446330953
            ], 
            [
                2631, 
                0.33843730289408425, 
                0.6192828048269648
            ], 
            [
                3157, 
                0.29929143335148134, 
                0.6168863916067959
            ], 
            [
                3683, 
                0.27009109096573525, 
                0.639928573760525
            ], 
            [
                4210, 
                0.24730843518076506, 
                0.6615796829471134
            ], 
            [
                4736, 
                0.22758389083632935, 
                0.6978900119987609
            ], 
            [
                5262, 
                0.21099187210669992, 
                0.7319420820946823
            ], 
            [
                5788, 
                0.19718950950428799, 
                0.770949435427707
            ], 
            [
                6315, 
                0.1847894405976583, 
                0.8008334217612303
            ], 
            [
                6841, 
                0.17447266811773013, 
                0.8335223038600065
            ], 
            [
                7367, 
                0.17126909798666032, 
                0.8813439794519901
            ], 
            [
                7893, 
                0.1615887274373022, 
                0.8659695204218073
            ], 
            [
                8420, 
                0.15547625816687435, 
                0.8750297388456981
            ], 
            [
                8946, 
                0.14882759779938187, 
                0.9061444462952439
            ], 
            [
                9472, 
                0.14187747807275064, 
                0.9171529302143149
            ], 
            [
                9999, 
                0.14164920916313525, 
                0.9563827022101659
            ]
        ]
    }
]