[
    {
        "jobnum": 30, 
        "model": {
            "L2_reg": 0.49888764185923123, 
            "conv_width": 5, 
            "fp_depth": 2, 
            "fp_length": 780, 
            "h1_size": 100, 
            "net_type": "morgan_plus_linear"
        }, 
        "num_records": 20, 
        "task": {
            "name": "delaney", 
            "test_slices": [
                [
                    0, 
                    224
                ]
            ], 
            "train_slices": [
                [
                    449, 
                    674
                ], 
                [
                    674, 
                    899
                ], 
                [
                    899, 
                    1124
                ]
            ]
        }, 
        "train": {
            "batch_size": 100, 
            "init_scale": 0.037625675473512116, 
            "num_iters": 10000, 
            "seed": 1, 
            "step_size": 0.0007987903297989221
        }, 
        "varied_params": {
            "conv_width": 5.30976499198593, 
            "fp_depth": 1.789967130211452, 
            "fp_length": 780.4456830668306, 
            "h1_size": 99.51694736983521, 
            "log_L2_reg": -0.6953743751991937, 
            "log_init_scale": -3.2800686032898714, 
            "log_step_size": -7.132412062406104
        }
    }, 
    {
        "host_name": "handy", 
        "minutes_duration": 0.7864002307256063, 
        "timestamp": "2021-07-09 15:53:24.696622", 
        "training_curve": [
            [
                0, 
                4.434530829885038, 
                4.804141729118172
            ], 
            [
                526, 
                1.0145411007321679, 
                1.9198543600684481
            ], 
            [
                1052, 
                0.6397306445170434, 
                1.7971102241174894
            ], 
            [
                1578, 
                0.4962294171744369, 
                1.8374738854567947
            ], 
            [
                2105, 
                0.41795925509622, 
                1.920378972136603
            ], 
            [
                2631, 
                0.36803631193424735, 
                2.019603348087693
            ], 
            [
                3157, 
                0.3339000057200025, 
                2.123878792380013
            ], 
            [
                3683, 
                0.30979367999374036, 
                2.223757296202536
            ], 
            [
                4210, 
                0.2924449962910822, 
                2.3133746110510702
            ], 
            [
                4736, 
                0.27985603605298165, 
                2.3904085740061385
            ], 
            [
                5262, 
                0.27059940868472704, 
                2.4548550334102757
            ], 
            [
                5788, 
                0.26370020303048697, 
                2.5075149018284777
            ], 
            [
                6315, 
                0.2585186628208244, 
                2.5505346138403047
            ], 
            [
                6841, 
                0.25454040976631154, 
                2.585704904463086
            ], 
            [
                7367, 
                0.2514414311454105, 
                2.614844924558276
            ], 
            [
                7893, 
                0.2489904973866282, 
                2.638998188206155
            ], 
            [
                8420, 
                0.24700543135033218, 
                2.659254244669184
            ], 
            [
                8946, 
                0.24543485660214384, 
                2.675696697247801
            ], 
            [
                9472, 
                0.24414888693364473, 
                2.6893388487703453
            ], 
            [
                9999, 
                0.24308112430764592, 
                2.7008596046100086
            ]
        ]
    }
]