[
    {
        "jobnum": 30, 
        "model": {
            "L2_reg": 0.49888764185923123, 
            "conv_width": 5, 
            "fp_depth": 2, 
            "fp_length": 780, 
            "h1_size": 100, 
            "net_type": "mean"
        }, 
        "num_records": 20, 
        "task": {
            "name": "delaney", 
            "test_slices": [
                [
                    0, 
                    224
                ]
            ], 
            "train_slices": [
                [
                    449, 
                    674
                ], 
                [
                    674, 
                    899
                ], 
                [
                    899, 
                    1124
                ]
            ]
        }, 
        "train": {
            "batch_size": 100, 
            "init_scale": 0.037625675473512116, 
            "num_iters": 10000, 
            "seed": 1, 
            "step_size": 0.0007987903297989221
        }, 
        "varied_params": {
            "conv_width": 5.30976499198593, 
            "fp_depth": 1.789967130211452, 
            "fp_length": 780.4456830668306, 
            "h1_size": 99.51694736983521, 
            "log_L2_reg": -0.6953743751991937, 
            "log_init_scale": -3.2800686032898714, 
            "log_step_size": -7.132412062406104
        }
    }, 
    {
        "host_name": "papaschlumpf", 
        "minutes_duration": 0.08103255033493043, 
        "timestamp": "2021-07-09 20:39:21.391242", 
        "training_curve": [
            [
                0, 
                4.470139628758052, 
                4.859225040554107
            ], 
            [
                526, 
                4.4535754561340894, 
                4.834596236241822
            ], 
            [
                1052, 
                4.45356826109706, 
                4.834559716067932
            ], 
            [
                1578, 
                4.453568060007415, 
                4.834558672234318
            ], 
            [
                2105, 
                4.453566635822012, 
                4.8345512409160465
            ], 
            [
                2631, 
                4.453563693465686, 
                4.834535665941699
            ], 
            [
                3157, 
                4.453564493488835, 
                4.834539931234248
            ], 
            [
                3683, 
                4.453568390565485, 
                4.834560387421264
            ], 
            [
                4210, 
                4.453568069401659, 
                4.8345587210284195
            ], 
            [
                4736, 
                4.4535691474913826, 
                4.834564301508124
            ], 
            [
                5262, 
                4.453566637658652, 
                4.834551250543582
            ], 
            [
                5788, 
                4.453563690964119, 
                4.834535652568111
            ], 
            [
                6315, 
                4.453568391619715, 
                4.8345603928856775
            ], 
            [
                6841, 
                4.453568267360888, 
                4.83455974856141
            ], 
            [
                7367, 
                4.4535680699525635, 
                4.8345587238897485
            ], 
            [
                7893, 
                4.453569147963973, 
                4.834564303946118
            ], 
            [
                8420, 
                4.453563690868203, 
                4.834535652055332
            ], 
            [
                8946, 
                4.453564492562985, 
                4.834539926311506
            ], 
            [
                9472, 
                4.453568391695789, 
                4.834560393279994
            ], 
            [
                9999, 
                4.453568069974888, 
                4.834558724005698
            ]
        ]
    }
]