[
    {
        "jobnum": 30, 
        "model": {
            "L2_reg": 0.49888764185923123, 
            "conv_width": 5, 
            "fp_depth": 2, 
            "fp_length": 101, 
            "h1_size": 100, 
            "net_type": "conv_plus_linear"
        }, 
        "num_records": 20, 
        "task": {
            "name": "delaney", 
            "test_slices": [
                [
                    0, 
                    224
                ]
            ], 
            "train_slices": [
                [
                    449, 
                    674
                ], 
                [
                    674, 
                    899
                ], 
                [
                    899, 
                    1124
                ]
            ]
        }, 
        "train": {
            "batch_size": 100, 
            "init_scale": 0.037625675473512116, 
            "num_iters": 10000, 
            "seed": 1, 
            "step_size": 0.0007987903297989221
        }, 
        "varied_params": {
            "conv_width": 5.30976499198593, 
            "fp_depth": 1.789967130211452, 
            "fp_length": 100.93840922964785, 
            "h1_size": 99.51694736983521, 
            "log_L2_reg": -0.6953743751991937, 
            "log_init_scale": -3.2800686032898714, 
            "log_step_size": -7.132412062406104
        }
    }, 
    {
        "host_name": "schlumpfine", 
        "minutes_duration": 179.89755908250808, 
        "timestamp": "2021-07-09 21:30:49.037311", 
        "training_curve": [
            [
                0, 
                4.759879960968208, 
                5.15650333096003
            ], 
            [
                526, 
                1.2219431187811556, 
                1.543623999469666
            ], 
            [
                1052, 
                0.770482682565615, 
                1.0035684444084638
            ], 
            [
                1578, 
                0.6440109290437842, 
                0.8510293066285746
            ], 
            [
                2105, 
                0.5583983888069004, 
                0.7654171317156865
            ], 
            [
                2631, 
                0.4956357383681774, 
                0.6863575635126159
            ], 
            [
                3157, 
                0.45359567782332105, 
                0.6426655500728867
            ], 
            [
                3683, 
                0.4209398898325976, 
                0.6233545895177629
            ], 
            [
                4210, 
                0.3963178600211367, 
                0.6203588088657505
            ], 
            [
                4736, 
                0.3778595294460939, 
                0.6248684999705826
            ], 
            [
                5262, 
                0.3644082003139782, 
                0.6292533461882329
            ], 
            [
                5788, 
                0.3538290825920141, 
                0.6294299920008923
            ], 
            [
                6315, 
                0.34388478667879036, 
                0.629380706160677
            ], 
            [
                6841, 
                0.33306318514773964, 
                0.6285838272678096
            ], 
            [
                7367, 
                0.32231399048430354, 
                0.6288276838832243
            ], 
            [
                7893, 
                0.3122726483378475, 
                0.6259490749752051
            ], 
            [
                8420, 
                0.30183905409309597, 
                0.622072443040194
            ], 
            [
                8946, 
                0.2933709034489388, 
                0.6297046932676563
            ], 
            [
                9472, 
                0.2850987153247302, 
                0.6372046502044173
            ], 
            [
                9999, 
                0.2771112622926906, 
                0.6355140941132744
            ]
        ]
    }
]