[
    {
        "jobnum": 30, 
        "model": {
            "L2_reg": 0.49888764185923123, 
            "conv_width": 5, 
            "fp_depth": 2, 
            "fp_length": 101, 
            "h1_size": 100, 
            "net_type": "conv_plus_net"
        }, 
        "num_records": 20, 
        "task": {
            "name": "delaney", 
            "test_slices": [
                [
                    0, 
                    224
                ]
            ], 
            "train_slices": [
                [
                    449, 
                    674
                ], 
                [
                    674, 
                    899
                ], 
                [
                    899, 
                    1124
                ]
            ]
        }, 
        "train": {
            "batch_size": 100, 
            "init_scale": 0.037625675473512116, 
            "num_iters": 10000, 
            "seed": 1, 
            "step_size": 0.0007987903297989221
        }, 
        "varied_params": {
            "conv_width": 5.30976499198593, 
            "fp_depth": 1.789967130211452, 
            "fp_length": 100.93840922964785, 
            "h1_size": 99.51694736983521, 
            "log_L2_reg": -0.6953743751991937, 
            "log_init_scale": -3.2800686032898714, 
            "log_step_size": -7.132412062406104
        }
    }, 
    {
        "host_name": "papaschlumpf", 
        "minutes_duration": 271.5486544529597, 
        "timestamp": "2021-07-09 19:39:52.336207", 
        "training_curve": [
            [
                0, 
                4.468064351323713, 
                4.850557378044741
            ], 
            [
                526, 
                0.6123762660746515, 
                0.6704992348190917
            ], 
            [
                1052, 
                0.4229199783772519, 
                0.5689468747155165
            ], 
            [
                1578, 
                0.32222857192850335, 
                0.5154617411338511
            ], 
            [
                2105, 
                0.284331138665445, 
                0.497293389348628
            ], 
            [
                2631, 
                0.26139020747649006, 
                0.4792878053191117
            ], 
            [
                3157, 
                0.2448874927312003, 
                0.4685251655168924
            ], 
            [
                3683, 
                0.23057156091038666, 
                0.4565056957040251
            ], 
            [
                4210, 
                0.21805551341977383, 
                0.4519004053076152
            ], 
            [
                4736, 
                0.210627159331148, 
                0.45242809489551156
            ], 
            [
                5262, 
                0.20632402096716349, 
                0.45302601758662575
            ], 
            [
                5788, 
                0.20446367734327936, 
                0.4536414733918033
            ], 
            [
                6315, 
                0.1989257080562459, 
                0.4458044690347713
            ], 
            [
                6841, 
                0.20134795685065682, 
                0.46751781418119226
            ], 
            [
                7367, 
                0.18672537282513288, 
                0.45095519156526037
            ], 
            [
                7893, 
                0.20153324577827486, 
                0.4705154830399304
            ], 
            [
                8420, 
                0.18567099401681497, 
                0.4446562745450414
            ], 
            [
                8946, 
                0.18745728079095553, 
                0.45058610595152226
            ], 
            [
                9472, 
                0.1817636569586225, 
                0.4538253778355081
            ], 
            [
                9999, 
                0.17787446479661984, 
                0.44878741294314245
            ]
        ]
    }
]