[
    {
        "jobnum": 30, 
        "model": {
            "L2_reg": 0.49888764185923123, 
            "conv_width": 5, 
            "fp_depth": 2, 
            "fp_length": 780, 
            "h1_size": 100, 
            "net_type": "morgan_plus_net"
        }, 
        "num_records": 20, 
        "task": {
            "name": "delaney", 
            "test_slices": [
                [
                    0, 
                    224
                ]
            ], 
            "train_slices": [
                [
                    449, 
                    674
                ], 
                [
                    674, 
                    899
                ], 
                [
                    899, 
                    1124
                ]
            ]
        }, 
        "train": {
            "batch_size": 100, 
            "init_scale": 0.037625675473512116, 
            "num_iters": 10000, 
            "seed": 1, 
            "step_size": 0.0007987903297989221
        }, 
        "varied_params": {
            "conv_width": 5.30976499198593, 
            "fp_depth": 1.789967130211452, 
            "fp_length": 780.4456830668306, 
            "h1_size": 99.51694736983521, 
            "log_L2_reg": -0.6953743751991937, 
            "log_init_scale": -3.2800686032898714, 
            "log_step_size": -7.132412062406104
        }
    }, 
    {
        "host_name": "hefty", 
        "minutes_duration": 55.554146083196, 
        "timestamp": "2021-07-09 21:15:13.291167", 
        "training_curve": [
            [
                0, 
                4.405151873332516, 
                4.827315599493184
            ], 
            [
                526, 
                0.09398865113067086, 
                1.5879099980799136
            ], 
            [
                1052, 
                0.1141924706756907, 
                1.7574259390897695
            ], 
            [
                1578, 
                0.1452873999867531, 
                1.9181816594143775
            ], 
            [
                2105, 
                0.16500174587188343, 
                2.0254074648715856
            ], 
            [
                2631, 
                0.1816698777216498, 
                2.101871543189999
            ], 
            [
                3157, 
                0.17862521729285827, 
                2.0973677295568116
            ], 
            [
                3683, 
                0.17787384500199158, 
                2.0937783487482884
            ], 
            [
                4210, 
                0.1819856081287385, 
                2.0955006398195493
            ], 
            [
                4736, 
                0.17575406942295269, 
                2.076451235628358
            ], 
            [
                5262, 
                0.1764261416386622, 
                2.062106866057726
            ], 
            [
                5788, 
                0.17644762304835773, 
                2.062625957222723
            ], 
            [
                6315, 
                0.17708637647339476, 
                2.0474793696554587
            ], 
            [
                6841, 
                0.18369284694763569, 
                2.0666909253877312
            ], 
            [
                7367, 
                0.1754954490921761, 
                2.05606534284913
            ], 
            [
                7893, 
                0.17460291827888422, 
                2.0309525498731373
            ], 
            [
                8420, 
                0.17429657659895334, 
                2.0328358411957486
            ], 
            [
                8946, 
                0.1728991203445681, 
                2.018945634333822
            ], 
            [
                9472, 
                0.17333981136580562, 
                2.0099123302157547
            ], 
            [
                9999, 
                0.17758321518744438, 
                1.994842757971456
            ]
        ]
    }
]