[
    {
        "jobnum": 31, 
        "model": {
            "L2_reg": 1.9124547797990932, 
            "conv_width": 18, 
            "fp_depth": 3, 
            "fp_length": 47, 
            "h1_size": 69, 
            "net_type": "conv_plus_linear"
        }, 
        "num_records": 20, 
        "task": {
            "name": "delaney", 
            "test_slices": [
                [
                    0, 
                    224
                ]
            ], 
            "train_slices": [
                [
                    449, 
                    674
                ], 
                [
                    674, 
                    899
                ], 
                [
                    899, 
                    1124
                ]
            ]
        }, 
        "train": {
            "batch_size": 100, 
            "init_scale": 0.005559832285515376, 
            "num_iters": 10000, 
            "seed": 1, 
            "step_size": 0.0035290324263775666
        }, 
        "varied_params": {
            "conv_width": 18.08975983171093, 
            "fp_depth": 2.8869455307734464, 
            "fp_length": 46.63670789935121, 
            "h1_size": 69.1731947085949, 
            "log_L2_reg": 0.6483876418895234, 
            "log_init_scale": -5.192187335650255, 
            "log_step_size": -5.646731545785578
        }
    }, 
    {
        "host_name": "schlaubi", 
        "minutes_duration": 194.6740618666013, 
        "timestamp": "2021-07-09 21:51:08.340961", 
        "training_curve": [
            [
                0, 
                4.5990042379809015, 
                4.990051680588236
            ], 
            [
                526, 
                0.3353936951253813, 
                0.6192118131649015
            ], 
            [
                1052, 
                0.2398226323580839, 
                0.6490730946283867
            ], 
            [
                1578, 
                0.22109964172632687, 
                0.7041245685602533
            ], 
            [
                2105, 
                0.23154398018299424, 
                0.7053874793580467
            ], 
            [
                2631, 
                0.18393688064765018, 
                0.6778696301743548
            ], 
            [
                3157, 
                0.20839621030068192, 
                0.8388436602812587
            ], 
            [
                3683, 
                0.15742251553344377, 
                0.7330930438682556
            ], 
            [
                4210, 
                0.1272337580957811, 
                0.714902740824615
            ], 
            [
                4736, 
                0.1275569778517898, 
                0.7324594872139271
            ], 
            [
                5262, 
                0.1302692904232464, 
                0.6892373421399844
            ], 
            [
                5788, 
                0.14026004633355152, 
                0.7390474302439197
            ], 
            [
                6315, 
                0.11046168498440638, 
                0.7320065813367018
            ], 
            [
                6841, 
                0.13020080795824643, 
                0.7368104211418183
            ], 
            [
                7367, 
                0.128675872703189, 
                0.7918154159180479
            ], 
            [
                7893, 
                0.10422928465815719, 
                0.7523891350195893
            ], 
            [
                8420, 
                0.13243495081045026, 
                0.7775701971753017
            ], 
            [
                8946, 
                0.1261555532395925, 
                0.7450500362549574
            ], 
            [
                9472, 
                0.1232818450390201, 
                0.7802218483426887
            ], 
            [
                9999, 
                0.11638645007920702, 
                0.7475799179598516
            ]
        ]
    }
]