[
    {
        "jobnum": 31, 
        "model": {
            "L2_reg": 1.9124547797990932, 
            "conv_width": 18, 
            "fp_depth": 3, 
            "fp_length": 47, 
            "h1_size": 69, 
            "net_type": "conv_plus_net"
        }, 
        "num_records": 20, 
        "task": {
            "name": "delaney", 
            "test_slices": [
                [
                    0, 
                    224
                ]
            ], 
            "train_slices": [
                [
                    449, 
                    674
                ], 
                [
                    674, 
                    899
                ], 
                [
                    899, 
                    1124
                ]
            ]
        }, 
        "train": {
            "batch_size": 100, 
            "init_scale": 0.005559832285515376, 
            "num_iters": 10000, 
            "seed": 1, 
            "step_size": 0.0035290324263775666
        }, 
        "varied_params": {
            "conv_width": 18.08975983171093, 
            "fp_depth": 2.8869455307734464, 
            "fp_length": 46.63670789935121, 
            "h1_size": 69.1731947085949, 
            "log_L2_reg": 0.6483876418895234, 
            "log_init_scale": -5.192187335650255, 
            "log_step_size": -5.646731545785578
        }
    }, 
    {
        "host_name": "papaschlumpf", 
        "minutes_duration": 284.20953985055286, 
        "timestamp": "2021-07-09 19:52:32.035582", 
        "training_curve": [
            [
                0, 
                4.453827748445307, 
                4.833159530960725
            ], 
            [
                526, 
                0.26863904498697894, 
                0.5230808087547104
            ], 
            [
                1052, 
                0.2389183659605718, 
                0.5501522403804049
            ], 
            [
                1578, 
                0.21183316161022867, 
                0.5656355349380099
            ], 
            [
                2105, 
                0.1681978543803812, 
                0.5012822861393619
            ], 
            [
                2631, 
                0.14012364992869464, 
                0.5613373764355813
            ], 
            [
                3157, 
                0.1630163375493591, 
                0.6414002625458448
            ], 
            [
                3683, 
                0.12820499448619213, 
                0.58707682221995
            ], 
            [
                4210, 
                0.09126189026601979, 
                0.6022575358452151
            ], 
            [
                4736, 
                0.1088764336855049, 
                0.6141181312611413
            ], 
            [
                5262, 
                0.09699958115426509, 
                0.5818562287124349
            ], 
            [
                5788, 
                0.09189176890539076, 
                0.5842673847178391
            ], 
            [
                6315, 
                0.09782071140525568, 
                0.632324754251167
            ], 
            [
                6841, 
                0.08157072379519612, 
                0.6032259972232394
            ], 
            [
                7367, 
                0.09656884255178355, 
                0.6743782124400297
            ], 
            [
                7893, 
                0.09058314919460442, 
                0.6111247656232612
            ], 
            [
                8420, 
                0.08547628275200295, 
                0.6388625703438692
            ], 
            [
                8946, 
                0.08423365948890829, 
                0.6304738849824155
            ], 
            [
                9472, 
                0.0808590148818389, 
                0.6251815809956093
            ], 
            [
                9999, 
                0.09279929559725922, 
                0.6426917274635583
            ]
        ]
    }
]