[
    {
        "jobnum": 31, 
        "model": {
            "L2_reg": 1.9124547797990932, 
            "conv_width": 18, 
            "fp_depth": 3, 
            "fp_length": 292, 
            "h1_size": 69, 
            "net_type": "morgan_plus_linear"
        }, 
        "num_records": 20, 
        "task": {
            "name": "delaney", 
            "test_slices": [
                [
                    0, 
                    224
                ]
            ], 
            "train_slices": [
                [
                    449, 
                    674
                ], 
                [
                    674, 
                    899
                ], 
                [
                    899, 
                    1124
                ]
            ]
        }, 
        "train": {
            "batch_size": 100, 
            "init_scale": 0.005559832285515376, 
            "num_iters": 10000, 
            "seed": 1, 
            "step_size": 0.0035290324263775666
        }, 
        "varied_params": {
            "conv_width": 18.08975983171093, 
            "fp_depth": 2.8869455307734464, 
            "fp_length": 291.73037109416083, 
            "h1_size": 69.1731947085949, 
            "log_L2_reg": 0.6483876418895234, 
            "log_init_scale": -5.192187335650255, 
            "log_step_size": -5.646731545785578
        }
    }, 
    {
        "host_name": "schlumpfine", 
        "minutes_duration": 0.8414001345634461, 
        "timestamp": "2021-07-09 15:53:28.016118", 
        "training_curve": [
            [
                0, 
                4.479502652602438, 
                4.8633830909111575
            ], 
            [
                526, 
                0.975337612062649, 
                2.295130106535743
            ], 
            [
                1052, 
                0.9348518275645382, 
                2.341177135932066
            ], 
            [
                1578, 
                0.9286031229844008, 
                2.347400706867169
            ], 
            [
                2105, 
                0.9268900051433445, 
                2.3484357601389543
            ], 
            [
                2631, 
                0.9261135890720055, 
                2.3504002253239134
            ], 
            [
                3157, 
                0.9259839072016163, 
                2.3542700577032223
            ], 
            [
                3683, 
                0.9260899314649349, 
                2.3573683109751054
            ], 
            [
                4210, 
                0.9261360258551312, 
                2.3544258326475025
            ], 
            [
                4736, 
                0.9261866659194034, 
                2.351132135094481
            ], 
            [
                5262, 
                0.92601427580973, 
                2.351777801532301
            ], 
            [
                5788, 
                0.9257673052047223, 
                2.3519488986670396
            ], 
            [
                6315, 
                0.9260326496167498, 
                2.3576942946775676
            ], 
            [
                6841, 
                0.9261229313454307, 
                2.3575311641063337
            ], 
            [
                7367, 
                0.9261116136321915, 
                2.35455051713647
            ], 
            [
                7893, 
                0.926176870677245, 
                2.3511768912604816
            ], 
            [
                8420, 
                0.9257651178295998, 
                2.351958047423097
            ], 
            [
                8946, 
                0.9258411653442954, 
                2.355005361543253
            ], 
            [
                9472, 
                0.9260317474161255, 
                2.357700517400875
            ], 
            [
                9999, 
                0.926111415061738, 
                2.354551261783903
            ]
        ]
    }
]