[
    {
        "jobnum": 31, 
        "model": {
            "L2_reg": 1.9124547797990932, 
            "conv_width": 18, 
            "fp_depth": 3, 
            "fp_length": 292, 
            "h1_size": 69, 
            "net_type": "mean"
        }, 
        "num_records": 20, 
        "task": {
            "name": "delaney", 
            "test_slices": [
                [
                    0, 
                    224
                ]
            ], 
            "train_slices": [
                [
                    449, 
                    674
                ], 
                [
                    674, 
                    899
                ], 
                [
                    899, 
                    1124
                ]
            ]
        }, 
        "train": {
            "batch_size": 100, 
            "init_scale": 0.005559832285515376, 
            "num_iters": 10000, 
            "seed": 1, 
            "step_size": 0.0035290324263775666
        }, 
        "varied_params": {
            "conv_width": 18.08975983171093, 
            "fp_depth": 2.8869455307734464, 
            "fp_length": 291.73037109416083, 
            "h1_size": 69.1731947085949, 
            "log_L2_reg": 0.6483876418895234, 
            "log_init_scale": -5.192187335650255, 
            "log_step_size": -5.646731545785578
        }
    }, 
    {
        "host_name": "handy", 
        "minutes_duration": 0.07351791858673096, 
        "timestamp": "2021-07-09 20:39:51.084324", 
        "training_curve": [
            [
                0, 
                4.453867688824408, 
                4.835599766905324
            ], 
            [
                526, 
                4.4535734382134455, 
                4.834586149985
            ], 
            [
                1052, 
                4.453572919871002, 
                4.834583540147903
            ], 
            [
                1578, 
                4.453572030155854, 
                4.834579041916791
            ], 
            [
                2105, 
                4.453565585112405, 
                4.834545714148455
            ], 
            [
                2631, 
                4.453553210565947, 
                4.834477407393706
            ], 
            [
                3157, 
                4.453556474754363, 
                4.834496055529063
            ], 
            [
                3683, 
                4.453573471899469, 
                4.83458631932064
            ], 
            [
                4210, 
                4.453572035242386, 
                4.8345790677006315
            ], 
            [
                4736, 
                4.453576984651605, 
                4.834603800243715
            ], 
            [
                5262, 
                4.453565587112408, 
                4.834545724704922
            ], 
            [
                5788, 
                4.453553211702979, 
                4.8344774139777185
            ], 
            [
                6315, 
                4.453573472459977, 
                4.8345863221379615
            ], 
            [
                6841, 
                4.453572931718094, 
                4.834583599885859
            ], 
            [
                7367, 
                4.453572035540846, 
                4.834579069213512
            ], 
            [
                7893, 
                4.453576984820802, 
                4.834603801077458
            ], 
            [
                8420, 
                4.453553211746451, 
                4.834477414229444
            ], 
            [
                8946, 
                4.453556475439564, 
                4.834496059392088
            ], 
            [
                9472, 
                4.453573472500455, 
                4.834586322341421
            ], 
            [
                9999, 
                4.453572035552951, 
                4.834579069274869
            ]
        ]
    }
]