[
    {
        "jobnum": 31, 
        "model": {
            "L2_reg": 1.9124547797990932, 
            "conv_width": 18, 
            "fp_depth": 3, 
            "fp_length": 292, 
            "h1_size": 69, 
            "net_type": "morgan_plus_net"
        }, 
        "num_records": 20, 
        "task": {
            "name": "delaney", 
            "test_slices": [
                [
                    0, 
                    224
                ]
            ], 
            "train_slices": [
                [
                    449, 
                    674
                ], 
                [
                    674, 
                    899
                ], 
                [
                    899, 
                    1124
                ]
            ]
        }, 
        "train": {
            "batch_size": 100, 
            "init_scale": 0.005559832285515376, 
            "num_iters": 10000, 
            "seed": 1, 
            "step_size": 0.0035290324263775666
        }, 
        "varied_params": {
            "conv_width": 18.08975983171093, 
            "fp_depth": 2.8869455307734464, 
            "fp_length": 291.73037109416083, 
            "h1_size": 69.1731947085949, 
            "log_L2_reg": 0.6483876418895234, 
            "log_init_scale": -5.192187335650255, 
            "log_step_size": -5.646731545785578
        }
    }, 
    {
        "host_name": "schlaubi", 
        "minutes_duration": 8.942570233345032, 
        "timestamp": "2021-07-09 20:28:37.150280", 
        "training_curve": [
            [
                0, 
                4.452957836821358, 
                4.832955542925059
            ], 
            [
                526, 
                0.0924894435458732, 
                1.786366190241688
            ], 
            [
                1052, 
                0.10023232293011694, 
                1.7739698866306652
            ], 
            [
                1578, 
                0.11345538320101409, 
                1.7592242489211654
            ], 
            [
                2105, 
                0.1294090727203073, 
                1.7045292880648948
            ], 
            [
                2631, 
                0.13429527348834172, 
                1.7869658077350958
            ], 
            [
                3157, 
                0.11198610249494907, 
                1.7453075752777285
            ], 
            [
                3683, 
                0.11281591076723424, 
                1.6985929995143618
            ], 
            [
                4210, 
                0.11933283262663037, 
                1.7466298387456258
            ], 
            [
                4736, 
                0.11729717569395169, 
                1.7480944892582178
            ], 
            [
                5262, 
                0.20413041418597552, 
                1.803971490314433
            ], 
            [
                5788, 
                0.117943472213358, 
                1.8027155980767
            ], 
            [
                6315, 
                0.1507965956538775, 
                1.8078126838039774
            ], 
            [
                6841, 
                0.11760527112883627, 
                1.8578276371430746
            ], 
            [
                7367, 
                0.17921844657100502, 
                1.9611842838638371
            ], 
            [
                7893, 
                0.11961176592649041, 
                1.878096157752798
            ], 
            [
                8420, 
                0.15218324812473608, 
                1.9495085233863365
            ], 
            [
                8946, 
                0.11884755851759983, 
                1.866467340813495
            ], 
            [
                9472, 
                0.12469044238893995, 
                1.8821723017743073
            ], 
            [
                9999, 
                0.22790098835203085, 
                1.904400352104972
            ]
        ]
    }
]