[
    {
        "jobnum": 32, 
        "model": {
            "L2_reg": 0.6064737765383194, 
            "conv_width": 19, 
            "fp_depth": 2, 
            "fp_length": 753, 
            "h1_size": 59, 
            "net_type": "mean"
        }, 
        "num_records": 20, 
        "task": {
            "name": "delaney", 
            "test_slices": [
                [
                    0, 
                    224
                ]
            ], 
            "train_slices": [
                [
                    449, 
                    674
                ], 
                [
                    674, 
                    899
                ], 
                [
                    899, 
                    1124
                ]
            ]
        }, 
        "train": {
            "batch_size": 100, 
            "init_scale": 0.04900825280898925, 
            "num_iters": 10000, 
            "seed": 1, 
            "step_size": 0.015163965262588588
        }, 
        "varied_params": {
            "conv_width": 19.210558857333865, 
            "fp_depth": 1.6465230313406753, 
            "fp_length": 752.7026532243191, 
            "h1_size": 59.28179721529761, 
            "log_L2_reg": -0.5000937888974777, 
            "log_init_scale": -3.0157665703801033, 
            "log_step_size": -4.188833372112222
        }
    }, 
    {
        "host_name": "clumsy", 
        "minutes_duration": 0.08445261716842652, 
        "timestamp": "2021-07-09 20:39:52.173364", 
        "training_curve": [
            [
                0, 
                4.481727062257158, 
                4.87342272475504
            ], 
            [
                526, 
                4.453597046615661, 
                4.834697854167763
            ], 
            [
                1052, 
                4.453595131369385, 
                4.834689246350313
            ], 
            [
                1578, 
                4.453590889623943, 
                4.834669926074047
            ], 
            [
                2105, 
                4.453560915107315, 
                4.83452066772257
            ], 
            [
                2631, 
                4.453519756034033, 
                4.834238505123516
            ], 
            [
                3157, 
                4.4535285626345935, 
                4.834314102000617
            ], 
            [
                3683, 
                4.453597274248183, 
                4.834698872610825
            ], 
            [
                4210, 
                4.453590919945797, 
                4.834670065480901
            ], 
            [
                4736, 
                4.453615536299095, 
                4.834777694130663
            ], 
            [
                5262, 
                4.453560912656951, 
                4.8345206543638195
            ], 
            [
                5788, 
                4.453519748340781, 
                4.834238431628587
            ], 
            [
                6315, 
                4.453597278003605, 
                4.8346988894047005
            ], 
            [
                6841, 
                4.453595210656574, 
                4.834689604090499
            ], 
            [
                7367, 
                4.453590921684403, 
                4.834670073473687
            ], 
            [
                7893, 
                4.453615538106748, 
                4.834777701675281
            ], 
            [
                8420, 
                4.453519748059066, 
                4.834238428936989
            ], 
            [
                8946, 
                4.453528558421701, 
                4.834314069084122
            ], 
            [
                9472, 
                4.453597278268238, 
                4.834698890588105
            ], 
            [
                9999, 
                4.453590921752857, 
                4.834670073788386
            ]
        ]
    }
]