[
    {
        "jobnum": 32, 
        "model": {
            "L2_reg": 0.6064737765383194, 
            "conv_width": 19, 
            "fp_depth": 2, 
            "fp_length": 98, 
            "h1_size": 59, 
            "net_type": "conv_plus_linear"
        }, 
        "num_records": 20, 
        "task": {
            "name": "delaney", 
            "test_slices": [
                [
                    0, 
                    224
                ]
            ], 
            "train_slices": [
                [
                    449, 
                    674
                ], 
                [
                    674, 
                    899
                ], 
                [
                    899, 
                    1124
                ]
            ]
        }, 
        "train": {
            "batch_size": 100, 
            "init_scale": 0.04900825280898925, 
            "num_iters": 10000, 
            "seed": 1, 
            "step_size": 0.015163965262588588
        }, 
        "varied_params": {
            "conv_width": 19.210558857333865, 
            "fp_depth": 1.6465230313406753, 
            "fp_length": 97.85585035825767, 
            "h1_size": 59.28179721529761, 
            "log_L2_reg": -0.5000937888974777, 
            "log_init_scale": -3.0157665703801033, 
            "log_step_size": -4.188833372112222
        }
    }, 
    {
        "host_name": "handy", 
        "minutes_duration": 47.87566875219345, 
        "timestamp": "2021-07-09 19:25:50.478031", 
        "training_curve": [
            [
                0, 
                4.173286576595769, 
                4.493536576407126
            ], 
            [
                526, 
                0.26501944105149366, 
                0.5109732743933744
            ], 
            [
                1052, 
                0.2220954787138242, 
                0.5148609490540144
            ], 
            [
                1578, 
                0.3267476443640579, 
                0.5938764534075309
            ], 
            [
                2105, 
                0.16307358387949838, 
                0.5344952869304487
            ], 
            [
                2631, 
                0.28526289068048905, 
                0.5912654133545489
            ], 
            [
                3157, 
                0.17358406236008567, 
                0.6138624319336634
            ], 
            [
                3683, 
                0.1266669025991715, 
                0.5348907909520576
            ], 
            [
                4210, 
                0.1162905038768694, 
                0.5385531599758134
            ], 
            [
                4736, 
                0.3383519501013552, 
                0.6808166698901481
            ], 
            [
                5262, 
                0.18002947241273368, 
                0.581873599945886
            ], 
            [
                5788, 
                0.11006521235491416, 
                0.5796058473658867
            ], 
            [
                6315, 
                0.22298780717092515, 
                0.6675274127089702
            ], 
            [
                6841, 
                0.10444086539579715, 
                0.5686844245746279
            ], 
            [
                7367, 
                0.09881918001958007, 
                0.5744946355008851
            ], 
            [
                7893, 
                0.26866998083644855, 
                0.6846115652006242
            ], 
            [
                8420, 
                0.09004014997667423, 
                0.6290304624594789
            ], 
            [
                8946, 
                0.11918622810867928, 
                0.5994125976537573
            ], 
            [
                9472, 
                0.13049449818114095, 
                0.6438768359515983
            ], 
            [
                9999, 
                0.2625107538982942, 
                0.6366799847309014
            ]
        ]
    }
]