[
    {
        "jobnum": 32, 
        "model": {
            "L2_reg": 0.6064737765383194, 
            "conv_width": 19, 
            "fp_depth": 2, 
            "fp_length": 753, 
            "h1_size": 59, 
            "net_type": "morgan_plus_net"
        }, 
        "num_records": 20, 
        "task": {
            "name": "delaney", 
            "test_slices": [
                [
                    0, 
                    224
                ]
            ], 
            "train_slices": [
                [
                    449, 
                    674
                ], 
                [
                    674, 
                    899
                ], 
                [
                    899, 
                    1124
                ]
            ]
        }, 
        "train": {
            "batch_size": 100, 
            "init_scale": 0.04900825280898925, 
            "num_iters": 10000, 
            "seed": 1, 
            "step_size": 0.015163965262588588
        }, 
        "varied_params": {
            "conv_width": 19.210558857333865, 
            "fp_depth": 1.6465230313406753, 
            "fp_length": 752.7026532243191, 
            "h1_size": 59.28179721529761, 
            "log_L2_reg": -0.5000937888974777, 
            "log_init_scale": -3.0157665703801033, 
            "log_step_size": -4.188833372112222
        }
    }, 
    {
        "host_name": "clumsy", 
        "minutes_duration": 16.188153767585753, 
        "timestamp": "2021-07-09 20:37:21.713305", 
        "training_curve": [
            [
                0, 
                4.452750997084791, 
                4.8659412946000185
            ], 
            [
                526, 
                0.144228071898149, 
                1.5946217902797624
            ], 
            [
                1052, 
                0.16309157950489753, 
                1.6879919586679424
            ], 
            [
                1578, 
                0.11515249349956003, 
                1.602083432643324
            ], 
            [
                2105, 
                0.14225905185318674, 
                1.5661783931506115
            ], 
            [
                2631, 
                0.13170330929479554, 
                1.6271596159882336
            ], 
            [
                3157, 
                0.12885202728508854, 
                1.577496941972398
            ], 
            [
                3683, 
                0.24834015214458288, 
                1.6867978649338173
            ], 
            [
                4210, 
                0.14877560514360946, 
                1.649851716494744
            ], 
            [
                4736, 
                0.15567569188848504, 
                1.6889608601148431
            ], 
            [
                5262, 
                0.13358357885234765, 
                1.6884647160207464
            ], 
            [
                5788, 
                0.23349512574262876, 
                1.722839190366646
            ], 
            [
                6315, 
                0.1416036041504335, 
                1.7061519339067404
            ], 
            [
                6841, 
                0.14825290941606548, 
                1.7245785843595847
            ], 
            [
                7367, 
                0.14017384091967297, 
                1.7097315394548873
            ], 
            [
                7893, 
                0.13757611548667592, 
                1.6972951853568168
            ], 
            [
                8420, 
                0.1378501136870987, 
                1.7160674523635973
            ], 
            [
                8946, 
                0.13616947776396726, 
                1.7010838932793944
            ], 
            [
                9472, 
                0.15181692836927219, 
                1.7101627122221317
            ], 
            [
                9999, 
                0.1359237960245151, 
                1.6811973180425828
            ]
        ]
    }
]