[
    {
        "jobnum": 33, 
        "model": {
            "L2_reg": 0.003043648692201047, 
            "conv_width": 11, 
            "fp_depth": 2, 
            "fp_length": 393, 
            "h1_size": 61, 
            "net_type": "morgan_plus_linear"
        }, 
        "num_records": 20, 
        "task": {
            "name": "delaney", 
            "test_slices": [
                [
                    0, 
                    224
                ]
            ], 
            "train_slices": [
                [
                    449, 
                    674
                ], 
                [
                    674, 
                    899
                ], 
                [
                    899, 
                    1124
                ]
            ]
        }, 
        "train": {
            "batch_size": 100, 
            "init_scale": 0.021188394054711204, 
            "num_iters": 10000, 
            "seed": 1, 
            "step_size": 0.002665943782512829
        }, 
        "varied_params": {
            "conv_width": 11.370282031272595, 
            "fp_depth": 1.6224102263233282, 
            "fp_length": 393.16334017689934, 
            "h1_size": 60.6655988683741, 
            "log_L2_reg": -5.794698255563747, 
            "log_init_scale": -3.854301697459243, 
            "log_step_size": -5.927197144277347
        }
    }, 
    {
        "host_name": "schlumpfine", 
        "minutes_duration": 1.3302619973818461, 
        "timestamp": "2021-07-09 15:54:57.627057", 
        "training_curve": [
            [
                0, 
                4.502749831445943, 
                4.880246164593978
            ], 
            [
                526, 
                0.8081998578257903, 
                2.36882692203089
            ], 
            [
                1052, 
                0.6629164044164466, 
                2.7534803619210106
            ], 
            [
                1578, 
                0.6122291529933807, 
                3.078388545734031
            ], 
            [
                2105, 
                0.5893527431655695, 
                3.3501716224191243
            ], 
            [
                2631, 
                0.5777519994592927, 
                3.5833583577372843
            ], 
            [
                3157, 
                0.5716222921456773, 
                3.767617618515312
            ], 
            [
                3683, 
                0.5681684930508751, 
                3.9104171403444647
            ], 
            [
                4210, 
                0.5661618336324523, 
                4.019678410178659
            ], 
            [
                4736, 
                0.5649018272771873, 
                4.095830154930946
            ], 
            [
                5262, 
                0.5641422726911541, 
                4.154070849936442
            ], 
            [
                5788, 
                0.5635544694049812, 
                4.206223741906208
            ], 
            [
                6315, 
                0.5633263581746759, 
                4.245304957362765
            ], 
            [
                6841, 
                0.5631463297380784, 
                4.27456662954883
            ], 
            [
                7367, 
                0.5630195807476379, 
                4.297656617761424
            ], 
            [
                7893, 
                0.5628983309726678, 
                4.309271696182349
            ], 
            [
                8420, 
                0.5627374046655689, 
                4.323697439039776
            ], 
            [
                8946, 
                0.5627574999954826, 
                4.335283802629827
            ], 
            [
                9472, 
                0.5627507518750747, 
                4.345122087721238
            ], 
            [
                9999, 
                0.5627663635544287, 
                4.354356052783613
            ]
        ]
    }
]