[
    {
        "jobnum": 33, 
        "model": {
            "L2_reg": 0.003043648692201047, 
            "conv_width": 11, 
            "fp_depth": 2, 
            "fp_length": 58, 
            "h1_size": 61, 
            "net_type": "conv_plus_linear"
        }, 
        "num_records": 20, 
        "task": {
            "name": "delaney", 
            "test_slices": [
                [
                    0, 
                    224
                ]
            ], 
            "train_slices": [
                [
                    449, 
                    674
                ], 
                [
                    674, 
                    899
                ], 
                [
                    899, 
                    1124
                ]
            ]
        }, 
        "train": {
            "batch_size": 100, 
            "init_scale": 0.021188394054711204, 
            "num_iters": 10000, 
            "seed": 1, 
            "step_size": 0.002665943782512829
        }, 
        "varied_params": {
            "conv_width": 11.370282031272595, 
            "fp_depth": 1.6224102263233282, 
            "fp_length": 57.90703779743326, 
            "h1_size": 60.6655988683741, 
            "log_L2_reg": -5.794698255563747, 
            "log_init_scale": -3.854301697459243, 
            "log_step_size": -5.927197144277347
        }
    }, 
    {
        "host_name": "hefty", 
        "minutes_duration": 245.49393905003865, 
        "timestamp": "2021-07-09 22:49:29.565530", 
        "training_curve": [
            [
                0, 
                4.324844039212644, 
                4.69606233575865
            ], 
            [
                526, 
                0.4787560214969485, 
                0.6652465675503771
            ], 
            [
                1052, 
                0.33164638681242126, 
                0.5853979156644475
            ], 
            [
                1578, 
                0.2752690751276642, 
                0.6794947687885993
            ], 
            [
                2105, 
                0.23292931240290055, 
                0.7201127521700792
            ], 
            [
                2631, 
                0.22264906468531775, 
                0.7494720135223469
            ], 
            [
                3157, 
                0.2065353053820248, 
                0.7868905864867212
            ], 
            [
                3683, 
                0.19183049245350098, 
                0.7863180197632739
            ], 
            [
                4210, 
                0.19698431186666715, 
                0.829521808421255
            ], 
            [
                4736, 
                0.18619875617830253, 
                0.8393235560224309
            ], 
            [
                5262, 
                0.23822499845631429, 
                0.8335920154283842
            ], 
            [
                5788, 
                0.1907736086934275, 
                0.8572798034636786
            ], 
            [
                6315, 
                0.1638510664229547, 
                0.8332213929160606
            ], 
            [
                6841, 
                0.16110559837357927, 
                0.8791596519557309
            ], 
            [
                7367, 
                0.16810001236156216, 
                0.8591530556157566
            ], 
            [
                7893, 
                0.16380111615943269, 
                0.8791949864899679
            ], 
            [
                8420, 
                0.1572516781986641, 
                0.9517759405051456
            ], 
            [
                8946, 
                0.13880211525686206, 
                0.9335450196802668
            ], 
            [
                9472, 
                0.1426932330640702, 
                0.9241545715132854
            ], 
            [
                9999, 
                0.14332724453055556, 
                0.9503632892924454
            ]
        ]
    }
]