[
    {
        "jobnum": 33, 
        "model": {
            "L2_reg": 0.003043648692201047, 
            "conv_width": 11, 
            "fp_depth": 2, 
            "fp_length": 58, 
            "h1_size": 61, 
            "net_type": "conv_plus_net"
        }, 
        "num_records": 20, 
        "task": {
            "name": "delaney", 
            "test_slices": [
                [
                    0, 
                    224
                ]
            ], 
            "train_slices": [
                [
                    449, 
                    674
                ], 
                [
                    674, 
                    899
                ], 
                [
                    899, 
                    1124
                ]
            ]
        }, 
        "train": {
            "batch_size": 100, 
            "init_scale": 0.021188394054711204, 
            "num_iters": 10000, 
            "seed": 1, 
            "step_size": 0.002665943782512829
        }, 
        "varied_params": {
            "conv_width": 11.370282031272595, 
            "fp_depth": 1.6224102263233282, 
            "fp_length": 57.90703779743326, 
            "h1_size": 60.6655988683741, 
            "log_L2_reg": -5.794698255563747, 
            "log_init_scale": -3.854301697459243, 
            "log_step_size": -5.927197144277347
        }
    }, 
    {
        "host_name": "papaschlumpf", 
        "minutes_duration": 234.8561964670817, 
        "timestamp": "2021-07-09 19:03:10.785231", 
        "training_curve": [
            [
                0, 
                4.4552832714691455, 
                4.836923808390802
            ], 
            [
                526, 
                0.370293696501235, 
                0.5708157995309608
            ], 
            [
                1052, 
                0.2528074439292736, 
                0.5194299508741144
            ], 
            [
                1578, 
                0.19203602568326747, 
                0.5078569818125847
            ], 
            [
                2105, 
                0.1730856673588465, 
                0.49194506549175127
            ], 
            [
                2631, 
                0.14061288829509322, 
                0.5110987094537197
            ], 
            [
                3157, 
                0.1600588316647602, 
                0.5903156321917927
            ], 
            [
                3683, 
                0.13054871166954338, 
                0.5407686268528986
            ], 
            [
                4210, 
                0.11120620139397991, 
                0.5896717259026263
            ], 
            [
                4736, 
                0.12315373239519456, 
                0.5573775791804711
            ], 
            [
                5262, 
                0.1301451652296562, 
                0.5981038480250069
            ], 
            [
                5788, 
                0.1071991335791811, 
                0.6268511681408074
            ], 
            [
                6315, 
                0.09526228084134464, 
                0.6027112140190963
            ], 
            [
                6841, 
                0.08483819547796313, 
                0.6341848512085303
            ], 
            [
                7367, 
                0.10869833931852205, 
                0.6868435416990597
            ], 
            [
                7893, 
                0.0821862775991181, 
                0.6592910628984666
            ], 
            [
                8420, 
                0.09324787547990614, 
                0.6090073702497154
            ], 
            [
                8946, 
                0.08066165530820218, 
                0.6369370667772849
            ], 
            [
                9472, 
                0.09159468254597233, 
                0.6997238862485552
            ], 
            [
                9999, 
                0.1022775461724285, 
                0.6486528534724779
            ]
        ]
    }
]