[
    {
        "jobnum": 33, 
        "model": {
            "L2_reg": 0.003043648692201047, 
            "conv_width": 11, 
            "fp_depth": 2, 
            "fp_length": 393, 
            "h1_size": 61, 
            "net_type": "mean"
        }, 
        "num_records": 20, 
        "task": {
            "name": "delaney", 
            "test_slices": [
                [
                    0, 
                    224
                ]
            ], 
            "train_slices": [
                [
                    449, 
                    674
                ], 
                [
                    674, 
                    899
                ], 
                [
                    899, 
                    1124
                ]
            ]
        }, 
        "train": {
            "batch_size": 100, 
            "init_scale": 0.021188394054711204, 
            "num_iters": 10000, 
            "seed": 1, 
            "step_size": 0.002665943782512829
        }, 
        "varied_params": {
            "conv_width": 11.370282031272595, 
            "fp_depth": 1.6224102263233282, 
            "fp_length": 393.16334017689934, 
            "h1_size": 60.6655988683741, 
            "log_L2_reg": -5.794698255563747, 
            "log_init_scale": -3.854301697459243, 
            "log_step_size": -5.927197144277347
        }
    }, 
    {
        "host_name": "clumsy", 
        "minutes_duration": 0.07719321648279825, 
        "timestamp": "2021-07-09 20:39:51.716293", 
        "training_curve": [
            [
                0, 
                4.458779850368732, 
                4.844095867580854
            ], 
            [
                526, 
                4.45357180379045, 
                4.834577893671249
            ], 
            [
                1052, 
                4.453571420352203, 
                4.8345759451267485
            ], 
            [
                1578, 
                4.453570757049078, 
                4.834572563755485
            ], 
            [
                2105, 
                4.453565919244643, 
                4.834547475837733
            ], 
            [
                2631, 
                4.453556418092413, 
                4.8344957360081064
            ], 
            [
                3157, 
                4.4535589502048225, 
                4.834509878215893
            ], 
            [
                3683, 
                4.45357184482622, 
                4.834578101941302
            ], 
            [
                4210, 
                4.4535707632150086, 
                4.834572595250478
            ], 
            [
                4736, 
                4.4535744577071465, 
                4.834591260299932
            ], 
            [
                5262, 
                4.453565921199617, 
                4.834547486133764
            ], 
            [
                5788, 
                4.453556418355215, 
                4.8344957374904
            ], 
            [
                6315, 
                4.453571845507207, 
                4.834578105397109
            ], 
            [
                6841, 
                4.453571434852493, 
                4.834576018895267
            ], 
            [
                7367, 
                4.453570763576315, 
                4.834572597095958
            ], 
            [
                7893, 
                4.453574457955256, 
                4.834591261539967
            ], 
            [
                8420, 
                4.45355641836546, 
                4.8344957375481865
            ], 
            [
                8946, 
                4.453558950496704, 
                4.834509879830356
            ], 
            [
                9472, 
                4.453571845556331, 
                4.834578105646401
            ], 
            [
                9999, 
                4.453570763590951, 
                4.83457259717072
            ]
        ]
    }
]