[
    {
        "jobnum": 34, 
        "model": {
            "L2_reg": 2.486422293646347, 
            "conv_width": 13, 
            "fp_depth": 1, 
            "fp_length": 31, 
            "h1_size": 64, 
            "net_type": "conv_plus_net"
        }, 
        "num_records": 20, 
        "task": {
            "name": "delaney", 
            "test_slices": [
                [
                    0, 
                    224
                ]
            ], 
            "train_slices": [
                [
                    449, 
                    674
                ], 
                [
                    674, 
                    899
                ], 
                [
                    899, 
                    1124
                ]
            ]
        }, 
        "train": {
            "batch_size": 100, 
            "init_scale": 0.00769304407897736, 
            "num_iters": 10000, 
            "seed": 1, 
            "step_size": 0.0035074618800669663
        }, 
        "varied_params": {
            "conv_width": 12.760686607311712, 
            "fp_depth": 1.3525955678860992, 
            "fp_length": 30.79162791065717, 
            "h1_size": 63.88143531473659, 
            "log_L2_reg": 0.9108448473858513, 
            "log_init_scale": -4.867438724770375, 
            "log_step_size": -5.652862614167325
        }
    }, 
    {
        "host_name": "papaschlumpf", 
        "minutes_duration": 126.24038389921188, 
        "timestamp": "2021-07-09 17:14:33.818394", 
        "training_curve": [
            [
                0, 
                4.450544923768515, 
                4.831881350763652
            ], 
            [
                526, 
                0.3388436798644025, 
                0.579211703257014
            ], 
            [
                1052, 
                0.23464459364329054, 
                0.4487510669436281
            ], 
            [
                1578, 
                0.22538901601933217, 
                0.4339021429384952
            ], 
            [
                2105, 
                0.19314809579797831, 
                0.45164366092128966
            ], 
            [
                2631, 
                0.1840229699152657, 
                0.4344296343265181
            ], 
            [
                3157, 
                0.19135109695387134, 
                0.49192431114451846
            ], 
            [
                3683, 
                0.16952452198607054, 
                0.45223486157960074
            ], 
            [
                4210, 
                0.17221139874990635, 
                0.49713587823382543
            ], 
            [
                4736, 
                0.18241462209114676, 
                0.540105280527633
            ], 
            [
                5262, 
                0.1599441276901473, 
                0.49033537325045984
            ], 
            [
                5788, 
                0.14817730455620365, 
                0.47625092761006815
            ], 
            [
                6315, 
                0.16884431522497376, 
                0.5578953692202892
            ], 
            [
                6841, 
                0.14442216600034055, 
                0.49851586137633613
            ], 
            [
                7367, 
                0.14158175929197536, 
                0.5124544477506552
            ], 
            [
                7893, 
                0.16464258985370217, 
                0.5159249269328754
            ], 
            [
                8420, 
                0.1577064901366478, 
                0.5670979044837522
            ], 
            [
                8946, 
                0.16363675350341766, 
                0.5397253076740679
            ], 
            [
                9472, 
                0.13160271612636168, 
                0.5766386500075773
            ], 
            [
                9999, 
                0.14654867873068797, 
                0.5436764105096187
            ]
        ]
    }
]