[
    {
        "jobnum": 34, 
        "model": {
            "L2_reg": 2.486422293646347, 
            "conv_width": 13, 
            "fp_depth": 1, 
            "fp_length": 31, 
            "h1_size": 64, 
            "net_type": "conv_plus_linear"
        }, 
        "num_records": 20, 
        "task": {
            "name": "delaney", 
            "test_slices": [
                [
                    0, 
                    224
                ]
            ], 
            "train_slices": [
                [
                    449, 
                    674
                ], 
                [
                    674, 
                    899
                ], 
                [
                    899, 
                    1124
                ]
            ]
        }, 
        "train": {
            "batch_size": 100, 
            "init_scale": 0.00769304407897736, 
            "num_iters": 10000, 
            "seed": 1, 
            "step_size": 0.0035074618800669663
        }, 
        "varied_params": {
            "conv_width": 12.760686607311712, 
            "fp_depth": 1.3525955678860992, 
            "fp_length": 30.79162791065717, 
            "h1_size": 63.88143531473659, 
            "log_L2_reg": 0.9108448473858513, 
            "log_init_scale": -4.867438724770375, 
            "log_step_size": -5.652862614167325
        }
    }, 
    {
        "host_name": "clumsy", 
        "minutes_duration": 74.9877523501714, 
        "timestamp": "2021-07-09 19:59:29.041195", 
        "training_curve": [
            [
                0, 
                4.4338564332987325, 
                4.8120887060152375
            ], 
            [
                526, 
                0.5595867102879127, 
                0.795500297592076
            ], 
            [
                1052, 
                0.4792167549223945, 
                0.7557480178916345
            ], 
            [
                1578, 
                0.4330190447706767, 
                0.7156964784752502
            ], 
            [
                2105, 
                0.3965531101507272, 
                0.7112004501448289
            ], 
            [
                2631, 
                0.37618859072134553, 
                0.716645760716659
            ], 
            [
                3157, 
                0.3733519257309119, 
                0.7369424194747357
            ], 
            [
                3683, 
                0.35884503782559174, 
                0.7593365502216578
            ], 
            [
                4210, 
                0.34609283088485837, 
                0.782119775449362
            ], 
            [
                4736, 
                0.351150103257025, 
                0.8073055494375805
            ], 
            [
                5262, 
                0.41957061262582407, 
                0.8609642991932648
            ], 
            [
                5788, 
                0.3342927849203141, 
                0.8281956680740642
            ], 
            [
                6315, 
                0.34715217780836205, 
                0.8293194822464118
            ], 
            [
                6841, 
                0.33007505183710306, 
                0.8514080430066803
            ], 
            [
                7367, 
                0.34446840061836276, 
                0.8806202558750204
            ], 
            [
                7893, 
                0.340997348553026, 
                0.8861241979243728
            ], 
            [
                8420, 
                0.32831010582946185, 
                0.8851764345568064
            ], 
            [
                8946, 
                0.31679619904887235, 
                0.8927773785136492
            ], 
            [
                9472, 
                0.3417857627467097, 
                0.9301846569770186
            ], 
            [
                9999, 
                0.3206185171590936, 
                0.9320773206557502
            ]
        ]
    }
]