[
    {
        "jobnum": 34, 
        "model": {
            "L2_reg": 2.486422293646347, 
            "conv_width": 13, 
            "fp_depth": 1, 
            "fp_length": 149, 
            "h1_size": 64, 
            "net_type": "morgan_plus_linear"
        }, 
        "num_records": 20, 
        "task": {
            "name": "delaney", 
            "test_slices": [
                [
                    0, 
                    224
                ]
            ], 
            "train_slices": [
                [
                    449, 
                    674
                ], 
                [
                    674, 
                    899
                ], 
                [
                    899, 
                    1124
                ]
            ]
        }, 
        "train": {
            "batch_size": 100, 
            "init_scale": 0.00769304407897736, 
            "num_iters": 10000, 
            "seed": 1, 
            "step_size": 0.0035074618800669663
        }, 
        "varied_params": {
            "conv_width": 12.760686607311712, 
            "fp_depth": 1.3525955678860992, 
            "fp_length": 149.12465119591454, 
            "h1_size": 63.88143531473659, 
            "log_L2_reg": 0.9108448473858513, 
            "log_init_scale": -4.867438724770375, 
            "log_step_size": -5.652862614167325
        }
    }, 
    {
        "host_name": "handy", 
        "minutes_duration": 0.3138728658358256, 
        "timestamp": "2021-07-09 15:54:56.991309", 
        "training_curve": [
            [
                0, 
                4.480582731643753, 
                4.860864354339638
            ], 
            [
                526, 
                1.7387415302031843, 
                2.1071054854556066
            ], 
            [
                1052, 
                1.7191214046024048, 
                2.0752056998726833
            ], 
            [
                1578, 
                1.7175501869816623, 
                2.0728760293157302
            ], 
            [
                2105, 
                1.7175003518256367, 
                2.0762743625095528
            ], 
            [
                2631, 
                1.7172277684510793, 
                2.075292038328226
            ], 
            [
                3157, 
                1.7172345498538777, 
                2.0739377684608358
            ], 
            [
                3683, 
                1.7172201550381962, 
                2.0732933464457344
            ], 
            [
                4210, 
                1.7173298675976316, 
                2.0725675557813767
            ], 
            [
                4736, 
                1.7174635668808818, 
                2.0757581296201386
            ], 
            [
                5262, 
                1.7174648981194403, 
                2.0762631587225138
            ], 
            [
                5788, 
                1.7172161923931264, 
                2.075283456163497
            ], 
            [
                6315, 
                1.717219389591052, 
                2.0732898035777825
            ], 
            [
                6841, 
                1.717334398872698, 
                2.0722289381564076
            ], 
            [
                7367, 
                1.717329374423121, 
                2.0725668346008894
            ], 
            [
                7893, 
                1.7174632751494394, 
                2.075759678221833
            ], 
            [
                8420, 
                1.7172159036323804, 
                2.0752832198314732
            ], 
            [
                8946, 
                1.717230411205198, 
                2.073927715556477
            ], 
            [
                9472, 
                1.7172193452498854, 
                2.0732895712587567
            ], 
            [
                9999, 
                1.7173293560306706, 
                2.072566806628395
            ]
        ]
    }
]