[
    {
        "jobnum": 34, 
        "model": {
            "L2_reg": 2.486422293646347, 
            "conv_width": 13, 
            "fp_depth": 1, 
            "fp_length": 149, 
            "h1_size": 64, 
            "net_type": "mean"
        }, 
        "num_records": 20, 
        "task": {
            "name": "delaney", 
            "test_slices": [
                [
                    0, 
                    224
                ]
            ], 
            "train_slices": [
                [
                    449, 
                    674
                ], 
                [
                    674, 
                    899
                ], 
                [
                    899, 
                    1124
                ]
            ]
        }, 
        "train": {
            "batch_size": 100, 
            "init_scale": 0.00769304407897736, 
            "num_iters": 10000, 
            "seed": 1, 
            "step_size": 0.0035074618800669663
        }, 
        "varied_params": {
            "conv_width": 12.760686607311712, 
            "fp_depth": 1.3525955678860992, 
            "fp_length": 149.12465119591454, 
            "h1_size": 63.88143531473659, 
            "log_L2_reg": 0.9108448473858513, 
            "log_init_scale": -4.867438724770375, 
            "log_step_size": -5.652862614167325
        }
    }, 
    {
        "host_name": "schlaubi", 
        "minutes_duration": 0.08538721799850464, 
        "timestamp": "2021-07-09 20:39:53.379023", 
        "training_curve": [
            [
                0, 
                4.454199891220264, 
                4.8364211570674405
            ], 
            [
                526, 
                4.453573396769649, 
                4.834585941606513
            ], 
            [
                1052, 
                4.453572882015761, 
                4.834583349238274
            ], 
            [
                1578, 
                4.4535719980778214, 
                4.834578879293986
            ], 
            [
                2105, 
                4.453565593492761, 
                4.834545758380942
            ], 
            [
                2631, 
                4.453553289567623, 
                4.834477864704266
            ], 
            [
                3157, 
                4.453556535967712, 
                4.834496400554877
            ], 
            [
                3683, 
                4.453573430994598, 
                4.834586113692407
            ], 
            [
                4210, 
                4.453572003239882, 
                4.834578905465656
            ], 
            [
                4736, 
                4.453576920936221, 
                4.834603486220234
            ], 
            [
                5262, 
                4.453565595484481, 
                4.8345457688931015
            ], 
            [
                5788, 
                4.453553290646843, 
                4.834477870949338
            ], 
            [
                6315, 
                4.453573431564145, 
                4.834586116555847
            ], 
            [
                6841, 
                4.453572894053973, 
                4.834583409953368
            ], 
            [
                7367, 
                4.453572003542751, 
                4.834578907001183
            ], 
            [
                7893, 
                4.453576921110735, 
                4.834603487080481
            ], 
            [
                8420, 
                4.453553290688124, 
                4.834477871188219
            ], 
            [
                8946, 
                4.453556536626426, 
                4.834496404266777
            ], 
            [
                9472, 
                4.453573431605271, 
                4.83458611676261
            ], 
            [
                9999, 
                4.453572003555033, 
                4.8345789070634515
            ]
        ]
    }
]