[
    {
        "jobnum": 35, 
        "model": {
            "L2_reg": 0.010740202768968962, 
            "conv_width": 12, 
            "fp_depth": 1, 
            "fp_length": 374, 
            "h1_size": 70, 
            "net_type": "morgan_plus_linear"
        }, 
        "num_records": 20, 
        "task": {
            "name": "delaney", 
            "test_slices": [
                [
                    0, 
                    224
                ]
            ], 
            "train_slices": [
                [
                    449, 
                    674
                ], 
                [
                    674, 
                    899
                ], 
                [
                    899, 
                    1124
                ]
            ]
        }, 
        "train": {
            "batch_size": 100, 
            "init_scale": 0.0031456718683447325, 
            "num_iters": 10000, 
            "seed": 1, 
            "step_size": 0.0032201905229250023
        }, 
        "varied_params": {
            "conv_width": 12.320844209734318, 
            "fp_depth": 1.4345432780301317, 
            "fp_length": 374.45763975275526, 
            "h1_size": 69.80298514036468, 
            "log_L2_reg": -4.533761310287371, 
            "log_init_scale": -5.761727781011253, 
            "log_step_size": -5.738314752565964
        }
    }, 
    {
        "host_name": "handy", 
        "minutes_duration": 0.40832430124282837, 
        "timestamp": "2021-07-09 15:55:32.741871", 
        "training_curve": [
            [
                0, 
                4.470999542864879, 
                4.858489755071702
            ], 
            [
                526, 
                1.0427205742785115, 
                2.114244757609917
            ], 
            [
                1052, 
                0.8988214794963996, 
                2.4377776508469116
            ], 
            [
                1578, 
                0.8542364443529132, 
                2.660263571830435
            ], 
            [
                2105, 
                0.8325967960802007, 
                2.83202101116589
            ], 
            [
                2631, 
                0.819933540685775, 
                2.982336074025106
            ], 
            [
                3157, 
                0.811802516827207, 
                3.1190878026958195
            ], 
            [
                3683, 
                0.8062102378424421, 
                3.244222304996974
            ], 
            [
                4210, 
                0.8021421861865589, 
                3.3618915099746434
            ], 
            [
                4736, 
                0.7991919106644282, 
                3.4678194093833588
            ], 
            [
                5262, 
                0.7969947642261993, 
                3.559885285995475
            ], 
            [
                5788, 
                0.7953159770778977, 
                3.638614583588596
            ], 
            [
                6315, 
                0.7942268468186775, 
                3.701258767574189
            ], 
            [
                6841, 
                0.79330601685953, 
                3.7593369019346596
            ], 
            [
                7367, 
                0.7925320256942331, 
                3.8100463424620514
            ], 
            [
                7893, 
                0.7919405230673078, 
                3.8547266363301356
            ], 
            [
                8420, 
                0.7913942759035234, 
                3.891625646182821
            ], 
            [
                8946, 
                0.7910928983670111, 
                3.9196922568590993
            ], 
            [
                9472, 
                0.790870554265678, 
                3.942329295129784
            ], 
            [
                9999, 
                0.7906033058027229, 
                3.9660986375807346
            ]
        ]
    }
]