[
    {
        "jobnum": 35, 
        "model": {
            "L2_reg": 0.010740202768968962, 
            "conv_width": 12, 
            "fp_depth": 1, 
            "fp_length": 56, 
            "h1_size": 70, 
            "net_type": "conv_plus_net"
        }, 
        "num_records": 20, 
        "task": {
            "name": "delaney", 
            "test_slices": [
                [
                    0, 
                    224
                ]
            ], 
            "train_slices": [
                [
                    449, 
                    674
                ], 
                [
                    674, 
                    899
                ], 
                [
                    899, 
                    1124
                ]
            ]
        }, 
        "train": {
            "batch_size": 100, 
            "init_scale": 0.0031456718683447325, 
            "num_iters": 10000, 
            "seed": 1, 
            "step_size": 0.0032201905229250023
        }, 
        "varied_params": {
            "conv_width": 12.320844209734318, 
            "fp_depth": 1.4345432780301317, 
            "fp_length": 55.82862663919503, 
            "h1_size": 69.80298514036468, 
            "log_L2_reg": -4.533761310287371, 
            "log_init_scale": -5.761727781011253, 
            "log_step_size": -5.738314752565964
        }
    }, 
    {
        "host_name": "papaschlumpf", 
        "minutes_duration": 135.79746986627578, 
        "timestamp": "2021-07-09 17:24:07.245501", 
        "training_curve": [
            [
                0, 
                4.453812285986348, 
                4.834459269427826
            ], 
            [
                526, 
                0.3045386201877948, 
                0.5418587285662749
            ], 
            [
                1052, 
                0.2510551512990677, 
                0.49586323119328696
            ], 
            [
                1578, 
                0.19539552249780442, 
                0.5279564395826427
            ], 
            [
                2105, 
                0.21102376084729907, 
                0.5042635574017463
            ], 
            [
                2631, 
                0.16329786974250507, 
                0.49534101438148215
            ], 
            [
                3157, 
                0.15057447891030906, 
                0.518058040448439
            ], 
            [
                3683, 
                0.15251751424409882, 
                0.5749967384487721
            ], 
            [
                4210, 
                0.15922728475359627, 
                0.609435907537088
            ], 
            [
                4736, 
                0.136281568661204, 
                0.5336507777531099
            ], 
            [
                5262, 
                0.15107113419769969, 
                0.5732755642299386
            ], 
            [
                5788, 
                0.14945337421822594, 
                0.6025344321991258
            ], 
            [
                6315, 
                0.13807315299872439, 
                0.6156325472714687
            ], 
            [
                6841, 
                0.1317414209800898, 
                0.6286872446227044
            ], 
            [
                7367, 
                0.12380079281245343, 
                0.667513048279577
            ], 
            [
                7893, 
                0.14554145374330085, 
                0.6747834223447092
            ], 
            [
                8420, 
                0.12705702158466248, 
                0.7172393473499977
            ], 
            [
                8946, 
                0.1294957999008024, 
                0.7141942627055062
            ], 
            [
                9472, 
                0.1303685544342788, 
                0.7089451465301059
            ], 
            [
                9999, 
                0.1240494826405293, 
                0.7512658088394621
            ]
        ]
    }
]