[
    {
        "jobnum": 35, 
        "model": {
            "L2_reg": 0.010740202768968962, 
            "conv_width": 12, 
            "fp_depth": 1, 
            "fp_length": 374, 
            "h1_size": 70, 
            "net_type": "mean"
        }, 
        "num_records": 20, 
        "task": {
            "name": "delaney", 
            "test_slices": [
                [
                    0, 
                    224
                ]
            ], 
            "train_slices": [
                [
                    449, 
                    674
                ], 
                [
                    674, 
                    899
                ], 
                [
                    899, 
                    1124
                ]
            ]
        }, 
        "train": {
            "batch_size": 100, 
            "init_scale": 0.0031456718683447325, 
            "num_iters": 10000, 
            "seed": 1, 
            "step_size": 0.0032201905229250023
        }, 
        "varied_params": {
            "conv_width": 12.320844209734318, 
            "fp_depth": 1.4345432780301317, 
            "fp_length": 374.45763975275526, 
            "h1_size": 69.80298514036468, 
            "log_L2_reg": -4.533761310287371, 
            "log_init_scale": -5.761727781011253, 
            "log_step_size": -5.738314752565964
        }
    }, 
    {
        "host_name": "schlaubi", 
        "minutes_duration": 0.08919368187586467, 
        "timestamp": "2021-07-09 20:39:53.762097", 
        "training_curve": [
            [
                0, 
                4.453620733331857, 
                4.83479919655583
            ], 
            [
                526, 
                4.453572854789808, 
                4.834583211907561
            ], 
            [
                1052, 
                4.4535723821523225, 
                4.834580824367762
            ], 
            [
                1578, 
                4.453571573145297, 
                4.834576722121581
            ], 
            [
                2105, 
                4.453565704812288, 
                4.834546345705322
            ], 
            [
                2631, 
                4.453554346625524, 
                4.834483954470791
            ], 
            [
                3157, 
                4.453557354057632, 
                4.834500995784507
            ], 
            [
                3683, 
                4.45357288753556, 
                4.834583377078084
            ], 
            [
                4210, 
                4.453571578132259, 
                4.8345767474696695
            ], 
            [
                4736, 
                4.453576075201705, 
                4.83459930750449
            ], 
            [
                5262, 
                4.453565706866753, 
                4.834546356540657
            ], 
            [
                5788, 
                4.453554347831182, 
                4.834483961386048
            ], 
            [
                6315, 
                4.45357288807859, 
                4.834583379816872
            ], 
            [
                6841, 
                4.453572393700664, 
                4.834580882783756
            ], 
            [
                7367, 
                4.4535715784247305, 
                4.834576748956245
            ], 
            [
                7893, 
                4.453576075365926, 
                4.834599308317793
            ], 
            [
                8420, 
                4.453554347877248, 
                4.834483961650262
            ], 
            [
                8946, 
                4.453557354776532, 
                4.834500999809684
            ], 
            [
                9472, 
                4.453572888117808, 
                4.834583380014673
            ], 
            [
                9999, 
                4.453571578436593, 
                4.834576749016541
            ]
        ]
    }
]