[
    {
        "jobnum": 35, 
        "model": {
            "L2_reg": 0.010740202768968962, 
            "conv_width": 12, 
            "fp_depth": 1, 
            "fp_length": 56, 
            "h1_size": 70, 
            "net_type": "conv_plus_linear"
        }, 
        "num_records": 20, 
        "task": {
            "name": "delaney", 
            "test_slices": [
                [
                    0, 
                    224
                ]
            ], 
            "train_slices": [
                [
                    449, 
                    674
                ], 
                [
                    674, 
                    899
                ], 
                [
                    899, 
                    1124
                ]
            ]
        }, 
        "train": {
            "batch_size": 100, 
            "init_scale": 0.0031456718683447325, 
            "num_iters": 10000, 
            "seed": 1, 
            "step_size": 0.0032201905229250023
        }, 
        "varied_params": {
            "conv_width": 12.320844209734318, 
            "fp_depth": 1.4345432780301317, 
            "fp_length": 55.82862663919503, 
            "h1_size": 69.80298514036468, 
            "log_L2_reg": -4.533761310287371, 
            "log_init_scale": -5.761727781011253, 
            "log_step_size": -5.738314752565964
        }
    }, 
    {
        "host_name": "schlaubi", 
        "minutes_duration": 90.85096778472264, 
        "timestamp": "2021-07-09 20:19:23.290503", 
        "training_curve": [
            [
                0, 
                4.485936432797261, 
                4.869352957138736
            ], 
            [
                526, 
                0.5169880692219873, 
                0.653765681342638
            ], 
            [
                1052, 
                0.42391313720686613, 
                0.5896566420168343
            ], 
            [
                1578, 
                0.37473504657475526, 
                0.5823692339694723
            ], 
            [
                2105, 
                0.34334626963275183, 
                0.5814806577315164
            ], 
            [
                2631, 
                0.35504102797735676, 
                0.6081516406583608
            ], 
            [
                3157, 
                0.3216856383249169, 
                0.6198327977961685
            ], 
            [
                3683, 
                0.3041038422600555, 
                0.6247566481236084
            ], 
            [
                4210, 
                0.31132139267770137, 
                0.6639883990730455
            ], 
            [
                4736, 
                0.2860782827781492, 
                0.6564388667905346
            ], 
            [
                5262, 
                0.28367062587452985, 
                0.6781428714646083
            ], 
            [
                5788, 
                0.2879491714850901, 
                0.6978077900935821
            ], 
            [
                6315, 
                0.27852024283069743, 
                0.6881618957534796
            ], 
            [
                6841, 
                0.32421886342718265, 
                0.7459908164390551
            ], 
            [
                7367, 
                0.2623710045589523, 
                0.7228527899556086
            ], 
            [
                7893, 
                0.29835178139516133, 
                0.7888542916954933
            ], 
            [
                8420, 
                0.24747048447932207, 
                0.7224238662126241
            ], 
            [
                8946, 
                0.2531500080731465, 
                0.7392366539153118
            ], 
            [
                9472, 
                0.27608905453322996, 
                0.7625161208415572
            ], 
            [
                9999, 
                0.2721807930917435, 
                0.8003460732710896
            ]
        ]
    }
]