[
    {
        "jobnum": 36, 
        "model": {
            "L2_reg": 3.4204014183300524, 
            "conv_width": 13, 
            "fp_depth": 1, 
            "fp_length": 81, 
            "h1_size": 88, 
            "net_type": "conv_plus_net"
        }, 
        "num_records": 20, 
        "task": {
            "name": "delaney", 
            "test_slices": [
                [
                    0, 
                    224
                ]
            ], 
            "train_slices": [
                [
                    449, 
                    674
                ], 
                [
                    674, 
                    899
                ], 
                [
                    899, 
                    1124
                ]
            ]
        }, 
        "train": {
            "batch_size": 100, 
            "init_scale": 0.002886399174221437, 
            "num_iters": 10000, 
            "seed": 1, 
            "step_size": 0.006702025260349436
        }, 
        "varied_params": {
            "conv_width": 13.282887048836098, 
            "fp_depth": 1.2502673063260556, 
            "fp_length": 81.46131972304612, 
            "h1_size": 88.26626269034827, 
            "log_L2_reg": 1.2297579179674676, 
            "log_init_scale": -5.847745514188916, 
            "log_step_size": -5.00534552059781
        }
    }, 
    {
        "host_name": "papaschlumpf", 
        "minutes_duration": 151.25852779944736, 
        "timestamp": "2021-07-09 17:39:34.933490", 
        "training_curve": [
            [
                0, 
                4.45392703677454, 
                4.833708171395325
            ], 
            [
                526, 
                0.29051778071537643, 
                0.5402777777152418
            ], 
            [
                1052, 
                0.19473566888425445, 
                0.5041350172413543
            ], 
            [
                1578, 
                0.17704857936520196, 
                0.5354702610655699
            ], 
            [
                2105, 
                0.25570051336209587, 
                0.5031798004548805
            ], 
            [
                2631, 
                0.15950138225346255, 
                0.5117692984500296
            ], 
            [
                3157, 
                0.1458057389841319, 
                0.48469737900813675
            ], 
            [
                3683, 
                0.17798101196358485, 
                0.5986728181075961
            ], 
            [
                4210, 
                0.17020685472499528, 
                0.4406908895501366
            ], 
            [
                4736, 
                0.13833490598520923, 
                0.4831957410858823
            ], 
            [
                5262, 
                0.14856689042472587, 
                0.4799670595175827
            ], 
            [
                5788, 
                0.1487656072988158, 
                0.5273659790166373
            ], 
            [
                6315, 
                0.14900326945054862, 
                0.5710136176088747
            ], 
            [
                6841, 
                0.11971608403895749, 
                0.5414128898217524
            ], 
            [
                7367, 
                0.13012554144726188, 
                0.502694511192637
            ], 
            [
                7893, 
                0.12442635197451436, 
                0.5881337451787044
            ], 
            [
                8420, 
                0.10232886380581668, 
                0.5452098247689314
            ], 
            [
                8946, 
                0.09825371242941182, 
                0.5110273576726726
            ], 
            [
                9472, 
                0.09340685510924436, 
                0.548953198253623
            ], 
            [
                9999, 
                0.14240373180889818, 
                0.6429816237284482
            ]
        ]
    }
]