[
    {
        "jobnum": 36, 
        "model": {
            "L2_reg": 3.4204014183300524, 
            "conv_width": 13, 
            "fp_depth": 1, 
            "fp_length": 605, 
            "h1_size": 88, 
            "net_type": "morgan_plus_linear"
        }, 
        "num_records": 20, 
        "task": {
            "name": "delaney", 
            "test_slices": [
                [
                    0, 
                    224
                ]
            ], 
            "train_slices": [
                [
                    449, 
                    674
                ], 
                [
                    674, 
                    899
                ], 
                [
                    899, 
                    1124
                ]
            ]
        }, 
        "train": {
            "batch_size": 100, 
            "init_scale": 0.002886399174221437, 
            "num_iters": 10000, 
            "seed": 1, 
            "step_size": 0.006702025260349436
        }, 
        "varied_params": {
            "conv_width": 13.282887048836098, 
            "fp_depth": 1.2502673063260556, 
            "fp_length": 605.1518775074151, 
            "h1_size": 88.26626269034827, 
            "log_L2_reg": 1.2297579179674676, 
            "log_init_scale": -5.847745514188916, 
            "log_step_size": -5.00534552059781
        }
    }, 
    {
        "host_name": "schlumpfine", 
        "minutes_duration": 2.119052799542745, 
        "timestamp": "2021-07-09 15:57:15.522623", 
        "training_curve": [
            [
                0, 
                4.466178637230205, 
                4.854380862263403
            ], 
            [
                526, 
                1.0099933230168914, 
                1.6487570536673672
            ], 
            [
                1052, 
                1.0021909824784592, 
                1.6293655608517887
            ], 
            [
                1578, 
                1.0011449621934656, 
                1.6271415948650088
            ], 
            [
                2105, 
                1.001232365858672, 
                1.6331140196092673
            ], 
            [
                2631, 
                1.0009961923810649, 
                1.632965798623338
            ], 
            [
                3157, 
                1.0011427617620305, 
                1.6319760015861127
            ], 
            [
                3683, 
                1.001126280630028, 
                1.6305703194657288
            ], 
            [
                4210, 
                1.0009752179777294, 
                1.6267734251468522
            ], 
            [
                4736, 
                1.0008868736218295, 
                1.630112387164919
            ], 
            [
                5262, 
                1.0011856338840857, 
                1.6331601369839919
            ], 
            [
                5788, 
                1.0009765525325316, 
                1.6330081485210681
            ], 
            [
                6315, 
                1.0011217083796873, 
                1.6305983119089091
            ], 
            [
                6841, 
                1.001288626472669, 
                1.6274220598431046
            ], 
            [
                7367, 
                1.0009723529788903, 
                1.6267997473919138
            ], 
            [
                7893, 
                1.0008806799126797, 
                1.6299814050078503
            ], 
            [
                8420, 
                1.0009759347547176, 
                1.6330399878002437
            ], 
            [
                8946, 
                1.0011366907482375, 
                1.6320187613798836
            ], 
            [
                9472, 
                1.0011214715427095, 
                1.630585469674921
            ], 
            [
                9999, 
                1.000972558215375, 
                1.626746633447933
            ]
        ]
    }
]