[
    {
        "jobnum": 36, 
        "model": {
            "L2_reg": 3.4204014183300524, 
            "conv_width": 13, 
            "fp_depth": 1, 
            "fp_length": 81, 
            "h1_size": 88, 
            "net_type": "conv_plus_linear"
        }, 
        "num_records": 20, 
        "task": {
            "name": "delaney", 
            "test_slices": [
                [
                    0, 
                    224
                ]
            ], 
            "train_slices": [
                [
                    449, 
                    674
                ], 
                [
                    674, 
                    899
                ], 
                [
                    899, 
                    1124
                ]
            ]
        }, 
        "train": {
            "batch_size": 100, 
            "init_scale": 0.002886399174221437, 
            "num_iters": 10000, 
            "seed": 1, 
            "step_size": 0.006702025260349436
        }, 
        "varied_params": {
            "conv_width": 13.282887048836098, 
            "fp_depth": 1.2502673063260556, 
            "fp_length": 81.46131972304612, 
            "h1_size": 88.26626269034827, 
            "log_L2_reg": 1.2297579179674676, 
            "log_init_scale": -5.847745514188916, 
            "log_step_size": -5.00534552059781
        }
    }, 
    {
        "host_name": "schlaubi", 
        "minutes_duration": 101.03358218272527, 
        "timestamp": "2021-07-09 20:33:35.606923", 
        "training_curve": [
            [
                0, 
                4.488006956443626, 
                4.871627309799218
            ], 
            [
                526, 
                0.565778663624828, 
                0.8408007739667841
            ], 
            [
                1052, 
                0.5061409122575113, 
                0.725673762407844
            ], 
            [
                1578, 
                0.3789389860033773, 
                0.6878281096754034
            ], 
            [
                2105, 
                0.3386168325621257, 
                0.7261921659883626
            ], 
            [
                2631, 
                0.36212904249464367, 
                0.8259267246615147
            ], 
            [
                3157, 
                0.34131073647235244, 
                0.761192177471848
            ], 
            [
                3683, 
                0.30698060209976313, 
                0.812634391819775
            ], 
            [
                4210, 
                0.32014722245122523, 
                0.8297000026812673
            ], 
            [
                4736, 
                0.28055343864667964, 
                0.8197153178879572
            ], 
            [
                5262, 
                0.3207618179637289, 
                0.8791324782310342
            ], 
            [
                5788, 
                0.29868521958609906, 
                0.8799593382110098
            ], 
            [
                6315, 
                0.3339185019711041, 
                0.9506303105251266
            ], 
            [
                6841, 
                0.36342241771504286, 
                0.882062122336709
            ], 
            [
                7367, 
                0.3457735194355969, 
                0.9247493748776358
            ], 
            [
                7893, 
                0.36472917860243315, 
                0.9506660408282638
            ], 
            [
                8420, 
                0.329429228548631, 
                0.9256149642014189
            ], 
            [
                8946, 
                0.3610181875330218, 
                1.02995175253031
            ], 
            [
                9472, 
                0.31818292699337697, 
                0.8909153233745079
            ], 
            [
                9999, 
                0.2590616793965653, 
                0.8885401403798071
            ]
        ]
    }
]