[
    {
        "jobnum": 37, 
        "model": {
            "L2_reg": 0.005529552096832446, 
            "conv_width": 19, 
            "fp_depth": 1, 
            "fp_length": 691, 
            "h1_size": 65, 
            "net_type": "morgan_plus_net"
        }, 
        "num_records": 20, 
        "task": {
            "name": "delaney", 
            "test_slices": [
                [
                    0, 
                    224
                ]
            ], 
            "train_slices": [
                [
                    449, 
                    674
                ], 
                [
                    674, 
                    899
                ], 
                [
                    899, 
                    1124
                ]
            ]
        }, 
        "train": {
            "batch_size": 100, 
            "init_scale": 0.005854107964092415, 
            "num_iters": 10000, 
            "seed": 1, 
            "step_size": 0.0008790358462989377
        }, 
        "varied_params": {
            "conv_width": 18.942939751882857, 
            "fp_depth": 1.0492888887744227, 
            "fp_length": 691.2758789636373, 
            "h1_size": 64.60737633962745, 
            "log_L2_reg": -5.1976484618760175, 
            "log_init_scale": -5.140611648092551, 
            "log_step_size": -7.036684880338212
        }
    }, 
    {
        "host_name": "schlaubi", 
        "minutes_duration": 15.967861986160278, 
        "timestamp": "2021-07-09 20:40:40.228778", 
        "training_curve": [
            [
                0, 
                4.454682240510897, 
                4.833026227204702
            ], 
            [
                526, 
                0.3383410043919165, 
                1.5457318292893187
            ], 
            [
                1052, 
                0.31133837758880034, 
                1.6656304634938714
            ], 
            [
                1578, 
                0.34837722168196233, 
                1.793665422584138
            ], 
            [
                2105, 
                0.42602208664734126, 
                2.0246346339030805
            ], 
            [
                2631, 
                0.5279988577203629, 
                2.26945448191212
            ], 
            [
                3157, 
                0.6185698671225577, 
                2.4803192987628426
            ], 
            [
                3683, 
                0.6724685676637716, 
                2.605190603562442
            ], 
            [
                4210, 
                0.7206531931307396, 
                2.6687043610196652
            ], 
            [
                4736, 
                0.7386909241287954, 
                2.748952344774404
            ], 
            [
                5262, 
                0.7465535943261713, 
                2.7443884773461242
            ], 
            [
                5788, 
                0.7532420207230739, 
                2.7486671659729054
            ], 
            [
                6315, 
                0.7585853991934904, 
                2.7544358969476477
            ], 
            [
                6841, 
                0.7514521077920795, 
                2.7170843247802297
            ], 
            [
                7367, 
                0.7476420728577116, 
                2.7095556897412814
            ], 
            [
                7893, 
                0.7514334987237684, 
                2.704910986547619
            ], 
            [
                8420, 
                0.7613209372004588, 
                2.68786147333115
            ], 
            [
                8946, 
                0.7450649513644169, 
                2.682182367498846
            ], 
            [
                9472, 
                0.7453269953435357, 
                2.6585779691491305
            ], 
            [
                9999, 
                0.7506645448765866, 
                2.6509911507220374
            ]
        ]
    }
]