[
    {
        "jobnum": 37, 
        "model": {
            "L2_reg": 0.005529552096832446, 
            "conv_width": 19, 
            "fp_depth": 1, 
            "fp_length": 91, 
            "h1_size": 65, 
            "net_type": "conv_plus_linear"
        }, 
        "num_records": 20, 
        "task": {
            "name": "delaney", 
            "test_slices": [
                [
                    0, 
                    224
                ]
            ], 
            "train_slices": [
                [
                    449, 
                    674
                ], 
                [
                    674, 
                    899
                ], 
                [
                    899, 
                    1124
                ]
            ]
        }, 
        "train": {
            "batch_size": 100, 
            "init_scale": 0.005854107964092415, 
            "num_iters": 10000, 
            "seed": 1, 
            "step_size": 0.0008790358462989377
        }, 
        "varied_params": {
            "conv_width": 18.942939751882857, 
            "fp_depth": 1.0492888887744227, 
            "fp_length": 91.03065321818193, 
            "h1_size": 64.60737633962745, 
            "log_L2_reg": -5.1976484618760175, 
            "log_init_scale": -5.140611648092551, 
            "log_step_size": -7.036684880338212
        }
    }, 
    {
        "host_name": "clumsy", 
        "minutes_duration": 98.26647243102391, 
        "timestamp": "2021-07-09 20:32:19.309289", 
        "training_curve": [
            [
                0, 
                4.464296595784495, 
                4.845762742158832
            ], 
            [
                526, 
                1.0398011418483213, 
                1.3135626316328466
            ], 
            [
                1052, 
                0.5986602524425065, 
                0.7776340115374849
            ], 
            [
                1578, 
                0.49287467945605107, 
                0.6462056252926326
            ], 
            [
                2105, 
                0.4508455160602979, 
                0.6122047063169281
            ], 
            [
                2631, 
                0.42182021536406056, 
                0.5913194589876595
            ], 
            [
                3157, 
                0.3957022796142252, 
                0.5777279679851051
            ], 
            [
                3683, 
                0.37437775915724314, 
                0.5715888611221952
            ], 
            [
                4210, 
                0.35558985030881746, 
                0.573605702847436
            ], 
            [
                4736, 
                0.3396610091990596, 
                0.5877110527626161
            ], 
            [
                5262, 
                0.32548247666556696, 
                0.6064242199484008
            ], 
            [
                5788, 
                0.31404088777007694, 
                0.617019696771938
            ], 
            [
                6315, 
                0.3060121198023811, 
                0.6220581034387439
            ], 
            [
                6841, 
                0.29732695266808, 
                0.6337769114357279
            ], 
            [
                7367, 
                0.29196640882497477, 
                0.6436301256219943
            ], 
            [
                7893, 
                0.28378245343257086, 
                0.6676576455710508
            ], 
            [
                8420, 
                0.279952751316261, 
                0.6716661171391554
            ], 
            [
                8946, 
                0.273734351087794, 
                0.7081091490098442
            ], 
            [
                9472, 
                0.28455461351268213, 
                0.704607827318516
            ], 
            [
                9999, 
                0.26564010831775836, 
                0.720385038578592
            ]
        ]
    }
]