[
    {
        "jobnum": 37, 
        "model": {
            "L2_reg": 0.005529552096832446, 
            "conv_width": 19, 
            "fp_depth": 1, 
            "fp_length": 91, 
            "h1_size": 65, 
            "net_type": "conv_plus_net"
        }, 
        "num_records": 20, 
        "task": {
            "name": "delaney", 
            "test_slices": [
                [
                    0, 
                    224
                ]
            ], 
            "train_slices": [
                [
                    449, 
                    674
                ], 
                [
                    674, 
                    899
                ], 
                [
                    899, 
                    1124
                ]
            ]
        }, 
        "train": {
            "batch_size": 100, 
            "init_scale": 0.005854107964092415, 
            "num_iters": 10000, 
            "seed": 1, 
            "step_size": 0.0008790358462989377
        }, 
        "varied_params": {
            "conv_width": 18.942939751882857, 
            "fp_depth": 1.0492888887744227, 
            "fp_length": 91.03065321818193, 
            "h1_size": 64.60737633962745, 
            "log_L2_reg": -5.1976484618760175, 
            "log_init_scale": -5.140611648092551, 
            "log_step_size": -7.036684880338212
        }
    }, 
    {
        "host_name": "papaschlumpf", 
        "minutes_duration": 178.4247789978981, 
        "timestamp": "2021-07-09 18:06:44.894172", 
        "training_curve": [
            [
                0, 
                4.453321032316415, 
                4.83242156191583
            ], 
            [
                526, 
                0.5616283735924651, 
                0.6622932335020104
            ], 
            [
                1052, 
                0.37362740746868695, 
                0.5363079312827675
            ], 
            [
                1578, 
                0.2975462238728599, 
                0.5032519003831694
            ], 
            [
                2105, 
                0.2606298374617211, 
                0.49360346184661397
            ], 
            [
                2631, 
                0.2384782934298908, 
                0.4969589964953854
            ], 
            [
                3157, 
                0.22219169445175305, 
                0.5058703115796895
            ], 
            [
                3683, 
                0.20730642289137863, 
                0.5128073196013142
            ], 
            [
                4210, 
                0.19703695235317067, 
                0.5376259213721036
            ], 
            [
                4736, 
                0.1945972994886405, 
                0.5371698441270527
            ], 
            [
                5262, 
                0.19087360199390221, 
                0.5474651298620395
            ], 
            [
                5788, 
                0.18058258008429667, 
                0.5469181081857843
            ], 
            [
                6315, 
                0.1813958140678547, 
                0.5635325593787537
            ], 
            [
                6841, 
                0.16959342386929638, 
                0.5697885610442335
            ], 
            [
                7367, 
                0.17392781273530453, 
                0.5829640755825759
            ], 
            [
                7893, 
                0.1637443177836185, 
                0.5693300070871509
            ], 
            [
                8420, 
                0.17967684996967048, 
                0.5830586294506906
            ], 
            [
                8946, 
                0.16044178539425907, 
                0.5819962827281611
            ], 
            [
                9472, 
                0.15931591389729366, 
                0.5894579540210003
            ], 
            [
                9999, 
                0.16158567514656946, 
                0.6000282603390857
            ]
        ]
    }
]