[
    {
        "jobnum": 37, 
        "model": {
            "L2_reg": 0.005529552096832446, 
            "conv_width": 19, 
            "fp_depth": 1, 
            "fp_length": 691, 
            "h1_size": 65, 
            "net_type": "morgan_plus_linear"
        }, 
        "num_records": 20, 
        "task": {
            "name": "delaney", 
            "test_slices": [
                [
                    0, 
                    224
                ]
            ], 
            "train_slices": [
                [
                    449, 
                    674
                ], 
                [
                    674, 
                    899
                ], 
                [
                    899, 
                    1124
                ]
            ]
        }, 
        "train": {
            "batch_size": 100, 
            "init_scale": 0.005854107964092415, 
            "num_iters": 10000, 
            "seed": 1, 
            "step_size": 0.0008790358462989377
        }, 
        "varied_params": {
            "conv_width": 18.942939751882857, 
            "fp_depth": 1.0492888887744227, 
            "fp_length": 691.2758789636373, 
            "h1_size": 64.60737633962745, 
            "log_L2_reg": -5.1976484618760175, 
            "log_init_scale": -5.140611648092551, 
            "log_step_size": -7.036684880338212
        }
    }, 
    {
        "host_name": "handy", 
        "minutes_duration": 0.780506416161855, 
        "timestamp": "2021-07-09 15:56:25.303767", 
        "training_curve": [
            [
                0, 
                4.4423702906335585, 
                4.807205688615661
            ], 
            [
                526, 
                1.4277683712572107, 
                2.110586894729344
            ], 
            [
                1052, 
                0.9701084772113343, 
                1.8971186715107586
            ], 
            [
                1578, 
                0.7889527763180451, 
                1.908213838636872
            ], 
            [
                2105, 
                0.6939102046735861, 
                1.981604601427628
            ], 
            [
                2631, 
                0.6355103667198071, 
                2.073478051058967
            ], 
            [
                3157, 
                0.5959526672938941, 
                2.1708930697269
            ], 
            [
                3683, 
                0.5672260555102608, 
                2.2717831004687996
            ], 
            [
                4210, 
                0.5452368841044395, 
                2.377466368955279
            ], 
            [
                4736, 
                0.5279077975331595, 
                2.489252252927688
            ], 
            [
                5262, 
                0.5139415369874245, 
                2.607012763613704
            ], 
            [
                5788, 
                0.5025367832110236, 
                2.72957116109531
            ], 
            [
                6315, 
                0.4931364237381646, 
                2.8559666770790537
            ], 
            [
                6841, 
                0.4852902144064914, 
                2.984189405091506
            ], 
            [
                7367, 
                0.4786734844527594, 
                3.1125692873685304
            ], 
            [
                7893, 
                0.4730263639670749, 
                3.2401618258782574
            ], 
            [
                8420, 
                0.46813163519985607, 
                3.36618179246746
            ], 
            [
                8946, 
                0.4638853791223603, 
                3.489125210522938
            ], 
            [
                9472, 
                0.4601214338490111, 
                3.60986020129688
            ], 
            [
                9999, 
                0.4567415051684131, 
                3.7278487645215006
            ]
        ]
    }
]