[
    {
        "jobnum": 37, 
        "model": {
            "L2_reg": 0.005529552096832446, 
            "conv_width": 19, 
            "fp_depth": 1, 
            "fp_length": 691, 
            "h1_size": 65, 
            "net_type": "mean"
        }, 
        "num_records": 20, 
        "task": {
            "name": "delaney", 
            "test_slices": [
                [
                    0, 
                    224
                ]
            ], 
            "train_slices": [
                [
                    449, 
                    674
                ], 
                [
                    674, 
                    899
                ], 
                [
                    899, 
                    1124
                ]
            ]
        }, 
        "train": {
            "batch_size": 100, 
            "init_scale": 0.005854107964092415, 
            "num_iters": 10000, 
            "seed": 1, 
            "step_size": 0.0008790358462989377
        }, 
        "varied_params": {
            "conv_width": 18.942939751882857, 
            "fp_depth": 1.0492888887744227, 
            "fp_length": 691.2758789636373, 
            "h1_size": 64.60737633962745, 
            "log_L2_reg": -5.1976484618760175, 
            "log_init_scale": -5.140611648092551, 
            "log_step_size": -7.036684880338212
        }
    }, 
    {
        "host_name": "papaschlumpf", 
        "minutes_duration": 0.08021696805953979, 
        "timestamp": "2021-07-09 20:39:51.402451", 
        "training_curve": [
            [
                0, 
                4.453907157140923, 
                4.835706718470483
            ], 
            [
                526, 
                4.45356872537537, 
                4.834562121025731
            ], 
            [
                1052, 
                4.453568390148727, 
                4.834560385261066
            ], 
            [
                1578, 
                4.45356817872201, 
                4.83455928862918
            ], 
            [
                2105, 
                4.453566604473627, 
                4.834551076572318
            ], 
            [
                2631, 
                4.453563367442538, 
                4.834533921054714
            ], 
            [
                3157, 
                4.453564248275643, 
                4.834538626356766
            ], 
            [
                3683, 
                4.453568537746226, 
                4.834561149955115
            ], 
            [
                4210, 
                4.453568183817253, 
                4.83455931507453
            ], 
            [
                4736, 
                4.453569371619386, 
                4.834565456932181
            ], 
            [
                5262, 
                4.4535666070182005, 
                4.834551089913481
            ], 
            [
                5788, 
                4.45356336884786, 
                4.834533928584462
            ], 
            [
                6315, 
                4.453568538248884, 
                4.834561152558146
            ], 
            [
                6841, 
                4.453568401538323, 
                4.834560444295245
            ], 
            [
                7367, 
                4.453568184109959, 
                4.8345593165937055
            ], 
            [
                7893, 
                4.453569371790157, 
                4.834565457811924
            ], 
            [
                8420, 
                4.4535633689011975, 
                4.834533928870243
            ], 
            [
                8946, 
                4.4535642491121, 
                4.834538630811581
            ], 
            [
                9472, 
                4.453568538285123, 
                4.834561152745806
            ], 
            [
                9999, 
                4.453568184121819, 
                4.834559316655263
            ]
        ]
    }
]