[
    {
        "jobnum": 38, 
        "model": {
            "L2_reg": 0.004134628195343046, 
            "conv_width": 20, 
            "fp_depth": 2, 
            "fp_length": 114, 
            "h1_size": 64, 
            "net_type": "conv_plus_net"
        }, 
        "num_records": 20, 
        "task": {
            "name": "delaney", 
            "test_slices": [
                [
                    0, 
                    224
                ]
            ], 
            "train_slices": [
                [
                    449, 
                    674
                ], 
                [
                    674, 
                    899
                ], 
                [
                    899, 
                    1124
                ]
            ]
        }, 
        "train": {
            "batch_size": 100, 
            "init_scale": 0.03499200026945039, 
            "num_iters": 10000, 
            "seed": 1, 
            "step_size": 0.003502216114611105
        }, 
        "varied_params": {
            "conv_width": 19.662427096166702, 
            "fp_depth": 2.4568827878038686, 
            "fp_length": 114.16858747545817, 
            "h1_size": 64.08650528769745, 
            "log_L2_reg": -5.488357871032151, 
            "log_init_scale": -3.3526358073473825, 
            "log_step_size": -5.654359335254693
        }
    }, 
    {
        "host_name": "papaschlumpf", 
        "minutes_duration": 270.2059589823087, 
        "timestamp": "2021-07-09 19:38:31.778285", 
        "training_curve": [
            [
                0, 
                4.468830138605617, 
                4.8461594280164775
            ], 
            [
                526, 
                0.22266375125839677, 
                0.4459224764393461
            ], 
            [
                1052, 
                0.13718995720860253, 
                0.43495730294848917
            ], 
            [
                1578, 
                0.1143284557549247, 
                0.47662293376562104
            ], 
            [
                2105, 
                0.11056343674457796, 
                0.4940886244739358
            ], 
            [
                2631, 
                0.10383644300733294, 
                0.5353068028695113
            ], 
            [
                3157, 
                0.10632328004847802, 
                0.5162694180299184
            ], 
            [
                3683, 
                0.11996846291169454, 
                0.6390901266366129
            ], 
            [
                4210, 
                0.08834704145543064, 
                0.5785938460662096
            ], 
            [
                4736, 
                0.09955590594300487, 
                0.6129486816900556
            ], 
            [
                5262, 
                0.08531612722877266, 
                0.5552140753127283
            ], 
            [
                5788, 
                0.08286888564698798, 
                0.5490594667979459
            ], 
            [
                6315, 
                0.07336123917164618, 
                0.5619696899840829
            ], 
            [
                6841, 
                0.08273098904596783, 
                0.590281398470246
            ], 
            [
                7367, 
                0.07521989200536908, 
                0.5644823596988415
            ], 
            [
                7893, 
                0.11200771752575088, 
                0.56733374918949
            ], 
            [
                8420, 
                0.08531132254495623, 
                0.5931766955631582
            ], 
            [
                8946, 
                0.08489453076182948, 
                0.5456108077375316
            ], 
            [
                9472, 
                0.07272343135108472, 
                0.5811645277283721
            ], 
            [
                9999, 
                0.09711046607653949, 
                0.5725154948889999
            ]
        ]
    }
]