[
    {
        "jobnum": 38, 
        "model": {
            "L2_reg": 0.004134628195343046, 
            "conv_width": 20, 
            "fp_depth": 2, 
            "fp_length": 900, 
            "h1_size": 64, 
            "net_type": "morgan_plus_linear"
        }, 
        "num_records": 20, 
        "task": {
            "name": "delaney", 
            "test_slices": [
                [
                    0, 
                    224
                ]
            ], 
            "train_slices": [
                [
                    449, 
                    674
                ], 
                [
                    674, 
                    899
                ], 
                [
                    899, 
                    1124
                ]
            ]
        }, 
        "train": {
            "batch_size": 100, 
            "init_scale": 0.03499200026945039, 
            "num_iters": 10000, 
            "seed": 1, 
            "step_size": 0.003502216114611105
        }, 
        "varied_params": {
            "conv_width": 19.662427096166702, 
            "fp_depth": 2.4568827878038686, 
            "fp_length": 899.5172872791235, 
            "h1_size": 64.08650528769745, 
            "log_L2_reg": -5.488357871032151, 
            "log_init_scale": -3.3526358073473825, 
            "log_step_size": -5.654359335254693
        }
    }, 
    {
        "host_name": "handy", 
        "minutes_duration": 0.8144729336102804, 
        "timestamp": "2021-07-09 15:57:27.712519", 
        "training_curve": [
            [
                0, 
                4.56294238465926, 
                4.975085727736969
            ], 
            [
                526, 
                0.3199512027632593, 
                2.2454977082882905
            ], 
            [
                1052, 
                0.18044405152953255, 
                3.4556644196832713
            ], 
            [
                1578, 
                0.12925080464274558, 
                4.621096804538245
            ], 
            [
                2105, 
                0.10441525315126661, 
                5.635190275199373
            ], 
            [
                2631, 
                0.09097134467796751, 
                6.490633401406606
            ], 
            [
                3157, 
                0.08316313148990437, 
                7.192194930403864
            ], 
            [
                3683, 
                0.07893950930739306, 
                7.69954162768217
            ], 
            [
                4210, 
                0.0762190081999285, 
                8.110150299433716
            ], 
            [
                4736, 
                0.07428313217758864, 
                8.451124777890652
            ], 
            [
                5262, 
                0.07299052946220513, 
                8.72207797889585
            ], 
            [
                5788, 
                0.07193026579671599, 
                8.970838969601557
            ], 
            [
                6315, 
                0.07119934529348804, 
                9.16985756170582
            ], 
            [
                6841, 
                0.07056150300766982, 
                9.359794923598624
            ], 
            [
                7367, 
                0.07010287820730442, 
                9.51723005484145
            ], 
            [
                7893, 
                0.06966379676769907, 
                9.668740083747341
            ], 
            [
                8420, 
                0.06930353313549799, 
                9.801951321859148
            ], 
            [
                8946, 
                0.06900492681315261, 
                9.926294794721871
            ], 
            [
                9472, 
                0.06875689155289602, 
                10.038928359890889
            ], 
            [
                9999, 
                0.06855323434958119, 
                10.141561984174402
            ]
        ]
    }
]