[
    {
        "jobnum": 38, 
        "model": {
            "L2_reg": 0.004134628195343046, 
            "conv_width": 20, 
            "fp_depth": 2, 
            "fp_length": 900, 
            "h1_size": 64, 
            "net_type": "mean"
        }, 
        "num_records": 20, 
        "task": {
            "name": "delaney", 
            "test_slices": [
                [
                    0, 
                    224
                ]
            ], 
            "train_slices": [
                [
                    449, 
                    674
                ], 
                [
                    674, 
                    899
                ], 
                [
                    899, 
                    1124
                ]
            ]
        }, 
        "train": {
            "batch_size": 100, 
            "init_scale": 0.03499200026945039, 
            "num_iters": 10000, 
            "seed": 1, 
            "step_size": 0.003502216114611105
        }, 
        "varied_params": {
            "conv_width": 19.662427096166702, 
            "fp_depth": 2.4568827878038686, 
            "fp_length": 899.5172872791235, 
            "h1_size": 64.08650528769745, 
            "log_L2_reg": -5.488357871032151, 
            "log_init_scale": -3.3526358073473825, 
            "log_step_size": -5.654359335254693
        }
    }, 
    {
        "host_name": "handy", 
        "minutes_duration": 0.07034154733022054, 
        "timestamp": "2021-07-09 20:40:20.978722", 
        "training_curve": [
            [
                0, 
                4.467892317656789, 
                4.8563737755022425
            ], 
            [
                526, 
                4.453573357259391, 
                4.834585742903097
            ], 
            [
                1052, 
                4.45357286261803, 
                4.834583251396218
            ], 
            [
                1578, 
                4.45357198607313, 
                4.83457881842702
            ], 
            [
                2105, 
                4.4535655961316705, 
                4.834545772308895
            ], 
            [
                2631, 
                4.453553311917187, 
                4.834477994021819
            ], 
            [
                3157, 
                4.453556552248105, 
                4.834496492290362
            ], 
            [
                3683, 
                4.453573420518303, 
                4.834586061020356
            ], 
            [
                4210, 
                4.453571995216489, 
                4.834578864786662
            ], 
            [
                4736, 
                4.453576905161297, 
                4.834603408455981
            ], 
            [
                5262, 
                4.453565597542643, 
                4.8345457797558
            ], 
            [
                5788, 
                4.453553309977207, 
                4.834477982797817
            ], 
            [
                6315, 
                4.453573421583505, 
                4.834586066376063
            ], 
            [
                6841, 
                4.45357288487629, 
                4.834583363665828
            ], 
            [
                7367, 
                4.453571995752662, 
                4.834578867505144
            ], 
            [
                7893, 
                4.453576905609467, 
                4.83460341066538
            ], 
            [
                8420, 
                4.453553309904061, 
                4.83447798237461
            ], 
            [
                8946, 
                4.453556551515723, 
                4.834496488163849
            ], 
            [
                9472, 
                4.453573421660187, 
                4.834586066761602
            ], 
            [
                9999, 
                4.453571995774329, 
                4.834578867615
            ]
        ]
    }
]