[
    {
        "jobnum": 38, 
        "model": {
            "L2_reg": 0.004134628195343046, 
            "conv_width": 20, 
            "fp_depth": 2, 
            "fp_length": 900, 
            "h1_size": 64, 
            "net_type": "morgan_plus_net"
        }, 
        "num_records": 20, 
        "task": {
            "name": "delaney", 
            "test_slices": [
                [
                    0, 
                    224
                ]
            ], 
            "train_slices": [
                [
                    449, 
                    674
                ], 
                [
                    674, 
                    899
                ], 
                [
                    899, 
                    1124
                ]
            ]
        }, 
        "train": {
            "batch_size": 100, 
            "init_scale": 0.03499200026945039, 
            "num_iters": 10000, 
            "seed": 1, 
            "step_size": 0.003502216114611105
        }, 
        "varied_params": {
            "conv_width": 19.662427096166702, 
            "fp_depth": 2.4568827878038686, 
            "fp_length": 899.5172872791235, 
            "h1_size": 64.08650528769745, 
            "log_L2_reg": -5.488357871032151, 
            "log_init_scale": -3.3526358073473825, 
            "log_step_size": -5.654359335254693
        }
    }, 
    {
        "host_name": "handy", 
        "minutes_duration": 6.899316747983296, 
        "timestamp": "2021-07-09 20:33:06.410955", 
        "training_curve": [
            [
                0, 
                4.463981923497946, 
                4.866410419776409
            ], 
            [
                526, 
                0.12589475740241826, 
                1.6269360229161998
            ], 
            [
                1052, 
                0.15437272652743228, 
                1.6803319510479506
            ], 
            [
                1578, 
                0.16236468990560132, 
                1.6748339913419752
            ], 
            [
                2105, 
                0.1662710012209241, 
                1.679277163734722
            ], 
            [
                2631, 
                0.1656583021891541, 
                1.6922933121956567
            ], 
            [
                3157, 
                0.16023372583072873, 
                1.6631484299917099
            ], 
            [
                3683, 
                0.16284145988742008, 
                1.667182373722704
            ], 
            [
                4210, 
                0.16435265493663093, 
                1.6791083893914884
            ], 
            [
                4736, 
                0.17274911263087825, 
                1.6839285058836673
            ], 
            [
                5262, 
                0.1661669174541493, 
                1.6848935753166754
            ], 
            [
                5788, 
                0.16479939751966607, 
                1.6922938859040169
            ], 
            [
                6315, 
                0.1656952863258581, 
                1.7035405480279664
            ], 
            [
                6841, 
                0.1700794766270932, 
                1.7088986040272656
            ], 
            [
                7367, 
                0.17214693028361774, 
                1.6949777787710638
            ], 
            [
                7893, 
                0.1685169241119545, 
                1.705113220416973
            ], 
            [
                8420, 
                0.17047417177732738, 
                1.7011612326544423
            ], 
            [
                8946, 
                0.17134544049328485, 
                1.7028553881074973
            ], 
            [
                9472, 
                0.16856896287149986, 
                1.721338412555927
            ], 
            [
                9999, 
                0.16788248284406312, 
                1.7189136994191347
            ]
        ]
    }
]