[
    {
        "jobnum": 38, 
        "model": {
            "L2_reg": 0.004134628195343046, 
            "conv_width": 20, 
            "fp_depth": 2, 
            "fp_length": 114, 
            "h1_size": 64, 
            "net_type": "conv_plus_linear"
        }, 
        "num_records": 20, 
        "task": {
            "name": "delaney", 
            "test_slices": [
                [
                    0, 
                    224
                ]
            ], 
            "train_slices": [
                [
                    449, 
                    674
                ], 
                [
                    674, 
                    899
                ], 
                [
                    899, 
                    1124
                ]
            ]
        }, 
        "train": {
            "batch_size": 100, 
            "init_scale": 0.03499200026945039, 
            "num_iters": 10000, 
            "seed": 1, 
            "step_size": 0.003502216114611105
        }, 
        "varied_params": {
            "conv_width": 19.662427096166702, 
            "fp_depth": 2.4568827878038686, 
            "fp_length": 114.16858747545817, 
            "h1_size": 64.08650528769745, 
            "log_L2_reg": -5.488357871032151, 
            "log_init_scale": -3.3526358073473825, 
            "log_step_size": -5.654359335254693
        }
    }, 
    {
        "host_name": "schlumpfine", 
        "minutes_duration": 167.28919521570205, 
        "timestamp": "2021-07-09 21:46:53.082931", 
        "training_curve": [
            [
                0, 
                4.318155679423783, 
                4.68880057111987
            ], 
            [
                526, 
                0.29641131390377023, 
                0.5444555433988983
            ], 
            [
                1052, 
                0.2154988232328106, 
                0.6061316974911392
            ], 
            [
                1578, 
                0.17633206768066106, 
                0.6636190855734078
            ], 
            [
                2105, 
                0.16370770334977217, 
                0.6493701540348938
            ], 
            [
                2631, 
                0.1367725793014885, 
                0.6502286074818907
            ], 
            [
                3157, 
                0.13007904720760974, 
                0.6714648945423531
            ], 
            [
                3683, 
                0.1682491326359675, 
                0.6838598786328268
            ], 
            [
                4210, 
                0.11584607399684059, 
                0.6603327070060737
            ], 
            [
                4736, 
                0.11306449771748274, 
                0.6882733651933701
            ], 
            [
                5262, 
                0.11697431425487076, 
                0.7070386586040583
            ], 
            [
                5788, 
                0.12183005222928554, 
                0.7146410072497493
            ], 
            [
                6315, 
                0.12884238831243658, 
                0.6974266928118683
            ], 
            [
                6841, 
                0.10727936297105738, 
                0.7025323397187934
            ], 
            [
                7367, 
                0.1296251355176125, 
                0.7023019367938427
            ], 
            [
                7893, 
                0.11745383730741471, 
                0.7226260785270295
            ], 
            [
                8420, 
                0.10421060266361674, 
                0.6804621137414871
            ], 
            [
                8946, 
                0.1085676112251107, 
                0.7391002783519526
            ], 
            [
                9472, 
                0.10856805978593852, 
                0.7664190709546422
            ], 
            [
                9999, 
                0.12530038904076385, 
                0.7340406722724312
            ]
        ]
    }
]