[
    {
        "jobnum": 39, 
        "model": {
            "L2_reg": 4.9261146767779325, 
            "conv_width": 17, 
            "fp_depth": 4, 
            "fp_length": 651, 
            "h1_size": 98, 
            "net_type": "morgan_plus_net"
        }, 
        "num_records": 20, 
        "task": {
            "name": "delaney", 
            "test_slices": [
                [
                    0, 
                    224
                ]
            ], 
            "train_slices": [
                [
                    449, 
                    674
                ], 
                [
                    674, 
                    899
                ], 
                [
                    899, 
                    1124
                ]
            ]
        }, 
        "train": {
            "batch_size": 100, 
            "init_scale": 0.004098427700521392, 
            "num_iters": 10000, 
            "seed": 1, 
            "step_size": 0.0008475222256352551
        }, 
        "varied_params": {
            "conv_width": 16.988038810285875, 
            "fp_depth": 3.824133114119496, 
            "fp_length": 651.4915203617254, 
            "h1_size": 98.07850772707494, 
            "log_L2_reg": 1.5945505793254515, 
            "log_init_scale": -5.497151866499788, 
            "log_step_size": -7.073193494115182
        }
    }, 
    {
        "host_name": "papaschlumpf", 
        "minutes_duration": 31.951832151412965, 
        "timestamp": "2021-07-09 20:58:39.477217", 
        "training_curve": [
            [
                0, 
                4.45247763660475, 
                4.833982796762733
            ], 
            [
                526, 
                0.0713701595453504, 
                1.8337264825169595
            ], 
            [
                1052, 
                0.07173495712864993, 
                1.7617584999881835
            ], 
            [
                1578, 
                0.07807264064799488, 
                1.6801242005681734
            ], 
            [
                2105, 
                0.07928388776324255, 
                1.6105794954538624
            ], 
            [
                2631, 
                0.07864121122128143, 
                1.5772742769535328
            ], 
            [
                3157, 
                0.08664086789504745, 
                1.564091715185506
            ], 
            [
                3683, 
                0.08395923888604795, 
                1.5329614310692783
            ], 
            [
                4210, 
                0.08276375097270629, 
                1.508966253982607
            ], 
            [
                4736, 
                0.08523771466680201, 
                1.4872749918983814
            ], 
            [
                5262, 
                0.0912391827061132, 
                1.5300634673669198
            ], 
            [
                5788, 
                0.0819860106213311, 
                1.4826908181567013
            ], 
            [
                6315, 
                0.08356936505091203, 
                1.458995863927098
            ], 
            [
                6841, 
                0.08599028528789275, 
                1.444319258316179
            ], 
            [
                7367, 
                0.08152142973660309, 
                1.441700733166531
            ], 
            [
                7893, 
                0.08418724948504087, 
                1.4374588825069183
            ], 
            [
                8420, 
                0.07191018765981116, 
                1.461451426896939
            ], 
            [
                8946, 
                0.0738265753314773, 
                1.4529518704215465
            ], 
            [
                9472, 
                0.0667988486017537, 
                1.4697015660315802
            ], 
            [
                9999, 
                0.06783826777321823, 
                1.4636021068148868
            ]
        ]
    }
]