[
    {
        "jobnum": 39, 
        "model": {
            "L2_reg": 4.9261146767779325, 
            "conv_width": 17, 
            "fp_depth": 4, 
            "fp_length": 651, 
            "h1_size": 98, 
            "net_type": "morgan_plus_linear"
        }, 
        "num_records": 20, 
        "task": {
            "name": "delaney", 
            "test_slices": [
                [
                    0, 
                    224
                ]
            ], 
            "train_slices": [
                [
                    449, 
                    674
                ], 
                [
                    674, 
                    899
                ], 
                [
                    899, 
                    1124
                ]
            ]
        }, 
        "train": {
            "batch_size": 100, 
            "init_scale": 0.004098427700521392, 
            "num_iters": 10000, 
            "seed": 1, 
            "step_size": 0.0008475222256352551
        }, 
        "varied_params": {
            "conv_width": 16.988038810285875, 
            "fp_depth": 3.824133114119496, 
            "fp_length": 651.4915203617254, 
            "h1_size": 98.07850772707494, 
            "log_L2_reg": 1.5945505793254515, 
            "log_init_scale": -5.497151866499788, 
            "log_step_size": -7.073193494115182
        }
    }, 
    {
        "host_name": "handy", 
        "minutes_duration": 0.7445299029350281, 
        "timestamp": "2021-07-09 15:58:23.891887", 
        "training_curve": [
            [
                0, 
                4.472947565413245, 
                4.858922339768422
            ], 
            [
                526, 
                0.8230948022047287, 
                1.9764162747950411
            ], 
            [
                1052, 
                0.5604762668113458, 
                1.8444276228576133
            ], 
            [
                1578, 
                0.4814724595722242, 
                1.7880424345206039
            ], 
            [
                2105, 
                0.450965042510073, 
                1.7571767510350043
            ], 
            [
                2631, 
                0.4376826759903162, 
                1.7431520936961138
            ], 
            [
                3157, 
                0.43137622165060824, 
                1.738340964938089
            ], 
            [
                3683, 
                0.4281260043111538, 
                1.7375323581205397
            ], 
            [
                4210, 
                0.4263527637643764, 
                1.737968832703029
            ], 
            [
                4736, 
                0.4253006025048034, 
                1.7388923846481803
            ], 
            [
                5262, 
                0.42462793886205247, 
                1.738371711246917
            ], 
            [
                5788, 
                0.4241778216456499, 
                1.7382527287337315
            ], 
            [
                6315, 
                0.42397006524585945, 
                1.7385958833565607
            ], 
            [
                6841, 
                0.4238069567427908, 
                1.7391050608641092
            ], 
            [
                7367, 
                0.4237079669036626, 
                1.7389082368645865
            ], 
            [
                7893, 
                0.4236205272778128, 
                1.7394620718943437
            ], 
            [
                8420, 
                0.42347857326845384, 
                1.7383008616961926
            ], 
            [
                8946, 
                0.4234686431053834, 
                1.7382543720696735
            ], 
            [
                9472, 
                0.42346199578507937, 
                1.7385050434333558
            ], 
            [
                9999, 
                0.42347294111904293, 
                1.7387742169879414
            ]
        ]
    }
]