[
    {
        "jobnum": 3, 
        "model": {
            "L2_reg": 1.2766422771624293, 
            "conv_width": 15, 
            "fp_depth": 1, 
            "fp_length": 161, 
            "h1_size": 90, 
            "net_type": "morgan_plus_net"
        }, 
        "num_records": 20, 
        "task": {
            "name": "delaney", 
            "test_slices": [
                [
                    0, 
                    224
                ]
            ], 
            "train_slices": [
                [
                    449, 
                    674
                ], 
                [
                    674, 
                    899
                ], 
                [
                    899, 
                    1124
                ]
            ]
        }, 
        "train": {
            "batch_size": 100, 
            "init_scale": 0.0030928086020533207, 
            "num_iters": 10000, 
            "seed": 1, 
            "step_size": 0.0021247894773660262
        }, 
        "varied_params": {
            "conv_width": 14.598815319912857, 
            "fp_depth": 1.3548232776067997, 
            "fp_length": 160.50011370831876, 
            "h1_size": 89.95792821083617, 
            "log_L2_reg": 0.2442334102916437, 
            "log_init_scale": -5.778675668198336, 
            "log_step_size": -6.154082550988273
        }
    }, 
    {
        "host_name": "papaschlumpf", 
        "minutes_duration": 12.33444828192393, 
        "timestamp": "2021-07-09 20:05:21.609001", 
        "training_curve": [
            [
                0, 
                4.453658661689059, 
                4.834286224564762
            ], 
            [
                526, 
                0.2829845899192441, 
                2.0412490421175287
            ], 
            [
                1052, 
                0.2978243291670041, 
                2.227441698449319
            ], 
            [
                1578, 
                0.34118482715972376, 
                2.276280593826876
            ], 
            [
                2105, 
                0.34180029281337404, 
                2.3169871711299175
            ], 
            [
                2631, 
                0.3480978324101295, 
                2.33601789390003
            ], 
            [
                3157, 
                0.34101147021342304, 
                2.347203568406534
            ], 
            [
                3683, 
                0.34748997212396066, 
                2.3542311140594907
            ], 
            [
                4210, 
                0.3822817367428848, 
                2.3999517862856927
            ], 
            [
                4736, 
                0.4160854987686419, 
                2.4216373940806464
            ], 
            [
                5262, 
                0.35556155885696566, 
                2.330283989235429
            ], 
            [
                5788, 
                0.35645596084656794, 
                2.3754385098576174
            ], 
            [
                6315, 
                0.35901465501434343, 
                2.3464484681975883
            ], 
            [
                6841, 
                0.3638057417707857, 
                2.4051749071916495
            ], 
            [
                7367, 
                0.37339339994805504, 
                2.3495821031657136
            ], 
            [
                7893, 
                0.42980489890105844, 
                2.366290574581597
            ], 
            [
                8420, 
                0.3932305742859747, 
                2.348456707620201
            ], 
            [
                8946, 
                0.3593664521070038, 
                2.3228524261074743
            ], 
            [
                9472, 
                0.36078259508428023, 
                2.364565178818341
            ], 
            [
                9999, 
                0.4151304545935791, 
                2.4272717719365935
            ]
        ]
    }
]