[
    {
        "jobnum": 3, 
        "model": {
            "L2_reg": 1.2766422771624293, 
            "conv_width": 15, 
            "fp_depth": 1, 
            "fp_length": 32, 
            "h1_size": 90, 
            "net_type": "conv_plus_linear"
        }, 
        "num_records": 20, 
        "task": {
            "name": "delaney", 
            "test_slices": [
                [
                    0, 
                    224
                ]
            ], 
            "train_slices": [
                [
                    449, 
                    674
                ], 
                [
                    674, 
                    899
                ], 
                [
                    899, 
                    1124
                ]
            ]
        }, 
        "train": {
            "batch_size": 100, 
            "init_scale": 0.0030928086020533207, 
            "num_iters": 10000, 
            "seed": 1, 
            "step_size": 0.0021247894773660262
        }, 
        "varied_params": {
            "conv_width": 14.598815319912857, 
            "fp_depth": 1.3548232776067997, 
            "fp_length": 32.0555681898132, 
            "h1_size": 89.95792821083617, 
            "log_L2_reg": 0.2442334102916437, 
            "log_init_scale": -5.778675668198336, 
            "log_step_size": -6.154082550988273
        }
    }, 
    {
        "host_name": "schlumpfine", 
        "minutes_duration": 87.5453338821729, 
        "timestamp": "2021-07-09 17:58:54.025841", 
        "training_curve": [
            [
                0, 
                4.438369789728746, 
                4.817871436124672
            ], 
            [
                526, 
                0.6331354152135265, 
                0.8445756964825328
            ], 
            [
                1052, 
                0.48360427165904185, 
                0.6903880279191247
            ], 
            [
                1578, 
                0.43732721302105104, 
                0.6830272433719199
            ], 
            [
                2105, 
                0.4097732007806685, 
                0.6912472181679353
            ], 
            [
                2631, 
                0.39185010551981053, 
                0.703463193779779
            ], 
            [
                3157, 
                0.37869170681701747, 
                0.7137402087651493
            ], 
            [
                3683, 
                0.36380183739761157, 
                0.7261136372472542
            ], 
            [
                4210, 
                0.35463237725582925, 
                0.7344688680740984
            ], 
            [
                4736, 
                0.36146127284162216, 
                0.781300558868686
            ], 
            [
                5262, 
                0.32806073271208214, 
                0.7564247618324218
            ], 
            [
                5788, 
                0.316978431577123, 
                0.7521632841559899
            ], 
            [
                6315, 
                0.3513621683158468, 
                0.8156528462901455
            ], 
            [
                6841, 
                0.2983390695553547, 
                0.7638451108736264
            ], 
            [
                7367, 
                0.3035419148192945, 
                0.7632300613495419
            ], 
            [
                7893, 
                0.28669453662819316, 
                0.7620682797809971
            ], 
            [
                8420, 
                0.30324617234885587, 
                0.7620933970445776
            ], 
            [
                8946, 
                0.2826263843245058, 
                0.7553146327835691
            ], 
            [
                9472, 
                0.28253097147752965, 
                0.7948880038289217
            ], 
            [
                9999, 
                0.2748797482583768, 
                0.7960777411945872
            ]
        ]
    }
]