[
    {
        "jobnum": 40, 
        "model": {
            "L2_reg": 0.347501441890816, 
            "conv_width": 10, 
            "fp_depth": 1, 
            "fp_length": 165, 
            "h1_size": 65, 
            "net_type": "mean"
        }, 
        "num_records": 20, 
        "task": {
            "name": "delaney", 
            "test_slices": [
                [
                    0, 
                    224
                ]
            ], 
            "train_slices": [
                [
                    449, 
                    674
                ], 
                [
                    674, 
                    899
                ], 
                [
                    899, 
                    1124
                ]
            ]
        }, 
        "train": {
            "batch_size": 100, 
            "init_scale": 0.002665622782230825, 
            "num_iters": 10000, 
            "seed": 1, 
            "step_size": 0.010009448533327012
        }, 
        "varied_params": {
            "conv_width": 10.208502768983294, 
            "fp_depth": 1.0397105732766985, 
            "fp_length": 165.32598783575034, 
            "h1_size": 64.65101422538984, 
            "log_L2_reg": -1.0569864646598095, 
            "log_init_scale": -5.927317559273012, 
            "log_step_size": -4.604225778748328
        }
    }, 
    {
        "host_name": "clumsy", 
        "minutes_duration": 0.09795765082041423, 
        "timestamp": "2021-07-09 20:40:23.306229", 
        "training_curve": [
            [
                0, 
                4.453587952710521, 
                4.834656331159577
            ], 
            [
                526, 
                4.453586249548612, 
                4.834648361251474
            ], 
            [
                1052, 
                4.453584831317604, 
                4.834641674707642
            ], 
            [
                1578, 
                4.453582138230067, 
                4.834628848038763
            ], 
            [
                2105, 
                4.453563020662888, 
                4.834532060762308
            ], 
            [
                2631, 
                4.453532307000127, 
                4.834342436157186
            ], 
            [
                3157, 
                4.45353966320288, 
                4.834393689938835
            ], 
            [
                3683, 
                4.453586300773186, 
                4.834648601902212
            ], 
            [
                4210, 
                4.453582144907178, 
                4.834628880055945
            ], 
            [
                4736, 
                4.4535974235953715, 
                4.834699540273363
            ], 
            [
                5262, 
                4.453563021725459, 
                4.834532066469284
            ], 
            [
                5788, 
                4.453532307484337, 
                4.834342439710507
            ], 
            [
                6315, 
                4.453586301637234, 
                4.834648605960958
            ], 
            [
                6841, 
                4.453584848324123, 
                4.834641755162514
            ], 
            [
                7367, 
                4.453582145298978, 
                4.83462888193462
            ], 
            [
                7893, 
                4.4535974238215035, 
                4.834699541283982
            ], 
            [
                8420, 
                4.453532307503391, 
                4.834342439850336
            ], 
            [
                8946, 
                4.453539663541518, 
                4.834393692186516
            ], 
            [
                9472, 
                4.453586301699467, 
                4.834648606253288
            ], 
            [
                9999, 
                4.4535821453148134, 
                4.834628882010549
            ]
        ]
    }
]