[
    {
        "jobnum": 40, 
        "model": {
            "L2_reg": 0.347501441890816, 
            "conv_width": 10, 
            "fp_depth": 1, 
            "fp_length": 165, 
            "h1_size": 65, 
            "net_type": "morgan_plus_net"
        }, 
        "num_records": 20, 
        "task": {
            "name": "delaney", 
            "test_slices": [
                [
                    0, 
                    224
                ]
            ], 
            "train_slices": [
                [
                    449, 
                    674
                ], 
                [
                    674, 
                    899
                ], 
                [
                    899, 
                    1124
                ]
            ]
        }, 
        "train": {
            "batch_size": 100, 
            "init_scale": 0.002665622782230825, 
            "num_iters": 10000, 
            "seed": 1, 
            "step_size": 0.010009448533327012
        }, 
        "varied_params": {
            "conv_width": 10.208502768983294, 
            "fp_depth": 1.0397105732766985, 
            "fp_length": 165.32598783575034, 
            "h1_size": 64.65101422538984, 
            "log_L2_reg": -1.0569864646598095, 
            "log_init_scale": -5.927317559273012, 
            "log_step_size": -4.604225778748328
        }
    }, 
    {
        "host_name": "schlaubi", 
        "minutes_duration": 6.988692450523376, 
        "timestamp": "2021-07-09 20:35:12.272516", 
        "training_curve": [
            [
                0, 
                4.453670117229241, 
                4.834291554303052
            ], 
            [
                526, 
                0.2932830684667827, 
                2.585106322340716
            ], 
            [
                1052, 
                0.4150505385369474, 
                2.727411380771165
            ], 
            [
                1578, 
                0.338204885612857, 
                2.620782445090773
            ], 
            [
                2105, 
                0.35459176300111334, 
                2.821432447702758
            ], 
            [
                2631, 
                0.42202279911891005, 
                2.870432484667993
            ], 
            [
                3157, 
                0.39895581530954344, 
                2.9190273450370774
            ], 
            [
                3683, 
                0.3875449298959563, 
                2.9931386946356917
            ], 
            [
                4210, 
                0.38946778142034383, 
                2.845325714956772
            ], 
            [
                4736, 
                0.42420758951827003, 
                3.018676125567223
            ], 
            [
                5262, 
                0.3964117365291555, 
                2.9334890731465686
            ], 
            [
                5788, 
                0.3797645765771478, 
                3.0486227688682783
            ], 
            [
                6315, 
                0.37459745432730945, 
                3.110563228127624
            ], 
            [
                6841, 
                0.3912021241073898, 
                3.0164952048832503
            ], 
            [
                7367, 
                0.40410012425931696, 
                3.1455739573629407
            ], 
            [
                7893, 
                0.45331619916499244, 
                3.0956856202762224
            ], 
            [
                8420, 
                0.39202678258365, 
                3.167480545314292
            ], 
            [
                8946, 
                0.4070506372851274, 
                3.0995730589843764
            ], 
            [
                9472, 
                0.41659385745635247, 
                3.181817831725737
            ], 
            [
                9999, 
                0.36533798881027807, 
                3.1076897537446477
            ]
        ]
    }
]