[
    {
        "jobnum": 40, 
        "model": {
            "L2_reg": 0.347501441890816, 
            "conv_width": 10, 
            "fp_depth": 1, 
            "fp_length": 165, 
            "h1_size": 65, 
            "net_type": "morgan_plus_linear"
        }, 
        "num_records": 20, 
        "task": {
            "name": "delaney", 
            "test_slices": [
                [
                    0, 
                    224
                ]
            ], 
            "train_slices": [
                [
                    449, 
                    674
                ], 
                [
                    674, 
                    899
                ], 
                [
                    899, 
                    1124
                ]
            ]
        }, 
        "train": {
            "batch_size": 100, 
            "init_scale": 0.002665622782230825, 
            "num_iters": 10000, 
            "seed": 1, 
            "step_size": 0.010009448533327012
        }, 
        "varied_params": {
            "conv_width": 10.208502768983294, 
            "fp_depth": 1.0397105732766985, 
            "fp_length": 165.32598783575034, 
            "h1_size": 64.65101422538984, 
            "log_L2_reg": -1.0569864646598095, 
            "log_init_scale": -5.927317559273012, 
            "log_step_size": -4.604225778748328
        }
    }, 
    {
        "host_name": "schlumpfine", 
        "minutes_duration": 0.6089168190956116, 
        "timestamp": "2021-07-09 15:58:15.766370", 
        "training_curve": [
            [
                0, 
                4.445767326770603, 
                4.821998171915225
            ], 
            [
                526, 
                1.663913858449678, 
                2.414053813733929
            ], 
            [
                1052, 
                1.661673874102318, 
                2.4243896417320534
            ], 
            [
                1578, 
                1.6605361033497787, 
                2.4250631092601496
            ], 
            [
                2105, 
                1.6609201613680953, 
                2.4349255418766877
            ], 
            [
                2631, 
                1.660231184127726, 
                2.433194323875803
            ], 
            [
                3157, 
                1.660241149977614, 
                2.4295636370877767
            ], 
            [
                3683, 
                1.6607444911768072, 
                2.4273163123137493
            ], 
            [
                4210, 
                1.6605169121315753, 
                2.4251204468205727
            ], 
            [
                4736, 
                1.6605091277351447, 
                2.430199701741878
            ], 
            [
                5262, 
                1.6609177549219971, 
                2.434981279204714
            ], 
            [
                5788, 
                1.6602276548516723, 
                2.43322015976553
            ], 
            [
                6315, 
                1.660743277762639, 
                2.427322219828411
            ], 
            [
                6841, 
                1.6615200131878205, 
                2.425040926562789
            ], 
            [
                7367, 
                1.6605164187424986, 
                2.425121547094225
            ], 
            [
                7893, 
                1.6605089983370218, 
                2.4301514409923364
            ], 
            [
                8420, 
                1.660227516201978, 
                2.433219789083797
            ], 
            [
                8946, 
                1.6602390609916289, 
                2.4295812230039977
            ], 
            [
                9472, 
                1.6607431857701835, 
                2.427322553318398
            ], 
            [
                9999, 
                1.660516398177264, 
                2.425121575753008
            ]
        ]
    }
]