[
    {
        "jobnum": 41, 
        "model": {
            "L2_reg": 0.4130362701006451, 
            "conv_width": 7, 
            "fp_depth": 2, 
            "fp_length": 108, 
            "h1_size": 74, 
            "net_type": "conv_plus_linear"
        }, 
        "num_records": 20, 
        "task": {
            "name": "delaney", 
            "test_slices": [
                [
                    0, 
                    224
                ]
            ], 
            "train_slices": [
                [
                    449, 
                    674
                ], 
                [
                    674, 
                    899
                ], 
                [
                    899, 
                    1124
                ]
            ]
        }, 
        "train": {
            "batch_size": 100, 
            "init_scale": 0.06333028377240815, 
            "num_iters": 10000, 
            "seed": 1, 
            "step_size": 0.0024530220174919805
        }, 
        "varied_params": {
            "conv_width": 7.053504075283984, 
            "fp_depth": 2.1057538183888527, 
            "fp_length": 108.0771861177555, 
            "h1_size": 73.9185153519994, 
            "log_L2_reg": -0.8842198688102112, 
            "log_init_scale": -2.759391647611032, 
            "log_step_size": -6.010434538005349
        }
    }, 
    {
        "host_name": "papaschlumpf", 
        "minutes_duration": 251.05829140345256, 
        "timestamp": "2021-07-09 23:22:43.267972", 
        "training_curve": [
            [
                0, 
                6.497569361203559, 
                6.9209713959695955
            ], 
            [
                526, 
                0.5818842706643654, 
                0.7902026576715445
            ], 
            [
                1052, 
                0.3954422005206583, 
                0.610496114553784
            ], 
            [
                1578, 
                0.32403194200145297, 
                0.5868554962657989
            ], 
            [
                2105, 
                0.28137501219287925, 
                0.5812744800969646
            ], 
            [
                2631, 
                0.2584548315351226, 
                0.5930380980649037
            ], 
            [
                3157, 
                0.22944208404796465, 
                0.6065442864982076
            ], 
            [
                3683, 
                0.22306124931978052, 
                0.6223412402683897
            ], 
            [
                4210, 
                0.20022104639258656, 
                0.6504822454723646
            ], 
            [
                4736, 
                0.19885805249762215, 
                0.7045193919913101
            ], 
            [
                5262, 
                0.1861326971337675, 
                0.6944861995011179
            ], 
            [
                5788, 
                0.18334784657760494, 
                0.7201133453574773
            ], 
            [
                6315, 
                0.19140247170036573, 
                0.7251439923740113
            ], 
            [
                6841, 
                0.17762667828730885, 
                0.7313561416982726
            ], 
            [
                7367, 
                0.19777975346223364, 
                0.7518337008756976
            ], 
            [
                7893, 
                0.1738098496430492, 
                0.7217152325084566
            ], 
            [
                8420, 
                0.16564820243413356, 
                0.7225367083801463
            ], 
            [
                8946, 
                0.16032103463466613, 
                0.7207537177218234
            ], 
            [
                9472, 
                0.15901486057382774, 
                0.7402080533813391
            ], 
            [
                9999, 
                0.15782052838666993, 
                0.745552273593665
            ]
        ]
    }
]