[
    {
        "jobnum": 41, 
        "model": {
            "L2_reg": 0.4130362701006451, 
            "conv_width": 7, 
            "fp_depth": 2, 
            "fp_length": 845, 
            "h1_size": 74, 
            "net_type": "morgan_plus_net"
        }, 
        "num_records": 20, 
        "task": {
            "name": "delaney", 
            "test_slices": [
                [
                    0, 
                    224
                ]
            ], 
            "train_slices": [
                [
                    449, 
                    674
                ], 
                [
                    674, 
                    899
                ], 
                [
                    899, 
                    1124
                ]
            ]
        }, 
        "train": {
            "batch_size": 100, 
            "init_scale": 0.06333028377240815, 
            "num_iters": 10000, 
            "seed": 1, 
            "step_size": 0.0024530220174919805
        }, 
        "varied_params": {
            "conv_width": 7.053504075283984, 
            "fp_depth": 2.1057538183888527, 
            "fp_length": 844.6946750597995, 
            "h1_size": 73.9185153519994, 
            "log_L2_reg": -0.8842198688102112, 
            "log_init_scale": -2.759391647611032, 
            "log_step_size": -6.010434538005349
        }
    }, 
    {
        "host_name": "schlaubi", 
        "minutes_duration": 21.846695482730865, 
        "timestamp": "2021-07-09 20:50:33.911346", 
        "training_curve": [
            [
                0, 
                4.525560408608246, 
                4.889196146573377
            ], 
            [
                526, 
                0.11932413662774453, 
                1.6503939095789395
            ], 
            [
                1052, 
                0.17407511130129466, 
                1.803689155829881
            ], 
            [
                1578, 
                0.20392478575175801, 
                1.9111809082102416
            ], 
            [
                2105, 
                0.17770244701312318, 
                1.8696578328464375
            ], 
            [
                2631, 
                0.16830196414812956, 
                1.8333788674466018
            ], 
            [
                3157, 
                0.1588919929267955, 
                1.805861878352922
            ], 
            [
                3683, 
                0.15598654675953766, 
                1.787966562655974
            ], 
            [
                4210, 
                0.15811491036076472, 
                1.7522199578743043
            ], 
            [
                4736, 
                0.15125438263411706, 
                1.7595179300800392
            ], 
            [
                5262, 
                0.14835054790481642, 
                1.7932488431535216
            ], 
            [
                5788, 
                0.151748075889, 
                1.80393090690834
            ], 
            [
                6315, 
                0.1481560164657103, 
                1.786032011331766
            ], 
            [
                6841, 
                0.14487795571705125, 
                1.774949405118795
            ], 
            [
                7367, 
                0.1472148231328841, 
                1.782311180251069
            ], 
            [
                7893, 
                0.14242004955981133, 
                1.7707353648428883
            ], 
            [
                8420, 
                0.14624176261525776, 
                1.7823384646022404
            ], 
            [
                8946, 
                0.1413662271986401, 
                1.7717424450797055
            ], 
            [
                9472, 
                0.14676749671599637, 
                1.7804791107478668
            ], 
            [
                9999, 
                0.16039910978331082, 
                1.7480383256359993
            ]
        ]
    }
]