[
    {
        "jobnum": 41, 
        "model": {
            "L2_reg": 0.4130362701006451, 
            "conv_width": 7, 
            "fp_depth": 2, 
            "fp_length": 108, 
            "h1_size": 74, 
            "net_type": "conv_plus_net"
        }, 
        "num_records": 20, 
        "task": {
            "name": "delaney", 
            "test_slices": [
                [
                    0, 
                    224
                ]
            ], 
            "train_slices": [
                [
                    449, 
                    674
                ], 
                [
                    674, 
                    899
                ], 
                [
                    899, 
                    1124
                ]
            ]
        }, 
        "train": {
            "batch_size": 100, 
            "init_scale": 0.06333028377240815, 
            "num_iters": 10000, 
            "seed": 1, 
            "step_size": 0.0024530220174919805
        }, 
        "varied_params": {
            "conv_width": 7.053504075283984, 
            "fp_depth": 2.1057538183888527, 
            "fp_length": 108.0771861177555, 
            "h1_size": 73.9185153519994, 
            "log_L2_reg": -0.8842198688102112, 
            "log_init_scale": -2.759391647611032, 
            "log_step_size": -6.010434538005349
        }
    }, 
    {
        "host_name": "papaschlumpf", 
        "minutes_duration": 244.21709474722545, 
        "timestamp": "2021-07-09 19:12:32.453529", 
        "training_curve": [
            [
                0, 
                4.521695382606338, 
                4.910955512123658
            ], 
            [
                526, 
                0.3190434043285783, 
                0.5244066871913419
            ], 
            [
                1052, 
                0.22563391073405484, 
                0.47399667115354444
            ], 
            [
                1578, 
                0.18741218182010969, 
                0.4557670898615497
            ], 
            [
                2105, 
                0.18458318251102424, 
                0.44531835550862386
            ], 
            [
                2631, 
                0.16603098641065656, 
                0.47952128512203124
            ], 
            [
                3157, 
                0.15318491017414335, 
                0.4814504262224615
            ], 
            [
                3683, 
                0.1539412404622729, 
                0.510677594777927
            ], 
            [
                4210, 
                0.13767915173653256, 
                0.509769169972284
            ], 
            [
                4736, 
                0.13144485717205598, 
                0.4591196922386169
            ], 
            [
                5262, 
                0.1379199915304273, 
                0.47916226067054984
            ], 
            [
                5788, 
                0.14514950160177495, 
                0.4835880004098524
            ], 
            [
                6315, 
                0.114326654694766, 
                0.5172145214907768
            ], 
            [
                6841, 
                0.11827663522671965, 
                0.5281925823882325
            ], 
            [
                7367, 
                0.13789558217088388, 
                0.5962728207475058
            ], 
            [
                7893, 
                0.14585483489293363, 
                0.5951942892411831
            ], 
            [
                8420, 
                0.11592433511197542, 
                0.5449377214292025
            ], 
            [
                8946, 
                0.1080173361574412, 
                0.5211661712236314
            ], 
            [
                9472, 
                0.10519294144237203, 
                0.5647444344519466
            ], 
            [
                9999, 
                0.10037204708172508, 
                0.5099211711920221
            ]
        ]
    }
]