[
    {
        "jobnum": 41, 
        "model": {
            "L2_reg": 0.4130362701006451, 
            "conv_width": 7, 
            "fp_depth": 2, 
            "fp_length": 845, 
            "h1_size": 74, 
            "net_type": "morgan_plus_linear"
        }, 
        "num_records": 20, 
        "task": {
            "name": "delaney", 
            "test_slices": [
                [
                    0, 
                    224
                ]
            ], 
            "train_slices": [
                [
                    449, 
                    674
                ], 
                [
                    674, 
                    899
                ], 
                [
                    899, 
                    1124
                ]
            ]
        }, 
        "train": {
            "batch_size": 100, 
            "init_scale": 0.06333028377240815, 
            "num_iters": 10000, 
            "seed": 1, 
            "step_size": 0.0024530220174919805
        }, 
        "varied_params": {
            "conv_width": 7.053504075283984, 
            "fp_depth": 2.1057538183888527, 
            "fp_length": 844.6946750597995, 
            "h1_size": 73.9185153519994, 
            "log_L2_reg": -0.8842198688102112, 
            "log_init_scale": -2.759391647611032, 
            "log_step_size": -6.010434538005349
        }
    }, 
    {
        "host_name": "handy", 
        "minutes_duration": 0.8376893321673076, 
        "timestamp": "2021-07-09 15:59:29.781474", 
        "training_curve": [
            [
                0, 
                4.744757980976322, 
                5.337285453480582
            ], 
            [
                526, 
                0.4188454990971634, 
                2.1422914833504327
            ], 
            [
                1052, 
                0.25777501247852735, 
                2.7512121124706708
            ], 
            [
                1578, 
                0.20293183984516766, 
                3.2059933988740603
            ], 
            [
                2105, 
                0.17746234800975696, 
                3.47394958994959
            ], 
            [
                2631, 
                0.16429107658982103, 
                3.606528200421373
            ], 
            [
                3157, 
                0.157151521522883, 
                3.6651292631693217
            ], 
            [
                3683, 
                0.15307111634212628, 
                3.6869745522506574
            ], 
            [
                4210, 
                0.15068160451364526, 
                3.69237951394415
            ], 
            [
                4736, 
                0.14922686150079917, 
                3.694987330175736
            ], 
            [
                5262, 
                0.14828459836024535, 
                3.6964843936490817
            ], 
            [
                5788, 
                0.14760977861149696, 
                3.6994744567777533
            ], 
            [
                6315, 
                0.14727649383049757, 
                3.700022141394374
            ], 
            [
                6841, 
                0.14698059144122758, 
                3.69757461405444
            ], 
            [
                7367, 
                0.1468096693349242, 
                3.6954686573116566
            ], 
            [
                7893, 
                0.14666941553475332, 
                3.694668247462694
            ], 
            [
                8420, 
                0.14645721009057633, 
                3.6981689560246642
            ], 
            [
                8946, 
                0.14644370176032234, 
                3.700221405153882
            ], 
            [
                9472, 
                0.14638660626472128, 
                3.6985546596561747
            ], 
            [
                9999, 
                0.14635435507074782, 
                3.694355938444601
            ]
        ]
    }
]