[
    {
        "jobnum": 41, 
        "model": {
            "L2_reg": 0.4130362701006451, 
            "conv_width": 7, 
            "fp_depth": 2, 
            "fp_length": 845, 
            "h1_size": 74, 
            "net_type": "mean"
        }, 
        "num_records": 20, 
        "task": {
            "name": "delaney", 
            "test_slices": [
                [
                    0, 
                    224
                ]
            ], 
            "train_slices": [
                [
                    449, 
                    674
                ], 
                [
                    674, 
                    899
                ], 
                [
                    899, 
                    1124
                ]
            ]
        }, 
        "train": {
            "batch_size": 100, 
            "init_scale": 0.06333028377240815, 
            "num_iters": 10000, 
            "seed": 1, 
            "step_size": 0.0024530220174919805
        }, 
        "varied_params": {
            "conv_width": 7.053504075283984, 
            "fp_depth": 2.1057538183888527, 
            "fp_length": 844.6946750597995, 
            "h1_size": 73.9185153519994, 
            "log_L2_reg": -0.8842198688102112, 
            "log_init_scale": -2.759391647611032, 
            "log_step_size": -6.010434538005349
        }
    }, 
    {
        "host_name": "schlaubi", 
        "minutes_duration": 0.09277161757151285, 
        "timestamp": "2021-07-09 20:40:24.793781", 
        "training_curve": [
            [
                0, 
                4.50063272943636, 
                4.895612717642913
            ], 
            [
                526, 
                4.453571309287715, 
                4.83457537988624
            ], 
            [
                1052, 
                4.453571020295265, 
                4.834573907345828
            ], 
            [
                1578, 
                4.4535704317478535, 
                4.834570900473379
            ], 
            [
                2105, 
                4.453566003433837, 
                4.83454791910701
            ], 
            [
                2631, 
                4.453557235491011, 
                4.834500331612069
            ], 
            [
                3157, 
                4.453559574183217, 
                4.834513321544025
            ], 
            [
                3683, 
                4.453571444620145, 
                4.834576068583431
            ], 
            [
                4210, 
                4.45357045122824, 
                4.834571000170329
            ], 
            [
                4736, 
                4.453573840412419, 
                4.834588169634814
            ], 
            [
                5262, 
                4.453566003413085, 
                4.834547918997781
            ], 
            [
                5788, 
                4.453557224973789, 
                4.8345002726683655
            ], 
            [
                6315, 
                4.453571446974121, 
                4.834576080557702
            ], 
            [
                6841, 
                4.453571068706629, 
                4.834574154201374
            ], 
            [
                7367, 
                4.453570452376889, 
                4.83457100604853
            ], 
            [
                7893, 
                4.453573841581887, 
                4.834588175500471
            ], 
            [
                8420, 
                4.453557224573685, 
                4.83450027042589
            ], 
            [
                8946, 
                4.453559569552668, 
                4.834513296050007
            ], 
            [
                9472, 
                4.45357144714361, 
                4.834576081419856
            ], 
            [
                9999, 
                4.453570452423296, 
                4.834571006286021
            ]
        ]
    }
]