[
    {
        "jobnum": 42, 
        "model": {
            "L2_reg": 0.005422251607555463, 
            "conv_width": 20, 
            "fp_depth": 4, 
            "fp_length": 985, 
            "h1_size": 76, 
            "net_type": "morgan_plus_net"
        }, 
        "num_records": 20, 
        "task": {
            "name": "delaney", 
            "test_slices": [
                [
                    0, 
                    224
                ]
            ], 
            "train_slices": [
                [
                    449, 
                    674
                ], 
                [
                    674, 
                    899
                ], 
                [
                    899, 
                    1124
                ]
            ]
        }, 
        "train": {
            "batch_size": 100, 
            "init_scale": 0.003602158618800242, 
            "num_iters": 10000, 
            "seed": 1, 
            "step_size": 0.0008228539084001822
        }, 
        "varied_params": {
            "conv_width": 19.593792335346954, 
            "fp_depth": 3.58657455226505, 
            "fp_length": 984.5213353275042, 
            "h1_size": 75.5659491273228, 
            "log_L2_reg": -5.217244124047728, 
            "log_init_scale": -5.626221996884716, 
            "log_step_size": -7.102731884101043
        }
    }, 
    {
        "host_name": "schlumpfine", 
        "minutes_duration": 25.81677269935608, 
        "timestamp": "2021-07-09 20:56:02.719248", 
        "training_curve": [
            [
                0, 
                4.4532239655780375, 
                4.834782742656109
            ], 
            [
                526, 
                0.06279824046306295, 
                1.4967640013570522
            ], 
            [
                1052, 
                0.06421569565172974, 
                1.559670055150257
            ], 
            [
                1578, 
                0.07749978704522338, 
                1.6298827165666303
            ], 
            [
                2105, 
                0.0899748341413325, 
                1.6422832457756311
            ], 
            [
                2631, 
                0.09087151379067294, 
                1.6570416871643785
            ], 
            [
                3157, 
                0.0895899113374268, 
                1.648268423268934
            ], 
            [
                3683, 
                0.0887811932946363, 
                1.630155772167413
            ], 
            [
                4210, 
                0.08903996048559949, 
                1.6193552555648343
            ], 
            [
                4736, 
                0.08827304181468543, 
                1.6056814918331548
            ], 
            [
                5262, 
                0.08770413825023435, 
                1.6040612662324114
            ], 
            [
                5788, 
                0.08611295369455937, 
                1.588096922811038
            ], 
            [
                6315, 
                0.08512540858930166, 
                1.5839649338160666
            ], 
            [
                6841, 
                0.08485807182303863, 
                1.577973713033887
            ], 
            [
                7367, 
                0.08428763543709442, 
                1.5731465168594954
            ], 
            [
                7893, 
                0.08249794576514335, 
                1.5674550717231337
            ], 
            [
                8420, 
                0.08097787632677347, 
                1.5556515764032832
            ], 
            [
                8946, 
                0.08167013518125754, 
                1.5506520608880712
            ], 
            [
                9472, 
                0.07987081524966577, 
                1.5472888284204787
            ], 
            [
                9999, 
                0.07907623786248522, 
                1.5408400193040257
            ]
        ]
    }
]