[
    {
        "jobnum": 42, 
        "model": {
            "L2_reg": 0.005422251607555463, 
            "conv_width": 20, 
            "fp_depth": 4, 
            "fp_length": 985, 
            "h1_size": 76, 
            "net_type": "mean"
        }, 
        "num_records": 20, 
        "task": {
            "name": "delaney", 
            "test_slices": [
                [
                    0, 
                    224
                ]
            ], 
            "train_slices": [
                [
                    449, 
                    674
                ], 
                [
                    674, 
                    899
                ], 
                [
                    899, 
                    1124
                ]
            ]
        }, 
        "train": {
            "batch_size": 100, 
            "init_scale": 0.003602158618800242, 
            "num_iters": 10000, 
            "seed": 1, 
            "step_size": 0.0008228539084001822
        }, 
        "varied_params": {
            "conv_width": 19.593792335346954, 
            "fp_depth": 3.58657455226505, 
            "fp_length": 984.5213353275042, 
            "h1_size": 75.5659491273228, 
            "log_L2_reg": -5.217244124047728, 
            "log_init_scale": -5.626221996884716, 
            "log_step_size": -7.102731884101043
        }
    }, 
    {
        "host_name": "schlaubi", 
        "minutes_duration": 0.09420851469039918, 
        "timestamp": "2021-07-09 20:40:24.857808", 
        "training_curve": [
            [
                0, 
                4.453656928531676, 
                4.8349400732197525
            ], 
            [
                526, 
                4.4535685389471915, 
                4.834561156174336
            ], 
            [
                1052, 
                4.453568296192326, 
                4.834559898107303
            ], 
            [
                1578, 
                4.453568098789063, 
                4.834558873649045
            ], 
            [
                2105, 
                4.453566625873271, 
                4.83455118876346
            ], 
            [
                2631, 
                4.453563592716197, 
                4.834535127144812
            ], 
            [
                3157, 
                4.453564418646571, 
                4.834539533198458
            ], 
            [
                3683, 
                4.45356843510234, 
                4.834560618238489
            ], 
            [
                4210, 
                4.453568103886168, 
                4.834558900117469
            ], 
            [
                4736, 
                4.453569214882373, 
                4.834564649091361
            ], 
            [
                5262, 
                4.453566628451732, 
                4.834551202280414
            ], 
            [
                5788, 
                4.453563594166904, 
                4.834535134905678
            ], 
            [
                6315, 
                4.453568435601964, 
                4.834560620827472
            ], 
            [
                6841, 
                4.45356830759458, 
                4.834559957242176
            ], 
            [
                7367, 
                4.453568104178205, 
                4.834558901633948
            ], 
            [
                7893, 
                4.453569215051646, 
                4.834564649964231
            ], 
            [
                8420, 
                4.453563594221932, 
                4.834535135200061
            ], 
            [
                8946, 
                4.453564419505121, 
                4.834539537765656
            ], 
            [
                9472, 
                4.453568435637974, 
                4.8345606210140755
            ], 
            [
                9999, 
                4.453568104190038, 
                4.834558901695388
            ]
        ]
    }
]