[
    {
        "jobnum": 42, 
        "model": {
            "L2_reg": 0.005422251607555463, 
            "conv_width": 20, 
            "fp_depth": 4, 
            "fp_length": 124, 
            "h1_size": 76, 
            "net_type": "conv_plus_net"
        }, 
        "num_records": 20, 
        "task": {
            "name": "delaney", 
            "test_slices": [
                [
                    0, 
                    224
                ]
            ], 
            "train_slices": [
                [
                    449, 
                    674
                ], 
                [
                    674, 
                    899
                ], 
                [
                    899, 
                    1124
                ]
            ]
        }, 
        "train": {
            "batch_size": 100, 
            "init_scale": 0.003602158618800242, 
            "num_iters": 10000, 
            "seed": 1, 
            "step_size": 0.0008228539084001822
        }, 
        "varied_params": {
            "conv_width": 19.593792335346954, 
            "fp_depth": 3.58657455226505, 
            "fp_length": 123.61348170305602, 
            "h1_size": 75.5659491273228, 
            "log_L2_reg": -5.217244124047728, 
            "log_init_scale": -5.626221996884716, 
            "log_step_size": -7.102731884101043
        }
    }, 
    {
        "host_name": "schlumpfine", 
        "minutes_duration": 384.76481544971466, 
        "timestamp": "2021-07-09 21:32:53.435426", 
        "training_curve": [
            [
                0, 
                4.453019819164293, 
                4.8330974227455
            ], 
            [
                526, 
                0.4711104390911108, 
                0.6176327984617317
            ], 
            [
                1052, 
                0.3041001910434132, 
                0.5108268441779096
            ], 
            [
                1578, 
                0.2286120371129847, 
                0.5102922957587641
            ], 
            [
                2105, 
                0.1998900215658043, 
                0.5651017552520682
            ], 
            [
                2631, 
                0.17648164121814597, 
                0.5882920957673681
            ], 
            [
                3157, 
                0.15821426528625815, 
                0.601625649277303
            ], 
            [
                3683, 
                0.14985532124088272, 
                0.6226852548258884
            ], 
            [
                4210, 
                0.14505188886185078, 
                0.660388583317096
            ], 
            [
                4736, 
                0.14724136102887253, 
                0.6867770666697848
            ], 
            [
                5262, 
                0.1397790581175404, 
                0.6851287637363369
            ], 
            [
                5788, 
                0.13259619425129532, 
                0.6785922243945709
            ], 
            [
                6315, 
                0.11503257836091473, 
                0.698421555432157
            ], 
            [
                6841, 
                0.1289263647995892, 
                0.7004691203472417
            ], 
            [
                7367, 
                0.11197041090912793, 
                0.6983634456512362
            ], 
            [
                7893, 
                0.11430097460512945, 
                0.7407075057038615
            ], 
            [
                8420, 
                0.10316996842260857, 
                0.7270897442540949
            ], 
            [
                8946, 
                0.10593588630636623, 
                0.7423469027194974
            ], 
            [
                9472, 
                0.11243597020973166, 
                0.7370225767186643
            ], 
            [
                9999, 
                0.10597533322815156, 
                0.7471095466708201
            ]
        ]
    }
]