[
    {
        "jobnum": 43, 
        "model": {
            "L2_reg": 0.004742509371469441, 
            "conv_width": 8, 
            "fp_depth": 2, 
            "fp_length": 150, 
            "h1_size": 89, 
            "net_type": "mean"
        }, 
        "num_records": 20, 
        "task": {
            "name": "delaney", 
            "test_slices": [
                [
                    0, 
                    224
                ]
            ], 
            "train_slices": [
                [
                    449, 
                    674
                ], 
                [
                    674, 
                    899
                ], 
                [
                    899, 
                    1124
                ]
            ]
        }, 
        "train": {
            "batch_size": 100, 
            "init_scale": 0.10929455225786909, 
            "num_iters": 10000, 
            "seed": 1, 
            "step_size": 0.0012716762182269788
        }, 
        "varied_params": {
            "conv_width": 8.48351213256414, 
            "fp_depth": 2.221723514241422, 
            "fp_length": 149.54753583604685, 
            "h1_size": 88.70236663493193, 
            "log_L2_reg": -5.351188880096026, 
            "log_init_scale": -2.213708727147301, 
            "log_step_size": -6.667419391885432
        }
    }, 
    {
        "host_name": "schlaubi", 
        "minutes_duration": 0.08764203389485677, 
        "timestamp": "2021-07-09 20:40:24.496730", 
        "training_curve": [
            [
                0, 
                4.593868436700681, 
                4.999388943151656
            ], 
            [
                526, 
                4.453577391323907, 
                4.83460580195847
            ], 
            [
                1052, 
                4.453568888813469, 
                4.834562965964638
            ], 
            [
                1578, 
                4.453568668619776, 
                4.834561827409155
            ], 
            [
                2105, 
                4.453566466056022, 
                4.834550350517367
            ], 
            [
                2631, 
                4.453561867391201, 
                4.834525841554169
            ], 
            [
                3157, 
                4.453563091633814, 
                4.834532441848347
            ], 
            [
                3683, 
                4.453569247820044, 
                4.834564818921295
            ], 
            [
                4210, 
                4.453568740065736, 
                4.8345621970070995
            ], 
            [
                4736, 
                4.45357046733, 
                4.834571082567172
            ], 
            [
                5262, 
                4.453566457440577, 
                4.834550305304293
            ], 
            [
                5788, 
                4.4535618082060235, 
                4.834525521021763
            ], 
            [
                6315, 
                4.453569257222486, 
                4.834564867394836
            ], 
            [
                6841, 
                4.453569060140255, 
                4.834563850759005
            ], 
            [
                7367, 
                4.453568744529079, 
                4.834562220090969
            ], 
            [
                7893, 
                4.453570472379586, 
                4.834571108405543
            ], 
            [
                8420, 
                4.453561805908666, 
                4.83452550857712
            ], 
            [
                8946, 
                4.453563064818333, 
                4.8345322978817995
            ], 
            [
                9472, 
                4.453569257904438, 
                4.834564870910479
            ], 
            [
                9999, 
                4.453568744710315, 
                4.834562221028286
            ]
        ]
    }
]