[
    {
        "jobnum": 43, 
        "model": {
            "L2_reg": 0.004742509371469441, 
            "conv_width": 8, 
            "fp_depth": 2, 
            "fp_length": 31, 
            "h1_size": 89, 
            "net_type": "conv_plus_net"
        }, 
        "num_records": 20, 
        "task": {
            "name": "delaney", 
            "test_slices": [
                [
                    0, 
                    224
                ]
            ], 
            "train_slices": [
                [
                    449, 
                    674
                ], 
                [
                    674, 
                    899
                ], 
                [
                    899, 
                    1124
                ]
            ]
        }, 
        "train": {
            "batch_size": 100, 
            "init_scale": 0.10929455225786909, 
            "num_iters": 10000, 
            "seed": 1, 
            "step_size": 0.0012716762182269788
        }, 
        "varied_params": {
            "conv_width": 8.48351213256414, 
            "fp_depth": 2.221723514241422, 
            "fp_length": 30.838615092894095, 
            "h1_size": 88.70236663493193, 
            "log_L2_reg": -5.351188880096026, 
            "log_init_scale": -2.213708727147301, 
            "log_step_size": -6.667419391885432
        }
    }, 
    {
        "host_name": "schlumpfine", 
        "minutes_duration": 135.28052173455555, 
        "timestamp": "2021-07-09 17:23:24.372140", 
        "training_curve": [
            [
                0, 
                4.299281743032171, 
                4.684306010820653
            ], 
            [
                526, 
                0.34803767753793147, 
                0.4855919487278709
            ], 
            [
                1052, 
                0.2367176376942656, 
                0.41814645854488225
            ], 
            [
                1578, 
                0.19130712941960545, 
                0.40427143197734694
            ], 
            [
                2105, 
                0.17184573525159985, 
                0.40454917619230457
            ], 
            [
                2631, 
                0.1566933306620731, 
                0.3973113507543068
            ], 
            [
                3157, 
                0.15038763658045834, 
                0.4031023222732953
            ], 
            [
                3683, 
                0.1294144202595372, 
                0.43127055687720717
            ], 
            [
                4210, 
                0.12842896764251358, 
                0.4569328925162412
            ], 
            [
                4736, 
                0.13912864685159648, 
                0.4896080569424153
            ], 
            [
                5262, 
                0.12777225171528717, 
                0.46699799859160024
            ], 
            [
                5788, 
                0.1289447433867869, 
                0.46507571511187956
            ], 
            [
                6315, 
                0.11877744248677206, 
                0.5299180163142285
            ], 
            [
                6841, 
                0.11198539803620772, 
                0.5119684596582442
            ], 
            [
                7367, 
                0.10004952966493967, 
                0.49054624869609553
            ], 
            [
                7893, 
                0.1146965837657293, 
                0.499264154376187
            ], 
            [
                8420, 
                0.11281727735812737, 
                0.5170341189677112
            ], 
            [
                8946, 
                0.09736924306555127, 
                0.5283919777605017
            ], 
            [
                9472, 
                0.0979339102453039, 
                0.5609807971484752
            ], 
            [
                9999, 
                0.10294071409846932, 
                0.5343534624950429
            ]
        ]
    }
]