[
    {
        "jobnum": 43, 
        "model": {
            "L2_reg": 0.004742509371469441, 
            "conv_width": 8, 
            "fp_depth": 2, 
            "fp_length": 150, 
            "h1_size": 89, 
            "net_type": "morgan_plus_linear"
        }, 
        "num_records": 20, 
        "task": {
            "name": "delaney", 
            "test_slices": [
                [
                    0, 
                    224
                ]
            ], 
            "train_slices": [
                [
                    449, 
                    674
                ], 
                [
                    674, 
                    899
                ], 
                [
                    899, 
                    1124
                ]
            ]
        }, 
        "train": {
            "batch_size": 100, 
            "init_scale": 0.10929455225786909, 
            "num_iters": 10000, 
            "seed": 1, 
            "step_size": 0.0012716762182269788
        }, 
        "varied_params": {
            "conv_width": 8.48351213256414, 
            "fp_depth": 2.221723514241422, 
            "fp_length": 149.54753583604685, 
            "h1_size": 88.70236663493193, 
            "log_L2_reg": -5.351188880096026, 
            "log_init_scale": -2.213708727147301, 
            "log_step_size": -6.667419391885432
        }
    }, 
    {
        "host_name": "handy", 
        "minutes_duration": 0.3222166697184245, 
        "timestamp": "2021-07-09 15:59:59.248625", 
        "training_curve": [
            [
                0, 
                4.961759819752086, 
                5.186747031830977
            ], 
            [
                526, 
                1.915838685944968, 
                2.4472484641990815
            ], 
            [
                1052, 
                1.7498839362805325, 
                2.3669905259742805
            ], 
            [
                1578, 
                1.7099163272502904, 
                2.3755679063057022
            ], 
            [
                2105, 
                1.697411526691093, 
                2.387378054521791
            ], 
            [
                2631, 
                1.6927982410531897, 
                2.3942121908109337
            ], 
            [
                3157, 
                1.6910059334921301, 
                2.3983771111715595
            ], 
            [
                3683, 
                1.6902536137460655, 
                2.4008855604711608
            ], 
            [
                4210, 
                1.6899097340659375, 
                2.4023420563393953
            ], 
            [
                4736, 
                1.6897781642613598, 
                2.4039510023564743
            ], 
            [
                5262, 
                1.6897092316368099, 
                2.4050413300027906
            ], 
            [
                5788, 
                1.6895940747744451, 
                2.4055129778069655
            ], 
            [
                6315, 
                1.68963061446695, 
                2.405535922906707
            ], 
            [
                6841, 
                1.6896349892475417, 
                2.4054369132426996
            ], 
            [
                7367, 
                1.689625903868958, 
                2.4056352838048185
            ], 
            [
                7893, 
                1.689650819189796, 
                2.4061820944895516
            ], 
            [
                8420, 
                1.6895715458739093, 
                2.406535157738442
            ], 
            [
                8946, 
                1.6895971766682936, 
                2.4064638791075104
            ], 
            [
                9472, 
                1.6896235299690852, 
                2.4063030409687647
            ], 
            [
                9999, 
                1.6896273192033433, 
                2.405991621868631
            ]
        ]
    }
]