[
    {
        "jobnum": 43, 
        "model": {
            "L2_reg": 0.004742509371469441, 
            "conv_width": 8, 
            "fp_depth": 2, 
            "fp_length": 150, 
            "h1_size": 89, 
            "net_type": "morgan_plus_net"
        }, 
        "num_records": 20, 
        "task": {
            "name": "delaney", 
            "test_slices": [
                [
                    0, 
                    224
                ]
            ], 
            "train_slices": [
                [
                    449, 
                    674
                ], 
                [
                    674, 
                    899
                ], 
                [
                    899, 
                    1124
                ]
            ]
        }, 
        "train": {
            "batch_size": 100, 
            "init_scale": 0.10929455225786909, 
            "num_iters": 10000, 
            "seed": 1, 
            "step_size": 0.0012716762182269788
        }, 
        "varied_params": {
            "conv_width": 8.48351213256414, 
            "fp_depth": 2.221723514241422, 
            "fp_length": 149.54753583604685, 
            "h1_size": 88.70236663493193, 
            "log_L2_reg": -5.351188880096026, 
            "log_init_scale": -2.213708727147301, 
            "log_step_size": -6.667419391885432
        }
    }, 
    {
        "host_name": "papaschlumpf", 
        "minutes_duration": 9.991873931884765, 
        "timestamp": "2021-07-09 20:41:13.484975", 
        "training_curve": [
            [
                0, 
                4.998941658976201, 
                5.528521007528799
            ], 
            [
                526, 
                0.12230421750486312, 
                1.7558871522413522
            ], 
            [
                1052, 
                0.10118592583223346, 
                1.866134815841296
            ], 
            [
                1578, 
                0.1185147306243982, 
                1.9497317716410354
            ], 
            [
                2105, 
                0.13590164759906867, 
                2.0246199046775977
            ], 
            [
                2631, 
                0.15211619922451694, 
                2.040917450489182
            ], 
            [
                3157, 
                0.15192780381140195, 
                2.069339550765668
            ], 
            [
                3683, 
                0.1574293118904214, 
                2.0915929819532297
            ], 
            [
                4210, 
                0.16362852170171208, 
                2.1096714634998333
            ], 
            [
                4736, 
                0.16834937516012946, 
                2.1194904429151658
            ], 
            [
                5262, 
                0.1679898002700519, 
                2.109872858686947
            ], 
            [
                5788, 
                0.1595709132415162, 
                2.0761326524300947
            ], 
            [
                6315, 
                0.15822984712189184, 
                2.0766099256231327
            ], 
            [
                6841, 
                0.15735449493741763, 
                2.067944856951811
            ], 
            [
                7367, 
                0.15641626015358262, 
                2.05181821940942
            ], 
            [
                7893, 
                0.1584838190542201, 
                2.055574821908548
            ], 
            [
                8420, 
                0.15798289833281812, 
                2.050290595826106
            ], 
            [
                8946, 
                0.16004681411348992, 
                2.0440147662222192
            ], 
            [
                9472, 
                0.15661929639402064, 
                2.037193781263935
            ], 
            [
                9999, 
                0.16410309508428772, 
                2.066961808052107
            ]
        ]
    }
]