[
    {
        "jobnum": 44, 
        "model": {
            "L2_reg": 1.1789756733155383, 
            "conv_width": 6, 
            "fp_depth": 1, 
            "fp_length": 106, 
            "h1_size": 86, 
            "net_type": "morgan_plus_linear"
        }, 
        "num_records": 20, 
        "task": {
            "name": "delaney", 
            "test_slices": [
                [
                    0, 
                    224
                ]
            ], 
            "train_slices": [
                [
                    449, 
                    674
                ], 
                [
                    674, 
                    899
                ], 
                [
                    899, 
                    1124
                ]
            ]
        }, 
        "train": {
            "batch_size": 100, 
            "init_scale": 0.009203317800811987, 
            "num_iters": 10000, 
            "seed": 1, 
            "step_size": 0.00035115242640550056
        }, 
        "varied_params": {
            "conv_width": 6.192831238801336, 
            "fp_depth": 1.440839936201125, 
            "fp_length": 106.31985851251423, 
            "h1_size": 86.27971821052894, 
            "log_L2_reg": 0.16464598802220998, 
            "log_init_scale": -4.688191229415658, 
            "log_step_size": -7.954290165499875
        }
    }, 
    {
        "host_name": "handy", 
        "minutes_duration": 0.2935237646102905, 
        "timestamp": "2021-07-09 16:00:27.599810", 
        "training_curve": [
            [
                0, 
                4.4975234851440975, 
                4.8546379536841
            ], 
            [
                526, 
                2.8968310346358916, 
                3.2793149792823706
            ], 
            [
                1052, 
                2.430833216225789, 
                2.8443095438417023
            ], 
            [
                1578, 
                2.22375236584424, 
                2.663268305780984
            ], 
            [
                2105, 
                2.1117458249048116, 
                2.5641792324490305
            ], 
            [
                2631, 
                2.045199451972063, 
                2.5026430544721867
            ], 
            [
                3157, 
                2.0034979490931457, 
                2.462764153587943
            ], 
            [
                3683, 
                1.9765293949464433, 
                2.4360848144402882
            ], 
            [
                4210, 
                1.95866688046598, 
                2.417749729282588
            ], 
            [
                4736, 
                1.946648840287754, 
                2.4047739290927588
            ], 
            [
                5262, 
                1.9384100281582464, 
                2.395441869296776
            ], 
            [
                5788, 
                1.9326575556406944, 
                2.3884558602848807
            ], 
            [
                6315, 
                1.9286377785882527, 
                2.38348362692192
            ], 
            [
                6841, 
                1.925754334503493, 
                2.379764068750537
            ], 
            [
                7367, 
                1.9236671174248474, 
                2.376980209245669
            ], 
            [
                7893, 
                1.922131541109124, 
                2.3748040857014843
            ], 
            [
                8420, 
                1.9209612466633168, 
                2.3729389851556797
            ], 
            [
                8946, 
                1.9201257955800577, 
                2.371616990988287
            ], 
            [
                9472, 
                1.9195062054234313, 
                2.370639913751409
            ], 
            [
                9999, 
                1.9190318938125148, 
                2.3699177099548927
            ]
        ]
    }
]