[
    {
        "jobnum": 44, 
        "model": {
            "L2_reg": 1.1789756733155383, 
            "conv_width": 6, 
            "fp_depth": 1, 
            "fp_length": 106, 
            "h1_size": 86, 
            "net_type": "mean"
        }, 
        "num_records": 20, 
        "task": {
            "name": "delaney", 
            "test_slices": [
                [
                    0, 
                    224
                ]
            ], 
            "train_slices": [
                [
                    449, 
                    674
                ], 
                [
                    674, 
                    899
                ], 
                [
                    899, 
                    1124
                ]
            ]
        }, 
        "train": {
            "batch_size": 100, 
            "init_scale": 0.009203317800811987, 
            "num_iters": 10000, 
            "seed": 1, 
            "step_size": 0.00035115242640550056
        }, 
        "varied_params": {
            "conv_width": 6.192831238801336, 
            "fp_depth": 1.440839936201125, 
            "fp_length": 106.31985851251423, 
            "h1_size": 86.27971821052894, 
            "log_L2_reg": 0.16464598802220998, 
            "log_init_scale": -4.688191229415658, 
            "log_step_size": -7.954290165499875
        }
    }, 
    {
        "host_name": "papaschlumpf", 
        "minutes_duration": 0.08071541388829549, 
        "timestamp": "2021-07-09 20:40:21.790790", 
        "training_curve": [
            [
                0, 
                4.454499743604346, 
                4.837067345164972
            ], 
            [
                526, 
                4.453602722953446, 
                4.834722969093227
            ], 
            [
                1052, 
                4.4535700630012975, 
                4.834569011057847
            ], 
            [
                1578, 
                4.45356763333815, 
                4.834556453018761
            ], 
            [
                2105, 
                4.453566821225811, 
                4.834552212209842
            ], 
            [
                2631, 
                4.45356550192318, 
                4.834545274932763
            ], 
            [
                3157, 
                4.453565858378891, 
                4.834547155216825
            ], 
            [
                3683, 
                4.4535675764132, 
                4.834556156480482
            ], 
            [
                4210, 
                4.453567435517452, 
                4.834555422049284
            ], 
            [
                4736, 
                4.453567906500556, 
                4.834557874500511
            ], 
            [
                5262, 
                4.453566808087571, 
                4.834552143419695
            ], 
            [
                5788, 
                4.453565502223165, 
                4.8345452765170345
            ], 
            [
                6315, 
                4.45356757698842, 
                4.834556159477509
            ], 
            [
                6841, 
                4.453567522249728, 
                4.834555874227187
            ], 
            [
                7367, 
                4.4535674358604656, 
                4.834555423838081
            ], 
            [
                7893, 
                4.453567906706239, 
                4.834557875569904
            ], 
            [
                8420, 
                4.453565502282415, 
                4.834545276829943
            ], 
            [
                8946, 
                4.453565859230882, 
                4.834547159705721
            ], 
            [
                9472, 
                4.453567577030228, 
                4.834556159695333
            ], 
            [
                9999, 
                4.453567435874338, 
                4.834555423910424
            ]
        ]
    }
]