[
    {
        "jobnum": 44, 
        "model": {
            "L2_reg": 1.1789756733155383, 
            "conv_width": 6, 
            "fp_depth": 1, 
            "fp_length": 26, 
            "h1_size": 86, 
            "net_type": "conv_plus_linear"
        }, 
        "num_records": 20, 
        "task": {
            "name": "delaney", 
            "test_slices": [
                [
                    0, 
                    224
                ]
            ], 
            "train_slices": [
                [
                    449, 
                    674
                ], 
                [
                    674, 
                    899
                ], 
                [
                    899, 
                    1124
                ]
            ]
        }, 
        "train": {
            "batch_size": 100, 
            "init_scale": 0.009203317800811987, 
            "num_iters": 10000, 
            "seed": 1, 
            "step_size": 0.00035115242640550056
        }, 
        "varied_params": {
            "conv_width": 6.192831238801336, 
            "fp_depth": 1.440839936201125, 
            "fp_length": 26.035539834723803, 
            "h1_size": 86.27971821052894, 
            "log_L2_reg": 0.16464598802220998, 
            "log_init_scale": -4.688191229415658, 
            "log_step_size": -7.954290165499875
        }
    }, 
    {
        "host_name": "schlaubi", 
        "minutes_duration": 73.45096719662348, 
        "timestamp": "2021-07-09 20:41:21.571708", 
        "training_curve": [
            [
                0, 
                4.377944499687774, 
                4.752104116518178
            ], 
            [
                526, 
                2.7117230924369484, 
                3.0117230406624738
            ], 
            [
                1052, 
                1.5451257036806891, 
                1.82015734807713
            ], 
            [
                1578, 
                1.1329654068248296, 
                1.393333652567637
            ], 
            [
                2105, 
                0.9211771561215072, 
                1.155050702402528
            ], 
            [
                2631, 
                0.8107958874834617, 
                1.0167019645489686
            ], 
            [
                3157, 
                0.7499613376593264, 
                0.9401641625509569
            ], 
            [
                3683, 
                0.7072218601665813, 
                0.892648494216257
            ], 
            [
                4210, 
                0.6741080588095857, 
                0.8594933278732071
            ], 
            [
                4736, 
                0.646296851969303, 
                0.8350989041175163
            ], 
            [
                5262, 
                0.6242262571434771, 
                0.8141068551565483
            ], 
            [
                5788, 
                0.6062145257460311, 
                0.8017182837334048
            ], 
            [
                6315, 
                0.5905904794672582, 
                0.7905582476578082
            ], 
            [
                6841, 
                0.576672592087084, 
                0.7780995420380753
            ], 
            [
                7367, 
                0.5645488844976215, 
                0.7678454710595031
            ], 
            [
                7893, 
                0.553860307654366, 
                0.7591479312014549
            ], 
            [
                8420, 
                0.5450326905732752, 
                0.7524457657896485
            ], 
            [
                8946, 
                0.5365600100640561, 
                0.747805472315625
            ], 
            [
                9472, 
                0.529388217192461, 
                0.7420654814827766
            ], 
            [
                9999, 
                0.5229934234257819, 
                0.7375137005266568
            ]
        ]
    }
]