[
    {
        "jobnum": 44, 
        "model": {
            "L2_reg": 1.1789756733155383, 
            "conv_width": 6, 
            "fp_depth": 1, 
            "fp_length": 26, 
            "h1_size": 86, 
            "net_type": "conv_plus_net"
        }, 
        "num_records": 20, 
        "task": {
            "name": "delaney", 
            "test_slices": [
                [
                    0, 
                    224
                ]
            ], 
            "train_slices": [
                [
                    449, 
                    674
                ], 
                [
                    674, 
                    899
                ], 
                [
                    899, 
                    1124
                ]
            ]
        }, 
        "train": {
            "batch_size": 100, 
            "init_scale": 0.009203317800811987, 
            "num_iters": 10000, 
            "seed": 1, 
            "step_size": 0.00035115242640550056
        }, 
        "varied_params": {
            "conv_width": 6.192831238801336, 
            "fp_depth": 1.440839936201125, 
            "fp_length": 26.035539834723803, 
            "h1_size": 86.27971821052894, 
            "log_L2_reg": 0.16464598802220998, 
            "log_init_scale": -4.688191229415658, 
            "log_step_size": -7.954290165499875
        }
    }, 
    {
        "host_name": "schlumpfine", 
        "minutes_duration": 83.16456164916356, 
        "timestamp": "2021-07-09 16:31:17.403120", 
        "training_curve": [
            [
                0, 
                4.45482424036211, 
                4.836107799311017
            ], 
            [
                526, 
                1.2443212632070402, 
                1.2543088345373394
            ], 
            [
                1052, 
                0.7139845715743054, 
                0.7617558253321722
            ], 
            [
                1578, 
                0.5734741819434115, 
                0.6553760791378858
            ], 
            [
                2105, 
                0.49109008011908356, 
                0.6194756739643565
            ], 
            [
                2631, 
                0.4458527863699547, 
                0.5985317164050838
            ], 
            [
                3157, 
                0.4097814483693711, 
                0.5795064111689235
            ], 
            [
                3683, 
                0.36964298374699256, 
                0.5534766432231173
            ], 
            [
                4210, 
                0.3423259955190565, 
                0.5395450317371798
            ], 
            [
                4736, 
                0.3221223688598605, 
                0.5296201678534935
            ], 
            [
                5262, 
                0.305882696882166, 
                0.5179277000934802
            ], 
            [
                5788, 
                0.292798770245516, 
                0.5068626034321699
            ], 
            [
                6315, 
                0.2817104172781848, 
                0.500054995812396
            ], 
            [
                6841, 
                0.27256710027865827, 
                0.4910517602819591
            ], 
            [
                7367, 
                0.2647656426407985, 
                0.48463591375319126
            ], 
            [
                7893, 
                0.25831571752248217, 
                0.4811092904130551
            ], 
            [
                8420, 
                0.2530232200183294, 
                0.4810897414149305
            ], 
            [
                8946, 
                0.2470251503024395, 
                0.48290664179789483
            ], 
            [
                9472, 
                0.24160633696651249, 
                0.48268768017807556
            ], 
            [
                9999, 
                0.2365651397514451, 
                0.484378806332029
            ]
        ]
    }
]