[
    {
        "jobnum": 45, 
        "model": {
            "L2_reg": 0.2141561902048797, 
            "conv_width": 16, 
            "fp_depth": 4, 
            "fp_length": 46, 
            "h1_size": 62, 
            "net_type": "conv_plus_net"
        }, 
        "num_records": 20, 
        "task": {
            "name": "delaney", 
            "test_slices": [
                [
                    0, 
                    224
                ]
            ], 
            "train_slices": [
                [
                    449, 
                    674
                ], 
                [
                    674, 
                    899
                ], 
                [
                    899, 
                    1124
                ]
            ]
        }, 
        "train": {
            "batch_size": 100, 
            "init_scale": 0.07998379741249519, 
            "num_iters": 10000, 
            "seed": 1, 
            "step_size": 0.001803831738055543
        }, 
        "varied_params": {
            "conv_width": 15.905663940669925, 
            "fp_depth": 3.5816535214863814, 
            "fp_length": 46.27672538673604, 
            "h1_size": 62.26836049264224, 
            "log_L2_reg": -1.5410496694086646, 
            "log_init_scale": -2.5259311971645104, 
            "log_step_size": -6.317842133279607
        }
    }, 
    {
        "host_name": "schlumpfine", 
        "minutes_duration": 231.18464896678924, 
        "timestamp": "2021-07-09 18:59:18.609300", 
        "training_curve": [
            [
                0, 
                4.731103055058605, 
                5.1504344056573865
            ], 
            [
                526, 
                0.23751217881513045, 
                0.4971842072246654
            ], 
            [
                1052, 
                0.14323823268639702, 
                0.4241649797264408
            ], 
            [
                1578, 
                0.11563911017274521, 
                0.4889697116669519
            ], 
            [
                2105, 
                0.10044144097700959, 
                0.48239921461200247
            ], 
            [
                2631, 
                0.11170854611376639, 
                0.5445607645550713
            ], 
            [
                3157, 
                0.1173329858526933, 
                0.536458692122104
            ], 
            [
                3683, 
                0.08520932010480692, 
                0.5374662859982251
            ], 
            [
                4210, 
                0.08686744188441234, 
                0.5462762881026914
            ], 
            [
                4736, 
                0.07791298441661335, 
                0.5660521636487867
            ], 
            [
                5262, 
                0.07822928789998577, 
                0.5711477512466111
            ], 
            [
                5788, 
                0.07413598822070999, 
                0.5600327950327146
            ], 
            [
                6315, 
                0.07265520113452023, 
                0.6189019728813042
            ], 
            [
                6841, 
                0.07607653942997106, 
                0.5812420279946018
            ], 
            [
                7367, 
                0.07878022667204371, 
                0.6192760979317011
            ], 
            [
                7893, 
                0.07738947736303922, 
                0.607757285276499
            ], 
            [
                8420, 
                0.07430473873850808, 
                0.6127319464455222
            ], 
            [
                8946, 
                0.07823530461514364, 
                0.6166008814898561
            ], 
            [
                9472, 
                0.0722477374565277, 
                0.6141297802951922
            ], 
            [
                9999, 
                0.07235303594154702, 
                0.5954838951217459
            ]
        ]
    }
]