[
    {
        "jobnum": 45, 
        "model": {
            "L2_reg": 0.2141561902048797, 
            "conv_width": 16, 
            "fp_depth": 4, 
            "fp_length": 288, 
            "h1_size": 62, 
            "net_type": "morgan_plus_net"
        }, 
        "num_records": 20, 
        "task": {
            "name": "delaney", 
            "test_slices": [
                [
                    0, 
                    224
                ]
            ], 
            "train_slices": [
                [
                    449, 
                    674
                ], 
                [
                    674, 
                    899
                ], 
                [
                    899, 
                    1124
                ]
            ]
        }, 
        "train": {
            "batch_size": 100, 
            "init_scale": 0.07998379741249519, 
            "num_iters": 10000, 
            "seed": 1, 
            "step_size": 0.001803831738055543
        }, 
        "varied_params": {
            "conv_width": 15.905663940669925, 
            "fp_depth": 3.5816535214863814, 
            "fp_length": 288.49052848062433, 
            "h1_size": 62.26836049264224, 
            "log_L2_reg": -1.5410496694086646, 
            "log_init_scale": -2.5259311971645104, 
            "log_step_size": -6.317842133279607
        }
    }, 
    {
        "host_name": "handy", 
        "minutes_duration": 3.043194814523061, 
        "timestamp": "2021-07-09 20:36:17.311880", 
        "training_curve": [
            [
                0, 
                4.550864193322874, 
                4.886347027778797
            ], 
            [
                526, 
                0.05113448472008365, 
                1.4885956891430239
            ], 
            [
                1052, 
                0.05947497080031064, 
                1.5593460550759306
            ], 
            [
                1578, 
                0.06837102673237061, 
                1.5730104275703929
            ], 
            [
                2105, 
                0.06466306483383405, 
                1.5583102685073027
            ], 
            [
                2631, 
                0.0648115291557748, 
                1.5524561744690304
            ], 
            [
                3157, 
                0.06331564826498877, 
                1.5427816922962536
            ], 
            [
                3683, 
                0.061238113286745596, 
                1.5334963455802384
            ], 
            [
                4210, 
                0.05976540955028726, 
                1.5329970063484342
            ], 
            [
                4736, 
                0.1013576244009966, 
                1.5052142025855777
            ], 
            [
                5262, 
                0.060051371977573924, 
                1.5341742863700134
            ], 
            [
                5788, 
                0.05932665735852016, 
                1.5389266016801901
            ], 
            [
                6315, 
                0.05855243249661067, 
                1.5336340557244168
            ], 
            [
                6841, 
                0.058099041836958694, 
                1.5319715075211835
            ], 
            [
                7367, 
                0.056901571586913, 
                1.5319156038191886
            ], 
            [
                7893, 
                0.06157745138781403, 
                1.563453688495617
            ], 
            [
                8420, 
                0.05750796156707828, 
                1.5423409109262831
            ], 
            [
                8946, 
                0.05691373687079895, 
                1.5450003228194453
            ], 
            [
                9472, 
                0.056783484429492874, 
                1.537798526170789
            ], 
            [
                9999, 
                0.05590215293050082, 
                1.5471473847472204
            ]
        ]
    }
]