[
    {
        "jobnum": 45, 
        "model": {
            "L2_reg": 0.2141561902048797, 
            "conv_width": 16, 
            "fp_depth": 4, 
            "fp_length": 288, 
            "h1_size": 62, 
            "net_type": "mean"
        }, 
        "num_records": 20, 
        "task": {
            "name": "delaney", 
            "test_slices": [
                [
                    0, 
                    224
                ]
            ], 
            "train_slices": [
                [
                    449, 
                    674
                ], 
                [
                    674, 
                    899
                ], 
                [
                    899, 
                    1124
                ]
            ]
        }, 
        "train": {
            "batch_size": 100, 
            "init_scale": 0.07998379741249519, 
            "num_iters": 10000, 
            "seed": 1, 
            "step_size": 0.001803831738055543
        }, 
        "varied_params": {
            "conv_width": 15.905663940669925, 
            "fp_depth": 3.5816535214863814, 
            "fp_length": 288.49052848062433, 
            "h1_size": 62.26836049264224, 
            "log_L2_reg": -1.5410496694086646, 
            "log_init_scale": -2.5259311971645104, 
            "log_step_size": -6.317842133279607
        }
    }, 
    {
        "host_name": "handy", 
        "minutes_duration": 0.07286086479822794, 
        "timestamp": "2021-07-09 20:40:51.363797", 
        "training_curve": [
            [
                0, 
                4.528677596035975, 
                4.927476565162732
            ], 
            [
                526, 
                4.453570019653698, 
                4.834568788669243
            ], 
            [
                1052, 
                4.45356987869887, 
                4.834568065111312
            ], 
            [
                1578, 
                4.453569475200319, 
                4.834565990369072
            ], 
            [
                2105, 
                4.453566255299307, 
                4.834549243754195
            ], 
            [
                2631, 
                4.45355974268586, 
                4.834514248659381
            ], 
            [
                3157, 
                4.453561487613641, 
                4.8345237824224085
            ], 
            [
                3683, 
                4.453570235262631, 
                4.834569894235839
            ], 
            [
                4210, 
                4.453569508025182, 
                4.834566159344098
            ], 
            [
                4736, 
                4.453571977425669, 
                4.834578774579413
            ], 
            [
                5262, 
                4.453566253235234, 
                4.8345492329074125
            ], 
            [
                5788, 
                4.453559720296624, 
                4.83451412553864
            ], 
            [
                6315, 
                4.4535702393363135, 
                4.834569915110202
            ], 
            [
                6841, 
                4.453569960244363, 
                4.8345684837820455
            ], 
            [
                7367, 
                4.453569509984419, 
                4.834566169428726
            ], 
            [
                7893, 
                4.4535719795432716, 
                4.834578785317086
            ], 
            [
                8420, 
                4.453559719440335, 
                4.834514120829409
            ], 
            [
                8946, 
                4.453561477605602, 
                4.834523728083908
            ], 
            [
                9472, 
                4.453570239630176, 
                4.83456991661599
            ], 
            [
                9999, 
                4.45356951006369, 
                4.834566169836747
            ]
        ]
    }
]