[
    {
        "jobnum": 46, 
        "model": {
            "L2_reg": 0.020180170682639154, 
            "conv_width": 15, 
            "fp_depth": 2, 
            "fp_length": 717, 
            "h1_size": 53, 
            "net_type": "mean"
        }, 
        "num_records": 20, 
        "task": {
            "name": "delaney", 
            "test_slices": [
                [
                    0, 
                    224
                ]
            ], 
            "train_slices": [
                [
                    449, 
                    674
                ], 
                [
                    674, 
                    899
                ], 
                [
                    899, 
                    1124
                ]
            ]
        }, 
        "train": {
            "batch_size": 100, 
            "init_scale": 0.04353999289632197, 
            "num_iters": 10000, 
            "seed": 1, 
            "step_size": 0.0011209200450781197
        }, 
        "varied_params": {
            "conv_width": 15.249220033215206, 
            "fp_depth": 2.3684217004014387, 
            "fp_length": 717.190449203968, 
            "h1_size": 52.768716021059895, 
            "log_L2_reg": -3.903054806082574, 
            "log_init_scale": -3.1340753863286666, 
            "log_step_size": -6.79360546207623
        }
    }, 
    {
        "host_name": "clumsy", 
        "minutes_duration": 0.10048333406448365, 
        "timestamp": "2021-07-09 20:40:53.591866", 
        "training_curve": [
            [
                0, 
                4.4757803629705215, 
                4.866222045033733
            ], 
            [
                526, 
                4.453569472376885, 
                4.834565975833063
            ], 
            [
                1052, 
                4.45356878000338, 
                4.8345624035368
            ], 
            [
                1578, 
                4.4535685172258, 
                4.834561043682547
            ], 
            [
                2105, 
                4.4535665132483215, 
                4.8345505981332195
            ], 
            [
                2631, 
                4.453562407797093, 
                4.834528762056723
            ], 
            [
                3157, 
                4.4535635198118975, 
                4.8345347370281
            ], 
            [
                3683, 
                4.45356897976926, 
                4.834563435811666
            ], 
            [
                4210, 
                4.453568528383937, 
                4.83456110147077
            ], 
            [
                4736, 
                4.453570048201804, 
                4.8345689351378365
            ], 
            [
                5262, 
                4.453566514686088, 
                4.834550605675915
            ], 
            [
                5788, 
                4.45356240370094, 
                4.8345287399618195
            ], 
            [
                6315, 
                4.453568981054768, 
                4.834563442450253
            ], 
            [
                6841, 
                4.453568806958698, 
                4.834562542901719
            ], 
            [
                7367, 
                4.453568529039869, 
                4.834561104867725
            ], 
            [
                7893, 
                4.45357004879871, 
                4.834568938200037
            ], 
            [
                8420, 
                4.453562403544404, 
                4.834528739117443
            ], 
            [
                8946, 
                4.453563518154388, 
                4.834534728156356
            ], 
            [
                9472, 
                4.45356898114753, 
                4.834563442929286
            ], 
            [
                9999, 
                4.453568529066442, 
                4.834561105005341
            ]
        ]
    }
]