[
    {
        "jobnum": 46, 
        "model": {
            "L2_reg": 0.020180170682639154, 
            "conv_width": 15, 
            "fp_depth": 2, 
            "fp_length": 717, 
            "h1_size": 53, 
            "net_type": "morgan_plus_linear"
        }, 
        "num_records": 20, 
        "task": {
            "name": "delaney", 
            "test_slices": [
                [
                    0, 
                    224
                ]
            ], 
            "train_slices": [
                [
                    449, 
                    674
                ], 
                [
                    674, 
                    899
                ], 
                [
                    899, 
                    1124
                ]
            ]
        }, 
        "train": {
            "batch_size": 100, 
            "init_scale": 0.04353999289632197, 
            "num_iters": 10000, 
            "seed": 1, 
            "step_size": 0.0011209200450781197
        }, 
        "varied_params": {
            "conv_width": 15.249220033215206, 
            "fp_depth": 2.3684217004014387, 
            "fp_length": 717.190449203968, 
            "h1_size": 52.768716021059895, 
            "log_L2_reg": -3.903054806082574, 
            "log_init_scale": -3.1340753863286666, 
            "log_step_size": -6.79360546207623
        }
    }, 
    {
        "host_name": "handy", 
        "minutes_duration": 0.7821709513664246, 
        "timestamp": "2021-07-09 16:01:57.271261", 
        "training_curve": [
            [
                0, 
                4.4629540019851, 
                4.791462284882479
            ], 
            [
                526, 
                0.7918605768841004, 
                1.76737936991661
            ], 
            [
                1052, 
                0.4620818254910337, 
                2.0340593889011336
            ], 
            [
                1578, 
                0.338835140842682, 
                2.413294345564914
            ], 
            [
                2105, 
                0.2736319482970982, 
                2.8145805469817806
            ], 
            [
                2631, 
                0.2331852056254421, 
                3.229324230000332
            ], 
            [
                3157, 
                0.20519597014455457, 
                3.658934812176806
            ], 
            [
                3683, 
                0.184253322029909, 
                4.100646701818464
            ], 
            [
                4210, 
                0.16777514633385365, 
                4.552997574900221
            ], 
            [
                4736, 
                0.1544845532996123, 
                5.0117732377973265
            ], 
            [
                5262, 
                0.1435895237187654, 
                5.470011620169607
            ], 
            [
                5788, 
                0.13456922966589505, 
                5.918369674455103
            ], 
            [
                6315, 
                0.1270945605284481, 
                6.3470008054144715
            ], 
            [
                6841, 
                0.12086369438988058, 
                6.747234496341845
            ], 
            [
                7367, 
                0.11565179090794905, 
                7.116669702794572
            ], 
            [
                7893, 
                0.11126607333568968, 
                7.452817520434825
            ], 
            [
                8420, 
                0.10754653271978172, 
                7.758374938344332
            ], 
            [
                8946, 
                0.10442543986113001, 
                8.027378202477069
            ], 
            [
                9472, 
                0.10176754215145004, 
                8.264488670274963
            ], 
            [
                9999, 
                0.09949227059685019, 
                8.47082999360145
            ]
        ]
    }
]