[
    {
        "jobnum": 46, 
        "model": {
            "L2_reg": 0.020180170682639154, 
            "conv_width": 15, 
            "fp_depth": 2, 
            "fp_length": 717, 
            "h1_size": 53, 
            "net_type": "morgan_plus_net"
        }, 
        "num_records": 20, 
        "task": {
            "name": "delaney", 
            "test_slices": [
                [
                    0, 
                    224
                ]
            ], 
            "train_slices": [
                [
                    449, 
                    674
                ], 
                [
                    674, 
                    899
                ], 
                [
                    899, 
                    1124
                ]
            ]
        }, 
        "train": {
            "batch_size": 100, 
            "init_scale": 0.04353999289632197, 
            "num_iters": 10000, 
            "seed": 1, 
            "step_size": 0.0011209200450781197
        }, 
        "varied_params": {
            "conv_width": 15.249220033215206, 
            "fp_depth": 2.3684217004014387, 
            "fp_length": 717.190449203968, 
            "h1_size": 52.768716021059895, 
            "log_L2_reg": -3.903054806082574, 
            "log_init_scale": -3.1340753863286666, 
            "log_step_size": -6.79360546207623
        }
    }, 
    {
        "host_name": "schlaubi", 
        "minutes_duration": 12.326446084181468, 
        "timestamp": "2021-07-09 20:46:04.502797", 
        "training_curve": [
            [
                0, 
                4.445082166332848, 
                4.7698719272292465
            ], 
            [
                526, 
                0.08561904344667667, 
                1.4570783353911965
            ], 
            [
                1052, 
                0.10776991755321982, 
                1.5456808044864234
            ], 
            [
                1578, 
                0.13916886948320928, 
                1.6598490421718541
            ], 
            [
                2105, 
                0.1708233116099735, 
                1.7698279700591708
            ], 
            [
                2631, 
                0.19299589513151613, 
                1.8341385416547098
            ], 
            [
                3157, 
                0.2023351374746318, 
                1.8731170390881158
            ], 
            [
                3683, 
                0.20405085248608762, 
                1.8488756844776002
            ], 
            [
                4210, 
                0.2026833533228135, 
                1.8491305308182509
            ], 
            [
                4736, 
                0.20297645447768753, 
                1.8364491876055546
            ], 
            [
                5262, 
                0.2020220906271326, 
                1.8145730584422666
            ], 
            [
                5788, 
                0.20419949457028014, 
                1.7903853936028697
            ], 
            [
                6315, 
                0.1992702229374645, 
                1.7944746125727586
            ], 
            [
                6841, 
                0.19966881580538198, 
                1.7891784370358692
            ], 
            [
                7367, 
                0.19977561490839182, 
                1.7695154787362308
            ], 
            [
                7893, 
                0.19687770238397054, 
                1.7860537636530773
            ], 
            [
                8420, 
                0.19377738578386475, 
                1.767630336699879
            ], 
            [
                8946, 
                0.19450388040744343, 
                1.7567972129054927
            ], 
            [
                9472, 
                0.194766290611886, 
                1.7523109342746017
            ], 
            [
                9999, 
                0.19882131875416773, 
                1.73096596566754
            ]
        ]
    }
]