[
    {
        "jobnum": 46, 
        "model": {
            "L2_reg": 0.020180170682639154, 
            "conv_width": 15, 
            "fp_depth": 2, 
            "fp_length": 94, 
            "h1_size": 53, 
            "net_type": "conv_plus_net"
        }, 
        "num_records": 20, 
        "task": {
            "name": "delaney", 
            "test_slices": [
                [
                    0, 
                    224
                ]
            ], 
            "train_slices": [
                [
                    449, 
                    674
                ], 
                [
                    674, 
                    899
                ], 
                [
                    899, 
                    1124
                ]
            ]
        }, 
        "train": {
            "batch_size": 100, 
            "init_scale": 0.04353999289632197, 
            "num_iters": 10000, 
            "seed": 1, 
            "step_size": 0.0011209200450781197
        }, 
        "varied_params": {
            "conv_width": 15.249220033215206, 
            "fp_depth": 2.3684217004014387, 
            "fp_length": 93.91004991155201, 
            "h1_size": 52.768716021059895, 
            "log_L2_reg": -3.903054806082574, 
            "log_init_scale": -3.1340753863286666, 
            "log_step_size": -6.79360546207623
        }
    }, 
    {
        "host_name": "schlumpfine", 
        "minutes_duration": 165.3741995493571, 
        "timestamp": "2021-07-09 17:53:30.005037", 
        "training_curve": [
            [
                0, 
                4.4352578684931805, 
                4.815472814073735
            ], 
            [
                526, 
                0.3803557104727822, 
                0.5632576560862158
            ], 
            [
                1052, 
                0.2281501383798857, 
                0.45311846460224064
            ], 
            [
                1578, 
                0.1902951640465968, 
                0.44956811068209834
            ], 
            [
                2105, 
                0.18053081411704294, 
                0.47281886635503856
            ], 
            [
                2631, 
                0.15516837797279465, 
                0.45280982471499176
            ], 
            [
                3157, 
                0.15351405155487896, 
                0.4569042585540478
            ], 
            [
                3683, 
                0.1486510074428275, 
                0.4766260984436852
            ], 
            [
                4210, 
                0.15242006664138913, 
                0.4839241121732246
            ], 
            [
                4736, 
                0.14381556752384367, 
                0.49447737919647466
            ], 
            [
                5262, 
                0.14126275024603852, 
                0.5213932994971667
            ], 
            [
                5788, 
                0.12062132195690452, 
                0.5157945781259581
            ], 
            [
                6315, 
                0.11363636007081128, 
                0.50135222060691
            ], 
            [
                6841, 
                0.12202792127988168, 
                0.530163762182623
            ], 
            [
                7367, 
                0.10870349883725355, 
                0.5391514062771823
            ], 
            [
                7893, 
                0.10992235030618068, 
                0.5485049756723596
            ], 
            [
                8420, 
                0.1192329890882168, 
                0.594102855649434
            ], 
            [
                8946, 
                0.11427718893542836, 
                0.5833569404904407
            ], 
            [
                9472, 
                0.10683926870853112, 
                0.5855618539512137
            ], 
            [
                9999, 
                0.11659583009944524, 
                0.6214193049621594
            ]
        ]
    }
]