[
    {
        "jobnum": 47, 
        "model": {
            "L2_reg": 1.3611965082644966, 
            "conv_width": 15, 
            "fp_depth": 1, 
            "fp_length": 801, 
            "h1_size": 69, 
            "net_type": "morgan_plus_linear"
        }, 
        "num_records": 20, 
        "task": {
            "name": "delaney", 
            "test_slices": [
                [
                    0, 
                    224
                ]
            ], 
            "train_slices": [
                [
                    449, 
                    674
                ], 
                [
                    674, 
                    899
                ], 
                [
                    899, 
                    1124
                ]
            ]
        }, 
        "train": {
            "batch_size": 100, 
            "init_scale": 0.006038315193652891, 
            "num_iters": 10000, 
            "seed": 1, 
            "step_size": 0.0006923657835521159
        }, 
        "varied_params": {
            "conv_width": 15.45495862587481, 
            "fp_depth": 1.170544229299721, 
            "fp_length": 800.9249591086322, 
            "h1_size": 68.99634779500602, 
            "log_L2_reg": 0.3083640984521496, 
            "log_init_scale": -5.109630247395012, 
            "log_step_size": -7.275396153052387
        }
    }, 
    {
        "host_name": "schlumpfine", 
        "minutes_duration": 2.3112743695576987, 
        "timestamp": "2021-07-09 16:03:29.173877", 
        "training_curve": [
            [
                0, 
                4.411567722365964, 
                4.783646486485965
            ], 
            [
                526, 
                1.6443822355920799, 
                2.3208473973562653
            ], 
            [
                1052, 
                1.1721365098142442, 
                2.0125788623561793
            ], 
            [
                1578, 
                0.9785747869438327, 
                1.9237079891162918
            ], 
            [
                2105, 
                0.8824731380553348, 
                1.897735092326917
            ], 
            [
                2631, 
                0.8291550620187684, 
                1.8892075602262928
            ], 
            [
                3157, 
                0.7970523017488937, 
                1.8875595357079784
            ], 
            [
                3683, 
                0.7765837543315622, 
                1.8894672490810684
            ], 
            [
                4210, 
                0.762946150180941, 
                1.8935255092598113
            ], 
            [
                4736, 
                0.7536160420353186, 
                1.8987297821557274
            ], 
            [
                5262, 
                0.7470230237562755, 
                1.904091218896705
            ], 
            [
                5788, 
                0.7422306864990973, 
                1.9090725493381684
            ], 
            [
                6315, 
                0.7387047661026068, 
                1.9137127596077483
            ], 
            [
                6841, 
                0.7360181568285017, 
                1.9183061027344237
            ], 
            [
                7367, 
                0.7339316349691811, 
                1.9226126321913277
            ], 
            [
                7893, 
                0.7322951759641416, 
                1.9267718096083761
            ], 
            [
                8420, 
                0.730950192937918, 
                1.9303442912818778
            ], 
            [
                8946, 
                0.7298903097902696, 
                1.9333841615509235
            ], 
            [
                9472, 
                0.7290126685191385, 
                1.9361512403930121
            ], 
            [
                9999, 
                0.7282717342723024, 
                1.9387451989845992
            ]
        ]
    }
]