[
    {
        "jobnum": 47, 
        "model": {
            "L2_reg": 1.3611965082644966, 
            "conv_width": 15, 
            "fp_depth": 1, 
            "fp_length": 103, 
            "h1_size": 69, 
            "net_type": "conv_plus_linear"
        }, 
        "num_records": 20, 
        "task": {
            "name": "delaney", 
            "test_slices": [
                [
                    0, 
                    224
                ]
            ], 
            "train_slices": [
                [
                    449, 
                    674
                ], 
                [
                    674, 
                    899
                ], 
                [
                    899, 
                    1124
                ]
            ]
        }, 
        "train": {
            "batch_size": 100, 
            "init_scale": 0.006038315193652891, 
            "num_iters": 10000, 
            "seed": 1, 
            "step_size": 0.0006923657835521159
        }, 
        "varied_params": {
            "conv_width": 15.45495862587481, 
            "fp_depth": 1.170544229299721, 
            "fp_length": 103.21388434540359, 
            "h1_size": 68.99634779500602, 
            "log_L2_reg": 0.3083640984521496, 
            "log_init_scale": -5.109630247395012, 
            "log_step_size": -7.275396153052387
        }
    }, 
    {
        "host_name": "schlumpfine", 
        "minutes_duration": 99.21559098561605, 
        "timestamp": "2021-07-09 21:11:38.452340", 
        "training_curve": [
            [
                0, 
                4.439231449881207, 
                4.817646629657439
            ], 
            [
                526, 
                1.4498565831237549, 
                1.7391747883700635
            ], 
            [
                1052, 
                0.7695906589055646, 
                0.9680675726412946
            ], 
            [
                1578, 
                0.6113439823255038, 
                0.7839238259276805
            ], 
            [
                2105, 
                0.5328338803199544, 
                0.690141861250112
            ], 
            [
                2631, 
                0.49340091641482214, 
                0.6537331483437976
            ], 
            [
                3157, 
                0.465601153964076, 
                0.6376361574716459
            ], 
            [
                3683, 
                0.4449897669583512, 
                0.6284467250865328
            ], 
            [
                4210, 
                0.4302497727480819, 
                0.6238378283396618
            ], 
            [
                4736, 
                0.4188518870487872, 
                0.6231462641064197
            ], 
            [
                5262, 
                0.4068621199855997, 
                0.6244750928985473
            ], 
            [
                5788, 
                0.39530875929986703, 
                0.6279686897310925
            ], 
            [
                6315, 
                0.38200055445168524, 
                0.6342135275503141
            ], 
            [
                6841, 
                0.3695750315958755, 
                0.6423033737751597
            ], 
            [
                7367, 
                0.3584625396590836, 
                0.656227550121731
            ], 
            [
                7893, 
                0.34747559558424196, 
                0.6693503586093452
            ], 
            [
                8420, 
                0.33607727830631245, 
                0.6784139119672913
            ], 
            [
                8946, 
                0.3275634971958782, 
                0.6894539712038311
            ], 
            [
                9472, 
                0.31759517356520284, 
                0.7119123474041865
            ], 
            [
                9999, 
                0.31351120168066937, 
                0.7166419224331901
            ]
        ]
    }
]