[
    {
        "jobnum": 47, 
        "model": {
            "L2_reg": 1.3611965082644966, 
            "conv_width": 15, 
            "fp_depth": 1, 
            "fp_length": 801, 
            "h1_size": 69, 
            "net_type": "morgan_plus_net"
        }, 
        "num_records": 20, 
        "task": {
            "name": "delaney", 
            "test_slices": [
                [
                    0, 
                    224
                ]
            ], 
            "train_slices": [
                [
                    449, 
                    674
                ], 
                [
                    674, 
                    899
                ], 
                [
                    899, 
                    1124
                ]
            ]
        }, 
        "train": {
            "batch_size": 100, 
            "init_scale": 0.006038315193652891, 
            "num_iters": 10000, 
            "seed": 1, 
            "step_size": 0.0006923657835521159
        }, 
        "varied_params": {
            "conv_width": 15.45495862587481, 
            "fp_depth": 1.170544229299721, 
            "fp_length": 800.9249591086322, 
            "h1_size": 68.99634779500602, 
            "log_L2_reg": 0.3083640984521496, 
            "log_init_scale": -5.109630247395012, 
            "log_step_size": -7.275396153052387
        }
    }, 
    {
        "host_name": "papaschlumpf", 
        "minutes_duration": 33.11651976505915, 
        "timestamp": "2021-07-09 21:06:51.502329", 
        "training_curve": [
            [
                0, 
                4.454599870675345, 
                4.837474631421403
            ], 
            [
                526, 
                0.4090362387857965, 
                1.5378944520895117
            ], 
            [
                1052, 
                0.3655357954238668, 
                1.8126804190145618
            ], 
            [
                1578, 
                0.42204875345146575, 
                2.1238198283724623
            ], 
            [
                2105, 
                0.5418403210428068, 
                2.469062100310751
            ], 
            [
                2631, 
                0.6545948878118687, 
                2.756934806588777
            ], 
            [
                3157, 
                0.7312902234519072, 
                2.9615305599490944
            ], 
            [
                3683, 
                0.7964763724535003, 
                3.1413631846310173
            ], 
            [
                4210, 
                0.8496147192818431, 
                3.269173103591327
            ], 
            [
                4736, 
                0.8700639465872566, 
                3.333182313285612
            ], 
            [
                5262, 
                0.8680984912102652, 
                3.3468537093258317
            ], 
            [
                5788, 
                0.8621346130567599, 
                3.363342973610162
            ], 
            [
                6315, 
                0.8611035183387803, 
                3.3887162255129555
            ], 
            [
                6841, 
                0.863878293536423, 
                3.391586750355187
            ], 
            [
                7367, 
                0.8471204600714317, 
                3.371803820575587
            ], 
            [
                7893, 
                0.8464501609082924, 
                3.3746503325951758
            ], 
            [
                8420, 
                0.8542352770155984, 
                3.401392366751952
            ], 
            [
                8946, 
                0.8320145507285943, 
                3.3376479611304255
            ], 
            [
                9472, 
                0.8194378996323218, 
                3.3242620521588324
            ], 
            [
                9999, 
                0.8194271608750848, 
                3.317554260588866
            ]
        ]
    }
]