[
    {
        "jobnum": 48, 
        "model": {
            "L2_reg": 0.27274910970183186, 
            "conv_width": 11, 
            "fp_depth": 2, 
            "fp_length": 215, 
            "h1_size": 63, 
            "net_type": "morgan_plus_net"
        }, 
        "num_records": 20, 
        "task": {
            "name": "delaney", 
            "test_slices": [
                [
                    0, 
                    224
                ]
            ], 
            "train_slices": [
                [
                    449, 
                    674
                ], 
                [
                    674, 
                    899
                ], 
                [
                    899, 
                    1124
                ]
            ]
        }, 
        "train": {
            "batch_size": 100, 
            "init_scale": 0.021505995225448587, 
            "num_iters": 10000, 
            "seed": 1, 
            "step_size": 0.0014963186088583652
        }, 
        "varied_params": {
            "conv_width": 10.56279198826833, 
            "fp_depth": 1.818465707273401, 
            "fp_length": 214.63071442712476, 
            "h1_size": 62.97112821726775, 
            "log_L2_reg": -1.2992029184288878, 
            "log_init_scale": -3.8394235350240296, 
            "log_step_size": -6.504747448269754
        }
    }, 
    {
        "host_name": "schlumpfine", 
        "minutes_duration": 6.647864731152852, 
        "timestamp": "2021-07-09 20:40:23.427584", 
        "training_curve": [
            [
                0, 
                4.465218334086847, 
                4.843084736558246
            ], 
            [
                526, 
                0.1165045702531095, 
                2.0846799427489904
            ], 
            [
                1052, 
                0.10587564247878609, 
                2.203633641709462
            ], 
            [
                1578, 
                0.12661345206642985, 
                2.2090435961493546
            ], 
            [
                2105, 
                0.1485840510259321, 
                2.307141703599744
            ], 
            [
                2631, 
                0.15893227942785587, 
                2.2842281505838185
            ], 
            [
                3157, 
                0.17064501694221154, 
                2.2978041627398325
            ], 
            [
                3683, 
                0.17282111728839494, 
                2.2808218087821923
            ], 
            [
                4210, 
                0.18028909149307962, 
                2.272816165787925
            ], 
            [
                4736, 
                0.17681703779492888, 
                2.254128723833624
            ], 
            [
                5262, 
                0.17424421730602047, 
                2.240513113849411
            ], 
            [
                5788, 
                0.17613944016447095, 
                2.2378838026930197
            ], 
            [
                6315, 
                0.17345068891846735, 
                2.2193827018296397
            ], 
            [
                6841, 
                0.17483897445908814, 
                2.2158059565499384
            ], 
            [
                7367, 
                0.17919723234199317, 
                2.1493890433731844
            ], 
            [
                7893, 
                0.1800670883458331, 
                2.2074430558727065
            ], 
            [
                8420, 
                0.17180228864114164, 
                2.169363913774128
            ], 
            [
                8946, 
                0.16805684008326935, 
                2.1518059199414084
            ], 
            [
                9472, 
                0.17116192952074874, 
                2.150378598365544
            ], 
            [
                9999, 
                0.1719035847180286, 
                2.1349526208480545
            ]
        ]
    }
]