[
    {
        "jobnum": 48, 
        "model": {
            "L2_reg": 0.27274910970183186, 
            "conv_width": 11, 
            "fp_depth": 2, 
            "fp_length": 38, 
            "h1_size": 63, 
            "net_type": "conv_plus_linear"
        }, 
        "num_records": 20, 
        "task": {
            "name": "delaney", 
            "test_slices": [
                [
                    0, 
                    224
                ]
            ], 
            "train_slices": [
                [
                    449, 
                    674
                ], 
                [
                    674, 
                    899
                ], 
                [
                    899, 
                    1124
                ]
            ]
        }, 
        "train": {
            "batch_size": 100, 
            "init_scale": 0.021505995225448587, 
            "num_iters": 10000, 
            "seed": 1, 
            "step_size": 0.0014963186088583652
        }, 
        "varied_params": {
            "conv_width": 10.56279198826833, 
            "fp_depth": 1.818465707273401, 
            "fp_length": 38.07007938079164, 
            "h1_size": 62.97112821726775, 
            "log_L2_reg": -1.2992029184288878, 
            "log_init_scale": -3.8394235350240296, 
            "log_step_size": -6.504747448269754
        }
    }, 
    {
        "host_name": "papaschlumpf", 
        "minutes_duration": 182.25130561590194, 
        "timestamp": "2021-07-09 22:41:12.436347", 
        "training_curve": [
            [
                0, 
                4.275248467123499, 
                4.626023970256837
            ], 
            [
                526, 
                0.5520806487966725, 
                0.7403161604992758
            ], 
            [
                1052, 
                0.3727504791092973, 
                0.6255417323008096
            ], 
            [
                1578, 
                0.3012637106625406, 
                0.6505985040284029
            ], 
            [
                2105, 
                0.25659556328644695, 
                0.7002919535586178
            ], 
            [
                2631, 
                0.2270619507940509, 
                0.7532866230459577
            ], 
            [
                3157, 
                0.20769395989329062, 
                0.8031701412606296
            ], 
            [
                3683, 
                0.19570203026205155, 
                0.8371817294441717
            ], 
            [
                4210, 
                0.1774636763883101, 
                0.854351179059598
            ], 
            [
                4736, 
                0.1755844626302199, 
                0.8781237448745143
            ], 
            [
                5262, 
                0.16829154960658865, 
                0.8682463025166614
            ], 
            [
                5788, 
                0.1669520335925939, 
                0.8928370790871255
            ], 
            [
                6315, 
                0.15089278869888872, 
                0.9062087265356565
            ], 
            [
                6841, 
                0.15408174518301845, 
                0.9250979062096979
            ], 
            [
                7367, 
                0.15123109639848867, 
                0.9612695872737859
            ], 
            [
                7893, 
                0.16342768349564119, 
                0.9844086897868557
            ], 
            [
                8420, 
                0.15168070844131132, 
                0.9992161973823599
            ], 
            [
                8946, 
                0.15481432377379456, 
                0.9942268545210347
            ], 
            [
                9472, 
                0.14369654692614525, 
                1.0276087362998556
            ], 
            [
                9999, 
                0.16363023678954425, 
                1.0469537628063317
            ]
        ]
    }
]