[
    {
        "jobnum": 48, 
        "model": {
            "L2_reg": 0.27274910970183186, 
            "conv_width": 11, 
            "fp_depth": 2, 
            "fp_length": 38, 
            "h1_size": 63, 
            "net_type": "conv_plus_net"
        }, 
        "num_records": 20, 
        "task": {
            "name": "delaney", 
            "test_slices": [
                [
                    0, 
                    224
                ]
            ], 
            "train_slices": [
                [
                    449, 
                    674
                ], 
                [
                    674, 
                    899
                ], 
                [
                    899, 
                    1124
                ]
            ]
        }, 
        "train": {
            "batch_size": 100, 
            "init_scale": 0.021505995225448587, 
            "num_iters": 10000, 
            "seed": 1, 
            "step_size": 0.0014963186088583652
        }, 
        "varied_params": {
            "conv_width": 10.56279198826833, 
            "fp_depth": 1.818465707273401, 
            "fp_length": 38.07007938079164, 
            "h1_size": 62.97112821726775, 
            "log_L2_reg": -1.2992029184288878, 
            "log_init_scale": -3.8394235350240296, 
            "log_step_size": -6.504747448269754
        }
    }, 
    {
        "host_name": "schlumpfine", 
        "minutes_duration": 118.98522078593572, 
        "timestamp": "2021-07-09 17:07:06.642365", 
        "training_curve": [
            [
                0, 
                4.411841252515193, 
                4.790686552751759
            ], 
            [
                526, 
                0.3965566292137727, 
                0.5435470833793733
            ], 
            [
                1052, 
                0.24193004836258747, 
                0.4527043398098689
            ], 
            [
                1578, 
                0.1918339290397846, 
                0.44060953756120497
            ], 
            [
                2105, 
                0.18895001299459452, 
                0.49347488730444494
            ], 
            [
                2631, 
                0.17936732604447275, 
                0.45222009081086373
            ], 
            [
                3157, 
                0.1760828479003055, 
                0.4950202117826451
            ], 
            [
                3683, 
                0.14253487516395227, 
                0.4993956626015931
            ], 
            [
                4210, 
                0.15801357090547757, 
                0.5082767301344129
            ], 
            [
                4736, 
                0.13082450063676807, 
                0.5123482509567736
            ], 
            [
                5262, 
                0.13522505663103188, 
                0.5331326203945577
            ], 
            [
                5788, 
                0.13988812147233257, 
                0.5299611305971988
            ], 
            [
                6315, 
                0.11626985599129495, 
                0.5200537944510198
            ], 
            [
                6841, 
                0.115462458473255, 
                0.549979765543029
            ], 
            [
                7367, 
                0.1272371571040331, 
                0.5977767392542185
            ], 
            [
                7893, 
                0.11135788798831228, 
                0.5692988765200551
            ], 
            [
                8420, 
                0.1186719201806501, 
                0.5693361662199184
            ], 
            [
                8946, 
                0.10386013502708683, 
                0.5715295184610882
            ], 
            [
                9472, 
                0.12439744604932339, 
                0.6339289366966196
            ], 
            [
                9999, 
                0.11620017280099561, 
                0.620976688710851
            ]
        ]
    }
]