[
    {
        "jobnum": 49, 
        "model": {
            "L2_reg": 0.004587828667129028, 
            "conv_width": 10, 
            "fp_depth": 3, 
            "fp_length": 598, 
            "h1_size": 52, 
            "net_type": "morgan_plus_linear"
        }, 
        "num_records": 20, 
        "task": {
            "name": "delaney", 
            "test_slices": [
                [
                    0, 
                    224
                ]
            ], 
            "train_slices": [
                [
                    449, 
                    674
                ], 
                [
                    674, 
                    899
                ], 
                [
                    899, 
                    1124
                ]
            ]
        }, 
        "train": {
            "batch_size": 100, 
            "init_scale": 0.002915443393109303, 
            "num_iters": 10000, 
            "seed": 1, 
            "step_size": 0.008223030517877953
        }, 
        "varied_params": {
            "conv_width": 9.602151493177942, 
            "fp_depth": 2.5565054464945782, 
            "fp_length": 598.1632924220264, 
            "h1_size": 52.2306150627057, 
            "log_L2_reg": -5.384348424106938, 
            "log_init_scale": -5.837733363333701, 
            "log_step_size": -4.8008164617175275
        }
    }, 
    {
        "host_name": "handy", 
        "minutes_duration": 0.6439817349116007, 
        "timestamp": "2021-07-09 16:03:19.595710", 
        "training_curve": [
            [
                0, 
                4.475181270725793, 
                4.8517507384360625
            ], 
            [
                526, 
                0.2478612488400609, 
                3.958446415353161
            ], 
            [
                1052, 
                0.1935615675213232, 
                6.0073524113190695
            ], 
            [
                1578, 
                0.1747791074954977, 
                7.444128384515973
            ], 
            [
                2105, 
                0.16408765147152152, 
                8.665102534545882
            ], 
            [
                2631, 
                0.15778214076664737, 
                9.642283900320058
            ], 
            [
                3157, 
                0.15341144766332385, 
                10.496341628507682
            ], 
            [
                3683, 
                0.15061787337856902, 
                11.186080577260059
            ], 
            [
                4210, 
                0.1481421758875862, 
                11.835801432446187
            ], 
            [
                4736, 
                0.14645019447436652, 
                12.341645600546245
            ], 
            [
                5262, 
                0.1730108196473349, 
                12.889296458725243
            ], 
            [
                5788, 
                0.14377100258354253, 
                13.231548118754626
            ], 
            [
                6315, 
                0.15743167684873813, 
                13.673913938458131
            ], 
            [
                6841, 
                0.14210672969205723, 
                13.927408616240163
            ], 
            [
                7367, 
                0.1414971461484738, 
                14.245333303582319
            ], 
            [
                7893, 
                0.1408537286949386, 
                14.503873323117892
            ], 
            [
                8420, 
                0.14029266132195137, 
                14.761224028749155
            ], 
            [
                8946, 
                0.13987350368029422, 
                14.983517808629026
            ], 
            [
                9472, 
                0.13968737035230985, 
                15.18071642566602
            ], 
            [
                9999, 
                0.13926740457045134, 
                15.38782081516324
            ]
        ]
    }
]