[
    {
        "jobnum": 49, 
        "model": {
            "L2_reg": 0.004587828667129028, 
            "conv_width": 10, 
            "fp_depth": 3, 
            "fp_length": 598, 
            "h1_size": 52, 
            "net_type": "mean"
        }, 
        "num_records": 20, 
        "task": {
            "name": "delaney", 
            "test_slices": [
                [
                    0, 
                    224
                ]
            ], 
            "train_slices": [
                [
                    449, 
                    674
                ], 
                [
                    674, 
                    899
                ], 
                [
                    899, 
                    1124
                ]
            ]
        }, 
        "train": {
            "batch_size": 100, 
            "init_scale": 0.002915443393109303, 
            "num_iters": 10000, 
            "seed": 1, 
            "step_size": 0.008223030517877953
        }, 
        "varied_params": {
            "conv_width": 9.602151493177942, 
            "fp_depth": 2.5565054464945782, 
            "fp_length": 598.1632924220264, 
            "h1_size": 52.2306150627057, 
            "log_L2_reg": -5.384348424106938, 
            "log_init_scale": -5.837733363333701, 
            "log_step_size": -4.8008164617175275
        }
    }, 
    {
        "host_name": "schlaubi", 
        "minutes_duration": 0.09768900076548258, 
        "timestamp": "2021-07-09 20:40:55.683769", 
        "training_curve": [
            [
                0, 
                4.453604336112073, 
                4.834730003381196
            ], 
            [
                526, 
                4.453582611096839, 
                4.834631112781717
            ], 
            [
                1052, 
                4.453581426907065, 
                4.8346254309316965
            ], 
            [
                1578, 
                4.4535792515238315, 
                4.83461490214018
            ], 
            [
                2105, 
                4.4535637374326695, 
                4.8345359009553945
            ], 
            [
                2631, 
                4.4535375060268025, 
                4.834379179572333
            ], 
            [
                3157, 
                4.453543983207721, 
                4.834421659215762
            ], 
            [
                3683, 
                4.453582656293545, 
                4.834631328962146
            ], 
            [
                4210, 
                4.4535792576226, 
                4.834614931826629
            ], 
            [
                4736, 
                4.4535915303645845, 
                4.834672867869647
            ], 
            [
                5262, 
                4.453563738761117, 
                4.834535908055154
            ], 
            [
                5788, 
                4.453537506723299, 
                4.834379184321397
            ], 
            [
                6315, 
                4.453582657056031, 
                4.834631332608773
            ], 
            [
                6841, 
                4.453581442099874, 
                4.83462550404642
            ], 
            [
                7367, 
                4.453579257980883, 
                4.8346149335705855
            ], 
            [
                7893, 
                4.4535915305670875, 
                4.834672868798046
            ], 
            [
                8420, 
                4.453537506750255, 
                4.834379184505188
            ], 
            [
                8946, 
                4.453543983659175, 
                4.8344216620691425
            ], 
            [
                9472, 
                4.453582657111016, 
                4.834631332871739
            ], 
            [
                9999, 
                4.453579257995387, 
                4.8346149336411814
            ]
        ]
    }
]