[
    {
        "jobnum": 49, 
        "model": {
            "L2_reg": 0.004587828667129028, 
            "conv_width": 10, 
            "fp_depth": 3, 
            "fp_length": 81, 
            "h1_size": 52, 
            "net_type": "conv_plus_net"
        }, 
        "num_records": 20, 
        "task": {
            "name": "delaney", 
            "test_slices": [
                [
                    0, 
                    224
                ]
            ], 
            "train_slices": [
                [
                    449, 
                    674
                ], 
                [
                    674, 
                    899
                ], 
                [
                    899, 
                    1124
                ]
            ]
        }, 
        "train": {
            "batch_size": 100, 
            "init_scale": 0.002915443393109303, 
            "num_iters": 10000, 
            "seed": 1, 
            "step_size": 0.008223030517877953
        }, 
        "varied_params": {
            "conv_width": 9.602151493177942, 
            "fp_depth": 2.5565054464945782, 
            "fp_length": 80.68481026911405, 
            "h1_size": 52.2306150627057, 
            "log_L2_reg": -5.384348424106938, 
            "log_init_scale": -5.837733363333701, 
            "log_step_size": -4.8008164617175275
        }
    }, 
    {
        "host_name": "schlumpfine", 
        "minutes_duration": 202.68990628321964, 
        "timestamp": "2021-07-09 18:30:48.922843", 
        "training_curve": [
            [
                0, 
                4.453573375775451, 
                4.833717991370615
            ], 
            [
                526, 
                0.3081862679732301, 
                0.5282001477083409
            ], 
            [
                1052, 
                0.18087777235623587, 
                0.4770206330099418
            ], 
            [
                1578, 
                0.147992658726388, 
                0.5057808800624332
            ], 
            [
                2105, 
                0.12038777468583202, 
                0.4634421088151085
            ], 
            [
                2631, 
                0.10963297753760853, 
                0.46462908574163536
            ], 
            [
                3157, 
                0.11102903282933096, 
                0.49430751019230573
            ], 
            [
                3683, 
                0.10321760280008684, 
                0.5313926904087279
            ], 
            [
                4210, 
                0.09499124104269825, 
                0.5393147793503573
            ], 
            [
                4736, 
                0.10110604620331162, 
                0.5137538528280957
            ], 
            [
                5262, 
                0.102423133727683, 
                0.5257116322429963
            ], 
            [
                5788, 
                0.10146290988878609, 
                0.5219328667790265
            ], 
            [
                6315, 
                0.08276788312323788, 
                0.5325244456149271
            ], 
            [
                6841, 
                0.09956077652838644, 
                0.5350120150704594
            ], 
            [
                7367, 
                0.08685927603722166, 
                0.541145017416499
            ], 
            [
                7893, 
                0.09247563187859269, 
                0.5108334887310594
            ], 
            [
                8420, 
                0.08663769288633646, 
                0.5105958578362172
            ], 
            [
                8946, 
                0.10032614821223006, 
                0.5260871967667631
            ], 
            [
                9472, 
                0.09968743412324366, 
                0.5105414114248635
            ], 
            [
                9999, 
                0.0856337037861323, 
                0.5054524510795727
            ]
        ]
    }
]