[
    {
        "jobnum": 49, 
        "model": {
            "L2_reg": 0.004587828667129028, 
            "conv_width": 10, 
            "fp_depth": 3, 
            "fp_length": 598, 
            "h1_size": 52, 
            "net_type": "morgan_plus_net"
        }, 
        "num_records": 20, 
        "task": {
            "name": "delaney", 
            "test_slices": [
                [
                    0, 
                    224
                ]
            ], 
            "train_slices": [
                [
                    449, 
                    674
                ], 
                [
                    674, 
                    899
                ], 
                [
                    899, 
                    1124
                ]
            ]
        }, 
        "train": {
            "batch_size": 100, 
            "init_scale": 0.002915443393109303, 
            "num_iters": 10000, 
            "seed": 1, 
            "step_size": 0.008223030517877953
        }, 
        "varied_params": {
            "conv_width": 9.602151493177942, 
            "fp_depth": 2.5565054464945782, 
            "fp_length": 598.1632924220264, 
            "h1_size": 52.2306150627057, 
            "log_L2_reg": -5.384348424106938, 
            "log_init_scale": -5.837733363333701, 
            "log_step_size": -4.8008164617175275
        }
    }, 
    {
        "host_name": "clumsy", 
        "minutes_duration": 11.406040529410044, 
        "timestamp": "2021-07-09 20:46:09.070162", 
        "training_curve": [
            [
                0, 
                4.45348593332561, 
                4.833634097686735
            ], 
            [
                526, 
                0.09996175392104213, 
                1.716816476799405
            ], 
            [
                1052, 
                0.10482453156647746, 
                1.7376730857006597
            ], 
            [
                1578, 
                0.1122130302720094, 
                1.7570995431516034
            ], 
            [
                2105, 
                0.12212350711661149, 
                1.7441901813192586
            ], 
            [
                2631, 
                0.10416524913401279, 
                1.7687813499737597
            ], 
            [
                3157, 
                0.10760945528330412, 
                1.7599866858055304
            ], 
            [
                3683, 
                0.10669811001172468, 
                1.7663041799660082
            ], 
            [
                4210, 
                0.11050206297712702, 
                1.7578804528465493
            ], 
            [
                4736, 
                0.11603457468499134, 
                1.7623278091319545
            ], 
            [
                5262, 
                0.1165567601637883, 
                1.7992627287851712
            ], 
            [
                5788, 
                0.11660453996527764, 
                1.7946062933284657
            ], 
            [
                6315, 
                0.12644961757738266, 
                1.7680265417865404
            ], 
            [
                6841, 
                0.12484412929778749, 
                1.8075199055274924
            ], 
            [
                7367, 
                0.12317846358417367, 
                1.7404972203171412
            ], 
            [
                7893, 
                0.11166753758277265, 
                1.7644727578215664
            ], 
            [
                8420, 
                0.1142466396000635, 
                1.7568947257744012
            ], 
            [
                8946, 
                0.1114456199753657, 
                1.7728991640302145
            ], 
            [
                9472, 
                0.1126686631429765, 
                1.7721220193805018
            ], 
            [
                9999, 
                0.12464559092958978, 
                1.7813026152332634
            ]
        ]
    }
]