[
    {
        "jobnum": 4, 
        "model": {
            "L2_reg": 0.020577539713676856, 
            "conv_width": 12, 
            "fp_depth": 3, 
            "fp_length": 589, 
            "h1_size": 76, 
            "net_type": "mean"
        }, 
        "num_records": 20, 
        "task": {
            "name": "delaney", 
            "test_slices": [
                [
                    0, 
                    224
                ]
            ], 
            "train_slices": [
                [
                    449, 
                    674
                ], 
                [
                    674, 
                    899
                ], 
                [
                    899, 
                    1124
                ]
            ]
        }, 
        "train": {
            "batch_size": 100, 
            "init_scale": 0.12553644028183322, 
            "num_iters": 10000, 
            "seed": 1, 
            "step_size": 0.0017619180890440656
        }, 
        "varied_params": {
            "conv_width": 11.842254983248228, 
            "fp_depth": 3.32270106830265, 
            "fp_length": 588.9814204595976, 
            "h1_size": 76.09241608750358, 
            "log_L2_reg": -3.8835551031629842, 
            "log_init_scale": -2.0751592017454206, 
            "log_step_size": -6.341352240037906
        }
    }, 
    {
        "host_name": "schlaubi", 
        "minutes_duration": 0.0819215178489685, 
        "timestamp": "2021-07-09 20:36:50.301856", 
        "training_curve": [
            [
                0, 
                4.638686239721932, 
                5.047931333176712
            ], 
            [
                526, 
                4.453570064911343, 
                4.8345690208557
            ], 
            [
                1052, 
                4.453569641084704, 
                4.834566843953119
            ], 
            [
                1578, 
                4.453569340069141, 
                4.834565294381785
            ], 
            [
                2105, 
                4.453566283125485, 
                4.834549389967423
            ], 
            [
                2631, 
                4.453559970823132, 
                4.8345155020495145
            ], 
            [
                3157, 
                4.453561640656636, 
                4.834524612883229
            ], 
            [
                3683, 
                4.453570147446531, 
                4.834569444122157
            ], 
            [
                4210, 
                4.453569442843208, 
                4.834565823768288
            ], 
            [
                4736, 
                4.453571852637173, 
                4.834578141578696
            ], 
            [
                5262, 
                4.4535662697787, 
                4.834549319839787
            ], 
            [
                5788, 
                4.453559885900257, 
                4.834515035728357
            ], 
            [
                6315, 
                4.453570161028823, 
                4.834569513755915
            ], 
            [
                6841, 
                4.4535698886939254, 
                4.8345681164392
            ], 
            [
                7367, 
                4.453569449276243, 
                4.8345658568934535
            ], 
            [
                7893, 
                4.453571859986295, 
                4.834578178870801
            ], 
            [
                8420, 
                4.453559882605424, 
                4.834515017630167
            ], 
            [
                8946, 
                4.453561601943921, 
                4.834524402901244
            ], 
            [
                9472, 
                4.453570162013189, 
                4.8345695188023425
            ], 
            [
                9999, 
                4.453569449537185, 
                4.8345658582370765
            ]
        ]
    }
]