[
    {
        "jobnum": 4, 
        "model": {
            "L2_reg": 0.020577539713676856, 
            "conv_width": 12, 
            "fp_depth": 3, 
            "fp_length": 80, 
            "h1_size": 76, 
            "net_type": "conv_plus_net"
        }, 
        "num_records": 20, 
        "task": {
            "name": "delaney", 
            "test_slices": [
                [
                    0, 
                    224
                ]
            ], 
            "train_slices": [
                [
                    449, 
                    674
                ], 
                [
                    674, 
                    899
                ], 
                [
                    899, 
                    1124
                ]
            ]
        }, 
        "train": {
            "batch_size": 100, 
            "init_scale": 0.12553644028183322, 
            "num_iters": 10000, 
            "seed": 1, 
            "step_size": 0.0017619180890440656
        }, 
        "varied_params": {
            "conv_width": 11.842254983248228, 
            "fp_depth": 3.32270106830265, 
            "fp_length": 79.66460227328864, 
            "h1_size": 76.09241608750358, 
            "log_L2_reg": -3.8835551031629842, 
            "log_init_scale": -2.0751592017454206, 
            "log_step_size": -6.341352240037906
        }
    }, 
    {
        "host_name": "schlaubi", 
        "minutes_duration": 220.62754255135854, 
        "timestamp": "2021-07-09 18:48:20.737633", 
        "training_curve": [
            [
                0, 
                4.412410581149491, 
                4.791491249664816
            ], 
            [
                526, 
                0.24805861175006583, 
                0.4962640502827868
            ], 
            [
                1052, 
                0.17722156723638394, 
                0.4549783690117084
            ], 
            [
                1578, 
                0.14880657842549855, 
                0.5096299421066124
            ], 
            [
                2105, 
                0.11509765737341164, 
                0.5050877576048988
            ], 
            [
                2631, 
                0.11699851964632897, 
                0.5475509889182234
            ], 
            [
                3157, 
                0.09913114504278787, 
                0.605791426421301
            ], 
            [
                3683, 
                0.11437585538038042, 
                0.633849067330638
            ], 
            [
                4210, 
                0.08551272696104247, 
                0.6128045832612897
            ], 
            [
                4736, 
                0.09666289348340422, 
                0.6745208148989378
            ], 
            [
                5262, 
                0.0857681912135289, 
                0.6533159955548254
            ], 
            [
                5788, 
                0.10077224034700698, 
                0.6909498220557871
            ], 
            [
                6315, 
                0.08816765623366403, 
                0.6793196605112916
            ], 
            [
                6841, 
                0.08885691282977427, 
                0.7016307788354632
            ], 
            [
                7367, 
                0.08742206586033253, 
                0.6805057774049593
            ], 
            [
                7893, 
                0.08108796313434878, 
                0.6683730484080806
            ], 
            [
                8420, 
                0.08543599830339886, 
                0.6841767030026428
            ], 
            [
                8946, 
                0.0836662211172451, 
                0.6551759660520233
            ], 
            [
                9472, 
                0.08787234812972178, 
                0.6933966721933568
            ], 
            [
                9999, 
                0.08536959667872963, 
                0.6773126050876137
            ]
        ]
    }
]