[
    {
        "jobnum": 4, 
        "model": {
            "L2_reg": 0.020577539713676856, 
            "conv_width": 12, 
            "fp_depth": 3, 
            "fp_length": 589, 
            "h1_size": 76, 
            "net_type": "morgan_plus_net"
        }, 
        "num_records": 20, 
        "task": {
            "name": "delaney", 
            "test_slices": [
                [
                    0, 
                    224
                ]
            ], 
            "train_slices": [
                [
                    449, 
                    674
                ], 
                [
                    674, 
                    899
                ], 
                [
                    899, 
                    1124
                ]
            ]
        }, 
        "train": {
            "batch_size": 100, 
            "init_scale": 0.12553644028183322, 
            "num_iters": 10000, 
            "seed": 1, 
            "step_size": 0.0017619180890440656
        }, 
        "varied_params": {
            "conv_width": 11.842254983248228, 
            "fp_depth": 3.32270106830265, 
            "fp_length": 588.9814204595976, 
            "h1_size": 76.09241608750358, 
            "log_L2_reg": -3.8835551031629842, 
            "log_init_scale": -2.0751592017454206, 
            "log_step_size": -6.341352240037906
        }
    }, 
    {
        "host_name": "handy", 
        "minutes_duration": 4.575566665331523, 
        "timestamp": "2021-07-09 20:02:07.756076", 
        "training_curve": [
            [
                0, 
                4.874359469167058, 
                5.110419662452162
            ], 
            [
                526, 
                0.07645025951556693, 
                1.7476948821568261
            ], 
            [
                1052, 
                0.12137539783081595, 
                1.7732336106455724
            ], 
            [
                1578, 
                0.13344368418827535, 
                1.7766652797949216
            ], 
            [
                2105, 
                0.13767798835568454, 
                1.7673856200436742
            ], 
            [
                2631, 
                0.13589773448854872, 
                1.7445246181647849
            ], 
            [
                3157, 
                0.13293123225346784, 
                1.7245815775974098
            ], 
            [
                3683, 
                0.1305158896285366, 
                1.709304076795934
            ], 
            [
                4210, 
                0.12770778097689903, 
                1.693306015851397
            ], 
            [
                4736, 
                0.12499758986012306, 
                1.679122109247103
            ], 
            [
                5262, 
                0.12371031699993881, 
                1.659779854473555
            ], 
            [
                5788, 
                0.12333045802502875, 
                1.6549316679589219
            ], 
            [
                6315, 
                0.12275621456810384, 
                1.6462191152089376
            ], 
            [
                6841, 
                0.12178706359296358, 
                1.6438738240211113
            ], 
            [
                7367, 
                0.12111331169487294, 
                1.6473918904868938
            ], 
            [
                7893, 
                0.12099271052884597, 
                1.6347587302244975
            ], 
            [
                8420, 
                0.12068293000623326, 
                1.6325687573937135
            ], 
            [
                8946, 
                0.12132293301571441, 
                1.6403619019676483
            ], 
            [
                9472, 
                0.11919108791168359, 
                1.6381516492748882
            ], 
            [
                9999, 
                0.12160615176458561, 
                1.6471087664666515
            ]
        ]
    }
]