[
    {
        "jobnum": 4, 
        "model": {
            "L2_reg": 0.020577539713676856, 
            "conv_width": 12, 
            "fp_depth": 3, 
            "fp_length": 80, 
            "h1_size": 76, 
            "net_type": "conv_plus_linear"
        }, 
        "num_records": 20, 
        "task": {
            "name": "delaney", 
            "test_slices": [
                [
                    0, 
                    224
                ]
            ], 
            "train_slices": [
                [
                    449, 
                    674
                ], 
                [
                    674, 
                    899
                ], 
                [
                    899, 
                    1124
                ]
            ]
        }, 
        "train": {
            "batch_size": 100, 
            "init_scale": 0.12553644028183322, 
            "num_iters": 10000, 
            "seed": 1, 
            "step_size": 0.0017619180890440656
        }, 
        "varied_params": {
            "conv_width": 11.842254983248228, 
            "fp_depth": 3.32270106830265, 
            "fp_length": 79.66460227328864, 
            "h1_size": 76.09241608750358, 
            "log_L2_reg": -3.8835551031629842, 
            "log_init_scale": -2.0751592017454206, 
            "log_step_size": -6.341352240037906
        }
    }, 
    {
        "host_name": "clumsy", 
        "minutes_duration": 211.34407518307367, 
        "timestamp": "2021-07-09 20:20:51.613515", 
        "training_curve": [
            [
                0, 
                4.282638108216253, 
                4.531076788099822
            ], 
            [
                526, 
                0.36030425093240326, 
                0.5742975682804492
            ], 
            [
                1052, 
                0.23113598691659717, 
                0.5455983220826303
            ], 
            [
                1578, 
                0.185304053700222, 
                0.5584996446188428
            ], 
            [
                2105, 
                0.1630873214466616, 
                0.5716178422227619
            ], 
            [
                2631, 
                0.15531169934129754, 
                0.5711657161937161
            ], 
            [
                3157, 
                0.1362127622453096, 
                0.5997101130305419
            ], 
            [
                3683, 
                0.12747924710565325, 
                0.6062448269139217
            ], 
            [
                4210, 
                0.1327533407854086, 
                0.6099788061059819
            ], 
            [
                4736, 
                0.1203122350588477, 
                0.650957162679072
            ], 
            [
                5262, 
                0.14181203698126016, 
                0.7006448708557542
            ], 
            [
                5788, 
                0.1228886816902742, 
                0.6940766328548936
            ], 
            [
                6315, 
                0.1218091965270529, 
                0.7174616003489788
            ], 
            [
                6841, 
                0.12008571726863257, 
                0.7027656508079293
            ], 
            [
                7367, 
                0.11937565997446402, 
                0.6646537730895681
            ], 
            [
                7893, 
                0.12997470475307885, 
                0.7287699870321046
            ], 
            [
                8420, 
                0.12697336766425646, 
                0.6911053335984614
            ], 
            [
                8946, 
                0.11448015612727816, 
                0.6957868507485904
            ], 
            [
                9472, 
                0.11186866471428562, 
                0.6849421348407775
            ], 
            [
                9999, 
                0.11191937351232574, 
                0.722390279345748
            ]
        ]
    }
]