[
    {
        "jobnum": 5, 
        "model": {
            "L2_reg": 0.3448905960977021, 
            "conv_width": 15, 
            "fp_depth": 4, 
            "fp_length": 56, 
            "h1_size": 81, 
            "net_type": "conv_plus_net"
        }, 
        "num_records": 20, 
        "task": {
            "name": "delaney", 
            "test_slices": [
                [
                    0, 
                    224
                ]
            ], 
            "train_slices": [
                [
                    449, 
                    674
                ], 
                [
                    674, 
                    899
                ], 
                [
                    899, 
                    1124
                ]
            ]
        }, 
        "train": {
            "batch_size": 100, 
            "init_scale": 0.02356181666386867, 
            "num_iters": 10000, 
            "seed": 1, 
            "step_size": 0.0038811758811447094
        }, 
        "varied_params": {
            "conv_width": 15.227304486552251, 
            "fp_depth": 3.8312442355438723, 
            "fp_length": 56.26488486426403, 
            "h1_size": 80.88177485379386, 
            "log_L2_reg": -1.0645280250019447, 
            "log_init_scale": -3.748127815197366, 
            "log_step_size": -5.551617109110314
        }
    }, 
    {
        "host_name": "schlaubi", 
        "minutes_duration": 259.8686904509862, 
        "timestamp": "2021-07-09 19:27:35.208549", 
        "training_curve": [
            [
                0, 
                4.4614205923840355, 
                4.840804788633806
            ], 
            [
                526, 
                0.2190064584845852, 
                0.4890258469772068
            ], 
            [
                1052, 
                0.1454729194954463, 
                0.5169449897903778
            ], 
            [
                1578, 
                0.1408725962416595, 
                0.5032174763106397
            ], 
            [
                2105, 
                0.10216427945481373, 
                0.5241139805686167
            ], 
            [
                2631, 
                0.09377337675678425, 
                0.5752604320587376
            ], 
            [
                3157, 
                0.08321892682062204, 
                0.60866578888191
            ], 
            [
                3683, 
                0.09518599362839074, 
                0.5565127145512552
            ], 
            [
                4210, 
                0.0834712844490372, 
                0.5666602843221374
            ], 
            [
                4736, 
                0.08879100421841873, 
                0.5826419602939842
            ], 
            [
                5262, 
                0.0834185674222855, 
                0.5742961431819288
            ], 
            [
                5788, 
                0.07422893191970666, 
                0.5759524373526504
            ], 
            [
                6315, 
                0.08368856372349912, 
                0.6349503852643955
            ], 
            [
                6841, 
                0.06859504133167363, 
                0.5947373283213329
            ], 
            [
                7367, 
                0.06713974459322092, 
                0.5669372398777758
            ], 
            [
                7893, 
                0.07133534163544676, 
                0.5345494911520444
            ], 
            [
                8420, 
                0.07116379115084569, 
                0.5736705624719315
            ], 
            [
                8946, 
                0.07088884731528024, 
                0.5747928200914627
            ], 
            [
                9472, 
                0.0739276171678295, 
                0.5566916835522081
            ], 
            [
                9999, 
                0.07069345299825017, 
                0.552748646115314
            ]
        ]
    }
]