[
    {
        "jobnum": 5, 
        "model": {
            "L2_reg": 0.3448905960977021, 
            "conv_width": 15, 
            "fp_depth": 4, 
            "fp_length": 378, 
            "h1_size": 81, 
            "net_type": "mean"
        }, 
        "num_records": 20, 
        "task": {
            "name": "delaney", 
            "test_slices": [
                [
                    0, 
                    224
                ]
            ], 
            "train_slices": [
                [
                    449, 
                    674
                ], 
                [
                    674, 
                    899
                ], 
                [
                    899, 
                    1124
                ]
            ]
        }, 
        "train": {
            "batch_size": 100, 
            "init_scale": 0.02356181666386867, 
            "num_iters": 10000, 
            "seed": 1, 
            "step_size": 0.0038811758811447094
        }, 
        "varied_params": {
            "conv_width": 15.227304486552251, 
            "fp_depth": 3.8312442355438723, 
            "fp_length": 378.3839637783763, 
            "h1_size": 80.88177485379386, 
            "log_L2_reg": -1.0645280250019447, 
            "log_init_scale": -3.748127815197366, 
            "log_step_size": -5.551617109110314
        }
    }, 
    {
        "host_name": "handy", 
        "minutes_duration": 0.06858534812927246, 
        "timestamp": "2021-07-09 20:37:19.671103", 
        "training_curve": [
            [
                0, 
                4.460027891209997, 
                4.845888181291847
            ], 
            [
                526, 
                4.453574094244121, 
                4.834589441843465
            ], 
            [
                1052, 
                4.453573532036515, 
                4.83458662154013
            ], 
            [
                1578, 
                4.453572552193626, 
                4.83458168410056
            ], 
            [
                2105, 
                4.4535654485899006, 
                4.834544993220433
            ], 
            [
                2631, 
                4.453551931875931, 
                4.8344699623632925
            ], 
            [
                3157, 
                4.453555481334331, 
                4.834490432604363
            ], 
            [
                3683, 
                4.453574140978917, 
                4.834589675876585
            ], 
            [
                4210, 
                4.45357255902702, 
                4.834581718632346
            ], 
            [
                4736, 
                4.453578028650567, 
                4.834608930076669
            ], 
            [
                5262, 
                4.453565450292983, 
                4.834545002217843
            ], 
            [
                5788, 
                4.453551931727865, 
                4.83446996149641
            ], 
            [
                6315, 
                4.45357414176211, 
                4.8345896797980386
            ], 
            [
                6841, 
                4.4535735484235754, 
                4.834586703875246
            ], 
            [
                7367, 
                4.453572559427799, 
                4.834581720657593
            ], 
            [
                7893, 
                4.453578028937506, 
                4.834608931482584
            ], 
            [
                8420, 
                4.453551931722696, 
                4.834469961466151
            ], 
            [
                8946, 
                4.4535554814230425, 
                4.834490433108486
            ], 
            [
                9472, 
                4.453574141818553, 
                4.834589680080649
            ], 
            [
                9999, 
                4.453572559444016, 
                4.834581720739542
            ]
        ]
    }
]