[
    {
        "jobnum": 5, 
        "model": {
            "L2_reg": 0.3448905960977021, 
            "conv_width": 15, 
            "fp_depth": 4, 
            "fp_length": 378, 
            "h1_size": 81, 
            "net_type": "morgan_plus_linear"
        }, 
        "num_records": 20, 
        "task": {
            "name": "delaney", 
            "test_slices": [
                [
                    0, 
                    224
                ]
            ], 
            "train_slices": [
                [
                    449, 
                    674
                ], 
                [
                    674, 
                    899
                ], 
                [
                    899, 
                    1124
                ]
            ]
        }, 
        "train": {
            "batch_size": 100, 
            "init_scale": 0.02356181666386867, 
            "num_iters": 10000, 
            "seed": 1, 
            "step_size": 0.0038811758811447094
        }, 
        "varied_params": {
            "conv_width": 15.227304486552251, 
            "fp_depth": 3.8312442355438723, 
            "fp_length": 378.3839637783763, 
            "h1_size": 80.88177485379386, 
            "log_L2_reg": -1.0645280250019447, 
            "log_init_scale": -3.748127815197366, 
            "log_step_size": -5.551617109110314
        }
    }, 
    {
        "host_name": "schlumpfine", 
        "minutes_duration": 1.3143500169118245, 
        "timestamp": "2021-07-09 15:20:12.129152", 
        "training_curve": [
            [
                0, 
                4.682769710086849, 
                5.035687814952714
            ], 
            [
                526, 
                0.6676612692716604, 
                2.9126391758251677
            ], 
            [
                1052, 
                0.6111443675975481, 
                3.3433957165436365
            ], 
            [
                1578, 
                0.601452657808294, 
                3.471698953019857
            ], 
            [
                2105, 
                0.5986863618015509, 
                3.529156333148598
            ], 
            [
                2631, 
                0.5977682834399192, 
                3.558173002359591
            ], 
            [
                3157, 
                0.5976727497443938, 
                3.569659288241355
            ], 
            [
                3683, 
                0.597513558966323, 
                3.558900136023958
            ], 
            [
                4210, 
                0.5975605416283355, 
                3.552102866917647
            ], 
            [
                4736, 
                0.5974484989026942, 
                3.5557855344564513
            ], 
            [
                5262, 
                0.5973221915465791, 
                3.5622140713306467
            ], 
            [
                5788, 
                0.597243829689971, 
                3.572001355512057
            ], 
            [
                6315, 
                0.5974230302317277, 
                3.5611753693844332
            ], 
            [
                6841, 
                0.5975023981571338, 
                3.556218717724898
            ], 
            [
                7367, 
                0.5975207963190964, 
                3.5530427151940365
            ], 
            [
                7893, 
                0.59743040368673, 
                3.5561827302057187
            ], 
            [
                8420, 
                0.5972399371948854, 
                3.5720875614259238
            ], 
            [
                8946, 
                0.5974583662597704, 
                3.575481173858037
            ], 
            [
                9472, 
                0.5974211751270395, 
                3.5612024812902954
            ], 
            [
                9999, 
                0.5975203817152145, 
                3.55304607334703
            ]
        ]
    }
]