[
    {
        "jobnum": 5, 
        "model": {
            "L2_reg": 0.3448905960977021, 
            "conv_width": 15, 
            "fp_depth": 4, 
            "fp_length": 378, 
            "h1_size": 81, 
            "net_type": "morgan_plus_net"
        }, 
        "num_records": 20, 
        "task": {
            "name": "delaney", 
            "test_slices": [
                [
                    0, 
                    224
                ]
            ], 
            "train_slices": [
                [
                    449, 
                    674
                ], 
                [
                    674, 
                    899
                ], 
                [
                    899, 
                    1124
                ]
            ]
        }, 
        "train": {
            "batch_size": 100, 
            "init_scale": 0.02356181666386867, 
            "num_iters": 10000, 
            "seed": 1, 
            "step_size": 0.0038811758811447094
        }, 
        "varied_params": {
            "conv_width": 15.227304486552251, 
            "fp_depth": 3.8312442355438723, 
            "fp_length": 378.3839637783763, 
            "h1_size": 80.88177485379386, 
            "log_L2_reg": -1.0645280250019447, 
            "log_init_scale": -3.748127815197366, 
            "log_step_size": -5.551617109110314
        }
    }, 
    {
        "host_name": "clumsy", 
        "minutes_duration": 12.887984466552734, 
        "timestamp": "2021-07-09 20:12:26.791875", 
        "training_curve": [
            [
                0, 
                4.468369622843233, 
                4.8522338489901085
            ], 
            [
                526, 
                0.04346338873620659, 
                2.4872461807320234
            ], 
            [
                1052, 
                0.0544233040460744, 
                2.514407103567322
            ], 
            [
                1578, 
                0.10406164190619618, 
                2.4410526563347057
            ], 
            [
                2105, 
                0.04958763412574554, 
                2.3917474027356858
            ], 
            [
                2631, 
                0.06327802658753937, 
                2.319982352189677
            ], 
            [
                3157, 
                0.049852945734576055, 
                2.300423208889338
            ], 
            [
                3683, 
                0.05740837685261261, 
                2.2525413851781115
            ], 
            [
                4210, 
                0.050235611620965605, 
                2.2359153596973527
            ], 
            [
                4736, 
                0.05284965125888502, 
                2.2150782306431345
            ], 
            [
                5262, 
                0.08811470199775702, 
                2.202047362217917
            ], 
            [
                5788, 
                0.06673689960448669, 
                2.191142778151229
            ], 
            [
                6315, 
                0.05135576165985314, 
                2.166046135684535
            ], 
            [
                6841, 
                0.051886199573121995, 
                2.1521924030577586
            ], 
            [
                7367, 
                0.052849109194299596, 
                2.1180385305054963
            ], 
            [
                7893, 
                0.10338719716583547, 
                2.1058457521388374
            ], 
            [
                8420, 
                0.0669220502318394, 
                2.0876708566000453
            ], 
            [
                8946, 
                0.06266240189679893, 
                2.0856381933267447
            ], 
            [
                9472, 
                0.062275755539496484, 
                2.085286754948407
            ], 
            [
                9999, 
                0.05270929509610402, 
                2.0942117119638404
            ]
        ]
    }
]