[
    {
        "jobnum": 6, 
        "model": {
            "L2_reg": 0.5138282175772946, 
            "conv_width": 8, 
            "fp_depth": 3, 
            "fp_length": 146, 
            "h1_size": 85, 
            "net_type": "morgan_plus_net"
        }, 
        "num_records": 20, 
        "task": {
            "name": "delaney", 
            "test_slices": [
                [
                    0, 
                    224
                ]
            ], 
            "train_slices": [
                [
                    449, 
                    674
                ], 
                [
                    674, 
                    899
                ], 
                [
                    899, 
                    1124
                ]
            ]
        }, 
        "train": {
            "batch_size": 100, 
            "init_scale": 0.03832267951172023, 
            "num_iters": 10000, 
            "seed": 1, 
            "step_size": 0.00042684136961778653
        }, 
        "varied_params": {
            "conv_width": 8.155738416107614, 
            "fp_depth": 3.0119136088544782, 
            "fp_length": 145.95770803609213, 
            "h1_size": 84.88155979636323, 
            "log_L2_reg": -0.6658662764346586, 
            "log_init_scale": -3.2617134036967355, 
            "log_step_size": -7.759098113482921
        }
    }, 
    {
        "host_name": "papaschlumpf", 
        "minutes_duration": 9.82389543056488, 
        "timestamp": "2021-07-09 20:10:23.370520", 
        "training_curve": [
            [
                0, 
                4.514287332121659, 
                4.887530050824607
            ], 
            [
                526, 
                0.4510621897331937, 
                1.7892034054721775
            ], 
            [
                1052, 
                0.14307564136325512, 
                1.85441890470784
            ], 
            [
                1578, 
                0.09243364249604769, 
                1.9028860265851033
            ], 
            [
                2105, 
                0.08597066524564116, 
                1.9216713362992717
            ], 
            [
                2631, 
                0.08868295894683803, 
                1.9198534658926651
            ], 
            [
                3157, 
                0.0951961403096045, 
                1.9119773431265057
            ], 
            [
                3683, 
                0.1043322240880566, 
                1.9122903258464028
            ], 
            [
                4210, 
                0.11507565536487585, 
                1.9146798114535974
            ], 
            [
                4736, 
                0.12590814645723808, 
                1.928195947536325
            ], 
            [
                5262, 
                0.1337071295680122, 
                1.9497695976162457
            ], 
            [
                5788, 
                0.14202288370430285, 
                1.9628508360770662
            ], 
            [
                6315, 
                0.14632822431923165, 
                1.979397493614062
            ], 
            [
                6841, 
                0.1571938010398608, 
                2.0058953140197158
            ], 
            [
                7367, 
                0.15410901716204656, 
                1.991728095504216
            ], 
            [
                7893, 
                0.15729237870423946, 
                2.0032281413571935
            ], 
            [
                8420, 
                0.15962286961903294, 
                2.0071879857169415
            ], 
            [
                8946, 
                0.16185254233767993, 
                2.0141975897073556
            ], 
            [
                9472, 
                0.16280435699199955, 
                2.013630832277862
            ], 
            [
                9999, 
                0.16466583932291867, 
                2.015611221004989
            ]
        ]
    }
]