[
    {
        "jobnum": 6, 
        "model": {
            "L2_reg": 0.5138282175772946, 
            "conv_width": 8, 
            "fp_depth": 3, 
            "fp_length": 30, 
            "h1_size": 85, 
            "net_type": "conv_plus_linear"
        }, 
        "num_records": 20, 
        "task": {
            "name": "delaney", 
            "test_slices": [
                [
                    0, 
                    224
                ]
            ], 
            "train_slices": [
                [
                    449, 
                    674
                ], 
                [
                    674, 
                    899
                ], 
                [
                    899, 
                    1124
                ]
            ]
        }, 
        "train": {
            "batch_size": 100, 
            "init_scale": 0.03832267951172023, 
            "num_iters": 10000, 
            "seed": 1, 
            "step_size": 0.00042684136961778653
        }, 
        "varied_params": {
            "conv_width": 8.155738416107614, 
            "fp_depth": 3.0119136088544782, 
            "fp_length": 30.43974533734357, 
            "h1_size": 84.88155979636323, 
            "log_L2_reg": -0.6658662764346586, 
            "log_init_scale": -3.2617134036967355, 
            "log_step_size": -7.759098113482921
        }
    }, 
    {
        "host_name": "clumsy", 
        "minutes_duration": 161.4393239657084, 
        "timestamp": "2021-07-09 19:30:57.399848", 
        "training_curve": [
            [
                0, 
                5.857361050692869, 
                6.278272733957766
            ], 
            [
                526, 
                1.7013588535068662, 
                1.9956754682297506
            ], 
            [
                1052, 
                0.9254504831977227, 
                1.212731736831272
            ], 
            [
                1578, 
                0.7877561682002352, 
                1.040551567921977
            ], 
            [
                2105, 
                0.6526102407693034, 
                0.856578804039156
            ], 
            [
                2631, 
                0.552155251500441, 
                0.7171264267627058
            ], 
            [
                3157, 
                0.4808175338006822, 
                0.6269421216582189
            ], 
            [
                3683, 
                0.4318763772831218, 
                0.5850696811419127
            ], 
            [
                4210, 
                0.40083128984828614, 
                0.5726090743234036
            ], 
            [
                4736, 
                0.3786583454572576, 
                0.5743116284227217
            ], 
            [
                5262, 
                0.3602544012575681, 
                0.5777289554293785
            ], 
            [
                5788, 
                0.345376683017462, 
                0.5847364405504193
            ], 
            [
                6315, 
                0.3332959623334751, 
                0.6015000502686113
            ], 
            [
                6841, 
                0.32221586760251025, 
                0.6094635446676413
            ], 
            [
                7367, 
                0.31174953696315266, 
                0.6196608669754445
            ], 
            [
                7893, 
                0.30161709960230043, 
                0.6354843490178793
            ], 
            [
                8420, 
                0.2925977861930973, 
                0.6437913104462822
            ], 
            [
                8946, 
                0.283433557329578, 
                0.653739265432616
            ], 
            [
                9472, 
                0.2748262875816417, 
                0.6665382363680824
            ], 
            [
                9999, 
                0.2666593162756043, 
                0.6773897606246422
            ]
        ]
    }
]