[
    {
        "jobnum": 6, 
        "model": {
            "L2_reg": 0.5138282175772946, 
            "conv_width": 8, 
            "fp_depth": 3, 
            "fp_length": 146, 
            "h1_size": 85, 
            "net_type": "morgan_plus_linear"
        }, 
        "num_records": 20, 
        "task": {
            "name": "delaney", 
            "test_slices": [
                [
                    0, 
                    224
                ]
            ], 
            "train_slices": [
                [
                    449, 
                    674
                ], 
                [
                    674, 
                    899
                ], 
                [
                    899, 
                    1124
                ]
            ]
        }, 
        "train": {
            "batch_size": 100, 
            "init_scale": 0.03832267951172023, 
            "num_iters": 10000, 
            "seed": 1, 
            "step_size": 0.00042684136961778653
        }, 
        "varied_params": {
            "conv_width": 8.155738416107614, 
            "fp_depth": 3.0119136088544782, 
            "fp_length": 145.95770803609213, 
            "h1_size": 84.88155979636323, 
            "log_L2_reg": -0.6658662764346586, 
            "log_init_scale": -3.2617134036967355, 
            "log_step_size": -7.759098113482921
        }
    }, 
    {
        "host_name": "schlumpfine", 
        "minutes_duration": 0.501422385374705, 
        "timestamp": "2021-07-09 15:21:41.247516", 
        "training_curve": [
            [
                0, 
                4.4750481587690825, 
                4.85670829768871
            ], 
            [
                526, 
                2.2104095373004458, 
                2.774464226609768
            ], 
            [
                1052, 
                1.7986942806586808, 
                2.4780887059588967
            ], 
            [
                1578, 
                1.6562640636212738, 
                2.4400050724345426
            ], 
            [
                2105, 
                1.595088605919487, 
                2.4553073208226905
            ], 
            [
                2631, 
                1.565302765720553, 
                2.4757619096403505
            ], 
            [
                3157, 
                1.5491410856143024, 
                2.4917173610068954
            ], 
            [
                3683, 
                1.5395630704883567, 
                2.5026059322043497
            ], 
            [
                4210, 
                1.5334849755672961, 
                2.5092741810546952
            ], 
            [
                4736, 
                1.5294313029249342, 
                2.5137167976440944
            ], 
            [
                5262, 
                1.5265881640774017, 
                2.516945755715312
            ], 
            [
                5788, 
                1.5245375712104565, 
                2.5191025908628717
            ], 
            [
                6315, 
                1.523058944082048, 
                2.520834924365771
            ], 
            [
                6841, 
                1.5219418217822225, 
                2.521718110930063
            ], 
            [
                7367, 
                1.521087422984354, 
                2.522150261622119
            ], 
            [
                7893, 
                1.5204273540960862, 
                2.522529736872341
            ], 
            [
                8420, 
                1.51985993423996, 
                2.523323332578013
            ], 
            [
                8946, 
                1.5194510819669635, 
                2.5238940209992227
            ], 
            [
                9472, 
                1.519122045236291, 
                2.524349616269935
            ], 
            [
                9999, 
                1.5188612861163455, 
                2.5241578575651036
            ]
        ]
    }
]