[
    {
        "jobnum": 6, 
        "model": {
            "L2_reg": 0.5138282175772946, 
            "conv_width": 8, 
            "fp_depth": 3, 
            "fp_length": 30, 
            "h1_size": 85, 
            "net_type": "conv_plus_net"
        }, 
        "num_records": 20, 
        "task": {
            "name": "delaney", 
            "test_slices": [
                [
                    0, 
                    224
                ]
            ], 
            "train_slices": [
                [
                    449, 
                    674
                ], 
                [
                    674, 
                    899
                ], 
                [
                    899, 
                    1124
                ]
            ]
        }, 
        "train": {
            "batch_size": 100, 
            "init_scale": 0.03832267951172023, 
            "num_iters": 10000, 
            "seed": 1, 
            "step_size": 0.00042684136961778653
        }, 
        "varied_params": {
            "conv_width": 8.155738416107614, 
            "fp_depth": 3.0119136088544782, 
            "fp_length": 30.43974533734357, 
            "h1_size": 84.88155979636323, 
            "log_L2_reg": -0.6658662764346586, 
            "log_init_scale": -3.2617134036967355, 
            "log_step_size": -7.759098113482921
        }
    }, 
    {
        "host_name": "schlaubi", 
        "minutes_duration": 161.87476618289946, 
        "timestamp": "2021-07-09 17:49:35.515617", 
        "training_curve": [
            [
                0, 
                4.154203094241545, 
                4.529788998119047
            ], 
            [
                526, 
                0.7466071830906802, 
                0.7660315889374699
            ], 
            [
                1052, 
                0.444093535463119, 
                0.6052828977785873
            ], 
            [
                1578, 
                0.3643014105248372, 
                0.5502629158336402
            ], 
            [
                2105, 
                0.29563125555666836, 
                0.509260583268131
            ], 
            [
                2631, 
                0.2552545508962623, 
                0.48820287121425515
            ], 
            [
                3157, 
                0.23235296599530203, 
                0.46841632169950526
            ], 
            [
                3683, 
                0.21703714473135546, 
                0.45511019146275916
            ], 
            [
                4210, 
                0.2043946512337284, 
                0.4418662130394543
            ], 
            [
                4736, 
                0.19531707079689883, 
                0.44391487128657925
            ], 
            [
                5262, 
                0.18930407668903676, 
                0.44657201460865703
            ], 
            [
                5788, 
                0.18401317855267346, 
                0.4581265278595082
            ], 
            [
                6315, 
                0.18206550594744456, 
                0.4684403112393253
            ], 
            [
                6841, 
                0.1740188455426016, 
                0.47356543507493437
            ], 
            [
                7367, 
                0.16872574526211084, 
                0.48129044138791494
            ], 
            [
                7893, 
                0.1656400415042039, 
                0.48832877652808776
            ], 
            [
                8420, 
                0.16572591037025972, 
                0.4975071886505628
            ], 
            [
                8946, 
                0.16020688040379902, 
                0.5001764836497218
            ], 
            [
                9472, 
                0.1631199325127468, 
                0.5191929451317733
            ], 
            [
                9999, 
                0.1561196990301856, 
                0.524022456519327
            ]
        ]
    }
]