[
    {
        "jobnum": 7, 
        "model": {
            "L2_reg": 0.08281153693764436, 
            "conv_width": 7, 
            "fp_depth": 4, 
            "fp_length": 227, 
            "h1_size": 68, 
            "net_type": "mean"
        }, 
        "num_records": 20, 
        "task": {
            "name": "delaney", 
            "test_slices": [
                [
                    0, 
                    224
                ]
            ], 
            "train_slices": [
                [
                    449, 
                    674
                ], 
                [
                    674, 
                    899
                ], 
                [
                    899, 
                    1124
                ]
            ]
        }, 
        "train": {
            "batch_size": 100, 
            "init_scale": 0.07098845139778812, 
            "num_iters": 10000, 
            "seed": 1, 
            "step_size": 0.0032822933188357143
        }, 
        "varied_params": {
            "conv_width": 6.530672161220421, 
            "fp_depth": 3.9651215141776786, 
            "fp_length": 226.54777014359337, 
            "h1_size": 68.18553854713113, 
            "log_L2_reg": -2.4911878923014372, 
            "log_init_scale": -2.645238071539985, 
            "log_step_size": -5.719212918328481
        }
    }, 
    {
        "host_name": "clumsy", 
        "minutes_duration": 0.0858480175336202, 
        "timestamp": "2021-07-09 20:37:50.955101", 
        "training_curve": [
            [
                0, 
                4.512719773337139, 
                4.909455931243199
            ], 
            [
                526, 
                4.4535728291501275, 
                4.834583082558138
            ], 
            [
                1052, 
                4.453572439736821, 
                4.8345811156129
            ], 
            [
                1578, 
                4.453571643982289, 
                4.834577082106057
            ], 
            [
                2105, 
                4.453565683768709, 
                4.834546234712097
            ], 
            [
                2631, 
                4.453554132957383, 
                4.834482727849114
            ], 
            [
                3157, 
                4.453557183677632, 
                4.834500041177615
            ], 
            [
                3683, 
                4.453573002193891, 
                4.8345839551685
            ], 
            [
                4210, 
                4.453571668662841, 
                4.83457720749364
            ], 
            [
                4736, 
                4.453576256186956, 
                4.834600203388265
            ], 
            [
                5262, 
                4.453565682916946, 
                4.8345462302191935
            ], 
            [
                5788, 
                4.453554118982732, 
                4.834482647547882
            ], 
            [
                6315, 
                4.453573005205239, 
                4.834583970346053
            ], 
            [
                6841, 
                4.453572501571937, 
                4.834581428246229
            ], 
            [
                7367, 
                4.453571670116276, 
                4.834577214877124
            ], 
            [
                7893, 
                4.453576257711439, 
                4.834600210930683
            ], 
            [
                8420, 
                4.453554118452281, 
                4.834482644499624
            ], 
            [
                8946, 
                4.453557177410926, 
                4.8345000060423065
            ], 
            [
                9472, 
                4.453573005421698, 
                4.834583971437017
            ], 
            [
                9999, 
                4.453571670174884, 
                4.8345772151748525
            ]
        ]
    }
]