[
    {
        "jobnum": 7, 
        "model": {
            "L2_reg": 0.08281153693764436, 
            "conv_width": 7, 
            "fp_depth": 4, 
            "fp_length": 39, 
            "h1_size": 68, 
            "net_type": "conv_plus_linear"
        }, 
        "num_records": 20, 
        "task": {
            "name": "delaney", 
            "test_slices": [
                [
                    0, 
                    224
                ]
            ], 
            "train_slices": [
                [
                    449, 
                    674
                ], 
                [
                    674, 
                    899
                ], 
                [
                    899, 
                    1124
                ]
            ]
        }, 
        "train": {
            "batch_size": 100, 
            "init_scale": 0.07098845139778812, 
            "num_iters": 10000, 
            "seed": 1, 
            "step_size": 0.0032822933188357143
        }, 
        "varied_params": {
            "conv_width": 6.530672161220421, 
            "fp_depth": 3.9651215141776786, 
            "fp_length": 39.394196682621484, 
            "h1_size": 68.18553854713113, 
            "log_L2_reg": -2.4911878923014372, 
            "log_init_scale": -2.645238071539985, 
            "log_step_size": -5.719212918328481
        }
    }, 
    {
        "host_name": "clumsy", 
        "minutes_duration": 207.29578603108723, 
        "timestamp": "2021-07-09 20:16:48.828239", 
        "training_curve": [
            [
                0, 
                6.264021312108183, 
                6.211556057918631
            ], 
            [
                526, 
                0.3400479341788719, 
                0.6630445154985056
            ], 
            [
                1052, 
                0.23974444150784205, 
                0.6429565611556894
            ], 
            [
                1578, 
                0.1925155249715947, 
                0.6434805578736797
            ], 
            [
                2105, 
                0.16988443269302284, 
                0.6770638374738882
            ], 
            [
                2631, 
                0.162666994323301, 
                0.6640758633108147
            ], 
            [
                3157, 
                0.1556263426180795, 
                0.7297619076042773
            ], 
            [
                3683, 
                0.14793464862397185, 
                0.7709736525589685
            ], 
            [
                4210, 
                0.1858512860908013, 
                0.7315233297099013
            ], 
            [
                4736, 
                0.14879272443641914, 
                0.7416283517102171
            ], 
            [
                5262, 
                0.14440572774506016, 
                0.8139618209955584
            ], 
            [
                5788, 
                0.15821582955417093, 
                0.7596024347074357
            ], 
            [
                6315, 
                0.2647615731776673, 
                0.8324192605647441
            ], 
            [
                6841, 
                0.16055645634142243, 
                0.7656914684131392
            ], 
            [
                7367, 
                0.14855949711427743, 
                0.8111839123440682
            ], 
            [
                7893, 
                0.13816467946658928, 
                0.8154115236238874
            ], 
            [
                8420, 
                0.1555301877955953, 
                0.8878168847331602
            ], 
            [
                8946, 
                0.14153051363956604, 
                0.9074669766911582
            ], 
            [
                9472, 
                0.16073387177826506, 
                0.8171914997408216
            ], 
            [
                9999, 
                0.1384844910925283, 
                0.8966916020075425
            ]
        ]
    }
]