[
    {
        "jobnum": 7, 
        "model": {
            "L2_reg": 0.08281153693764436, 
            "conv_width": 7, 
            "fp_depth": 4, 
            "fp_length": 227, 
            "h1_size": 68, 
            "net_type": "morgan_plus_linear"
        }, 
        "num_records": 20, 
        "task": {
            "name": "delaney", 
            "test_slices": [
                [
                    0, 
                    224
                ]
            ], 
            "train_slices": [
                [
                    449, 
                    674
                ], 
                [
                    674, 
                    899
                ], 
                [
                    899, 
                    1124
                ]
            ]
        }, 
        "train": {
            "batch_size": 100, 
            "init_scale": 0.07098845139778812, 
            "num_iters": 10000, 
            "seed": 1, 
            "step_size": 0.0032822933188357143
        }, 
        "varied_params": {
            "conv_width": 6.530672161220421, 
            "fp_depth": 3.9651215141776786, 
            "fp_length": 226.54777014359337, 
            "h1_size": 68.18553854713113, 
            "log_L2_reg": -2.4911878923014372, 
            "log_init_scale": -2.645238071539985, 
            "log_step_size": -5.719212918328481
        }
    }, 
    {
        "host_name": "schlumpfine", 
        "minutes_duration": 0.7641525665918986, 
        "timestamp": "2021-07-09 15:22:34.063089", 
        "training_curve": [
            [
                0, 
                6.073220398594461, 
                6.492709524839319
            ], 
            [
                526, 
                1.2070353333149981, 
                2.80402577949906
            ], 
            [
                1052, 
                1.1778032841501584, 
                2.962709756749051
            ], 
            [
                1578, 
                1.1751670571077695, 
                2.982752701629036
            ], 
            [
                2105, 
                1.1749049235536644, 
                2.9851886938578707
            ], 
            [
                2631, 
                1.1746178752385334, 
                2.983227591586608
            ], 
            [
                3157, 
                1.174738223006336, 
                2.983876915006597
            ], 
            [
                3683, 
                1.1750492336770308, 
                2.9813310604874608
            ], 
            [
                4210, 
                1.1748208189328806, 
                2.9809987403113523
            ], 
            [
                4736, 
                1.1750369978168356, 
                2.98357036005758
            ], 
            [
                5262, 
                1.1748661554443889, 
                2.983095400934132
            ], 
            [
                5788, 
                1.174610795305651, 
                2.982178084112868
            ], 
            [
                6315, 
                1.1750520352342029, 
                2.9811671537063025
            ], 
            [
                6841, 
                1.1749308365075781, 
                2.980441327052659
            ], 
            [
                7367, 
                1.1748211956052657, 
                2.980937459483315
            ], 
            [
                7893, 
                1.1750379367892418, 
                2.983559021353827
            ], 
            [
                8420, 
                1.1746107084556512, 
                2.982179710161643
            ], 
            [
                8946, 
                1.1747384373623009, 
                2.9834577575416454
            ], 
            [
                9472, 
                1.175052226514854, 
                2.981168713067573
            ], 
            [
                9999, 
                1.1748212120858579, 
                2.9809380232658307
            ]
        ]
    }
]