[
    {
        "jobnum": 7, 
        "model": {
            "L2_reg": 0.08281153693764436, 
            "conv_width": 7, 
            "fp_depth": 4, 
            "fp_length": 39, 
            "h1_size": 68, 
            "net_type": "conv_plus_net"
        }, 
        "num_records": 20, 
        "task": {
            "name": "delaney", 
            "test_slices": [
                [
                    0, 
                    224
                ]
            ], 
            "train_slices": [
                [
                    449, 
                    674
                ], 
                [
                    674, 
                    899
                ], 
                [
                    899, 
                    1124
                ]
            ]
        }, 
        "train": {
            "batch_size": 100, 
            "init_scale": 0.07098845139778812, 
            "num_iters": 10000, 
            "seed": 1, 
            "step_size": 0.0032822933188357143
        }, 
        "varied_params": {
            "conv_width": 6.530672161220421, 
            "fp_depth": 3.9651215141776786, 
            "fp_length": 39.394196682621484, 
            "h1_size": 68.18553854713113, 
            "log_L2_reg": -2.4911878923014372, 
            "log_init_scale": -2.645238071539985, 
            "log_step_size": -5.719212918328481
        }
    }, 
    {
        "host_name": "schlaubi", 
        "minutes_duration": 208.63769713242849, 
        "timestamp": "2021-07-09 18:36:21.293367", 
        "training_curve": [
            [
                0, 
                4.787243835198917, 
                5.191578578311478
            ], 
            [
                526, 
                0.23374516027345116, 
                0.48392758378759376
            ], 
            [
                1052, 
                0.17900760188055095, 
                0.5194849079527306
            ], 
            [
                1578, 
                0.15532239775111845, 
                0.5973697071326229
            ], 
            [
                2105, 
                0.14398255583754108, 
                0.6211817514331534
            ], 
            [
                2631, 
                0.12422075041919796, 
                0.5944335867092879
            ], 
            [
                3157, 
                0.12626722157957584, 
                0.6105545625358266
            ], 
            [
                3683, 
                0.12904139370388754, 
                0.5883949036580302
            ], 
            [
                4210, 
                0.12488831652028524, 
                0.5747278974275218
            ], 
            [
                4736, 
                0.11797577346919601, 
                0.6767634455906686
            ], 
            [
                5262, 
                0.11373294811925716, 
                0.6068680124496657
            ], 
            [
                5788, 
                0.1181912325593047, 
                0.601175752107638
            ], 
            [
                6315, 
                0.1016837377708225, 
                0.5894728464659709
            ], 
            [
                6841, 
                0.1138376601296438, 
                0.5799349393880765
            ], 
            [
                7367, 
                0.10014219038364226, 
                0.5860334438090103
            ], 
            [
                7893, 
                0.10996353868576766, 
                0.6442959996677671
            ], 
            [
                8420, 
                0.10272516278048506, 
                0.5689893733049848
            ], 
            [
                8946, 
                0.10609515743437825, 
                0.5914045557314592
            ], 
            [
                9472, 
                0.0922340072171079, 
                0.5686226605017711
            ], 
            [
                9999, 
                0.09105022808164666, 
                0.6079673560160821
            ]
        ]
    }
]