[
    {
        "jobnum": 7, 
        "model": {
            "L2_reg": 0.08281153693764436, 
            "conv_width": 7, 
            "fp_depth": 4, 
            "fp_length": 227, 
            "h1_size": 68, 
            "net_type": "morgan_plus_net"
        }, 
        "num_records": 20, 
        "task": {
            "name": "delaney", 
            "test_slices": [
                [
                    0, 
                    224
                ]
            ], 
            "train_slices": [
                [
                    449, 
                    674
                ], 
                [
                    674, 
                    899
                ], 
                [
                    899, 
                    1124
                ]
            ]
        }, 
        "train": {
            "batch_size": 100, 
            "init_scale": 0.07098845139778812, 
            "num_iters": 10000, 
            "seed": 1, 
            "step_size": 0.0032822933188357143
        }, 
        "varied_params": {
            "conv_width": 6.530672161220421, 
            "fp_depth": 3.9651215141776786, 
            "fp_length": 226.54777014359337, 
            "h1_size": 68.18553854713113, 
            "log_L2_reg": -2.4911878923014372, 
            "log_init_scale": -2.645238071539985, 
            "log_step_size": -5.719212918328481
        }
    }, 
    {
        "host_name": "papaschlumpf", 
        "minutes_duration": 10.465103002389272, 
        "timestamp": "2021-07-09 20:12:02.206567", 
        "training_curve": [
            [
                0, 
                4.565766560610017, 
                5.055489536794766
            ], 
            [
                526, 
                0.06791222149645486, 
                2.2126046911157635
            ], 
            [
                1052, 
                0.09019067672044653, 
                2.2336108760523605
            ], 
            [
                1578, 
                0.07611710557900907, 
                2.2369126915462645
            ], 
            [
                2105, 
                0.0777955265168379, 
                2.2482728533131175
            ], 
            [
                2631, 
                0.07813738039337914, 
                2.2489380422645
            ], 
            [
                3157, 
                0.0902906050690875, 
                2.252024194087244
            ], 
            [
                3683, 
                0.16691959227938627, 
                2.3434745014681106
            ], 
            [
                4210, 
                0.08853467346616077, 
                2.194616955253293
            ], 
            [
                4736, 
                0.09465832144861341, 
                2.262002625861386
            ], 
            [
                5262, 
                0.12788283566689782, 
                2.247255788036191
            ], 
            [
                5788, 
                0.11451045821480464, 
                2.24275578376515
            ], 
            [
                6315, 
                0.07924431785996168, 
                2.207417756092835
            ], 
            [
                6841, 
                0.09042704899134837, 
                2.2758977595654692
            ], 
            [
                7367, 
                0.07155668583938758, 
                2.2278599662743703
            ], 
            [
                7893, 
                0.07085541013734091, 
                2.22943462048486
            ], 
            [
                8420, 
                0.07008680393101847, 
                2.226000009475252
            ], 
            [
                8946, 
                0.07007923220463819, 
                2.2292161713260747
            ], 
            [
                9472, 
                0.06971194533189667, 
                2.2335351262610783
            ], 
            [
                9999, 
                0.06979357574042849, 
                2.2270004451761545
            ]
        ]
    }
]