[
    {
        "jobnum": 8, 
        "model": {
            "L2_reg": 0.1033624209054227, 
            "conv_width": 7, 
            "fp_depth": 2, 
            "fp_length": 127, 
            "h1_size": 83, 
            "net_type": "morgan_plus_linear"
        }, 
        "num_records": 20, 
        "task": {
            "name": "delaney", 
            "test_slices": [
                [
                    0, 
                    224
                ]
            ], 
            "train_slices": [
                [
                    449, 
                    674
                ], 
                [
                    674, 
                    899
                ], 
                [
                    899, 
                    1124
                ]
            ]
        }, 
        "train": {
            "batch_size": 100, 
            "init_scale": 0.009800534461929696, 
            "num_iters": 10000, 
            "seed": 1, 
            "step_size": 0.0009239675649184034
        }, 
        "varied_params": {
            "conv_width": 7.384543754682795, 
            "fp_depth": 1.7332767760048082, 
            "fp_length": 127.25814229361957, 
            "h1_size": 82.65541627326992, 
            "log_L2_reg": -2.2695138171495497, 
            "log_init_scale": -4.625318357861094, 
            "log_step_size": -6.986833589840872
        }
    }, 
    {
        "host_name": "schlumpfine", 
        "minutes_duration": 0.46496318181355795, 
        "timestamp": "2021-07-09 15:23:34.999781", 
        "training_curve": [
            [
                0, 
                4.505527981594843, 
                4.889362164344155
            ], 
            [
                526, 
                2.114974426788444, 
                2.8590305929282778
            ], 
            [
                1052, 
                1.9285931922745887, 
                2.7636988244781153
            ], 
            [
                1578, 
                1.8795924438995832, 
                2.753140059951779
            ], 
            [
                2105, 
                1.8623339799934142, 
                2.76313195715703
            ], 
            [
                2631, 
                1.855461876536395, 
                2.774524566656749
            ], 
            [
                3157, 
                1.8525385525856675, 
                2.782609042388786
            ], 
            [
                3683, 
                1.8511735350154632, 
                2.78761343495322
            ], 
            [
                4210, 
                1.8504434233761324, 
                2.7908644425812645
            ], 
            [
                4736, 
                1.850065555111408, 
                2.792993171850322
            ], 
            [
                5262, 
                1.8498246598832262, 
                2.7946666779284053
            ], 
            [
                5788, 
                1.8496393191205125, 
                2.796347923478034
            ], 
            [
                6315, 
                1.8496513986370593, 
                2.796771235729143
            ], 
            [
                6841, 
                1.8496150254930472, 
                2.79730325861475
            ], 
            [
                7367, 
                1.8495912551302542, 
                2.7975660872382058
            ], 
            [
                7893, 
                1.8495979062306207, 
                2.7977628830989225
            ], 
            [
                8420, 
                1.84951266374172, 
                2.798822671442942
            ], 
            [
                8946, 
                1.8495527655807997, 
                2.799098796273902
            ], 
            [
                9472, 
                1.8495985691544201, 
                2.79890252268941
            ], 
            [
                9999, 
                1.8495951306169927, 
                2.7988127539676384
            ]
        ]
    }
]