[
    {
        "jobnum": 8, 
        "model": {
            "L2_reg": 0.1033624209054227, 
            "conv_width": 7, 
            "fp_depth": 2, 
            "fp_length": 28, 
            "h1_size": 83, 
            "net_type": "conv_plus_linear"
        }, 
        "num_records": 20, 
        "task": {
            "name": "delaney", 
            "test_slices": [
                [
                    0, 
                    224
                ]
            ], 
            "train_slices": [
                [
                    449, 
                    674
                ], 
                [
                    674, 
                    899
                ], 
                [
                    899, 
                    1124
                ]
            ]
        }, 
        "train": {
            "batch_size": 100, 
            "init_scale": 0.009800534461929696, 
            "num_iters": 10000, 
            "seed": 1, 
            "step_size": 0.0009239675649184034
        }, 
        "varied_params": {
            "conv_width": 7.384543754682795, 
            "fp_depth": 1.7332767760048082, 
            "fp_length": 28.362015810402177, 
            "h1_size": 82.65541627326992, 
            "log_L2_reg": -2.2695138171495497, 
            "log_init_scale": -4.625318357861094, 
            "log_step_size": -6.986833589840872
        }
    }, 
    {
        "host_name": "clumsy", 
        "minutes_duration": 114.56560996770858, 
        "timestamp": "2021-07-09 18:44:05.036427", 
        "training_curve": [
            [
                0, 
                4.470827087157823, 
                4.8511169155227805
            ], 
            [
                526, 
                0.9626354760627909, 
                1.257543407122828
            ], 
            [
                1052, 
                0.6001464839380336, 
                0.7498936571948274
            ], 
            [
                1578, 
                0.4748685484219469, 
                0.6470541467424618
            ], 
            [
                2105, 
                0.41320746045117696, 
                0.5906643908531132
            ], 
            [
                2631, 
                0.37568837004076683, 
                0.5590597636824592
            ], 
            [
                3157, 
                0.34620013903202407, 
                0.5479313275824975
            ], 
            [
                3683, 
                0.3226128320865332, 
                0.5488519113320954
            ], 
            [
                4210, 
                0.3003890525328752, 
                0.5472678168717602
            ], 
            [
                4736, 
                0.28174648042866535, 
                0.5590441697478582
            ], 
            [
                5262, 
                0.2694661981965259, 
                0.5692357424126367
            ], 
            [
                5788, 
                0.2586501253959225, 
                0.5841899243705512
            ], 
            [
                6315, 
                0.24772296555311143, 
                0.6110556638670674
            ], 
            [
                6841, 
                0.2368123588867999, 
                0.6322255105492438
            ], 
            [
                7367, 
                0.22946571883886827, 
                0.6557593557930222
            ], 
            [
                7893, 
                0.22393190889766337, 
                0.678174106945711
            ], 
            [
                8420, 
                0.22046930774277573, 
                0.6825805795939236
            ], 
            [
                8946, 
                0.2305386570190907, 
                0.7106934183855331
            ], 
            [
                9472, 
                0.21146358666156292, 
                0.6969015369504239
            ], 
            [
                9999, 
                0.2064742203691013, 
                0.6931163433684657
            ]
        ]
    }
]