[
    {
        "jobnum": 8, 
        "model": {
            "L2_reg": 0.1033624209054227, 
            "conv_width": 7, 
            "fp_depth": 2, 
            "fp_length": 127, 
            "h1_size": 83, 
            "net_type": "morgan_plus_net"
        }, 
        "num_records": 20, 
        "task": {
            "name": "delaney", 
            "test_slices": [
                [
                    0, 
                    224
                ]
            ], 
            "train_slices": [
                [
                    449, 
                    674
                ], 
                [
                    674, 
                    899
                ], 
                [
                    899, 
                    1124
                ]
            ]
        }, 
        "train": {
            "batch_size": 100, 
            "init_scale": 0.009800534461929696, 
            "num_iters": 10000, 
            "seed": 1, 
            "step_size": 0.0009239675649184034
        }, 
        "varied_params": {
            "conv_width": 7.384543754682795, 
            "fp_depth": 1.7332767760048082, 
            "fp_length": 127.25814229361957, 
            "h1_size": 82.65541627326992, 
            "log_L2_reg": -2.2695138171495497, 
            "log_init_scale": -4.625318357861094, 
            "log_step_size": -6.986833589840872
        }
    }, 
    {
        "host_name": "handy", 
        "minutes_duration": 1.763837703069051, 
        "timestamp": "2021-07-09 20:04:20.422201", 
        "training_curve": [
            [
                0, 
                4.454423289067394, 
                4.835970441340657
            ], 
            [
                526, 
                0.3069965079068377, 
                2.145599505583225
            ], 
            [
                1052, 
                0.09889346498802722, 
                2.269379181782327
            ], 
            [
                1578, 
                0.0891395550736536, 
                2.3808255420417472
            ], 
            [
                2105, 
                0.09895617879169093, 
                2.477555016059132
            ], 
            [
                2631, 
                0.1115048754533249, 
                2.5544723678355643
            ], 
            [
                3157, 
                0.13177357127419123, 
                2.638439860360879
            ], 
            [
                3683, 
                0.14302908092670022, 
                2.6833451283230167
            ], 
            [
                4210, 
                0.15800546246604738, 
                2.784846351499431
            ], 
            [
                4736, 
                0.17016806739841095, 
                2.831888411198264
            ], 
            [
                5262, 
                0.1791529057514443, 
                2.8795710052023584
            ], 
            [
                5788, 
                0.19255820644309146, 
                2.920516905362535
            ], 
            [
                6315, 
                0.2010988713864069, 
                2.959292727516054
            ], 
            [
                6841, 
                0.21283456282539187, 
                2.9667483511576904
            ], 
            [
                7367, 
                0.22643214290451502, 
                3.021319738791835
            ], 
            [
                7893, 
                0.21814031504715528, 
                3.0094701439801743
            ], 
            [
                8420, 
                0.2191487266567844, 
                3.019830990564663
            ], 
            [
                8946, 
                0.22173911389000397, 
                3.010718074171772
            ], 
            [
                9472, 
                0.221114389022896, 
                3.021373486865013
            ], 
            [
                9999, 
                0.22398519625907024, 
                3.013886825827533
            ]
        ]
    }
]