[
    {
        "jobnum": 9, 
        "model": {
            "L2_reg": 0.04734951819904932, 
            "conv_width": 6, 
            "fp_depth": 3, 
            "fp_length": 861, 
            "h1_size": 57, 
            "net_type": "mean"
        }, 
        "num_records": 20, 
        "task": {
            "name": "delaney", 
            "test_slices": [
                [
                    0, 
                    224
                ]
            ], 
            "train_slices": [
                [
                    449, 
                    674
                ], 
                [
                    674, 
                    899
                ], 
                [
                    899, 
                    1124
                ]
            ]
        }, 
        "train": {
            "batch_size": 100, 
            "init_scale": 0.09214483636189319, 
            "num_iters": 10000, 
            "seed": 1, 
            "step_size": 0.0007364490129727654
        }, 
        "varied_params": {
            "conv_width": 6.456519136895919, 
            "fp_depth": 3.4629796895438054, 
            "fp_length": 860.6484667587944, 
            "h1_size": 56.90914756743069, 
            "log_L2_reg": -3.050198634712287, 
            "log_init_scale": -2.3843936315758523, 
            "log_step_size": -7.213670553279786
        }
    }, 
    {
        "host_name": "schlaubi", 
        "minutes_duration": 0.07801926930745443, 
        "timestamp": "2021-07-09 20:37:50.941962", 
        "training_curve": [
            [
                0, 
                4.5532746129000685, 
                4.954862349413774
            ], 
            [
                526, 
                4.4537797357356235, 
                4.835346768621202
            ], 
            [
                1052, 
                4.4535691843204015, 
                4.834564491479621
            ], 
            [
                1578, 
                4.453567937756202, 
                4.834558036990815
            ], 
            [
                2105, 
                4.45356666671072, 
                4.834551402817136
            ], 
            [
                2631, 
                4.453563981937026, 
                4.83453720659763
            ], 
            [
                3157, 
                4.45356469951848, 
                4.834541025928539
            ], 
            [
                3683, 
                4.453568271299481, 
                4.834559768992124
            ], 
            [
                4210, 
                4.453567978329493, 
                4.834558247873056
            ], 
            [
                4736, 
                4.453568970952958, 
                4.834563390281308
            ], 
            [
                5262, 
                4.453566661702135, 
                4.834551376567188
            ], 
            [
                5788, 
                4.453563943189735, 
                4.8345369998343575
            ], 
            [
                6315, 
                4.453568277464792, 
                4.834559800972493
            ], 
            [
                6841, 
                4.453568163050595, 
                4.83455920728598
            ], 
            [
                7367, 
                4.453567981269376, 
                4.834558263151164
            ], 
            [
                7893, 
                4.4535689742362745, 
                4.834563407237754
            ], 
            [
                8420, 
                4.453563941680018, 
                4.834536991777104
            ], 
            [
                8946, 
                4.453564682065968, 
                4.834540933257336
            ], 
            [
                9472, 
                4.453568277912796, 
                4.8345598032963055
            ], 
            [
                9999, 
                4.453567981388958, 
                4.834558263772611
            ]
        ]
    }
]