[
    {
        "jobnum": 9, 
        "model": {
            "L2_reg": 0.04734951819904932, 
            "conv_width": 6, 
            "fp_depth": 3, 
            "fp_length": 110, 
            "h1_size": 57, 
            "net_type": "conv_plus_net"
        }, 
        "num_records": 20, 
        "task": {
            "name": "delaney", 
            "test_slices": [
                [
                    0, 
                    224
                ]
            ], 
            "train_slices": [
                [
                    449, 
                    674
                ], 
                [
                    674, 
                    899
                ], 
                [
                    899, 
                    1124
                ]
            ]
        }, 
        "train": {
            "batch_size": 100, 
            "init_scale": 0.09214483636189319, 
            "num_iters": 10000, 
            "seed": 1, 
            "step_size": 0.0007364490129727654
        }, 
        "varied_params": {
            "conv_width": 6.456519136895919, 
            "fp_depth": 3.4629796895438054, 
            "fp_length": 109.84982963986604, 
            "h1_size": 56.90914756743069, 
            "log_L2_reg": -3.050198634712287, 
            "log_init_scale": -2.3843936315758523, 
            "log_step_size": -7.213670553279786
        }
    }, 
    {
        "host_name": "schlaubi", 
        "minutes_duration": 224.69336310227712, 
        "timestamp": "2021-07-09 18:52:24.633876", 
        "training_curve": [
            [
                0, 
                4.497006885828507, 
                4.886039684926577
            ], 
            [
                526, 
                0.5948084287284982, 
                0.6862465082508622
            ], 
            [
                1052, 
                0.38642557560054086, 
                0.5418894073422142
            ], 
            [
                1578, 
                0.3020843445959559, 
                0.48261765442848803
            ], 
            [
                2105, 
                0.262976924647152, 
                0.4655551002707959
            ], 
            [
                2631, 
                0.23527432983191895, 
                0.4447580889199608
            ], 
            [
                3157, 
                0.21448789774246377, 
                0.42914298336578144
            ], 
            [
                3683, 
                0.1979824286348386, 
                0.42028225209548087
            ], 
            [
                4210, 
                0.182259502795576, 
                0.42002624693572066
            ], 
            [
                4736, 
                0.16984877901584794, 
                0.4233637014305864
            ], 
            [
                5262, 
                0.159132647067585, 
                0.4269431735503798
            ], 
            [
                5788, 
                0.15036194515019505, 
                0.43407840488824345
            ], 
            [
                6315, 
                0.13976398401149834, 
                0.4598007275460909
            ], 
            [
                6841, 
                0.13268123036371265, 
                0.4685371740933619
            ], 
            [
                7367, 
                0.1320454895365944, 
                0.5173137662829688
            ], 
            [
                7893, 
                0.13395671486242552, 
                0.5116782349196991
            ], 
            [
                8420, 
                0.11533662152988033, 
                0.543939569726987
            ], 
            [
                8946, 
                0.11127654354057734, 
                0.5720505302009942
            ], 
            [
                9472, 
                0.11363592888212612, 
                0.5986905778097478
            ], 
            [
                9999, 
                0.11213894706161004, 
                0.6063900487441257
            ]
        ]
    }
]