[
    {
        "jobnum": 9, 
        "model": {
            "L2_reg": 0.04734951819904932, 
            "conv_width": 6, 
            "fp_depth": 3, 
            "fp_length": 861, 
            "h1_size": 57, 
            "net_type": "morgan_plus_linear"
        }, 
        "num_records": 20, 
        "task": {
            "name": "delaney", 
            "test_slices": [
                [
                    0, 
                    224
                ]
            ], 
            "train_slices": [
                [
                    449, 
                    674
                ], 
                [
                    674, 
                    899
                ], 
                [
                    899, 
                    1124
                ]
            ]
        }, 
        "train": {
            "batch_size": 100, 
            "init_scale": 0.09214483636189319, 
            "num_iters": 10000, 
            "seed": 1, 
            "step_size": 0.0007364490129727654
        }, 
        "varied_params": {
            "conv_width": 6.456519136895919, 
            "fp_depth": 3.4629796895438054, 
            "fp_length": 860.6484667587944, 
            "h1_size": 56.90914756743069, 
            "log_L2_reg": -3.050198634712287, 
            "log_init_scale": -2.3843936315758523, 
            "log_step_size": -7.213670553279786
        }
    }, 
    {
        "host_name": "schlumpfine", 
        "minutes_duration": 2.359082301457723, 
        "timestamp": "2021-07-09 15:26:03.421072", 
        "training_curve": [
            [
                0, 
                5.360359328130723, 
                5.865638272335155
            ], 
            [
                526, 
                0.968711085244121, 
                2.5344414315440433
            ], 
            [
                1052, 
                0.5155697504316834, 
                2.538825760399457
            ], 
            [
                1578, 
                0.3488230618536807, 
                2.7916751754872915
            ], 
            [
                2105, 
                0.2584929735648277, 
                3.159107887003189
            ], 
            [
                2631, 
                0.20035984962674155, 
                3.5972629720390077
            ], 
            [
                3157, 
                0.1597140559914356, 
                4.081906332879125
            ], 
            [
                3683, 
                0.13030888973298527, 
                4.591361270426765
            ], 
            [
                4210, 
                0.10867191983991922, 
                5.104740006817287
            ], 
            [
                4736, 
                0.09264831129760083, 
                5.601134459551655
            ], 
            [
                5262, 
                0.08064015564733623, 
                6.065729037396508
            ], 
            [
                5788, 
                0.07154242509967566, 
                6.488820247318598
            ], 
            [
                6315, 
                0.064592245986823, 
                6.8661141044049225
            ], 
            [
                6841, 
                0.0592542242060019, 
                7.194319185575777
            ], 
            [
                7367, 
                0.055129086762596945, 
                7.4761804796400915
            ], 
            [
                7893, 
                0.05193642045860535, 
                7.716192876728447
            ], 
            [
                8420, 
                0.049459812844002846, 
                7.918409579442837
            ], 
            [
                8946, 
                0.04756396209713268, 
                8.08668470975297
            ], 
            [
                9472, 
                0.04610629329006194, 
                8.223621148099332
            ], 
            [
                9999, 
                0.044992276094000125, 
                8.333012140935589
            ]
        ]
    }
]