[
    {
        "jobnum": 9, 
        "model": {
            "L2_reg": 0.04734951819904932, 
            "conv_width": 6, 
            "fp_depth": 3, 
            "fp_length": 110, 
            "h1_size": 57, 
            "net_type": "conv_plus_linear"
        }, 
        "num_records": 20, 
        "task": {
            "name": "delaney", 
            "test_slices": [
                [
                    0, 
                    224
                ]
            ], 
            "train_slices": [
                [
                    449, 
                    674
                ], 
                [
                    674, 
                    899
                ], 
                [
                    899, 
                    1124
                ]
            ]
        }, 
        "train": {
            "batch_size": 100, 
            "init_scale": 0.09214483636189319, 
            "num_iters": 10000, 
            "seed": 1, 
            "step_size": 0.0007364490129727654
        }, 
        "varied_params": {
            "conv_width": 6.456519136895919, 
            "fp_depth": 3.4629796895438054, 
            "fp_length": 109.84982963986604, 
            "h1_size": 56.90914756743069, 
            "log_L2_reg": -3.050198634712287, 
            "log_init_scale": -2.3843936315758523, 
            "log_step_size": -7.213670553279786
        }
    }, 
    {
        "host_name": "schlumpfine", 
        "minutes_duration": 202.2854037841161, 
        "timestamp": "2021-07-09 20:18:17.135281", 
        "training_curve": [
            [
                0, 
                6.684476407939835, 
                6.5883071059751535
            ], 
            [
                526, 
                0.9984193945933967, 
                1.2235661461167402
            ], 
            [
                1052, 
                0.6334692866232646, 
                0.8389485557157336
            ], 
            [
                1578, 
                0.5214937075256502, 
                0.807465694419098
            ], 
            [
                2105, 
                0.45863447716014166, 
                0.7980289197179528
            ], 
            [
                2631, 
                0.4160849742052275, 
                0.7854180921583497
            ], 
            [
                3157, 
                0.38748008367964504, 
                0.7923744801885219
            ], 
            [
                3683, 
                0.36082291296417845, 
                0.8029594313867412
            ], 
            [
                4210, 
                0.33391979329183424, 
                0.7955436038697113
            ], 
            [
                4736, 
                0.3078459565786842, 
                0.7925196802194563
            ], 
            [
                5262, 
                0.28599918423525794, 
                0.8039485712468748
            ], 
            [
                5788, 
                0.269275089716498, 
                0.8199584744543987
            ], 
            [
                6315, 
                0.25308318704371524, 
                0.8465085437723135
            ], 
            [
                6841, 
                0.23984562985086363, 
                0.870015864184064
            ], 
            [
                7367, 
                0.2289703958383776, 
                0.8858882304158623
            ], 
            [
                7893, 
                0.2178839688217022, 
                0.9245714591933822
            ], 
            [
                8420, 
                0.21165434618654297, 
                0.9295192803925156
            ], 
            [
                8946, 
                0.20341700520545664, 
                0.9752628476485148
            ], 
            [
                9472, 
                0.19537327928401535, 
                1.0182101588876589
            ], 
            [
                9999, 
                0.18954714573154055, 
                1.0342623933010398
            ]
        ]
    }
]