[
    {
        "jobnum": 0, 
        "model": {
            "L2_reg": 0.30792686009670756, 
            "conv_width": 11, 
            "fp_depth": 3, 
            "fp_length": 667, 
            "h1_size": 77, 
            "net_type": "morgan_plus_linear"
        }, 
        "num_records": 20, 
        "task": {
            "name": "delaney", 
            "test_slices": [
                [
                    224, 
                    449
                ]
            ], 
            "train_slices": [
                [
                    0, 
                    224
                ], 
                [
                    674, 
                    899
                ], 
                [
                    899, 
                    1124
                ]
            ]
        }, 
        "train": {
            "batch_size": 100, 
            "init_scale": 0.02350954323756658, 
            "num_iters": 10000, 
            "seed": 2, 
            "step_size": 0.005862128392003446
        }, 
        "varied_params": {
            "conv_width": 11.354821990083572, 
            "fp_depth": 2.6346495489906907, 
            "fp_length": 667.0612659711894, 
            "h1_size": 77.44067519636624, 
            "log_L2_reg": -1.177892991426849, 
            "log_init_scale": -3.75034884505077, 
            "log_step_size": -5.139242534510322
        }
    }, 
    {
        "host_name": "schlaubi", 
        "minutes_duration": 1.9051194508870444, 
        "timestamp": "2021-07-09 22:38:14.162708", 
        "training_curve": [
            [
                0, 
                4.768164415938515, 
                3.927996371096909
            ], 
            [
                526, 
                0.22619778111030364, 
                2.7935944385444307
            ], 
            [
                1052, 
                0.16185276493853262, 
                3.2212829388266666
            ], 
            [
                1578, 
                0.14387220424369285, 
                3.3661422694560486
            ], 
            [
                2105, 
                0.13764168646717007, 
                3.413291208700365
            ], 
            [
                2631, 
                0.13535203184944936, 
                3.432274491961578
            ], 
            [
                3157, 
                0.13412750956216996, 
                3.4440886180993795
            ], 
            [
                3683, 
                0.1336139588559879, 
                3.4460816140023245
            ], 
            [
                4210, 
                0.1333557948380541, 
                3.449904955139873
            ], 
            [
                4736, 
                0.4312463389762663, 
                3.5576969495885145
            ], 
            [
                5262, 
                0.13290055653340088, 
                3.4533314927580765
            ], 
            [
                5788, 
                0.13265635253977764, 
                3.4553877569313127
            ], 
            [
                6315, 
                0.1327983487475258, 
                3.4523451368937
            ], 
            [
                6841, 
                0.13278345525425791, 
                3.4537107700528447
            ], 
            [
                7367, 
                0.1327662219160946, 
                3.453597445088423
            ], 
            [
                7893, 
                0.13271456408211763, 
                3.4532972768094807
            ], 
            [
                8420, 
                0.1804646713340087, 
                3.5075094552946227
            ], 
            [
                8946, 
                0.13262291794659828, 
                3.4534178641517195
            ], 
            [
                9472, 
                0.13277820143938213, 
                3.457615555997338
            ], 
            [
                9999, 
                0.1327428488173285, 
                3.4526944331983236
            ]
        ]
    }
]