[
    {
        "jobnum": 10, 
        "model": {
            "L2_reg": 6.1354823978170945, 
            "conv_width": 16, 
            "fp_depth": 3, 
            "fp_length": 56, 
            "h1_size": 99, 
            "net_type": "morgan_plus_linear"
        }, 
        "num_records": 20, 
        "task": {
            "name": "delaney", 
            "test_slices": [
                [
                    224, 
                    449
                ]
            ], 
            "train_slices": [
                [
                    0, 
                    224
                ], 
                [
                    674, 
                    899
                ], 
                [
                    899, 
                    1124
                ]
            ]
        }, 
        "train": {
            "batch_size": 100, 
            "init_scale": 0.04366415128338205, 
            "num_iters": 10000, 
            "seed": 2, 
            "step_size": 0.0021866268069066185
        }, 
        "varied_params": {
            "conv_width": 16.088953690974527, 
            "fp_depth": 2.8145365592351377, 
            "fp_length": 55.50129459235524, 
            "h1_size": 98.82297325066979, 
            "log_L2_reg": 1.814088705522697, 
            "log_init_scale": -3.1312278503056383, 
            "log_step_size": -6.125395193409194
        }
    }, 
    {
        "host_name": "clumsy", 
        "minutes_duration": 0.34002843300501506, 
        "timestamp": "2021-07-09 22:42:11.329606", 
        "training_curve": [
            [
                0, 
                4.581418542048878, 
                3.7196682534429613
            ], 
            [
                526, 
                2.743097322253271, 
                2.37187698772498
            ], 
            [
                1052, 
                2.7199662271522382, 
                2.359935269677551
            ], 
            [
                1578, 
                2.718190473395967, 
                2.3587006584797274
            ], 
            [
                2105, 
                2.7180411285559174, 
                2.359009200987963
            ], 
            [
                2631, 
                2.717866883988781, 
                2.3591143057768496
            ], 
            [
                3157, 
                2.718103986841038, 
                2.3581485657476775
            ], 
            [
                3683, 
                2.7178629974270803, 
                2.3585079780473595
            ], 
            [
                4210, 
                2.7179675529009963, 
                2.3585345087566925
            ], 
            [
                4736, 
                2.717852541373682, 
                2.3587689988326503
            ], 
            [
                5262, 
                2.718015869526739, 
                2.358993385741101
            ], 
            [
                5788, 
                2.7178620716338195, 
                2.359114414789713
            ], 
            [
                6315, 
                2.7178625751152867, 
                2.358507286942187
            ], 
            [
                6841, 
                2.717851972375877, 
                2.3585290882761325
            ], 
            [
                7367, 
                2.7179674554033015, 
                2.3585343795653837
            ], 
            [
                7893, 
                2.7178523820432203, 
                2.3587690220283024
            ], 
            [
                8420, 
                2.7178619918885727, 
                2.3591144992813375
            ], 
            [
                8946, 
                2.7181024739741964, 
                2.3581461643411954
            ], 
            [
                9472, 
                2.7178625477407374, 
                2.3585072390467556
            ], 
            [
                9999, 
                2.717967451827054, 
                2.3585343744496883
            ]
        ]
    }
]