[
    {
        "jobnum": 11, 
        "model": {
            "L2_reg": 0.006408191094856293, 
            "conv_width": 11, 
            "fp_depth": 2, 
            "fp_length": 23, 
            "h1_size": 56, 
            "net_type": "conv_plus_net"
        }, 
        "num_records": 20, 
        "task": {
            "name": "delaney", 
            "test_slices": [
                [
                    224, 
                    449
                ]
            ], 
            "train_slices": [
                [
                    0, 
                    224
                ], 
                [
                    674, 
                    899
                ], 
                [
                    899, 
                    1124
                ]
            ]
        }, 
        "train": {
            "batch_size": 100, 
            "init_scale": 0.008481325966056948, 
            "num_iters": 10000, 
            "seed": 2, 
            "step_size": 0.001096711403860304
        }, 
        "varied_params": {
            "conv_width": 11.213944917720049, 
            "fp_depth": 1.953949538181928, 
            "fp_length": 23.184519591063847, 
            "h1_size": 56.00982806065844, 
            "log_L2_reg": -5.050178248366048, 
            "log_init_scale": -4.769888477480079, 
            "log_step_size": -6.81543920991142
        }
    }, 
    {
        "host_name": "schlaubi", 
        "minutes_duration": 114.34904385010401, 
        "timestamp": "2021-07-09 22:36:09.030882", 
        "training_curve": [
            [
                0, 
                4.620489059994972, 
                3.781331600580271
            ], 
            [
                526, 
                0.4855087534699115, 
                0.6634851282319859
            ], 
            [
                1052, 
                0.3169166533145434, 
                0.5662144780826411
            ], 
            [
                1578, 
                0.2523524600841476, 
                0.5911406444474551
            ], 
            [
                2105, 
                0.21066753893532694, 
                0.5837801912650435
            ], 
            [
                2631, 
                0.1999849197552534, 
                0.6174118224021088
            ], 
            [
                3157, 
                0.21787874031087376, 
                0.6410498293013749
            ], 
            [
                3683, 
                0.17292486981491006, 
                0.6160885676311726
            ], 
            [
                4210, 
                0.15841797965556267, 
                0.6164389296252254
            ], 
            [
                4736, 
                0.15920784020306258, 
                0.6470623424413765
            ], 
            [
                5262, 
                0.14987107350774515, 
                0.6565553559506386
            ], 
            [
                5788, 
                0.134385750326034, 
                0.6647381369801472
            ], 
            [
                6315, 
                0.13065415266916303, 
                0.6764462774099357
            ], 
            [
                6841, 
                0.14874613340790974, 
                0.7179101151355923
            ], 
            [
                7367, 
                0.13634824236563028, 
                0.7208735874658375
            ], 
            [
                7893, 
                0.12026640634326273, 
                0.7293694136639733
            ], 
            [
                8420, 
                0.1356745899103334, 
                0.7470012149336779
            ], 
            [
                8946, 
                0.11320598120281707, 
                0.7225356786049011
            ], 
            [
                9472, 
                0.11136794332149698, 
                0.7227931424700884
            ], 
            [
                9999, 
                0.1267121406866183, 
                0.7544291711361246
            ]
        ]
    }
]