[
    {
        "jobnum": 12, 
        "model": {
            "L2_reg": 0.16299828947213768, 
            "conv_width": 14, 
            "fp_depth": 1, 
            "fp_length": 120, 
            "h1_size": 78, 
            "net_type": "conv_plus_net"
        }, 
        "num_records": 20, 
        "task": {
            "name": "delaney", 
            "test_slices": [
                [
                    224, 
                    449
                ]
            ], 
            "train_slices": [
                [
                    0, 
                    224
                ], 
                [
                    674, 
                    899
                ], 
                [
                    899, 
                    1124
                ]
            ]
        }, 
        "train": {
            "batch_size": 100, 
            "init_scale": 0.0378442657541654, 
            "num_iters": 10000, 
            "seed": 2, 
            "step_size": 0.0009697793018287504
        }, 
        "varied_params": {
            "conv_width": 13.639197433342689, 
            "fp_depth": 1.281821532275325, 
            "fp_length": 120.08117412853598, 
            "h1_size": 78.33007271032875, 
            "log_L2_reg": -1.8140155722664026, 
            "log_init_scale": -3.2742758098052946, 
            "log_step_size": -6.938442036242218
        }
    }, 
    {
        "host_name": "clumsy", 
        "minutes_duration": 120.18463461796442, 
        "timestamp": "2021-07-09 22:42:28.661276", 
        "training_curve": [
            [
                0, 
                4.6116832337312035, 
                3.7819929663875076
            ], 
            [
                526, 
                0.5951137271554804, 
                0.6595844629424634
            ], 
            [
                1052, 
                0.33742482512377914, 
                0.5537089974929452
            ], 
            [
                1578, 
                0.2680640157640524, 
                0.5403647200905343
            ], 
            [
                2105, 
                0.2223185195351758, 
                0.534092570454973
            ], 
            [
                2631, 
                0.19801022183761552, 
                0.5454315409658306
            ], 
            [
                3157, 
                0.183852828091577, 
                0.5451530063231901
            ], 
            [
                3683, 
                0.17323863152612137, 
                0.5583520663893901
            ], 
            [
                4210, 
                0.16210123472279933, 
                0.5596204732221934
            ], 
            [
                4736, 
                0.15336169121154838, 
                0.5762202063897115
            ], 
            [
                5262, 
                0.14874508134413733, 
                0.5871295909231982
            ], 
            [
                5788, 
                0.1397281058856358, 
                0.5998812338612382
            ], 
            [
                6315, 
                0.13496408202622365, 
                0.6004997522172728
            ], 
            [
                6841, 
                0.13405798151622159, 
                0.6281538441541928
            ], 
            [
                7367, 
                0.12976458926163023, 
                0.6280608929267398
            ], 
            [
                7893, 
                0.13018230868960415, 
                0.6482761767651164
            ], 
            [
                8420, 
                0.11841140643594714, 
                0.6533484829795108
            ], 
            [
                8946, 
                0.1258203705473858, 
                0.6819417395140742
            ], 
            [
                9472, 
                0.12484277265446955, 
                0.6816994410538253
            ], 
            [
                9999, 
                0.10461258184669442, 
                0.6426300193033688
            ]
        ]
    }
]