[
    {
        "jobnum": 12, 
        "model": {
            "L2_reg": 0.16299828947213768, 
            "conv_width": 14, 
            "fp_depth": 1, 
            "fp_length": 953, 
            "h1_size": 78, 
            "net_type": "morgan_plus_linear"
        }, 
        "num_records": 20, 
        "task": {
            "name": "delaney", 
            "test_slices": [
                [
                    224, 
                    449
                ]
            ], 
            "train_slices": [
                [
                    0, 
                    224
                ], 
                [
                    674, 
                    899
                ], 
                [
                    899, 
                    1124
                ]
            ]
        }, 
        "train": {
            "batch_size": 100, 
            "init_scale": 0.0378442657541654, 
            "num_iters": 10000, 
            "seed": 2, 
            "step_size": 0.0009697793018287504
        }, 
        "varied_params": {
            "conv_width": 13.639197433342689, 
            "fp_depth": 1.281821532275325, 
            "fp_length": 952.7305671568238, 
            "h1_size": 78.33007271032875, 
            "log_L2_reg": -1.8140155722664026, 
            "log_init_scale": -3.2742758098052946, 
            "log_step_size": -6.938442036242218
        }
    }, 
    {
        "host_name": "papaschlumpf", 
        "minutes_duration": 2.892793579896291, 
        "timestamp": "2021-07-09 22:44:44.542885", 
        "training_curve": [
            [
                0, 
                4.580719719071336, 
                3.764814303385201
            ], 
            [
                526, 
                1.2580728140311874, 
                1.882249439045996
            ], 
            [
                1052, 
                0.830237661352248, 
                1.9193487848024355
            ], 
            [
                1578, 
                0.6719525605632005, 
                2.016339789117063
            ], 
            [
                2105, 
                0.5951301383789109, 
                2.115908720977602
            ], 
            [
                2631, 
                0.55107963296902, 
                2.2111044430542326
            ], 
            [
                3157, 
                0.5227177504415976, 
                2.2992948935231876
            ], 
            [
                3683, 
                0.5030553396877147, 
                2.37998182427799
            ], 
            [
                4210, 
                0.4887333537276343, 
                2.4537642322209585
            ], 
            [
                4736, 
                0.4779849640070735, 
                2.520815878872158
            ], 
            [
                5262, 
                0.46972419808211185, 
                2.580278457113245
            ], 
            [
                5788, 
                0.46326948742029567, 
                2.6327269356828764
            ], 
            [
                6315, 
                0.4581843709217872, 
                2.6785564350788635
            ], 
            [
                6841, 
                0.4541228142210593, 
                2.7189155399932163
            ], 
            [
                7367, 
                0.4508405341291242, 
                2.7540505736057463
            ], 
            [
                7893, 
                0.4481570856132607, 
                2.784921436357319
            ], 
            [
                8420, 
                0.4459250086959462, 
                2.8109933726880363
            ], 
            [
                8946, 
                0.44409067905667227, 
                2.8334029288335882
            ], 
            [
                9472, 
                0.4425449949461266, 
                2.8528020414354422
            ], 
            [
                9999, 
                0.44123158273017066, 
                2.869974059871377
            ]
        ]
    }
]